{
  "model_name": "mlp-trc-value/trial_36_186c85",
  "model_type": "MLP",
  "model_format": "torch",
  "model_params": {
    "history_length": 1,
    "hidden_layers": [
      512,
      256,
      128
    ],
    "dropout": 0.23947734431330556,
    "mid_layer_count": 13,
    "mid_layer_size": 159
  },
  "training_params": {
    "max_epochs": 400,
    "batch_size": 165,
    "learning_rate": 0.0006285769773474822,
    "weight_decay": 0.0006120424815478897,
    "checkpoint_interval": 10,
    "seed": 42
  },
  "data_csv": "data/time_aligned_data.csv",
  "timestamp_column": "Date, Time",
  "columns": [
    "TRC-DT",
    "TRC-RT",
    "TRC-PPL1",
    "TRC-PPL2",
    "pH-DT",
    "pH-RT",
    "pH-PPL1",
    "pH-PPL2",
    "cond-DT",
    "cond-PPL1",
    "cond-PPL2",
    "fDOM-RT",
    "fDOM-PPL1",
    "fDOM-PPL2",
    "DO-RT",
    "DO-PPL1",
    "DO-PPL2",
    "TOC-RT",
    "TOC-PPL1",
    "TOC-PPL2",
    "DOC-RT",
    "DOC-PPL1",
    "DOC-PPL2",
    "minutes_since_start"
  ],
  "feature_columns": [
    "TRC-DT",
    "TRC-RT",
    "pH-DT",
    "pH-RT",
    "cond-DT",
    "fDOM-RT",
    "DO-RT",
    "TOC-RT",
    "DOC-RT",
    "minutes_since_start"
  ],
  "target_columns": [
    "TRC-PPL1",
    "TRC-PPL2"
  ],
  "split_boundaries": {
    "train_end": 7796,
    "val_end": 9466,
    "test_end": 11138
  },
  "dataset_sizes": {
    "train": 7796,
    "val": 1670,
    "test": 1672
  },
  "input_dim": 10,
  "sequence_length": null,
  "training_history": {
    "epochs": [
      1,
      2,
      3,
      4,
      5,
      6,
      7,
      8,
      9,
      10,
      11,
      12,
      13,
      14,
      15,
      16,
      17,
      18,
      19,
      20,
      21,
      22,
      23,
      24,
      25,
      26,
      27,
      28,
      29,
      30,
      31,
      32,
      33,
      34,
      35,
      36,
      37,
      38,
      39,
      40,
      41,
      42,
      43,
      44,
      45,
      46,
      47,
      48,
      49,
      50,
      51,
      52,
      53,
      54,
      55,
      56,
      57,
      58,
      59,
      60,
      61,
      62,
      63,
      64,
      65,
      66,
      67,
      68,
      69,
      70,
      71,
      72,
      73,
      74,
      75,
      76,
      77,
      78,
      79,
      80
    ],
    "train_loss": [
      0.32246113437805624,
      0.10487322902938627,
      0.07897579481824277,
      0.07361048688656202,
      0.06925166269602792,
      0.06485352163590594,
      0.06161472558346374,
      0.061320147394900784,
      0.05872741979515785,
      0.05704562668198803,
      0.055762801148291734,
      0.054630837318181164,
      0.0536359361267284,
      0.05248345821530101,
      0.05007911826354409,
      0.05175630670000707,
      0.0504343271993288,
      0.04828359719639163,
      0.04759526652369501,
      0.047860530811935864,
      0.0473268436647382,
      0.046592267515905214,
      0.045307317524555864,
      0.04527875972054459,
      0.044107826268458106,
      0.043150051764994785,
      0.04461199704991542,
      0.04346312916459656,
      0.04463132114492246,
      0.042805428747393535,
      0.042397712876761244,
      0.04174521813678506,
      0.04211727619193124,
      0.04316452038299967,
      0.03980312911074908,
      0.04020374784415245,
      0.04014193649982423,
      0.04058611775682011,
      0.04146364796118263,
      0.040771457170489404,
      0.039634629861361376,
      0.04035825501093349,
      0.038692200883483276,
      0.038542843979280185,
      0.03932997709323675,
      0.03949279357115807,
      0.03857443956615238,
      0.03778146841864805,
      0.03939138570840563,
      0.039772723489161436,
      0.03771879036015826,
      0.03746121502522018,
      0.0385991680887879,
      0.038781586159288256,
      0.03864022518501924,
      0.0367411966134568,
      0.037628568536871944,
      0.03869687141267618,
      0.037277475291869776,
      0.03737192736578299,
      0.03853668568760019,
      0.03716525454394302,
      0.03662977436138819,
      0.03742058488352558,
      0.037590914501212706,
      0.03753810141760265,
      0.03657774306095949,
      0.03737319140513932,
      0.03661388479361455,
      0.03802685307366549,
      0.036526749725274366,
      0.03607233797389729,
      0.03667634780809719,
      0.03635949631765859,
      0.03626957307739318,
      0.03559159268082725,
      0.03600313424014736,
      0.03707724474389593,
      0.03541558465393324,
      0.03476885160987479
    ],
    "val_loss": [
      0.2838449428962198,
      0.19239285470594367,
      0.2194661034248814,
      0.26383335189615004,
      0.2305128871390741,
      0.2424629731103778,
      0.2354263273976788,
      0.25020207090492913,
      0.26912706367069195,
      0.3435605909943045,
      0.2762427986906228,
      0.27279901971293247,
      0.2976324016417929,
      0.3007449472579592,
      0.3015369580456329,
      0.2632935347068988,
      0.28285547589024385,
      0.3238936807558744,
      0.2941585425622092,
      0.2936253398154935,
      0.2962372105423651,
      0.2979935893599323,
      0.280875652649267,
      0.32619698591597246,
      0.31757468885245793,
      0.31388177757268537,
      0.32561306355933767,
      0.33485456180206674,
      0.3419833143024209,
      0.3188818563445064,
      0.3210039696583669,
      0.3270373161168334,
      0.3094801893903913,
      0.34556946999945504,
      0.3399858348863478,
      0.35322429487359025,
      0.36119744099096623,
      0.3239807183045649,
      0.3206015605936775,
      0.3293026245093185,
      0.3411417482643873,
      0.3423934301060295,
      0.33042026231411153,
      0.33390866582488227,
      0.33248766929937335,
      0.3366978315156912,
      0.34774451472512086,
      0.32685478927824135,
      0.3503655291324158,
      0.32983733383481373,
      0.34067169226103733,
      0.3065816035862276,
      0.30070080770413854,
      0.32636470580194704,
      0.3093097361618887,
      0.333403151883872,
      0.329145919782539,
      0.32071208397294587,
      0.32137583927279284,
      0.3166605057529436,
      0.312691330781463,
      0.3757702938119273,
      0.35077785408893924,
      0.31489580820041324,
      0.3304573897395038,
      0.30856241546236646,
      0.3257231589707875,
      0.31837197502483866,
      0.33259036642371004,
      0.3040340907570577,
      0.3347441392788987,
      0.2924969850308792,
      0.3029147434399692,
      0.3115007145899142,
      0.29720693887462335,
      0.32042313470856515,
      0.29882497923772133,
      0.3138181589053063,
      0.32613583495226983,
      0.29939470557819403
    ],
    "best_epoch": 2,
    "best_val_loss": 0.19239285470594367,
    "test_loss": 4.704429168450205,
    "tracker": {
      "initial_train_loss": 0.32246113437805624,
      "train_threshold": 0.10748704479268541,
      "best_tracking": true,
      "patience_active": true,
      "patience_best_train": null,
      "patience_best_val": 0.19239285470594367,
      "patience_no_improve_epochs": 79,
      "best_train_loss": Infinity,
      "forced_stop_due_to_threshold": false
    }
  },
  "model_files": {
    "best": "scripts/outputs/mlp-trc-value/trial_36_186c85/best_model.pt",
    "last": "scripts/outputs/mlp-trc-value/trial_36_186c85/last_model.pt"
  },
  "config_path": "/home/amoris/data-analysis-on-dbps/scripts/outputs/mlp-trc-value/trial_36_186c85/config.yaml"
}