{
  "model_name": "lstm-trc-rate/trial_16_f59998",
  "model_type": "LSTM",
  "model_format": "torch",
  "model_params": {
    "history_length": 227,
    "units": 179,
    "num_layers": 4,
    "dropout": 0.4940672064791503
  },
  "training_params": {
    "max_epochs": 500,
    "batch_size": 109,
    "learning_rate": 0.00039355568439050523,
    "weight_decay": 0.00022724553513822312,
    "checkpoint_interval": 10,
    "seed": 947
  },
  "data_csv": "data/time_aligned_data.csv",
  "timestamp_column": "Date, Time",
  "columns": [
    "TRC-DT",
    "TRC-RT",
    "TRC-PPL1",
    "TRC-PPL2",
    "pH-DT",
    "pH-RT",
    "pH-PPL1",
    "pH-PPL2",
    "cond-DT",
    "cond-PPL1",
    "cond-PPL2",
    "fDOM-RT",
    "fDOM-PPL1",
    "fDOM-PPL2",
    "DO-RT",
    "DO-PPL1",
    "DO-PPL2",
    "TOC-RT",
    "TOC-PPL1",
    "TOC-PPL2",
    "DOC-RT",
    "DOC-PPL1",
    "DOC-PPL2",
    "minutes_since_start"
  ],
  "feature_columns": [
    "TRC-DT",
    "TRC-RT",
    "pH-DT",
    "pH-RT",
    "cond-DT",
    "fDOM-RT",
    "DO-RT",
    "TOC-RT",
    "DOC-RT",
    "minutes_since_start"
  ],
  "target_columns": [
    "TRC-PPL1",
    "TRC-PPL2"
  ],
  "target_mode": "rate",
  "target_base_columns": [
    "TRC-RT",
    "TRC-RT"
  ],
  "split_boundaries": {
    "train_end": 7796,
    "val_end": 9466,
    "test_end": 11138
  },
  "dataset_sizes": {
    "train": 7570,
    "val": 1670,
    "test": 1672
  },
  "input_dim": 10,
  "sequence_length": 227,
  "training_history": {
    "epochs": [
      1,
      2,
      3,
      4,
      5,
      6,
      7,
      8,
      9,
      10,
      11,
      12,
      13,
      14,
      15,
      16,
      17,
      18,
      19,
      20,
      21,
      22,
      23,
      24,
      25,
      26,
      27,
      28,
      29,
      30,
      31,
      32,
      33,
      34,
      35,
      36,
      37,
      38,
      39,
      40,
      41,
      42,
      43,
      44,
      45,
      46,
      47,
      48,
      49,
      50,
      51,
      52,
      53,
      54,
      55,
      56,
      57,
      58,
      59,
      60,
      61,
      62,
      63,
      64,
      65,
      66,
      67,
      68,
      69,
      70,
      71,
      72,
      73,
      74,
      75,
      76,
      77,
      78,
      79,
      80
    ],
    "train_loss": [
      0.42095703140314533,
      0.08835880838560932,
      0.048507683843748255,
      0.04024605680198028,
      0.036483038653578985,
      0.03359476538347954,
      0.03229915549907258,
      0.030319802375950774,
      0.027088666712690532,
      0.02723482581005583,
      0.025203012408568096,
      0.02366987953511223,
      0.025716072801485794,
      0.0218248327487841,
      0.022147424672847145,
      0.021538737212532893,
      0.021197286712022957,
      0.021592471958599403,
      0.022018839339288925,
      0.020452495502453184,
      0.025552238543767633,
      0.02569033353807235,
      0.02559162599023535,
      0.022279122727707795,
      0.021545615445581343,
      0.02128708204242205,
      0.021610863429040228,
      0.021330113738745726,
      0.01972175272405541,
      0.021444365781912753,
      0.021648661596417585,
      0.019218314874823766,
      0.019730697154550957,
      0.019668519953351907,
      0.018850938667256577,
      0.019684725853305707,
      0.01962725558617156,
      0.01914360787266745,
      0.01911086965194821,
      0.020319175810394427,
      0.020925276112082062,
      0.019063539487707136,
      0.01970501459047415,
      0.019506383448337234,
      0.01891561869834519,
      0.018301282714698046,
      0.019034106959558067,
      0.019234858793815503,
      0.018519760749353246,
      0.020425777019664665,
      0.018638138523721474,
      0.019681263917532985,
      0.019614685797027978,
      0.02530844653925835,
      0.018620725418963868,
      0.01911531372938202,
      0.019735398386387323,
      0.018851909145978594,
      0.01835633628341016,
      0.018889249695398534,
      0.018050725050910304,
      0.018944500457086996,
      0.018616061838149355,
      0.018214133549284785,
      0.01859682663792899,
      0.018371179190438482,
      0.019518933025443413,
      0.018339791079882234,
      0.01826114258083024,
      0.017948037568760282,
      0.018247783801898537,
      0.01778787905301116,
      0.017836834312277592,
      0.017938319349211185,
      0.017979180719949493,
      0.01842232194582746,
      0.018033704950007928,
      0.01792338249855521,
      0.018261367614323194,
      0.017611742982471083
    ],
    "val_loss": [
      0.5960132964513081,
      0.19169316913508727,
      0.21443444823143545,
      0.22640669400731248,
      0.24007319060159835,
      0.2369754731549162,
      0.26601688376053456,
      0.29841314631174065,
      0.35211852583030384,
      0.318886228117668,
      0.3091756325739319,
      0.35206681120761496,
      0.2925541837677404,
      0.3207914608636659,
      0.3264050902687236,
      0.329443374685497,
      0.32119933611707774,
      0.30000685473602867,
      0.3367829705638711,
      0.36653748942193337,
      0.35872600951683736,
      0.27893393992663856,
      0.26814848011593795,
      0.2721964076947711,
      0.2752576635564917,
      0.29327465230431743,
      0.2774682246695111,
      0.275703991372919,
      0.2748682409948753,
      0.30158483896426813,
      0.27602900996480784,
      0.2959535806411933,
      0.2816449660674005,
      0.29156839482006647,
      0.27492854508521136,
      0.3063280806419423,
      0.29331738303086446,
      0.28290035895177884,
      0.2954622287559741,
      0.28269138118017934,
      0.28234515135137445,
      0.29205927736611065,
      0.2847864763342781,
      0.30551705552476965,
      0.29754150229545234,
      0.29875016397612536,
      0.2888052396476269,
      0.2896952436288852,
      0.29155695809241006,
      0.29638904961562174,
      0.2948796093502935,
      0.2958838474468334,
      0.289164632674262,
      0.300400584244621,
      0.2877352003398502,
      0.27791584652965656,
      0.2908693683127354,
      0.3012785380405045,
      0.30517451966482545,
      0.30407715184714446,
      0.30930173200817257,
      0.29657161098285884,
      0.3041628384834412,
      0.28790107392566555,
      0.3183387470292206,
      0.2868787751717125,
      0.33073757033415896,
      0.286842085484103,
      0.2861691968554553,
      0.2984590252593695,
      0.30849459807382906,
      0.2903632123235189,
      0.30265365301458513,
      0.2901672464806564,
      0.31659538514053304,
      0.29137230381637275,
      0.28558186176372413,
      0.3119816974809248,
      0.31295998732776875,
      0.29084774020468135
    ],
    "best_epoch": 2,
    "best_val_loss": 0.19169316913508727,
    "best_val_abs_mse": 0.37108370661735535,
    "test_loss": 4.244772227186906,
    "test_abs_mse": 41.53815460205078,
    "tracker": {
      "initial_train_loss": 0.42095703140314533,
      "train_threshold": 0.1403190104677151,
      "best_tracking": true,
      "patience_active": true,
      "patience_best_train": null,
      "patience_best_val": 0.19169316913508727,
      "patience_no_improve_epochs": 79,
      "best_train_loss": Infinity,
      "forced_stop_due_to_threshold": false
    }
  },
  "model_files": {
    "best": "scripts/outputs/lstm-trc-rate/trial_16_f59998/best_model.pt",
    "last": "scripts/outputs/lstm-trc-rate/trial_16_f59998/last_model.pt"
  },
  "config_path": "/home/amoris/data-analysis-on-dbps/scripts/outputs/lstm-trc-rate/trial_16_f59998/config.yaml"
}