{
  "model_name": "lstm-other-value/trial_1_b50e35",
  "model_type": "LSTM",
  "model_format": "torch",
  "model_params": {
    "history_length": 239,
    "units": 313,
    "num_layers": 4,
    "dropout": 0.31876037811901403
  },
  "training_params": {
    "max_epochs": 500,
    "batch_size": 228,
    "learning_rate": 0.0005480675837090333,
    "weight_decay": 0.001419644147029612,
    "checkpoint_interval": 10,
    "seed": 947
  },
  "data_csv": "data/time_aligned_data.csv",
  "timestamp_column": "Date, Time",
  "columns": [
    "TRC-DT",
    "TRC-RT",
    "TRC-PPL1",
    "TRC-PPL2",
    "pH-DT",
    "pH-RT",
    "pH-PPL1",
    "pH-PPL2",
    "cond-DT",
    "cond-PPL1",
    "cond-PPL2",
    "fDOM-RT",
    "fDOM-PPL1",
    "fDOM-PPL2",
    "DO-RT",
    "DO-PPL1",
    "DO-PPL2",
    "TOC-RT",
    "TOC-PPL1",
    "TOC-PPL2",
    "DOC-RT",
    "DOC-PPL1",
    "DOC-PPL2",
    "minutes_since_start"
  ],
  "feature_columns": [
    "TRC-DT",
    "TRC-RT",
    "pH-DT",
    "pH-RT",
    "cond-DT",
    "fDOM-RT",
    "DO-RT",
    "TOC-RT",
    "DOC-RT",
    "minutes_since_start"
  ],
  "target_columns": [
    "TOC-PPL1",
    "TOC-PPL2",
    "DOC-PPL1",
    "DOC-PPL2",
    "pH-PPL1",
    "pH-PPL2"
  ],
  "split_boundaries": {
    "train_end": 7796,
    "val_end": 9466,
    "test_end": 11138
  },
  "dataset_sizes": {
    "train": 7558,
    "val": 1670,
    "test": 1672
  },
  "input_dim": 10,
  "sequence_length": 239,
  "training_history": {
    "epochs": [
      1,
      2,
      3,
      4,
      5,
      6,
      7,
      8,
      9,
      10,
      11,
      12,
      13,
      14,
      15,
      16,
      17,
      18,
      19,
      20,
      21,
      22,
      23,
      24,
      25,
      26,
      27,
      28,
      29,
      30,
      31,
      32,
      33,
      34,
      35,
      36,
      37,
      38,
      39,
      40,
      41,
      42,
      43,
      44,
      45,
      46,
      47,
      48,
      49,
      50,
      51,
      52,
      53,
      54,
      55,
      56,
      57,
      58,
      59,
      60,
      61,
      62,
      63,
      64,
      65,
      66,
      67,
      68,
      69,
      70,
      71,
      72,
      73,
      74,
      75,
      76,
      77,
      78,
      79,
      80
    ],
    "train_loss": [
      0.57872642608634,
      0.33282098773453844,
      0.2838281587132956,
      0.268621146584289,
      0.24252638440420465,
      0.22462682408231627,
      0.21217611775523804,
      0.20021721259347028,
      0.19188792945594818,
      0.19087800757378365,
      0.1813970182261539,
      0.17653906804744324,
      0.17593337159350486,
      0.17564514415798504,
      0.16969023875204084,
      0.17012091290543843,
      0.16143933300359692,
      0.16042327133632583,
      0.15899460447484395,
      0.20715358260290495,
      0.1835387627396769,
      0.16776288518217322,
      0.16366902421583224,
      0.16772966337845924,
      0.16211041625954858,
      0.15409615831057777,
      0.1643885165555479,
      0.15622924647182346,
      0.14725096927145923,
      0.14453358893420967,
      0.15812505968161505,
      0.144075913722946,
      0.13768362510406204,
      0.14684900128240463,
      0.13397640818702888,
      0.1315737473180793,
      0.13201646669244096,
      0.12902944762339572,
      0.13079227521704062,
      0.12930550495052692,
      0.12494500198079404,
      0.1226528990431165,
      0.1391372521124242,
      0.11989401934851285,
      0.11888550168293183,
      0.13268084783865114,
      0.12123719252474442,
      0.1163727725863646,
      0.11179013489951341,
      0.12052083130581855,
      0.32021567115836685,
      0.20906894561174402,
      0.16165593313016283,
      0.14935045090577184,
      0.13240785721307963,
      0.12399997100821561,
      0.12561209682798094,
      0.11501005603447577,
      0.11512086229346107,
      0.11007788436268966,
      0.11632380714000738,
      0.11545378650920862,
      0.12249240442444073,
      0.1116991553058319,
      0.11085356348254562,
      0.09986107471712243,
      0.11723023353942522,
      0.10897135961486347,
      0.10030374577607576,
      0.09801136023485967,
      0.113546053283301,
      0.10810933427919184,
      0.09785367444760902,
      0.0954458355651264,
      0.0972917217423153,
      0.101288851730074,
      0.09460374074153845,
      0.09298211398831938,
      0.10070648868860281,
      0.09054967720228138
    ],
    "val_loss": [
      0.5557448635201254,
      0.5382882688930648,
      0.6446168853672679,
      0.5632254654240465,
      0.5309720530659853,
      0.5751851853853214,
      0.6392502079645317,
      0.5519641031226712,
      0.5112736886846805,
      0.5686120520094912,
      0.510779154104387,
      0.5172201572064155,
      0.5242334787181752,
      0.5265130593034322,
      0.5752027022089073,
      0.6402306775133053,
      0.5841139405608891,
      0.5419038399072464,
      0.5434528524111845,
      0.557007640814353,
      0.5030964677740714,
      0.5139194366639246,
      0.5589578719374663,
      0.6133864527869367,
      0.5742305328389128,
      0.6117035192465354,
      0.6620907271336652,
      0.6460589227383722,
      0.6096881461714556,
      0.5755541916557415,
      0.5664403485502312,
      0.5801465678179335,
      0.547781951181189,
      0.602138678024629,
      0.545977859743341,
      0.5776378041969802,
      0.598504690781325,
      0.5973586854642022,
      0.6428074266203864,
      0.6079660922467351,
      0.6730123534530936,
      0.6572588969668942,
      0.7258393600315391,
      0.7434442703595419,
      0.7762073500070743,
      0.5474478702166837,
      0.6562092659002292,
      0.7045628755392429,
      0.6956369084155488,
      0.780469033282674,
      0.5845646681542882,
      0.6035538026672638,
      0.7716120478635776,
      0.6207675317804257,
      0.6464325859875022,
      0.6608592886232331,
      0.6770992757674463,
      0.6791788391724318,
      0.7204639195682045,
      0.6182952835888206,
      0.7033943339022334,
      0.6153893069949693,
      0.7085883930414737,
      0.7204325950074338,
      0.8110821740356035,
      0.7489677403501408,
      0.6817111975061679,
      0.7736095202183295,
      0.8131313655904667,
      0.8149037326167443,
      0.8601899324776884,
      0.8744128422108953,
      0.8467855669781119,
      0.9514927612807222,
      0.8560369545828083,
      0.7561480357975303,
      0.8837387294826393,
      0.765241295420481,
      0.7642265865188873,
      0.7724658846855164
    ],
    "best_epoch": 21,
    "best_val_loss": 0.5030964677740714,
    "test_loss": 0.47628032957965677,
    "tracker": {
      "initial_train_loss": 0.57872642608634,
      "train_threshold": 0.19290880869544666,
      "best_tracking": true,
      "patience_active": true,
      "patience_best_train": null,
      "patience_best_val": 0.5030964677740714,
      "patience_no_improve_epochs": 59,
      "best_train_loss": Infinity,
      "forced_stop_due_to_threshold": false
    }
  },
  "model_files": {
    "best": "scripts/outputs/lstm-other-value/trial_1_b50e35/best_model.pt",
    "last": "scripts/outputs/lstm-other-value/trial_1_b50e35/last_model.pt"
  },
  "config_path": "/home/amoris/data-analysis-on-dbps/scripts/outputs/lstm-other-value/trial_1_b50e35/config.yaml"
}