{
  "model_name": "gru-other-value/trial_57_a7dd30",
  "model_type": "GRU",
  "model_format": "torch",
  "model_params": {
    "history_length": 120,
    "units": 383,
    "num_layers": 5,
    "dropout": 0.416612508673308
  },
  "training_params": {
    "max_epochs": 500,
    "batch_size": 226,
    "learning_rate": 0.0009537776235539526,
    "weight_decay": 0.000725944107596607,
    "checkpoint_interval": 10,
    "seed": 947
  },
  "data_csv": "data/time_aligned_data.csv",
  "timestamp_column": "Date, Time",
  "columns": [
    "TRC-DT",
    "TRC-RT",
    "TRC-PPL1",
    "TRC-PPL2",
    "pH-DT",
    "pH-RT",
    "pH-PPL1",
    "pH-PPL2",
    "cond-DT",
    "cond-PPL1",
    "cond-PPL2",
    "fDOM-RT",
    "fDOM-PPL1",
    "fDOM-PPL2",
    "DO-RT",
    "DO-PPL1",
    "DO-PPL2",
    "TOC-RT",
    "TOC-PPL1",
    "TOC-PPL2",
    "DOC-RT",
    "DOC-PPL1",
    "DOC-PPL2",
    "minutes_since_start"
  ],
  "feature_columns": [
    "TRC-DT",
    "TRC-RT",
    "pH-DT",
    "pH-RT",
    "cond-DT",
    "fDOM-RT",
    "DO-RT",
    "TOC-RT",
    "DOC-RT",
    "minutes_since_start"
  ],
  "target_columns": [
    "TOC-PPL1",
    "TOC-PPL2",
    "DOC-PPL1",
    "DOC-PPL2",
    "pH-PPL1",
    "pH-PPL2"
  ],
  "split_boundaries": {
    "train_end": 7796,
    "val_end": 9466,
    "test_end": 11138
  },
  "dataset_sizes": {
    "train": 7677,
    "val": 1670,
    "test": 1672
  },
  "input_dim": 10,
  "sequence_length": 120,
  "training_history": {
    "epochs": [
      1,
      2,
      3,
      4,
      5,
      6,
      7,
      8,
      9,
      10,
      11,
      12,
      13,
      14,
      15,
      16,
      17,
      18,
      19,
      20,
      21,
      22,
      23,
      24,
      25,
      26,
      27,
      28,
      29,
      30,
      31,
      32,
      33,
      34,
      35,
      36,
      37,
      38,
      39,
      40,
      41,
      42,
      43,
      44,
      45,
      46,
      47,
      48,
      49,
      50,
      51,
      52,
      53,
      54,
      55,
      56,
      57,
      58,
      59,
      60,
      61,
      62,
      63,
      64,
      65,
      66,
      67,
      68,
      69,
      70,
      71,
      72,
      73,
      74,
      75,
      76,
      77,
      78,
      79,
      80
    ],
    "train_loss": [
      0.4693762877808273,
      0.24619831719737942,
      0.2253106543137969,
      0.20541276789835783,
      0.18446370540799395,
      0.16878961965342712,
      0.1427545294396592,
      0.1370964259010158,
      0.1268993506126297,
      0.12661446992953773,
      0.11097468672567969,
      0.12477115984732896,
      0.11211990249549814,
      0.09542008157457026,
      0.09172927326672832,
      0.0766485738163428,
      0.07559374173074647,
      0.07203069788699692,
      0.08173996295502864,
      0.07826037236675086,
      0.06962305010122077,
      0.0639951963342073,
      0.07056404100904494,
      0.06850647742128378,
      0.057371238107535,
      0.05600790572407905,
      0.05259403857886908,
      0.056779754200460886,
      0.07880557943084548,
      0.07071790411258964,
      0.060168987685241655,
      0.051977728024635586,
      0.04992582605271208,
      0.06661665109536355,
      0.059475698837202724,
      0.04963185442146945,
      0.05236508693098168,
      0.051750424659270024,
      0.05323686747161131,
      0.04861720143376391,
      0.05914321339435529,
      0.051983611540541576,
      0.05201046764113031,
      0.0493309277387488,
      0.04306910712438371,
      0.0476754356194586,
      0.052998751119483774,
      0.0696068545605687,
      0.04663946903621885,
      0.041047273968247304,
      0.04074310117955706,
      0.047212702925664554,
      0.040722571517672876,
      0.0451157091660271,
      0.10323992398830384,
      0.10921546705605789,
      0.0656082604895179,
      0.05803655920836769,
      0.055217634131934194,
      0.051836459497245815,
      0.05263862718210659,
      0.047160584906108124,
      0.04162173167499959,
      0.042971892990108826,
      0.043436762643765704,
      0.04340170101699721,
      0.045142579261323694,
      0.04117199803304747,
      0.03908773153579699,
      0.038071958934098496,
      0.047031421423971584,
      0.04165518246333907,
      0.045946714177027,
      0.0405893561265168,
      0.036775903322818736,
      0.04110626344031245,
      0.03729744851045719,
      0.03743139436664767,
      0.039349940995484015,
      0.04744657004290654
    ],
    "val_loss": [
      0.423751656505876,
      0.38139938883438795,
      0.44332730741557963,
      0.5026329001177571,
      0.4733695193679033,
      0.5317437439443109,
      0.6106701863204648,
      0.44949144447991946,
      0.471379555770737,
      0.3777208332083896,
      0.4173473197096836,
      0.4945253135558374,
      0.41194138394412166,
      0.358896906870211,
      0.41576025019327323,
      0.456980075896857,
      0.38888141017652555,
      0.3743314056160921,
      0.3690627871828522,
      0.34497500254722413,
      0.3980107285573097,
      0.4215322809349634,
      0.39130352743549973,
      0.4084048856384383,
      0.395825529562499,
      0.42339444905519485,
      0.3720629160454173,
      0.4231132332079425,
      0.3841194184106624,
      0.3663913199555374,
      0.4158361081680852,
      0.4139959974560195,
      0.39226222779757963,
      0.39308284628177115,
      0.38869059257164684,
      0.3944522253142859,
      0.4083563777590226,
      0.3918734689851007,
      0.4283332440667524,
      0.41574421898868985,
      0.39746085029697703,
      0.4006100252850684,
      0.3952374039117448,
      0.41139558525142556,
      0.39894250994938574,
      0.4342176775197069,
      0.41992077850653026,
      0.42951051011056957,
      0.4039851423241421,
      0.42773937264423884,
      0.4275593961115012,
      0.4314187194415909,
      0.4051406550193261,
      0.423840650407497,
      0.44335525390095337,
      0.49902125456019075,
      0.4622026438038506,
      0.4055073544204592,
      0.4474985828388951,
      0.46100028190248743,
      0.40631241253214684,
      0.4778535836114141,
      0.4491650748127949,
      0.4620517954230309,
      0.43273258002218373,
      0.4353422812269833,
      0.4971259601994189,
      0.453507580068297,
      0.43564038319502046,
      0.45776218960206666,
      0.4349282982195923,
      0.43132521066658513,
      0.44030577868758564,
      0.424235733308478,
      0.43864909955662884,
      0.4458844150433283,
      0.4571457463734878,
      0.4401426623324434,
      0.44873227352153755,
      0.5175091568849044
    ],
    "best_epoch": 20,
    "best_val_loss": 0.34497500254722413,
    "test_loss": 0.3694158091018217,
    "tracker": {
      "initial_train_loss": 0.4693762877808273,
      "train_threshold": 0.1564587625936091,
      "best_tracking": true,
      "patience_active": true,
      "patience_best_train": null,
      "patience_best_val": 0.34497500254722413,
      "patience_no_improve_epochs": 60,
      "best_train_loss": Infinity,
      "forced_stop_due_to_threshold": false
    }
  },
  "model_files": {
    "best": "scripts/outputs/gru-other-value/trial_57_a7dd30/best_model.pt",
    "last": "scripts/outputs/gru-other-value/trial_57_a7dd30/last_model.pt"
  },
  "config_path": "/home/amoris/data-analysis-on-dbps/scripts/outputs/gru-other-value/trial_57_a7dd30/config.yaml"
}