{
  "model_name": "mlp-trc-value/trial_54_1f42aa",
  "model_type": "MLP",
  "model_format": "torch",
  "model_params": {
    "history_length": 1,
    "hidden_layers": [
      512,
      256,
      128
    ],
    "dropout": 0.2101121706551419,
    "mid_layer_count": 15,
    "mid_layer_size": 223
  },
  "training_params": {
    "max_epochs": 400,
    "batch_size": 150,
    "learning_rate": 0.0004588438751223398,
    "weight_decay": 0.0010243349985380023,
    "checkpoint_interval": 10,
    "seed": 42
  },
  "data_csv": "data/time_aligned_data.csv",
  "timestamp_column": "Date, Time",
  "columns": [
    "TRC-DT",
    "TRC-RT",
    "TRC-PPL1",
    "TRC-PPL2",
    "pH-DT",
    "pH-RT",
    "pH-PPL1",
    "pH-PPL2",
    "cond-DT",
    "cond-PPL1",
    "cond-PPL2",
    "fDOM-RT",
    "fDOM-PPL1",
    "fDOM-PPL2",
    "DO-RT",
    "DO-PPL1",
    "DO-PPL2",
    "TOC-RT",
    "TOC-PPL1",
    "TOC-PPL2",
    "DOC-RT",
    "DOC-PPL1",
    "DOC-PPL2",
    "minutes_since_start"
  ],
  "feature_columns": [
    "TRC-DT",
    "TRC-RT",
    "pH-DT",
    "pH-RT",
    "cond-DT",
    "fDOM-RT",
    "DO-RT",
    "TOC-RT",
    "DOC-RT",
    "minutes_since_start"
  ],
  "target_columns": [
    "TRC-PPL1",
    "TRC-PPL2"
  ],
  "split_boundaries": {
    "train_end": 7796,
    "val_end": 9466,
    "test_end": 11138
  },
  "dataset_sizes": {
    "train": 7796,
    "val": 1670,
    "test": 1672
  },
  "input_dim": 10,
  "sequence_length": null,
  "training_history": {
    "epochs": [
      1,
      2,
      3,
      4,
      5,
      6,
      7,
      8,
      9,
      10,
      11,
      12,
      13,
      14,
      15,
      16,
      17,
      18,
      19,
      20,
      21,
      22,
      23,
      24,
      25,
      26,
      27,
      28,
      29,
      30,
      31,
      32,
      33,
      34,
      35,
      36,
      37,
      38,
      39,
      40,
      41,
      42,
      43,
      44,
      45,
      46,
      47,
      48,
      49,
      50,
      51,
      52,
      53,
      54,
      55,
      56,
      57,
      58,
      59,
      60,
      61,
      62,
      63,
      64,
      65,
      66,
      67,
      68,
      69,
      70,
      71,
      72,
      73,
      74,
      75,
      76,
      77,
      78,
      79,
      80
    ],
    "train_loss": [
      0.3463956805040678,
      0.10844821356171948,
      0.08192350217578441,
      0.07217409327461849,
      0.06720866215032544,
      0.06287232327397785,
      0.06036009984028804,
      0.056924135331972374,
      0.05712353896871477,
      0.05490430909327937,
      0.05373664758334929,
      0.052245670696362094,
      0.05025921976447044,
      0.051319570808631754,
      0.04979685223013881,
      0.048355617933644277,
      0.049364832714926345,
      0.04717589583364495,
      0.04713673627968321,
      0.047065406073441014,
      0.0467326914162407,
      0.046388570979054064,
      0.04586288334277118,
      0.046224051779695144,
      0.043173015917560086,
      0.04456478289843156,
      0.04527021223261547,
      0.04296417324003377,
      0.04413577055595834,
      0.04427147100179271,
      0.04257211058934326,
      0.042699127703171136,
      0.042528435755129226,
      0.04186553308590214,
      0.041609856899753175,
      0.042123321682719345,
      0.041344715323415764,
      0.040435303370537606,
      0.04117230297648766,
      0.04064275230782316,
      0.0401984492680961,
      0.040705017429160543,
      0.03934195463480156,
      0.0398398814612991,
      0.041274710382029546,
      0.040473156773498144,
      0.040357194408934934,
      0.03893741369992877,
      0.03896741026495438,
      0.03931266968097899,
      0.03907532782689035,
      0.039665637516333944,
      0.0387162030528774,
      0.03881512428435562,
      0.04000777576076657,
      0.038536973632566286,
      0.039200258441747245,
      0.03740748880108988,
      0.03826701380178646,
      0.037745863353578386,
      0.03831549643420864,
      0.039288312650685615,
      0.03867258715288969,
      0.039832156735939234,
      0.038034141898009945,
      0.038222485315580285,
      0.039624599088126725,
      0.038996166643758746,
      0.037598168007693056,
      0.03827998838389819,
      0.03767383228672077,
      0.035986330333414786,
      0.03747698996051679,
      0.03706786379346164,
      0.03721113756285639,
      0.03705695519780978,
      0.037790645701402635,
      0.03626127428532396,
      0.03746604734172556,
      0.035802738285174794
    ],
    "val_loss": [
      0.2987837617893419,
      0.18696934937270815,
      0.2107313213211869,
      0.2969400148816451,
      0.23104388517757019,
      0.2979538025680238,
      0.23936452629591176,
      0.26150040118815654,
      0.263143338820713,
      0.27105330913411285,
      0.2859665234712605,
      0.26945560882816055,
      0.2537768347534591,
      0.27389536582736557,
      0.30652982005459106,
      0.270544942769551,
      0.28798817068026095,
      0.29960814194229546,
      0.2933942665775379,
      0.33177192639671044,
      0.2827872620215138,
      0.30675872316037467,
      0.2772513665816563,
      0.30386350850412946,
      0.2915307164950642,
      0.30392268482974905,
      0.3056185500038241,
      0.3204691107133905,
      0.3098874484149817,
      0.30139543010133824,
      0.3118819394845984,
      0.29532822665429403,
      0.3650771609234239,
      0.3572880510173872,
      0.31951227807579285,
      0.3083493888690443,
      0.3333777832592319,
      0.30217192235017964,
      0.3162663444921285,
      0.30978026532172087,
      0.33908999731351513,
      0.30482208971937974,
      0.33681644321960247,
      0.3292902790701496,
      0.3596406260806465,
      0.3040970980920299,
      0.33583612220283754,
      0.3041436782184832,
      0.3311292639749493,
      0.3202194369392481,
      0.32409739092795437,
      0.30497271652350166,
      0.2897343723895307,
      0.3329815425335647,
      0.3022874618384117,
      0.3399276691349502,
      0.3037822856651452,
      0.302822518580688,
      0.34149286087357,
      0.36772068775074923,
      0.34062443207391724,
      0.37620945517977555,
      0.3406057047272871,
      0.3165630651805215,
      0.3516034166813789,
      0.3241424675651653,
      0.30225776811827443,
      0.3277487030843953,
      0.3767154453444981,
      0.2949449216422742,
      0.3488279928168851,
      0.2957776720540788,
      0.3006239425346345,
      0.3111714502004628,
      0.3012241094880654,
      0.2968936647193696,
      0.2901761001700948,
      0.32447339299910083,
      0.3238057955028768,
      0.31849216312883855
    ],
    "best_epoch": 2,
    "best_val_loss": 0.18696934937270815,
    "test_loss": 4.998444628629958,
    "tracker": {
      "initial_train_loss": 0.3463956805040678,
      "train_threshold": 0.11546522683468928,
      "best_tracking": true,
      "patience_active": true,
      "patience_best_train": null,
      "patience_best_val": 0.18696934937270815,
      "patience_no_improve_epochs": 79,
      "best_train_loss": Infinity,
      "forced_stop_due_to_threshold": false
    }
  },
  "model_files": {
    "best": "scripts/outputs/mlp-trc-value/trial_54_1f42aa/best_model.pt",
    "last": "scripts/outputs/mlp-trc-value/trial_54_1f42aa/last_model.pt"
  },
  "config_path": "/home/amoris/data-analysis-on-dbps/scripts/outputs/mlp-trc-value/trial_54_1f42aa/config.yaml"
}