{
  "model_name": "gru-other-value/trial_52_ec6677",
  "model_type": "GRU",
  "model_format": "torch",
  "model_params": {
    "history_length": 136,
    "units": 99,
    "num_layers": 5,
    "dropout": 0.38052511975592784
  },
  "training_params": {
    "max_epochs": 500,
    "batch_size": 325,
    "learning_rate": 0.0012143009038672568,
    "weight_decay": 0.0018429613981309752,
    "checkpoint_interval": 10,
    "seed": 947
  },
  "data_csv": "data/time_aligned_data.csv",
  "timestamp_column": "Date, Time",
  "columns": [
    "TRC-DT",
    "TRC-RT",
    "TRC-PPL1",
    "TRC-PPL2",
    "pH-DT",
    "pH-RT",
    "pH-PPL1",
    "pH-PPL2",
    "cond-DT",
    "cond-PPL1",
    "cond-PPL2",
    "fDOM-RT",
    "fDOM-PPL1",
    "fDOM-PPL2",
    "DO-RT",
    "DO-PPL1",
    "DO-PPL2",
    "TOC-RT",
    "TOC-PPL1",
    "TOC-PPL2",
    "DOC-RT",
    "DOC-PPL1",
    "DOC-PPL2",
    "minutes_since_start"
  ],
  "feature_columns": [
    "TRC-DT",
    "TRC-RT",
    "pH-DT",
    "pH-RT",
    "cond-DT",
    "fDOM-RT",
    "DO-RT",
    "TOC-RT",
    "DOC-RT",
    "minutes_since_start"
  ],
  "target_columns": [
    "TOC-PPL1",
    "TOC-PPL2",
    "DOC-PPL1",
    "DOC-PPL2",
    "pH-PPL1",
    "pH-PPL2"
  ],
  "split_boundaries": {
    "train_end": 7796,
    "val_end": 9466,
    "test_end": 11138
  },
  "dataset_sizes": {
    "train": 7661,
    "val": 1670,
    "test": 1672
  },
  "input_dim": 10,
  "sequence_length": 136,
  "training_history": {
    "epochs": [
      1,
      2,
      3,
      4,
      5,
      6,
      7,
      8,
      9,
      10,
      11,
      12,
      13,
      14,
      15,
      16,
      17,
      18,
      19,
      20,
      21,
      22,
      23,
      24,
      25,
      26,
      27,
      28,
      29,
      30,
      31,
      32,
      33,
      34,
      35,
      36,
      37,
      38,
      39,
      40,
      41,
      42,
      43,
      44,
      45,
      46,
      47,
      48,
      49,
      50,
      51,
      52,
      53,
      54,
      55,
      56,
      57,
      58,
      59,
      60,
      61,
      62,
      63,
      64,
      65,
      66,
      67,
      68,
      69,
      70,
      71,
      72,
      73,
      74,
      75,
      76,
      77,
      78,
      79,
      80
    ],
    "train_loss": [
      0.4970903263913949,
      0.2862675173205443,
      0.24819592563388024,
      0.23335994381908337,
      0.22148751165300137,
      0.21334299747221247,
      0.19798587394700537,
      0.18472109711087725,
      0.17682740776357725,
      0.17031336610465989,
      0.160633243961755,
      0.14934525731695708,
      0.14265486393782756,
      0.14609692050339798,
      0.1490785755570105,
      0.13958289774761795,
      0.14261162783933548,
      0.13338076525946818,
      0.13122300242217647,
      0.12902521192560681,
      0.12563854524997767,
      0.12712529484868718,
      0.12275125579771119,
      0.12612630903425207,
      0.12070121473551668,
      0.12265116199238339,
      0.12120790003508722,
      0.11356341710559477,
      0.11659087877316507,
      0.10606348855721703,
      0.10476649420319113,
      0.11207594651903438,
      0.10510884568381132,
      0.10576766741900542,
      0.10161455498633629,
      0.1125850160753909,
      0.1024046694727841,
      0.09535057949029409,
      0.09960419673756137,
      0.09943219103311032,
      0.09346425519776459,
      0.09020638822995719,
      0.08445159395075455,
      0.08967334786842113,
      0.08869666302757309,
      0.08710678155082835,
      0.08444924979639526,
      0.08454526521848055,
      0.0854934448206834,
      0.08923221408889026,
      0.08298397362387813,
      0.0863536007672202,
      0.0819025178998028,
      0.08196995635402061,
      0.08193190106114276,
      0.08111488033898613,
      0.08437214129382054,
      0.07933262530886898,
      0.07446782021057417,
      0.07289870050168663,
      0.0719315880750796,
      0.08128969536795425,
      0.09736184778066143,
      0.07515573724491635,
      0.07158774444039567,
      0.07602416558927631,
      0.07543056540997405,
      0.07112339285983148,
      0.07931887256991783,
      0.12491610269974579,
      0.09259805321156582,
      0.08651923191304649,
      0.08034862798972099,
      0.07448843591359651,
      0.07273278084887862,
      0.07133665579352798,
      0.08545419307844537,
      0.09972973059847778,
      0.0762367124138372,
      0.07288974473312947
    ],
    "val_loss": [
      0.4623384698779283,
      0.41185063975835273,
      0.3815092172272905,
      0.4051054236060845,
      0.4283069611755674,
      0.4979883194817397,
      0.6079790335661637,
      0.6440249131825155,
      0.6160696457156878,
      0.5869831448186658,
      0.6096470125777993,
      0.6175343405433044,
      0.6091988927679147,
      0.5975715054455631,
      0.6279461034936106,
      0.624669749624358,
      0.6044911873376299,
      0.5880339938901855,
      0.6190798172872224,
      0.6072336952397209,
      0.6298486531048477,
      0.6268754424359984,
      0.6220012590690644,
      0.66419264446654,
      0.6511566903509066,
      0.6393393686119311,
      0.6388549205071912,
      0.6312111980186965,
      0.6167727958879428,
      0.6157661203941899,
      0.6439780537819791,
      0.6676911213797724,
      0.6551423153566743,
      0.6623459924123958,
      0.7124592260329309,
      0.6553961709587873,
      0.6815406901393822,
      0.6867201062376628,
      0.6528899318086887,
      0.6826026467327586,
      0.6658846524928859,
      0.6809754841877315,
      0.7395469006039426,
      0.6837638506810823,
      0.6995674585867785,
      0.6888572540647255,
      0.7047297777440733,
      0.6714083373457372,
      0.7207139800497872,
      0.7111479702466976,
      0.6643232508021557,
      0.7118941981367722,
      0.701079328438479,
      0.6855436762025257,
      0.7636149989630647,
      0.7106149155133499,
      0.7337239023275718,
      0.7262868545280246,
      0.765612109737125,
      0.7431656200282588,
      0.7775696483022438,
      0.9375133491204884,
      0.727819361863379,
      0.7945356279790045,
      0.7746707031023716,
      0.7260398763471735,
      0.7359690638537892,
      0.7753621575807383,
      1.0234938244262854,
      0.7235677754004558,
      0.6977063891238081,
      0.6418201130575049,
      0.7146498557782459,
      0.7299265410014969,
      0.7169119600139692,
      0.7380584830830911,
      0.6865859040600097,
      0.7071117518726223,
      0.755041257037731,
      0.7697331806544415
    ],
    "best_epoch": 18,
    "best_val_loss": 0.5880339938901855,
    "test_loss": 0.4837460539450771,
    "tracker": {
      "initial_train_loss": 0.4970903263913949,
      "train_threshold": 0.1656967754637983,
      "best_tracking": true,
      "patience_active": true,
      "patience_best_train": null,
      "patience_best_val": 0.5880339938901855,
      "patience_no_improve_epochs": 62,
      "best_train_loss": Infinity,
      "forced_stop_due_to_threshold": false
    }
  },
  "model_files": {
    "best": "scripts/outputs/gru-other-value/trial_52_ec6677/best_model.pt",
    "last": "scripts/outputs/gru-other-value/trial_52_ec6677/last_model.pt"
  },
  "config_path": "/home/amoris/data-analysis-on-dbps/scripts/outputs/gru-other-value/trial_52_ec6677/config.yaml"
}