{
  "model_name": "gru-trc-rate/trial_57_1890f9",
  "model_type": "GRU",
  "model_format": "torch",
  "model_params": {
    "history_length": 84,
    "units": 64,
    "num_layers": 7,
    "dropout": 0.38858386935346473
  },
  "training_params": {
    "max_epochs": 500,
    "batch_size": 152,
    "learning_rate": 0.0003000881306571727,
    "weight_decay": 0.0003923251916980123,
    "checkpoint_interval": 10,
    "seed": 947
  },
  "data_csv": "data/time_aligned_data.csv",
  "timestamp_column": "Date, Time",
  "columns": [
    "TRC-DT",
    "TRC-RT",
    "TRC-PPL1",
    "TRC-PPL2",
    "pH-DT",
    "pH-RT",
    "pH-PPL1",
    "pH-PPL2",
    "cond-DT",
    "cond-PPL1",
    "cond-PPL2",
    "fDOM-RT",
    "fDOM-PPL1",
    "fDOM-PPL2",
    "DO-RT",
    "DO-PPL1",
    "DO-PPL2",
    "TOC-RT",
    "TOC-PPL1",
    "TOC-PPL2",
    "DOC-RT",
    "DOC-PPL1",
    "DOC-PPL2",
    "minutes_since_start"
  ],
  "feature_columns": [
    "TRC-DT",
    "TRC-RT",
    "pH-DT",
    "pH-RT",
    "cond-DT",
    "fDOM-RT",
    "DO-RT",
    "TOC-RT",
    "DOC-RT",
    "minutes_since_start"
  ],
  "target_columns": [
    "TRC-PPL1",
    "TRC-PPL2"
  ],
  "target_mode": "rate",
  "target_base_columns": [
    "TRC-RT",
    "TRC-RT"
  ],
  "split_boundaries": {
    "train_end": 7796,
    "val_end": 9466,
    "test_end": 11138
  },
  "dataset_sizes": {
    "train": 7713,
    "val": 1670,
    "test": 1672
  },
  "input_dim": 10,
  "sequence_length": 84,
  "training_history": {
    "epochs": [
      1,
      2,
      3,
      4,
      5,
      6,
      7,
      8,
      9,
      10,
      11,
      12,
      13,
      14,
      15,
      16,
      17,
      18,
      19,
      20,
      21,
      22,
      23,
      24,
      25,
      26,
      27,
      28,
      29,
      30,
      31,
      32,
      33,
      34,
      35,
      36,
      37,
      38,
      39,
      40,
      41,
      42,
      43,
      44,
      45,
      46,
      47,
      48,
      49,
      50,
      51,
      52,
      53,
      54,
      55,
      56,
      57,
      58,
      59,
      60,
      61,
      62,
      63,
      64,
      65,
      66,
      67,
      68,
      69,
      70,
      71,
      72,
      73,
      74,
      75,
      76,
      77,
      78,
      79,
      80
    ],
    "train_loss": [
      0.6114950664587774,
      0.186825337728591,
      0.13392864151075473,
      0.11601085129835008,
      0.10299631541540044,
      0.08925408778503743,
      0.07506091703967363,
      0.06668052231415027,
      0.059366835650014584,
      0.05577956291796338,
      0.05193776402679937,
      0.050363813728696874,
      0.049098036072894195,
      0.0469049560098113,
      0.04439699756068261,
      0.04243223715037915,
      0.04121471487751703,
      0.041334883423765297,
      0.03939462629031319,
      0.03859403371157913,
      0.03634086913822474,
      0.036342805364256964,
      0.035566757351612126,
      0.0353078723096761,
      0.03466055079527623,
      0.03492229449738174,
      0.033560478957180354,
      0.03306720085209266,
      0.0322206031299744,
      0.03188664012374959,
      0.03159265980703094,
      0.03039814546510131,
      0.030891370957527243,
      0.03094395767628343,
      0.03056352803309488,
      0.029838352940003882,
      0.02966952342653528,
      0.028786557934126333,
      0.02920445144943469,
      0.028701882527818263,
      0.028504299713762588,
      0.027987358607443547,
      0.027633513099976772,
      0.028348825770275348,
      0.028340835504849164,
      0.02737262817436575,
      0.02718896322622731,
      0.02707092460661713,
      0.026635793174277573,
      0.026226583774082393,
      0.02704778585317811,
      0.027885975851801123,
      0.026029822706758906,
      0.025488784160471283,
      0.025112566642842837,
      0.025805676118569137,
      0.025275993047521903,
      0.02564491606494355,
      0.024951254941487335,
      0.02502961306059104,
      0.024692792775302366,
      0.024640719276503586,
      0.025042883382377715,
      0.024777854002242295,
      0.02430500450842184,
      0.02443626958166372,
      0.02473539638354878,
      0.02480918378397121,
      0.024261719828190684,
      0.024482496675651128,
      0.024075694469128633,
      0.024763561033690994,
      0.023928702047605947,
      0.024346526379641603,
      0.023857574608299143,
      0.02371673641030147,
      0.02365415466788267,
      0.02436702545893095,
      0.023759318292276198,
      0.02367677108809578
    ],
    "val_loss": [
      0.4212405495657892,
      0.435440666482834,
      0.3868622804830174,
      0.3123422216512486,
      0.2925206472773752,
      0.2344424343573119,
      0.22218611843571692,
      0.19103253962037092,
      0.2082152784584525,
      0.20889452556650082,
      0.2207307534303494,
      0.19792400457544954,
      0.23498189849054027,
      0.2033628251738177,
      0.26924955289877817,
      0.2182179218102358,
      0.2618932074772384,
      0.23941793131257247,
      0.23482040568383153,
      0.3787438323843979,
      0.3887975890836316,
      0.34374290760941134,
      0.4751977383555053,
      0.5686482523015873,
      0.6156873069212823,
      0.5160836786567095,
      0.6182384699761511,
      0.6410575362379679,
      0.6084545092489905,
      1.5223634601754699,
      1.5497160619202845,
      1.3091830131893387,
      1.916069828553828,
      1.5192561679257603,
      1.6815974569784666,
      1.5663360297055302,
      2.564163194877837,
      2.5080459910595487,
      1.8653856620549443,
      2.2594076576570195,
      2.604500585687375,
      2.8283007284793666,
      2.6090899409202044,
      2.742183098790353,
      2.885319774950336,
      2.6442533434106563,
      2.734539207405673,
      3.1696980942776816,
      3.7918616631876922,
      3.80054900678332,
      3.2932220630303113,
      3.335515299466199,
      3.988789369603117,
      4.124322387790252,
      3.8261490052688623,
      4.688624788999201,
      3.3500054815170652,
      3.2882517874954704,
      4.599406040339413,
      3.587293578162343,
      4.611002617454279,
      4.289884177987982,
      3.156921003241382,
      3.8624011491408603,
      4.090060743934916,
      3.354235357884875,
      2.460498995940664,
      3.624340189190325,
      3.6824613089689953,
      4.34571117530326,
      3.0755851958549307,
      3.011414313744642,
      3.622066513136654,
      2.5197052011500576,
      2.7961790014392958,
      3.7849165294520155,
      3.3202146635530236,
      2.3628795690834523,
      3.179266606994018,
      2.9970630056397645
    ],
    "best_epoch": 8,
    "best_val_loss": 0.19103253962037092,
    "best_val_abs_mse": 0.3947840929031372,
    "test_loss": 4.03231251781637,
    "test_abs_mse": 39.81311798095703,
    "tracker": {
      "initial_train_loss": 0.6114950664587774,
      "train_threshold": 0.20383168881959246,
      "best_tracking": true,
      "patience_active": true,
      "patience_best_train": null,
      "patience_best_val": 0.19103253962037092,
      "patience_no_improve_epochs": 72,
      "best_train_loss": Infinity,
      "forced_stop_due_to_threshold": false
    }
  },
  "model_files": {
    "best": "scripts/outputs/gru-trc-rate/trial_57_1890f9/best_model.pt",
    "last": "scripts/outputs/gru-trc-rate/trial_57_1890f9/last_model.pt"
  },
  "config_path": "/home/amoris/data-analysis-on-dbps/scripts/outputs/gru-trc-rate/trial_57_1890f9/config.yaml"
}