{
  "model_name": "rnn-other-value/trial_51_beba9e",
  "model_type": "RNN",
  "model_format": "torch",
  "model_params": {
    "history_length": 47,
    "units": 383,
    "num_layers": 2,
    "dropout": 0.45570591629375523
  },
  "training_params": {
    "max_epochs": 500,
    "batch_size": 272,
    "learning_rate": 0.0015631106943112755,
    "weight_decay": 0.0007564994470252003,
    "checkpoint_interval": 10,
    "seed": 947
  },
  "data_csv": "data/time_aligned_data.csv",
  "timestamp_column": "Date, Time",
  "columns": [
    "TRC-DT",
    "TRC-RT",
    "TRC-PPL1",
    "TRC-PPL2",
    "pH-DT",
    "pH-RT",
    "pH-PPL1",
    "pH-PPL2",
    "cond-DT",
    "cond-PPL1",
    "cond-PPL2",
    "fDOM-RT",
    "fDOM-PPL1",
    "fDOM-PPL2",
    "DO-RT",
    "DO-PPL1",
    "DO-PPL2",
    "TOC-RT",
    "TOC-PPL1",
    "TOC-PPL2",
    "DOC-RT",
    "DOC-PPL1",
    "DOC-PPL2",
    "minutes_since_start"
  ],
  "feature_columns": [
    "TRC-DT",
    "TRC-RT",
    "pH-DT",
    "pH-RT",
    "cond-DT",
    "fDOM-RT",
    "DO-RT",
    "TOC-RT",
    "DOC-RT",
    "minutes_since_start"
  ],
  "target_columns": [
    "TOC-PPL1",
    "TOC-PPL2",
    "DOC-PPL1",
    "DOC-PPL2",
    "pH-PPL1",
    "pH-PPL2"
  ],
  "split_boundaries": {
    "train_end": 7796,
    "val_end": 9466,
    "test_end": 11138
  },
  "dataset_sizes": {
    "train": 7750,
    "val": 1670,
    "test": 1672
  },
  "input_dim": 10,
  "sequence_length": 47,
  "training_history": {
    "epochs": [
      1,
      2,
      3,
      4,
      5,
      6,
      7,
      8,
      9,
      10,
      11,
      12,
      13,
      14,
      15,
      16,
      17,
      18,
      19,
      20,
      21,
      22,
      23,
      24,
      25,
      26,
      27,
      28,
      29,
      30,
      31,
      32,
      33,
      34,
      35,
      36,
      37,
      38,
      39,
      40,
      41,
      42,
      43,
      44,
      45,
      46,
      47,
      48,
      49,
      50,
      51,
      52,
      53,
      54,
      55,
      56,
      57,
      58,
      59,
      60,
      61,
      62,
      63,
      64,
      65,
      66,
      67,
      68,
      69,
      70,
      71,
      72,
      73,
      74,
      75,
      76,
      77,
      78,
      79,
      80
    ],
    "train_loss": [
      0.3875599302860998,
      0.2506792879642979,
      0.24876374101638793,
      0.23482876864940888,
      0.21653643123180635,
      0.18782175740503496,
      0.17013441914896812,
      0.15313576967870035,
      0.15252182098742453,
      0.13662811162010316,
      0.13152965774074676,
      0.12489548754692077,
      0.13084157275769018,
      0.12290328493810469,
      0.12135232159206945,
      0.1088935861875934,
      0.22084541766874252,
      0.7334729398604363,
      0.5203824095264558,
      0.41761665334240083,
      0.41516954432764364,
      0.41161696834718026,
      0.41037171018508173,
      0.40095793712523675,
      0.379344384824076,
      0.3572956423913279,
      0.33874981434114515,
      0.32063668587130884,
      0.3077167234959141,
      0.3031140882507447,
      0.29418710449434093,
      0.2926611500094014,
      0.2956987328413994,
      0.2838615717041877,
      0.29068559182843856,
      0.2791335360004056,
      0.2750176331074007,
      0.2706298455576743,
      0.27017266831090375,
      0.2709628156692751,
      0.2587699336928706,
      0.25430720806506374,
      0.24775050936975787,
      0.2578124211565141,
      0.24009560437356273,
      0.24391591546227856,
      0.2379846465395343,
      0.23712256213157407,
      0.22475952315330505,
      0.22321677959734393,
      0.22104357351410772,
      0.21490333369470413,
      0.2127188089816801,
      0.20567744503482696,
      0.203114826356211,
      0.20403015025200383,
      0.2018483174385563,
      0.19824749566662697,
      0.20051399450917398,
      0.19377414047718047,
      0.2002026094698137,
      0.1987249178540322,
      0.19405640757083892,
      0.18844016396999358,
      0.2110274597060296,
      0.18535562398356775,
      0.17810785445859356,
      0.1732754027574293,
      0.1662003417591895,
      0.16511224812076938,
      0.1608142544723326,
      0.15630628627346407,
      0.2349744920115317,
      0.2124816405157889,
      0.20212581832562723,
      0.18348996264703812,
      0.1670778621858166,
      0.1713535950414596,
      0.15344783244978996,
      0.15865379483853617
    ],
    "val_loss": [
      0.3957160200187546,
      0.40542059001808395,
      0.3920233590874129,
      0.38140909571847514,
      0.37109007235772595,
      0.38792817706833344,
      0.33328464059772606,
      0.3396633390181079,
      0.3933796128826941,
      0.32037538911054236,
      0.34573964273144386,
      0.4048909732681549,
      0.3941613326529543,
      0.4747270799682526,
      0.42900436852506535,
      0.36084892978211364,
      0.7980037427947907,
      1.9363352901207473,
      0.6006326488392082,
      0.5777523240643347,
      0.5615191105597034,
      0.5875002644019213,
      0.5834971496444976,
      0.5478423562592375,
      0.4895316171075056,
      0.5351088001342591,
      0.5269156498823337,
      0.5717182831849881,
      0.5858903243870078,
      0.5433691934197249,
      0.6266396071382625,
      0.586473362388725,
      0.5734663413670249,
      0.6611545624847184,
      0.6287845435256729,
      0.5920556747984743,
      0.657091269593039,
      0.7002196376195211,
      0.573396097899911,
      0.6349926371774274,
      0.6057315558016657,
      0.5674725733831257,
      0.5550575419100459,
      0.5893211379022656,
      0.6058344022956437,
      0.586687184093955,
      0.6502283785157574,
      0.5805547383017169,
      0.6107065499185802,
      0.6635768366431047,
      0.6302862632774308,
      0.6185436126000867,
      0.5638600365130487,
      0.6218355053199266,
      0.6432441107527225,
      0.6038632108779725,
      0.5949838025841171,
      0.5278740979954154,
      0.5413015242822156,
      0.5896798900501456,
      0.6627493914015993,
      0.5948370610882422,
      0.5372875362099288,
      0.6419411647819473,
      0.4978217234154661,
      0.4754502720461634,
      0.5242429921726981,
      0.5956305746546763,
      0.5216526396974118,
      0.5872119216861839,
      0.6326503312516355,
      0.625240470763452,
      0.505781710790303,
      0.5188343464971302,
      0.5369088930998019,
      0.6022595849579679,
      0.5973813752214352,
      0.6110995618169179,
      0.6520619803559994,
      0.5956670662600123
    ],
    "best_epoch": 16,
    "best_val_loss": 0.36084892978211364,
    "test_loss": 0.39131682070248436,
    "tracker": {
      "initial_train_loss": 0.3875599302860998,
      "train_threshold": 0.12918664342869993,
      "best_tracking": true,
      "patience_active": true,
      "patience_best_train": null,
      "patience_best_val": 0.36084892978211364,
      "patience_no_improve_epochs": 64,
      "best_train_loss": Infinity,
      "forced_stop_due_to_threshold": false
    }
  },
  "model_files": {
    "best": "scripts/outputs/rnn-other-value/trial_51_beba9e/best_model.pt",
    "last": "scripts/outputs/rnn-other-value/trial_51_beba9e/last_model.pt"
  },
  "config_path": "/home/amoris/data-analysis-on-dbps/scripts/outputs/rnn-other-value/trial_51_beba9e/config.yaml"
}