{
  "model_name": "gru-trc-rate/trial_55_6ed1c2",
  "model_type": "GRU",
  "model_format": "torch",
  "model_params": {
    "history_length": 131,
    "units": 257,
    "num_layers": 4,
    "dropout": 0.4087259511436519
  },
  "training_params": {
    "max_epochs": 500,
    "batch_size": 126,
    "learning_rate": 0.0002661436428559547,
    "weight_decay": 0.0004559003543204608,
    "checkpoint_interval": 10,
    "seed": 947
  },
  "data_csv": "data/time_aligned_data.csv",
  "timestamp_column": "Date, Time",
  "columns": [
    "TRC-DT",
    "TRC-RT",
    "TRC-PPL1",
    "TRC-PPL2",
    "pH-DT",
    "pH-RT",
    "pH-PPL1",
    "pH-PPL2",
    "cond-DT",
    "cond-PPL1",
    "cond-PPL2",
    "fDOM-RT",
    "fDOM-PPL1",
    "fDOM-PPL2",
    "DO-RT",
    "DO-PPL1",
    "DO-PPL2",
    "TOC-RT",
    "TOC-PPL1",
    "TOC-PPL2",
    "DOC-RT",
    "DOC-PPL1",
    "DOC-PPL2",
    "minutes_since_start"
  ],
  "feature_columns": [
    "TRC-DT",
    "TRC-RT",
    "pH-DT",
    "pH-RT",
    "cond-DT",
    "fDOM-RT",
    "DO-RT",
    "TOC-RT",
    "DOC-RT",
    "minutes_since_start"
  ],
  "target_columns": [
    "TRC-PPL1",
    "TRC-PPL2"
  ],
  "target_mode": "rate",
  "target_base_columns": [
    "TRC-RT",
    "TRC-RT"
  ],
  "split_boundaries": {
    "train_end": 7796,
    "val_end": 9466,
    "test_end": 11138
  },
  "dataset_sizes": {
    "train": 7666,
    "val": 1670,
    "test": 1672
  },
  "input_dim": 10,
  "sequence_length": 131,
  "training_history": {
    "epochs": [
      1,
      2,
      3,
      4,
      5,
      6,
      7,
      8,
      9,
      10,
      11,
      12,
      13,
      14,
      15,
      16,
      17,
      18,
      19,
      20,
      21,
      22,
      23,
      24,
      25,
      26,
      27,
      28,
      29,
      30,
      31,
      32,
      33,
      34,
      35,
      36,
      37,
      38,
      39,
      40,
      41,
      42,
      43,
      44,
      45,
      46,
      47,
      48,
      49,
      50,
      51,
      52,
      53,
      54,
      55,
      56,
      57,
      58,
      59,
      60,
      61,
      62,
      63,
      64,
      65,
      66,
      67,
      68,
      69,
      70,
      71,
      72,
      73,
      74,
      75,
      76,
      77,
      78,
      79,
      80
    ],
    "train_loss": [
      0.31732650436684506,
      0.13688138714548567,
      0.07722712259670632,
      0.052964826619620424,
      0.045289202203778293,
      0.04124429210983537,
      0.03529314931016537,
      0.03585143533102563,
      0.03811800618578957,
      0.03472531641700577,
      0.03144648213968742,
      0.029366270242710355,
      0.0296553867358103,
      0.02942516127377243,
      0.028459929489133846,
      0.06938307524843157,
      0.05161690292503328,
      0.033582769395545914,
      0.029814108652217,
      0.0285232780389964,
      0.027066741659634734,
      0.025801116583138477,
      0.025564853240950376,
      0.02626656493361084,
      0.02447680747411035,
      0.024612823703384357,
      0.02375226329983898,
      0.21784003337268384,
      0.08918998387617665,
      0.0492654882396695,
      0.041709703713278375,
      0.03903231576732376,
      0.03555189972870225,
      0.032884692865553365,
      0.032108008389684604,
      0.029539856831320824,
      0.02824116239220705,
      0.027754577295648158,
      0.025886737138709356,
      0.025912378101417454,
      0.024673187665927045,
      0.023630451936320445,
      0.023288535547534822,
      0.023969137616418622,
      0.02291601720566604,
      0.021952399687572805,
      0.02182417706543414,
      0.021502987525146188,
      0.021631275776733842,
      0.021115281425480616,
      0.020914258864948063,
      0.021270253804643285,
      0.021120512771048185,
      0.0210793485980167,
      0.020425405541856203,
      0.02197677262191545,
      0.02301927352362518,
      0.020800666738774832,
      0.020796410378361226,
      0.020492258439889673,
      0.020088769280211503,
      0.020946300765676846,
      0.020818522210679258,
      0.019989901197991124,
      0.02099965213115956,
      0.020050462051553513,
      0.019928357327012397,
      0.02025194510238276,
      0.020424911133729226,
      0.020176157930672962,
      0.020790549377093667,
      0.02074285193854015,
      0.01960695780033259,
      0.019754053416163576,
      0.019244633669686276,
      0.019971850125506393,
      0.02030977387124118,
      0.019717985539151148,
      0.01907879466926176,
      0.020488577608885075
    ],
    "val_loss": [
      0.3701854008244362,
      0.20134785113309672,
      0.1837139093099597,
      0.18600119134846205,
      0.2079382611159793,
      0.33229561998414064,
      0.5944812393250937,
      0.46850755623134666,
      0.5245635643467574,
      0.4189068331221442,
      0.6209862279499362,
      0.6090814094745114,
      0.6498141472077298,
      0.8151066509103346,
      1.0395871374778405,
      1.2583635466318288,
      0.5168706281166412,
      0.8059532594894935,
      1.7624987962204004,
      1.9455793444357232,
      2.5409383301985655,
      2.6174362324535134,
      2.869068601080579,
      2.3236973050468697,
      2.5562990129685508,
      2.5651606857218963,
      3.1138617374203696,
      0.33259805452056274,
      0.27382879949615385,
      0.30016660474597695,
      0.3299532951642118,
      0.351071906460081,
      0.34628552372851773,
      0.351769076283285,
      0.35900842006691913,
      0.370995784218529,
      0.3709892192152803,
      0.36269175695801925,
      0.35968643823515867,
      0.3591521044936544,
      0.36616052128151505,
      0.3501424356090451,
      0.3605450501609705,
      0.34123611279545785,
      0.3442862793089387,
      0.3524703014530465,
      0.3318577271914054,
      0.34900786993344746,
      0.3390592926388194,
      0.33771638355390754,
      0.3342617738144305,
      0.33434308279907987,
      0.3332891928511644,
      0.34495126669724546,
      0.32853302517961597,
      0.3313634969093307,
      0.3378496846061445,
      0.3343851296286918,
      0.3321461492937482,
      0.3357344041572895,
      0.3347091389608062,
      0.325894699939443,
      0.3304280223916034,
      0.3241858694323166,
      0.3234198561663221,
      0.32554082698272374,
      0.3274440237928829,
      0.33502703646342913,
      0.3243353363572659,
      0.3264977727085352,
      0.32199472724766787,
      0.32507069544967065,
      0.3216621819370521,
      0.322051464960336,
      0.327146204476228,
      0.3243862844334391,
      0.3187288874882959,
      0.31865977166655535,
      0.32440166327276987,
      0.3131748566838974
    ],
    "best_epoch": 3,
    "best_val_loss": 0.1837139093099597,
    "best_val_abs_mse": 0.20054858922958374,
    "test_loss": 5.453656527414276,
    "test_abs_mse": 51.094085693359375,
    "tracker": {
      "initial_train_loss": 0.31732650436684506,
      "train_threshold": 0.10577550145561503,
      "best_tracking": true,
      "patience_active": true,
      "patience_best_train": null,
      "patience_best_val": 0.1837139093099597,
      "patience_no_improve_epochs": 78,
      "best_train_loss": Infinity,
      "forced_stop_due_to_threshold": false
    }
  },
  "model_files": {
    "best": "scripts/outputs/gru-trc-rate/trial_55_6ed1c2/best_model.pt",
    "last": "scripts/outputs/gru-trc-rate/trial_55_6ed1c2/last_model.pt"
  },
  "config_path": "/home/amoris/data-analysis-on-dbps/scripts/outputs/gru-trc-rate/trial_55_6ed1c2/config.yaml"
}