{
  "model_name": "lstm-trc-value/trial_84_87e3a6",
  "model_type": "LSTM",
  "model_format": "torch",
  "model_params": {
    "history_length": 158,
    "units": 373,
    "num_layers": 4,
    "dropout": 0.285534990137554
  },
  "training_params": {
    "max_epochs": 500,
    "batch_size": 221,
    "learning_rate": 0.0003451889509387721,
    "weight_decay": 0.0006426053295608788,
    "checkpoint_interval": 10,
    "seed": 947
  },
  "data_csv": "data/time_aligned_data.csv",
  "timestamp_column": "Date, Time",
  "columns": [
    "TRC-DT",
    "TRC-RT",
    "TRC-PPL1",
    "TRC-PPL2",
    "pH-DT",
    "pH-RT",
    "pH-PPL1",
    "pH-PPL2",
    "cond-DT",
    "cond-PPL1",
    "cond-PPL2",
    "fDOM-RT",
    "fDOM-PPL1",
    "fDOM-PPL2",
    "DO-RT",
    "DO-PPL1",
    "DO-PPL2",
    "TOC-RT",
    "TOC-PPL1",
    "TOC-PPL2",
    "DOC-RT",
    "DOC-PPL1",
    "DOC-PPL2",
    "minutes_since_start"
  ],
  "feature_columns": [
    "TRC-DT",
    "TRC-RT",
    "pH-DT",
    "pH-RT",
    "cond-DT",
    "fDOM-RT",
    "DO-RT",
    "TOC-RT",
    "DOC-RT",
    "minutes_since_start"
  ],
  "target_columns": [
    "TRC-PPL1",
    "TRC-PPL2"
  ],
  "split_boundaries": {
    "train_end": 7796,
    "val_end": 9466,
    "test_end": 11138
  },
  "dataset_sizes": {
    "train": 7639,
    "val": 1670,
    "test": 1672
  },
  "input_dim": 10,
  "sequence_length": 158,
  "training_history": {
    "epochs": [
      1,
      2,
      3,
      4,
      5,
      6,
      7,
      8,
      9,
      10,
      11,
      12,
      13,
      14,
      15,
      16,
      17,
      18,
      19,
      20,
      21,
      22,
      23,
      24,
      25,
      26,
      27,
      28,
      29,
      30,
      31,
      32,
      33,
      34,
      35,
      36,
      37,
      38,
      39,
      40,
      41,
      42,
      43,
      44,
      45,
      46,
      47,
      48,
      49,
      50,
      51,
      52,
      53,
      54,
      55,
      56,
      57,
      58,
      59,
      60,
      61,
      62,
      63,
      64,
      65,
      66,
      67,
      68,
      69,
      70,
      71,
      72,
      73,
      74,
      75,
      76,
      77,
      78,
      79,
      80
    ],
    "train_loss": [
      0.5128992934266159,
      0.14765117944090572,
      0.09583178895051012,
      0.06118186341559861,
      0.04547543955389188,
      0.04085301751416459,
      0.036351929111878026,
      0.03460923529281629,
      0.03427289005079761,
      0.032686678539570954,
      0.03322726897510079,
      0.032764547969109645,
      0.02995669412667924,
      0.029978988944776068,
      0.0272010357174859,
      0.027578344338187406,
      0.026583333741734518,
      0.034465553050016855,
      0.03230899507122555,
      0.030478022855332593,
      0.0355797959466008,
      0.02509529383455385,
      0.02383242835869713,
      0.023937955465290164,
      0.025808197977115213,
      0.02712337514218555,
      0.024698795043619645,
      0.02403469292693487,
      0.023026967827400886,
      0.02433671224396615,
      0.021735917103110708,
      0.02394349441090278,
      0.02320074348557228,
      0.02093419855008701,
      0.02103495987229481,
      0.03376419372765911,
      0.025414443168984703,
      0.026366430349742606,
      0.022938764115593355,
      0.021866939928261206,
      0.023608219930649755,
      0.02642148470481445,
      0.021290721251803757,
      0.022566719729483074,
      0.021603453554245235,
      0.021234655610866876,
      0.02224376322858846,
      0.020398248034579496,
      0.02045852318905964,
      0.020205866012174604,
      0.020554940771330542,
      0.020198157061920855,
      0.022776192313347644,
      0.02086381526867013,
      0.02009079284797259,
      0.020191513798523283,
      0.02046435520697606,
      0.020661609134188044,
      0.02036998327248484,
      0.02035255806179458,
      0.021957006663160108,
      0.02056740697032924,
      0.020675445829400733,
      0.01947897053181653,
      0.02196049583764433,
      0.02103410018158101,
      0.020216566398456967,
      0.019402717792559847,
      0.020013073823798903,
      0.01988489869023738,
      0.019286227305113122,
      0.019683164064904706,
      0.019856667793708833,
      0.020368756099731718,
      0.019201768999025644,
      0.02388716832638208,
      0.019234831115621784,
      0.01958442688483751,
      0.019313784825794437,
      0.020007108941299704
    ],
    "val_loss": [
      0.3538787927902387,
      0.29180116057842076,
      0.1919280200616685,
      0.1859353421847085,
      0.21502956064852946,
      0.23143710492256872,
      0.24886700939610154,
      0.25980837465135637,
      0.25127342617931125,
      0.28000014181957095,
      0.2920198633251879,
      0.3177962065378795,
      0.3386836069396245,
      0.357321934984205,
      0.33086638535278107,
      0.3400495092568551,
      0.42668927547683616,
      0.3000845096659607,
      0.37557345717186164,
      0.3658403192027779,
      0.38303922452590244,
      0.3907096181577908,
      0.36128532777869415,
      0.399854701353672,
      0.26861598281089416,
      0.2779063840826114,
      0.3144228871844843,
      0.3325704003990946,
      0.3305783381183704,
      0.37250383214768534,
      0.37719448778086795,
      0.34946850749502284,
      0.3797072808364194,
      0.3802204861958138,
      0.3710980021199602,
      0.33462827397499256,
      0.33615859877429677,
      0.3643737068935158,
      0.33465154943820424,
      0.36544105339081523,
      0.361919895364362,
      0.37349796356176007,
      0.37531699544699965,
      0.37845694104622224,
      0.37259413956101245,
      0.35021944567226543,
      0.35864810395852,
      0.38043597733746926,
      0.3858197513856217,
      0.37405133595701284,
      0.3682403154269664,
      0.37969088327295764,
      0.3757674278791793,
      0.3781853341714975,
      0.3668576397258275,
      0.35858135145313724,
      0.37384772112559594,
      0.3722264476042397,
      0.36352068729430975,
      0.36762771017871754,
      0.3663000732571065,
      0.3586324895849217,
      0.35779477660683634,
      0.35512173005831454,
      0.3572911906117451,
      0.3678740139604507,
      0.36003103401556524,
      0.37140773545928346,
      0.36758841151583516,
      0.34928158855255315,
      0.36222653269745453,
      0.3587103955313831,
      0.36501466408594996,
      0.35979157466508316,
      0.3645456987171027,
      0.3574590133491926,
      0.3683915836323878,
      0.35584576300785925,
      0.3622454652451202,
      0.36814100877186673
    ],
    "best_epoch": 4,
    "best_val_loss": 0.1859353421847085,
    "test_loss": 4.420635670494805,
    "tracker": {
      "initial_train_loss": 0.5128992934266159,
      "train_threshold": 0.1709664311422053,
      "best_tracking": true,
      "patience_active": true,
      "patience_best_train": null,
      "patience_best_val": 0.1859353421847085,
      "patience_no_improve_epochs": 76,
      "best_train_loss": Infinity,
      "forced_stop_due_to_threshold": false
    }
  },
  "model_files": {
    "best": "scripts/outputs/lstm-trc-value/trial_84_87e3a6/best_model.pt",
    "last": "scripts/outputs/lstm-trc-value/trial_84_87e3a6/last_model.pt"
  },
  "config_path": "/home/amoris/data-analysis-on-dbps/scripts/outputs/lstm-trc-value/trial_84_87e3a6/config.yaml"
}