{
  "model_name": "gru-other-value/trial_9_404f70",
  "model_type": "GRU",
  "model_format": "torch",
  "model_params": {
    "history_length": 79,
    "units": 229,
    "num_layers": 4,
    "dropout": 0.2544846588006464
  },
  "training_params": {
    "max_epochs": 500,
    "batch_size": 179,
    "learning_rate": 0.0004745369552924204,
    "weight_decay": 0.007199029670301386,
    "checkpoint_interval": 10,
    "seed": 947
  },
  "data_csv": "data/time_aligned_data.csv",
  "timestamp_column": "Date, Time",
  "columns": [
    "TRC-DT",
    "TRC-RT",
    "TRC-PPL1",
    "TRC-PPL2",
    "pH-DT",
    "pH-RT",
    "pH-PPL1",
    "pH-PPL2",
    "cond-DT",
    "cond-PPL1",
    "cond-PPL2",
    "fDOM-RT",
    "fDOM-PPL1",
    "fDOM-PPL2",
    "DO-RT",
    "DO-PPL1",
    "DO-PPL2",
    "TOC-RT",
    "TOC-PPL1",
    "TOC-PPL2",
    "DOC-RT",
    "DOC-PPL1",
    "DOC-PPL2",
    "minutes_since_start"
  ],
  "feature_columns": [
    "TRC-DT",
    "TRC-RT",
    "pH-DT",
    "pH-RT",
    "cond-DT",
    "fDOM-RT",
    "DO-RT",
    "TOC-RT",
    "DOC-RT",
    "minutes_since_start"
  ],
  "target_columns": [
    "TOC-PPL1",
    "TOC-PPL2",
    "DOC-PPL1",
    "DOC-PPL2",
    "pH-PPL1",
    "pH-PPL2"
  ],
  "split_boundaries": {
    "train_end": 7796,
    "val_end": 9466,
    "test_end": 11138
  },
  "dataset_sizes": {
    "train": 7718,
    "val": 1670,
    "test": 1672
  },
  "input_dim": 10,
  "sequence_length": 79,
  "training_history": {
    "epochs": [
      1,
      2,
      3,
      4,
      5,
      6,
      7,
      8,
      9,
      10,
      11,
      12,
      13,
      14,
      15,
      16,
      17,
      18,
      19,
      20,
      21,
      22,
      23,
      24,
      25,
      26,
      27,
      28,
      29,
      30,
      31,
      32,
      33,
      34,
      35,
      36,
      37,
      38,
      39,
      40,
      41,
      42,
      43,
      44,
      45,
      46,
      47,
      48,
      49,
      50,
      51,
      52,
      53,
      54,
      55,
      56,
      57,
      58,
      59,
      60,
      61,
      62,
      63,
      64,
      65,
      66,
      67,
      68,
      69,
      70,
      71,
      72,
      73,
      74,
      75,
      76,
      77,
      78,
      79,
      80,
      81,
      82,
      83,
      84,
      85,
      86
    ],
    "train_loss": [
      0.405473575687186,
      0.2699597634705245,
      0.2566852309726841,
      0.2511985136838458,
      0.24313468966622462,
      0.24247099491993235,
      0.23682954577074114,
      0.234322661115472,
      0.23128869117897205,
      0.22867554466737988,
      0.22976895513837897,
      0.22501981370952284,
      0.22553982372132877,
      0.2243151136011032,
      0.22560795424947716,
      0.22373613669028025,
      0.2226518515818908,
      0.22325016389813068,
      0.2250127633326441,
      0.21966732031178,
      0.22021927981294478,
      0.223828995739836,
      0.21748679080685052,
      0.21955177064161593,
      0.21783888359303363,
      0.21642716754499142,
      0.21706550766239205,
      0.21555493633791584,
      0.21628354443466458,
      0.21448557981441724,
      0.2154089381083765,
      0.21404870255650185,
      0.2148182713176865,
      0.21340818610500875,
      0.209541624397943,
      0.2093989725487008,
      0.21046439641867007,
      0.211692529778525,
      0.20924432941956914,
      0.20858352491547635,
      0.20798155097384996,
      0.21134371626335402,
      0.20656447316442447,
      0.2071489272598128,
      0.20309627640159306,
      0.20071898012519285,
      0.19536538223052277,
      0.1954806317227991,
      0.19228368785389657,
      0.1910597200095885,
      0.18894644510980776,
      0.18859575278371626,
      0.18645441265118867,
      0.18742348923487626,
      0.18777740871846044,
      0.18656006221034174,
      0.18731537639870796,
      0.18674314284253596,
      0.18588242359530835,
      0.1902116897672098,
      0.18620230088092002,
      0.1854453230130453,
      0.18382813424899128,
      0.1818188079962245,
      0.18337954034781204,
      0.1828114621150089,
      0.18181390145585524,
      0.1819079480457102,
      0.18573423553220533,
      0.1853547763561115,
      0.1836848363963765,
      0.18109938449217391,
      0.18259241312827185,
      0.18045001496310123,
      0.18698341048719136,
      0.1817684210344558,
      0.18160776853615462,
      0.18151382910993688,
      0.1836996198020997,
      0.1829211925013784,
      0.18370434539703917,
      0.1843078029251494,
      0.18312691338022435,
      0.18201609948434247,
      0.17996062785695952,
      0.1988287872351739
    ],
    "val_loss": [
      0.35584558491221446,
      0.3646370047759153,
      0.47973466656522123,
      0.3833486395414004,
      0.3770539274740362,
      0.4962476812793823,
      0.4400468647747697,
      0.36270645946531954,
      0.3541362664032125,
      0.37569221652107326,
      0.36820876842844275,
      0.37993405177564676,
      0.38565217014290615,
      0.389687893695817,
      0.4096527672367182,
      0.3789785677265978,
      0.3844923239446686,
      0.37701151469599703,
      0.3636762783020556,
      0.4106554463862659,
      0.37067099949289223,
      0.3690706565485386,
      0.40763026653471107,
      0.39542554843122374,
      0.39213059938507167,
      0.38218815113434534,
      0.42075391117327227,
      0.3872103435907535,
      0.3855799357200454,
      0.3906779376154174,
      0.3738395524997554,
      0.3992575965598672,
      0.36964822679222703,
      0.3735217492603613,
      0.3762044078441794,
      0.35997563184735304,
      0.4049138918117492,
      0.3685073794183617,
      0.4064043457413505,
      0.38494924817256587,
      0.3859432730266077,
      0.36451881544854114,
      0.377679410447439,
      0.3841076045380738,
      0.4232212751033063,
      0.39143685180537713,
      0.41697071565839344,
      0.495727924520741,
      0.49204499223632014,
      0.5494954502689624,
      0.7160730760879146,
      0.6230728230388936,
      0.5718915831453786,
      0.6162042247008778,
      0.6228453715984336,
      0.8127479428905034,
      0.46068218109493486,
      0.7723757038484077,
      0.609884593095965,
      0.6236034643150375,
      0.6811913139850436,
      0.8216050674770764,
      0.666688088461489,
      0.6843225042084734,
      0.5623004446575741,
      0.6517238019246184,
      0.6440472523341636,
      0.6143301325911533,
      0.6954879143548582,
      0.7733737023736902,
      0.6378144136624422,
      0.6472748025091822,
      0.6728341229215353,
      0.8367118032481856,
      0.7995586578137504,
      0.6720208434555345,
      0.741775489549437,
      0.6533369972766516,
      0.6729288916387958,
      0.7133972139281785,
      0.8290824622941945,
      0.6974856056496055,
      0.7236313182392163,
      0.8297826780842806,
      0.6337359976090357,
      0.7927742482837803
    ],
    "best_epoch": 86,
    "best_val_loss": 0.7927742482837803,
    "test_loss": 0.8263249726137191,
    "tracker": {
      "initial_train_loss": 0.405473575687186,
      "train_threshold": 0.13515785856239534,
      "best_tracking": false,
      "patience_active": true,
      "patience_best_train": null,
      "patience_best_val": 0.35997563184735304,
      "patience_no_improve_epochs": 50,
      "best_train_loss": Infinity,
      "forced_stop_due_to_threshold": false
    }
  },
  "model_files": {
    "best": "scripts/outputs/gru-other-value/trial_9_404f70/best_model.pt",
    "last": "scripts/outputs/gru-other-value/trial_9_404f70/last_model.pt"
  },
  "config_path": "/home/amoris/data-analysis-on-dbps/scripts/outputs/gru-other-value/trial_9_404f70/config.yaml"
}