{
  "model_name": "lstm-trc-rate/trial_82_016e5e",
  "model_type": "LSTM",
  "model_format": "torch",
  "model_params": {
    "history_length": 169,
    "units": 296,
    "num_layers": 4,
    "dropout": 0.24084128393368914
  },
  "training_params": {
    "max_epochs": 500,
    "batch_size": 236,
    "learning_rate": 0.0006452043949889142,
    "weight_decay": 0.0001410728540541628,
    "checkpoint_interval": 10,
    "seed": 947
  },
  "data_csv": "data/time_aligned_data.csv",
  "timestamp_column": "Date, Time",
  "columns": [
    "TRC-DT",
    "TRC-RT",
    "TRC-PPL1",
    "TRC-PPL2",
    "pH-DT",
    "pH-RT",
    "pH-PPL1",
    "pH-PPL2",
    "cond-DT",
    "cond-PPL1",
    "cond-PPL2",
    "fDOM-RT",
    "fDOM-PPL1",
    "fDOM-PPL2",
    "DO-RT",
    "DO-PPL1",
    "DO-PPL2",
    "TOC-RT",
    "TOC-PPL1",
    "TOC-PPL2",
    "DOC-RT",
    "DOC-PPL1",
    "DOC-PPL2",
    "minutes_since_start"
  ],
  "feature_columns": [
    "TRC-DT",
    "TRC-RT",
    "pH-DT",
    "pH-RT",
    "cond-DT",
    "fDOM-RT",
    "DO-RT",
    "TOC-RT",
    "DOC-RT",
    "minutes_since_start"
  ],
  "target_columns": [
    "TRC-PPL1",
    "TRC-PPL2"
  ],
  "target_mode": "rate",
  "target_base_columns": [
    "TRC-RT",
    "TRC-RT"
  ],
  "split_boundaries": {
    "train_end": 7796,
    "val_end": 9466,
    "test_end": 11138
  },
  "dataset_sizes": {
    "train": 7628,
    "val": 1670,
    "test": 1672
  },
  "input_dim": 10,
  "sequence_length": 169,
  "training_history": {
    "epochs": [
      1,
      2,
      3,
      4,
      5,
      6,
      7,
      8,
      9,
      10,
      11,
      12,
      13,
      14,
      15,
      16,
      17,
      18,
      19,
      20,
      21,
      22,
      23,
      24,
      25,
      26,
      27,
      28,
      29,
      30,
      31,
      32,
      33,
      34,
      35,
      36,
      37,
      38,
      39,
      40,
      41,
      42,
      43,
      44,
      45,
      46,
      47,
      48,
      49,
      50,
      51,
      52,
      53,
      54,
      55,
      56,
      57,
      58,
      59,
      60,
      61,
      62,
      63,
      64,
      65,
      66,
      67,
      68,
      69,
      70,
      71,
      72,
      73,
      74,
      75,
      76,
      77,
      78,
      79,
      80
    ],
    "train_loss": [
      0.3929201482273111,
      0.10214162240313746,
      0.054214943186675434,
      0.04270328779806938,
      0.038749373713767084,
      0.03396057415857138,
      0.028339223235876822,
      0.02733850782404067,
      0.02593585513395418,
      0.030161336472616436,
      0.025223006288739292,
      0.026302050215040257,
      0.02409885801945329,
      0.022680212141419496,
      0.022989597875775314,
      0.02170370633439925,
      0.027822188408893944,
      0.025384166029364448,
      0.02080551763253182,
      0.02025121969464379,
      0.02007082276393996,
      0.0196542798091697,
      0.01851769336208693,
      0.018074774487587753,
      0.020468375984018676,
      0.019069339203886107,
      0.020808105497153628,
      0.019903026154928016,
      0.018410811677387576,
      0.01932218094958519,
      0.018678965357605486,
      0.01956623644769723,
      0.018474684503197076,
      0.019338672985549865,
      0.01821926725402232,
      0.01875143435035989,
      0.01839160632711308,
      0.01857408639151011,
      0.01790217189220824,
      0.01733629097385546,
      0.019167105037295105,
      0.018420120764681976,
      0.01781942698895525,
      0.01830701575593512,
      0.01867521507103889,
      0.01761794119377879,
      0.019633623635114082,
      0.018790335113629035,
      0.01804669395208312,
      0.017219565204170343,
      0.01715768321491016,
      0.017301915668138643,
      0.017228754197247814,
      0.018553999502174692,
      0.01805799078454147,
      0.016879111991860228,
      0.01748715008120138,
      0.017716230799194464,
      0.017468133761084043,
      0.018296565629022248,
      0.018213350271125334,
      0.017578771313448257,
      0.016994295015200528,
      0.017107687151136673,
      0.016910814795414533,
      0.017860118084351274,
      0.01785894301067989,
      0.029467266177984203,
      0.023411325484272005,
      0.020046866517933987,
      0.018203900835911953,
      0.019038506498825006,
      0.01903503243804103,
      0.019690054827762888,
      0.017878168396843187,
      0.017588787627180302,
      0.0177593445654433,
      0.01724834669543519,
      0.01741681479437225,
      0.016814473591545646
    ],
    "val_loss": [
      0.290249951299793,
      0.20013046946354254,
      0.20379109758727565,
      0.2716849642420957,
      0.2640197018038727,
      0.913082108874164,
      1.4222228780968817,
      1.3423208931605972,
      1.4732160388174171,
      0.9367095080455263,
      0.9149336464613854,
      0.38368550047367633,
      0.2701100184219683,
      0.3950105232303728,
      0.25615230329825495,
      0.2740605709572395,
      0.2775650079200368,
      0.2745940526490083,
      0.27023082763224304,
      0.26719906331000925,
      0.26868221088797745,
      0.2648516450724202,
      0.2689443819537134,
      0.2694424308345703,
      0.26885801038877694,
      0.26127351157947215,
      0.2698968938501652,
      0.26946142840528203,
      0.28043064985000443,
      0.2692263317411531,
      0.2637582651066209,
      0.2599741604870665,
      0.26414144366176545,
      0.26549582070040845,
      0.26940161401550927,
      0.27827871133556625,
      0.2881004725833853,
      0.27270560060700255,
      0.26768403301785093,
      0.2797557761881523,
      0.2756834097652735,
      0.2730920156095913,
      0.274428778949255,
      0.25943513004455027,
      0.32319314250956754,
      0.27874352906100053,
      0.2676689628132446,
      0.2732242697370266,
      0.2841770771065515,
      0.26642215730187424,
      0.2700897630415634,
      0.274051134078624,
      0.2726010740115614,
      0.2753387219579277,
      0.2863732361151073,
      0.27061563782438547,
      0.28573616669028107,
      0.28160087773186004,
      0.2902712507296108,
      0.265373861124951,
      0.27339197870589305,
      0.2743581383438881,
      0.27142572129022574,
      0.27784099296003045,
      0.2949569974206165,
      0.2830778157773489,
      0.28796265606216326,
      0.2566095308183196,
      0.2788539541695646,
      0.29572572585886825,
      0.2768423588779158,
      0.2822916394133054,
      0.28437020857623235,
      0.30382339816964316,
      0.29131125660088963,
      0.29853992377837263,
      0.2918206382654384,
      0.29015410086976556,
      0.28988282227676787,
      0.3007629314939419
    ],
    "best_epoch": 2,
    "best_val_loss": 0.20013046946354254,
    "best_val_abs_mse": 0.24861304461956024,
    "test_loss": 4.531534850169597,
    "test_abs_mse": 43.481529235839844,
    "tracker": {
      "initial_train_loss": 0.3929201482273111,
      "train_threshold": 0.13097338274243703,
      "best_tracking": true,
      "patience_active": true,
      "patience_best_train": null,
      "patience_best_val": 0.20013046946354254,
      "patience_no_improve_epochs": 79,
      "best_train_loss": Infinity,
      "forced_stop_due_to_threshold": false
    }
  },
  "model_files": {
    "best": "scripts/outputs/lstm-trc-rate/trial_82_016e5e/best_model.pt",
    "last": "scripts/outputs/lstm-trc-rate/trial_82_016e5e/last_model.pt"
  },
  "config_path": "/home/amoris/data-analysis-on-dbps/scripts/outputs/lstm-trc-rate/trial_82_016e5e/config.yaml"
}