{
  "model_name": "gru-other-value/trial_16_1accc3",
  "model_type": "GRU",
  "model_format": "torch",
  "model_params": {
    "history_length": 143,
    "units": 309,
    "num_layers": 4,
    "dropout": 0.27982689266566746
  },
  "training_params": {
    "max_epochs": 500,
    "batch_size": 187,
    "learning_rate": 0.0013937730198583774,
    "weight_decay": 0.00221242667658391,
    "checkpoint_interval": 10,
    "seed": 947
  },
  "data_csv": "data/time_aligned_data.csv",
  "timestamp_column": "Date, Time",
  "columns": [
    "TRC-DT",
    "TRC-RT",
    "TRC-PPL1",
    "TRC-PPL2",
    "pH-DT",
    "pH-RT",
    "pH-PPL1",
    "pH-PPL2",
    "cond-DT",
    "cond-PPL1",
    "cond-PPL2",
    "fDOM-RT",
    "fDOM-PPL1",
    "fDOM-PPL2",
    "DO-RT",
    "DO-PPL1",
    "DO-PPL2",
    "TOC-RT",
    "TOC-PPL1",
    "TOC-PPL2",
    "DOC-RT",
    "DOC-PPL1",
    "DOC-PPL2",
    "minutes_since_start"
  ],
  "feature_columns": [
    "TRC-DT",
    "TRC-RT",
    "pH-DT",
    "pH-RT",
    "cond-DT",
    "fDOM-RT",
    "DO-RT",
    "TOC-RT",
    "DOC-RT",
    "minutes_since_start"
  ],
  "target_columns": [
    "TOC-PPL1",
    "TOC-PPL2",
    "DOC-PPL1",
    "DOC-PPL2",
    "pH-PPL1",
    "pH-PPL2"
  ],
  "split_boundaries": {
    "train_end": 7796,
    "val_end": 9466,
    "test_end": 11138
  },
  "dataset_sizes": {
    "train": 7654,
    "val": 1670,
    "test": 1672
  },
  "input_dim": 10,
  "sequence_length": 143,
  "training_history": {
    "epochs": [
      1,
      2,
      3,
      4,
      5,
      6,
      7,
      8,
      9,
      10,
      11,
      12,
      13,
      14,
      15,
      16,
      17,
      18,
      19,
      20,
      21,
      22,
      23,
      24,
      25,
      26,
      27,
      28,
      29,
      30,
      31,
      32,
      33,
      34,
      35,
      36,
      37,
      38,
      39,
      40,
      41,
      42,
      43,
      44,
      45,
      46,
      47,
      48,
      49,
      50,
      51,
      52,
      53,
      54,
      55,
      56,
      57,
      58,
      59,
      60,
      61,
      62,
      63,
      64,
      65,
      66,
      67,
      68,
      69,
      70,
      71,
      72,
      73,
      74,
      75,
      76,
      77,
      78,
      79,
      80
    ],
    "train_loss": [
      0.3942797424250774,
      0.2407896206004831,
      0.2320726148867875,
      0.2148011772481368,
      0.20321403883995262,
      0.1972018186560741,
      0.18685105830423196,
      0.1878810989925249,
      0.1852903477331662,
      0.17974534449134696,
      0.1795444310564175,
      0.16540570024655013,
      0.16487734475318339,
      0.15477379710494554,
      0.15208160912271015,
      0.14906809250633118,
      0.13807695778147622,
      0.1278688361620526,
      0.13575472561620625,
      0.13081017351310933,
      0.12918478936766842,
      0.12309670657686536,
      0.12537391343221424,
      0.11899488617872675,
      0.11315977145477969,
      0.11331359934921298,
      0.12247608362876905,
      0.11183687349037212,
      0.11009664025896518,
      0.1124684735003451,
      0.1022057760441649,
      0.10144871063014531,
      0.10215890475020478,
      0.09675495068269857,
      0.09733862374469478,
      0.09551879022049474,
      0.10108348115332481,
      0.09449517444702829,
      0.095256287394311,
      0.09160464075945175,
      0.09705246332083758,
      0.08643292358350997,
      0.0906634176783176,
      0.086322119663442,
      0.09079975201640018,
      0.08710688616285163,
      0.08412800508307701,
      0.08550112687785258,
      0.09015126464543374,
      0.08363752667496464,
      0.09119837942939843,
      0.08246439993031068,
      0.08104866904091954,
      0.08169341520903968,
      0.08332014671128476,
      0.07803933652760794,
      0.08096022406013291,
      0.08174427526973545,
      0.07783363286288017,
      0.07871502135820183,
      0.0783980208445902,
      0.08635452339001758,
      0.0783455936150075,
      0.07659729190807384,
      0.08299881385735192,
      0.07762083977748994,
      0.0807855763047474,
      0.0758531607691367,
      0.07510462422960572,
      0.07535278224241478,
      0.07482869037105049,
      0.07354067127031245,
      0.07177755207422977,
      0.07653333294551663,
      0.07815089200576852,
      0.0715210507938997,
      0.07186183292999852,
      0.07502060704495878,
      0.07454393034290327,
      0.07319717590123033
    ],
    "val_loss": [
      0.42819115421818404,
      0.43415341665020246,
      0.3626977537385004,
      0.3716858661549534,
      0.3676658919649924,
      0.4288661392059869,
      0.5120379366471381,
      0.4873879610466029,
      0.4914211669278716,
      0.4729602664842934,
      0.4153253684411506,
      0.3766323770636213,
      0.3491683805283315,
      0.4276706101651677,
      0.4104885087131026,
      0.3767593244280287,
      0.38839200327317874,
      0.4217020938541004,
      0.498742066573597,
      0.4577778533101082,
      0.4081725976112003,
      0.42440515209636287,
      0.45878384579530734,
      0.45841091148510665,
      0.48580567350912235,
      0.4442630805922839,
      0.4618270066951563,
      0.43396820170793704,
      0.408152032197414,
      0.4669701685002464,
      0.48271550744950414,
      0.48278888057984276,
      0.4437353206698052,
      0.4347116749800608,
      0.4423608334656961,
      0.5404366401185889,
      0.5137685492099402,
      0.461920151703372,
      0.4494850094223808,
      0.5964123885164004,
      0.4425625079986221,
      0.4590647692675005,
      0.5220387092205936,
      0.5227107394330516,
      0.47386422223762836,
      0.542343726843417,
      0.5378161712142522,
      0.4862413872591036,
      0.4412520360201597,
      0.5161854149740256,
      0.4698333821923076,
      0.5454028205332642,
      0.4873135898373798,
      0.5715291864991545,
      0.42418564661088104,
      0.48098109804406136,
      0.42285601561610214,
      0.524015054784849,
      0.5561653289386256,
      0.49635630186178725,
      0.5148576725653545,
      0.4969393037839564,
      0.5232294726157617,
      0.492820074645702,
      0.5257705937334878,
      0.5961667052866099,
      0.5544770239445264,
      0.5437500060675386,
      0.5132445339894224,
      0.5387976662172171,
      0.5320857164522488,
      0.5660422075606749,
      0.5196685007053935,
      0.5137632892718037,
      0.5452907463658355,
      0.533914821599415,
      0.5850480085004589,
      0.529349227686842,
      0.5310571716351067,
      0.4425355383245174
    ],
    "best_epoch": 29,
    "best_val_loss": 0.408152032197414,
    "test_loss": 0.5060487800326786,
    "tracker": {
      "initial_train_loss": 0.3942797424250774,
      "train_threshold": 0.13142658080835914,
      "best_tracking": true,
      "patience_active": true,
      "patience_best_train": null,
      "patience_best_val": 0.408152032197414,
      "patience_no_improve_epochs": 51,
      "best_train_loss": Infinity,
      "forced_stop_due_to_threshold": false
    }
  },
  "model_files": {
    "best": "scripts/outputs/gru-other-value/trial_16_1accc3/best_model.pt",
    "last": "scripts/outputs/gru-other-value/trial_16_1accc3/last_model.pt"
  },
  "config_path": "/home/amoris/data-analysis-on-dbps/scripts/outputs/gru-other-value/trial_16_1accc3/config.yaml"
}