{
  "model_name": "gru-trc-rate/trial_30_336395",
  "model_type": "GRU",
  "model_format": "torch",
  "model_params": {
    "history_length": 107,
    "units": 74,
    "num_layers": 6,
    "dropout": 0.398786566547784
  },
  "training_params": {
    "max_epochs": 500,
    "batch_size": 364,
    "learning_rate": 0.0007776642285757782,
    "weight_decay": 0.00013663218059864973,
    "checkpoint_interval": 10,
    "seed": 947
  },
  "data_csv": "data/time_aligned_data.csv",
  "timestamp_column": "Date, Time",
  "columns": [
    "TRC-DT",
    "TRC-RT",
    "TRC-PPL1",
    "TRC-PPL2",
    "pH-DT",
    "pH-RT",
    "pH-PPL1",
    "pH-PPL2",
    "cond-DT",
    "cond-PPL1",
    "cond-PPL2",
    "fDOM-RT",
    "fDOM-PPL1",
    "fDOM-PPL2",
    "DO-RT",
    "DO-PPL1",
    "DO-PPL2",
    "TOC-RT",
    "TOC-PPL1",
    "TOC-PPL2",
    "DOC-RT",
    "DOC-PPL1",
    "DOC-PPL2",
    "minutes_since_start"
  ],
  "feature_columns": [
    "TRC-DT",
    "TRC-RT",
    "pH-DT",
    "pH-RT",
    "cond-DT",
    "fDOM-RT",
    "DO-RT",
    "TOC-RT",
    "DOC-RT",
    "minutes_since_start"
  ],
  "target_columns": [
    "TRC-PPL1",
    "TRC-PPL2"
  ],
  "target_mode": "rate",
  "target_base_columns": [
    "TRC-RT",
    "TRC-RT"
  ],
  "split_boundaries": {
    "train_end": 7796,
    "val_end": 9466,
    "test_end": 11138
  },
  "dataset_sizes": {
    "train": 7690,
    "val": 1670,
    "test": 1672
  },
  "input_dim": 10,
  "sequence_length": 107,
  "training_history": {
    "epochs": [
      1,
      2,
      3,
      4,
      5,
      6,
      7,
      8,
      9,
      10,
      11,
      12,
      13,
      14,
      15,
      16,
      17,
      18,
      19,
      20,
      21,
      22,
      23,
      24,
      25,
      26,
      27,
      28,
      29,
      30,
      31,
      32,
      33,
      34,
      35,
      36,
      37,
      38,
      39,
      40,
      41,
      42,
      43,
      44,
      45,
      46,
      47,
      48,
      49,
      50,
      51,
      52,
      53,
      54,
      55,
      56,
      57,
      58,
      59,
      60,
      61,
      62,
      63,
      64,
      65,
      66,
      67,
      68,
      69,
      70,
      71,
      72,
      73,
      74,
      75,
      76,
      77,
      78,
      79,
      80
    ],
    "train_loss": [
      0.5663578084060833,
      0.21198819666829624,
      0.13884803581067273,
      0.11382946501278908,
      0.09605281256110212,
      0.07711241390018377,
      0.06400206285893374,
      0.055300916790458406,
      0.05016144438512304,
      0.046610219955870634,
      0.04306492243635484,
      0.0408798905784659,
      0.0385151540630428,
      0.03653881779553366,
      0.035445349757476034,
      0.0347544163247505,
      0.034482751335217214,
      0.03549081405384953,
      0.03179593532017986,
      0.031062316111687412,
      0.030342865241170705,
      0.029366023752775396,
      0.02996099778633899,
      0.02900097821929985,
      0.027626426114915097,
      0.028254232607946593,
      0.026533309507858302,
      0.02523061109777002,
      0.025085073215366186,
      0.024228265508040494,
      0.024299682085299368,
      0.02438304939577344,
      0.02583480088430201,
      0.024424576733663425,
      0.024145038652152638,
      0.022989742412814394,
      0.022866433687382153,
      0.022343461807473274,
      0.022985244040003214,
      0.023219956842739187,
      0.021736229515315963,
      0.02242317859214211,
      0.021743099997001754,
      0.02266172061254051,
      0.02197633731059042,
      0.02160939709204691,
      0.02148269698198192,
      0.02148236143118151,
      0.020557985641304476,
      0.02069761285119931,
      0.01985468459648646,
      0.02001552954945902,
      0.020700999535377997,
      0.020213095292022698,
      0.020018035665600134,
      0.020181082630886058,
      0.020655904210842322,
      0.02012695619698386,
      0.019662123515969444,
      0.01885946099349674,
      0.01944909499466458,
      0.01904767771361708,
      0.020510816643370608,
      0.019512890783587884,
      0.018960292733750356,
      0.01835870323569474,
      0.019322160288439614,
      0.018968592480222254,
      0.01841036156158996,
      0.020811920266196382,
      0.01877008303273251,
      0.018385270524222612,
      0.018709829885643386,
      0.018709943740009796,
      0.01939618884984244,
      0.018665133963577614,
      0.01806282562449555,
      0.019207238118189675,
      0.018294151542013116,
      0.01822619235000158
    ],
    "val_loss": [
      0.3329181403635505,
      0.327132001233672,
      0.36348909999796014,
      0.3155888164293266,
      0.26121882096736015,
      0.23430453434497298,
      0.2613297352890768,
      0.20182650544329317,
      0.20759956386096462,
      0.23677925315802684,
      0.26548135778504217,
      0.3278975048286472,
      0.39463764655732825,
      0.37619658244584137,
      0.32926379429722974,
      0.396439373707343,
      0.26888023076835504,
      0.5224985358957759,
      0.5630143143816623,
      0.6256199856450457,
      0.7295311747732277,
      0.7549698783073596,
      0.660592017933994,
      0.8333769010123379,
      0.6436043808114029,
      0.8739262306850827,
      1.109237738551494,
      0.8158607112076468,
      1.0020600117609173,
      0.9929110765278696,
      0.8411379629980305,
      0.8711842568156248,
      1.3054177718828182,
      1.1245959545413178,
      0.9344077749032818,
      0.970938183657245,
      0.9070261444918767,
      0.7999926810671469,
      1.0247507349593554,
      1.2177409100541454,
      0.9180628425837634,
      0.877638426235693,
      0.9104762751497552,
      0.5399056765847577,
      0.6291917563912397,
      0.7866677184617091,
      0.8578675337448092,
      0.6639057731557035,
      0.6349922896413032,
      0.6799109792281054,
      0.5477995829578646,
      0.7343892459874738,
      0.6957601973218118,
      0.6797037126596817,
      0.5953577527385986,
      0.6129750557333052,
      0.557432354130074,
      0.7146938696592867,
      0.5659242032976921,
      0.561391175176926,
      0.6557688085797304,
      0.5428847533857037,
      0.5551230255179777,
      0.6753724973180337,
      0.6009141421068215,
      0.6634293066705772,
      0.5691737417243198,
      0.7203500077485324,
      0.515301872896934,
      0.5420703498635463,
      0.5859834161436487,
      0.5540755475709538,
      0.5642158016473233,
      0.727519481731746,
      0.6734974148209224,
      0.6336662306489345,
      0.5142042126930403,
      0.456298958956303,
      0.5089754740590464,
      0.5068149380073576
    ],
    "best_epoch": 8,
    "best_val_loss": 0.20182650544329317,
    "best_val_abs_mse": 0.3985917270183563,
    "test_loss": 3.921773168458893,
    "test_abs_mse": 38.97484588623047,
    "tracker": {
      "initial_train_loss": 0.5663578084060833,
      "train_threshold": 0.1887859361353611,
      "best_tracking": true,
      "patience_active": true,
      "patience_best_train": null,
      "patience_best_val": 0.20182650544329317,
      "patience_no_improve_epochs": 72,
      "best_train_loss": Infinity,
      "forced_stop_due_to_threshold": false
    }
  },
  "model_files": {
    "best": "scripts/outputs/gru-trc-rate/trial_30_336395/best_model.pt",
    "last": "scripts/outputs/gru-trc-rate/trial_30_336395/last_model.pt"
  },
  "config_path": "/home/amoris/data-analysis-on-dbps/scripts/outputs/gru-trc-rate/trial_30_336395/config.yaml"
}