{
  "model_name": "lstm-trc-rate/trial_1_3ff88e",
  "model_type": "LSTM",
  "model_format": "torch",
  "model_params": {
    "history_length": 238,
    "units": 205,
    "num_layers": 10,
    "dropout": 0.2755744190185918
  },
  "training_params": {
    "max_epochs": 500,
    "batch_size": 157,
    "learning_rate": 0.0007053417512613691,
    "weight_decay": 0.0053092648284025715,
    "checkpoint_interval": 10,
    "seed": 947
  },
  "data_csv": "data/time_aligned_data.csv",
  "timestamp_column": "Date, Time",
  "columns": [
    "TRC-DT",
    "TRC-RT",
    "TRC-PPL1",
    "TRC-PPL2",
    "pH-DT",
    "pH-RT",
    "pH-PPL1",
    "pH-PPL2",
    "cond-DT",
    "cond-PPL1",
    "cond-PPL2",
    "fDOM-RT",
    "fDOM-PPL1",
    "fDOM-PPL2",
    "DO-RT",
    "DO-PPL1",
    "DO-PPL2",
    "TOC-RT",
    "TOC-PPL1",
    "TOC-PPL2",
    "DOC-RT",
    "DOC-PPL1",
    "DOC-PPL2",
    "minutes_since_start"
  ],
  "feature_columns": [
    "TRC-DT",
    "TRC-RT",
    "pH-DT",
    "pH-RT",
    "cond-DT",
    "fDOM-RT",
    "DO-RT",
    "TOC-RT",
    "DOC-RT",
    "minutes_since_start"
  ],
  "target_columns": [
    "TRC-PPL1",
    "TRC-PPL2"
  ],
  "target_mode": "rate",
  "target_base_columns": [
    "TRC-RT",
    "TRC-RT"
  ],
  "split_boundaries": {
    "train_end": 7796,
    "val_end": 9466,
    "test_end": 11138
  },
  "dataset_sizes": {
    "train": 7559,
    "val": 1670,
    "test": 1672
  },
  "input_dim": 10,
  "sequence_length": 238,
  "training_history": {
    "epochs": [
      1,
      2,
      3,
      4,
      5,
      6,
      7,
      8,
      9,
      10,
      11,
      12,
      13,
      14,
      15,
      16,
      17,
      18,
      19,
      20,
      21,
      22,
      23,
      24,
      25,
      26,
      27,
      28,
      29,
      30,
      31,
      32,
      33,
      34,
      35,
      36,
      37,
      38,
      39,
      40,
      41,
      42,
      43,
      44,
      45,
      46,
      47,
      48,
      49,
      50
    ],
    "train_loss": [
      1.0069868696762592,
      1.0071024715482502,
      1.006270497583936,
      1.0062184369758034,
      1.0060733158305486,
      1.0062241070696973,
      1.0060995036859584,
      1.0061229122964017,
      1.0060971333072495,
      1.0061146220070831,
      1.0061294695721967,
      1.0060754634705087,
      1.00601548368077,
      1.0060362863405024,
      1.006382023654203,
      1.0060984715848929,
      1.0060660063565952,
      1.0059806915451759,
      1.0061062222546506,
      1.0063469357899941,
      1.0060819327586825,
      1.0060070253803168,
      1.006023230620802,
      1.006044020332945,
      1.0060578060380396,
      1.006023784575757,
      1.006007422805069,
      1.0059957130038244,
      1.0059816020477195,
      1.0060137027091238,
      1.0061026198363427,
      1.0060275775176033,
      1.006067437861612,
      1.0059832924572087,
      1.0060020086626194,
      1.006026432200042,
      1.0060059655704643,
      1.0060217800098117,
      1.0060508028510575,
      1.0059645172227767,
      1.0060292819865024,
      1.0060651692657783,
      1.0059639634807236,
      1.0060263189520056,
      1.0059765788168011,
      1.005985987992305,
      1.0059841443407644,
      1.0059600032610716,
      1.0059652103761434,
      1.0059657335391765
    ],
    "val_loss": [
      0.3461211024309525,
      0.3506949358335334,
      0.3471440348796502,
      0.34340201426453576,
      0.3515173372260468,
      0.34553594775497914,
      0.34568807397060053,
      0.3453943945958229,
      0.34720587699177735,
      0.3491048781368547,
      0.3456864006527348,
      0.3437317847380203,
      0.3464978158206283,
      0.3467878795847921,
      0.34792375636850287,
      0.3471615336924613,
      0.34208196752710257,
      0.3476170272081198,
      0.34699803750270497,
      0.3480005466540952,
      0.3475330708693423,
      0.3443166913051984,
      0.34617367438124325,
      0.34775083625388004,
      0.3463521100000707,
      0.34478201574149603,
      0.3456417432958316,
      0.34469803876862554,
      0.34581212191480004,
      0.3464199556205087,
      0.34739812683916377,
      0.34448798052565066,
      0.34710453462279484,
      0.34580163680418524,
      0.34634171444141937,
      0.34525065373205494,
      0.3462381688866787,
      0.3452538681355958,
      0.3443332575150057,
      0.34591558380665893,
      0.34648535408436537,
      0.34590100197199575,
      0.3447996609916765,
      0.34467863891563727,
      0.3447321370667862,
      0.34495691568060904,
      0.3445662715455551,
      0.34454425723252896,
      0.34582349135356394,
      0.3445775260401522
    ],
    "best_epoch": 50,
    "best_val_loss": 0.3445775260401522,
    "best_val_abs_mse": 0.2717083990573883,
    "test_loss": 5.623753534763623,
    "test_abs_mse": 52.80640411376953,
    "tracker": {
      "initial_train_loss": 1.0069868696762592,
      "train_threshold": 0.3356622898920864,
      "best_tracking": false,
      "patience_active": true,
      "patience_best_train": null,
      "patience_best_val": 0.3443332575150057,
      "patience_no_improve_epochs": 11,
      "best_train_loss": Infinity,
      "forced_stop_due_to_threshold": true
    }
  },
  "model_files": {
    "best": "scripts/outputs/lstm-trc-rate/trial_1_3ff88e/best_model.pt",
    "last": "scripts/outputs/lstm-trc-rate/trial_1_3ff88e/last_model.pt"
  },
  "config_path": "/home/amoris/data-analysis-on-dbps/scripts/outputs/lstm-trc-rate/trial_1_3ff88e/config.yaml"
}