{
  "model_name": "lstm-trc-rate/trial_65_802b19",
  "model_type": "LSTM",
  "model_format": "torch",
  "model_params": {
    "history_length": 162,
    "units": 219,
    "num_layers": 2,
    "dropout": 0.3712274823973219
  },
  "training_params": {
    "max_epochs": 500,
    "batch_size": 239,
    "learning_rate": 0.0005842967051472466,
    "weight_decay": 0.00028029245423909644,
    "checkpoint_interval": 10,
    "seed": 947
  },
  "data_csv": "data/time_aligned_data.csv",
  "timestamp_column": "Date, Time",
  "columns": [
    "TRC-DT",
    "TRC-RT",
    "TRC-PPL1",
    "TRC-PPL2",
    "pH-DT",
    "pH-RT",
    "pH-PPL1",
    "pH-PPL2",
    "cond-DT",
    "cond-PPL1",
    "cond-PPL2",
    "fDOM-RT",
    "fDOM-PPL1",
    "fDOM-PPL2",
    "DO-RT",
    "DO-PPL1",
    "DO-PPL2",
    "TOC-RT",
    "TOC-PPL1",
    "TOC-PPL2",
    "DOC-RT",
    "DOC-PPL1",
    "DOC-PPL2",
    "minutes_since_start"
  ],
  "feature_columns": [
    "TRC-DT",
    "TRC-RT",
    "pH-DT",
    "pH-RT",
    "cond-DT",
    "fDOM-RT",
    "DO-RT",
    "TOC-RT",
    "DOC-RT",
    "minutes_since_start"
  ],
  "target_columns": [
    "TRC-PPL1",
    "TRC-PPL2"
  ],
  "target_mode": "rate",
  "target_base_columns": [
    "TRC-RT",
    "TRC-RT"
  ],
  "split_boundaries": {
    "train_end": 7796,
    "val_end": 9466,
    "test_end": 11138
  },
  "dataset_sizes": {
    "train": 7635,
    "val": 1670,
    "test": 1672
  },
  "input_dim": 10,
  "sequence_length": 162,
  "training_history": {
    "epochs": [
      1,
      2,
      3,
      4,
      5,
      6,
      7,
      8,
      9,
      10,
      11,
      12,
      13,
      14,
      15,
      16,
      17,
      18,
      19,
      20,
      21,
      22,
      23,
      24,
      25,
      26,
      27,
      28,
      29,
      30,
      31,
      32,
      33,
      34,
      35,
      36,
      37,
      38,
      39,
      40,
      41,
      42,
      43,
      44,
      45,
      46,
      47,
      48,
      49,
      50,
      51,
      52,
      53,
      54,
      55,
      56,
      57,
      58,
      59,
      60,
      61,
      62,
      63,
      64,
      65,
      66,
      67,
      68,
      69,
      70,
      71,
      72,
      73,
      74,
      75,
      76,
      77,
      78,
      79,
      80
    ],
    "train_loss": [
      0.4470962098477007,
      0.11549190198118263,
      0.06016584535391017,
      0.042952154541160054,
      0.03561230079193441,
      0.0333803896034123,
      0.030021275236675686,
      0.02759465136673221,
      0.026179471957913862,
      0.030137294425721176,
      0.026098677464751693,
      0.024359065254987964,
      0.021870944023952035,
      0.021392723216084226,
      0.021734956023969444,
      0.019693401400987902,
      0.020292995017224383,
      0.019699445666200053,
      0.019508177718268398,
      0.018983632439568143,
      0.022327922315586213,
      0.026889923305422087,
      0.02125732902737521,
      0.01961907989905992,
      0.01906496030208365,
      0.01865240691013795,
      0.01909850616015362,
      0.018312880785473436,
      0.018016555384484552,
      0.01807599305306374,
      0.017833399753615056,
      0.01790917689735759,
      0.017930153748429167,
      0.017662778758756773,
      0.018158219693705548,
      0.01817526276288621,
      0.01771700601346581,
      0.01761616895605945,
      0.017899721825877162,
      0.01740420545684936,
      0.016941467010353272,
      0.018261235428958175,
      0.018335292986383724,
      0.017508518806955708,
      0.017864842339374305,
      0.018329363945107993,
      0.017870896862430673,
      0.01768727139475284,
      0.01691990025114627,
      0.01694501939192463,
      0.017404899942934433,
      0.016948851960947215,
      0.016897017161588146,
      0.017099502231479276,
      0.01708104867127083,
      0.016598853759574945,
      0.01670514592253155,
      0.017576594832618603,
      0.018925824621600813,
      0.017625736734892664,
      0.016701010557546598,
      0.017004764810224022,
      0.01657634898190726,
      0.016488477927416114,
      0.01666231497770911,
      0.017562230578340107,
      0.017593581124057,
      0.017105097649222547,
      0.016599840711809564,
      0.016296597264985203,
      0.017507126506176467,
      0.016472878256360145,
      0.01688696868100448,
      0.017525087244755003,
      0.017007670449074686,
      0.01715437868669795,
      0.01653531815029666,
      0.01740930361274359,
      0.017156244234865642,
      0.01651366926527191
    ],
    "val_loss": [
      0.6233826925833068,
      0.220103511441789,
      0.21188928562991632,
      0.21051470260219482,
      0.221139371729718,
      0.23771193811926478,
      0.28400902483545376,
      0.33679806417646163,
      0.33506674854319074,
      0.3576641408503502,
      0.40077861995843356,
      0.3470444130951059,
      0.36881015126085925,
      0.348700679239711,
      0.351669441943174,
      0.3672078338546489,
      0.33925475513863707,
      0.3597846718136957,
      0.34622815817282226,
      0.3770674585058036,
      0.36272753318381346,
      0.3199009040816726,
      0.3449176634868194,
      0.3354396913735988,
      0.3361001077135969,
      0.32256936201725356,
      0.3176005066132653,
      0.31743926219530627,
      0.3350164286781125,
      0.3177687367056301,
      0.32342213412334103,
      0.3243325385248322,
      0.3079510467617722,
      0.3220326583999806,
      0.32201138410137264,
      0.32818625429366344,
      0.33976212781435716,
      0.3286687072979922,
      0.32584060640994483,
      0.33659415365403106,
      0.335700788210609,
      0.3283031226040985,
      0.33586583924061525,
      0.3408468718869154,
      0.3308173491915097,
      0.32168862598161857,
      0.3244786569759428,
      0.3400874289120743,
      0.32971862186705636,
      0.3368224210423713,
      0.32828195424984674,
      0.3366212918116393,
      0.34236860829823745,
      0.3307570302892409,
      0.3411482126981823,
      0.33998824415873447,
      0.33049625803432064,
      0.32522590444562677,
      0.2993357800772625,
      0.31668578816722787,
      0.3206282591045706,
      0.3271992038210441,
      0.3344278071031064,
      0.3275938025904362,
      0.3394474869828203,
      0.35675466965861663,
      0.3457639359183119,
      0.3244892970653262,
      0.3296323734898856,
      0.3343756266953256,
      0.32713688661283,
      0.3336140353567229,
      0.3487563688887986,
      0.3234673853060175,
      0.34498876572480636,
      0.3131018232074594,
      0.330056089073598,
      0.32524338078289156,
      0.31982901650676115,
      0.3301006967882196
    ],
    "best_epoch": 4,
    "best_val_loss": 0.21051470260219482,
    "best_val_abs_mse": 0.29477599263191223,
    "test_loss": 4.5866838857602845,
    "test_abs_mse": 44.08758544921875,
    "tracker": {
      "initial_train_loss": 0.4470962098477007,
      "train_threshold": 0.14903206994923357,
      "best_tracking": true,
      "patience_active": true,
      "patience_best_train": null,
      "patience_best_val": 0.21051470260219482,
      "patience_no_improve_epochs": 76,
      "best_train_loss": Infinity,
      "forced_stop_due_to_threshold": false
    }
  },
  "model_files": {
    "best": "scripts/outputs/lstm-trc-rate/trial_65_802b19/best_model.pt",
    "last": "scripts/outputs/lstm-trc-rate/trial_65_802b19/last_model.pt"
  },
  "config_path": "/home/amoris/data-analysis-on-dbps/scripts/outputs/lstm-trc-rate/trial_65_802b19/config.yaml"
}