{
  "model_name": "rnn-trc-rate/trial_2_a30d82",
  "model_type": "RNN",
  "model_format": "torch",
  "model_params": {
    "history_length": 65,
    "units": 76,
    "num_layers": 2,
    "dropout": 0.3778158891614394
  },
  "training_params": {
    "max_epochs": 500,
    "batch_size": 282,
    "learning_rate": 0.00023884894286256764,
    "weight_decay": 0.00047144176703503414,
    "checkpoint_interval": 10,
    "seed": 947
  },
  "data_csv": "data/time_aligned_data.csv",
  "timestamp_column": "Date, Time",
  "columns": [
    "TRC-DT",
    "TRC-RT",
    "TRC-PPL1",
    "TRC-PPL2",
    "pH-DT",
    "pH-RT",
    "pH-PPL1",
    "pH-PPL2",
    "cond-DT",
    "cond-PPL1",
    "cond-PPL2",
    "fDOM-RT",
    "fDOM-PPL1",
    "fDOM-PPL2",
    "DO-RT",
    "DO-PPL1",
    "DO-PPL2",
    "TOC-RT",
    "TOC-PPL1",
    "TOC-PPL2",
    "DOC-RT",
    "DOC-PPL1",
    "DOC-PPL2",
    "minutes_since_start"
  ],
  "feature_columns": [
    "TRC-DT",
    "TRC-RT",
    "pH-DT",
    "pH-RT",
    "cond-DT",
    "fDOM-RT",
    "DO-RT",
    "TOC-RT",
    "DOC-RT",
    "minutes_since_start"
  ],
  "target_columns": [
    "TRC-PPL1",
    "TRC-PPL2"
  ],
  "target_mode": "rate",
  "target_base_columns": [
    "TRC-RT",
    "TRC-RT"
  ],
  "split_boundaries": {
    "train_end": 7796,
    "val_end": 9466,
    "test_end": 11138
  },
  "dataset_sizes": {
    "train": 7732,
    "val": 1670,
    "test": 1672
  },
  "input_dim": 10,
  "sequence_length": 65,
  "training_history": {
    "epochs": [
      1,
      2,
      3,
      4,
      5,
      6,
      7,
      8,
      9,
      10,
      11,
      12,
      13,
      14,
      15,
      16,
      17,
      18,
      19,
      20,
      21,
      22,
      23,
      24,
      25,
      26,
      27,
      28,
      29,
      30,
      31,
      32,
      33,
      34,
      35,
      36,
      37,
      38,
      39,
      40,
      41,
      42,
      43,
      44,
      45,
      46,
      47,
      48,
      49,
      50,
      51,
      52,
      53,
      54,
      55,
      56,
      57,
      58,
      59,
      60,
      61,
      62,
      63,
      64,
      65,
      66,
      67,
      68,
      69,
      70,
      71,
      72,
      73,
      74,
      75,
      76,
      77,
      78,
      79,
      80
    ],
    "train_loss": [
      0.8296616219265499,
      0.33696078809351115,
      0.24189826554343666,
      0.19151671752295096,
      0.15950492528193488,
      0.1411184910713732,
      0.12349217133553177,
      0.10708390626298968,
      0.08856528790053837,
      0.07565014862175501,
      0.06648533314320008,
      0.061103198073122145,
      0.05530899806951249,
      0.05245258019580874,
      0.04949099598842708,
      0.04699690873068321,
      0.04509422751466382,
      0.04219072955996338,
      0.04073767132953048,
      0.04054283976951875,
      0.039422152414571046,
      0.03882275947860591,
      0.03679801285434543,
      0.0359265134981566,
      0.035097975735309296,
      0.03411296699475545,
      0.033883576044804124,
      0.03347158607623535,
      0.1061151922346549,
      0.05219015346785098,
      0.04220981107696128,
      0.0381735494274567,
      0.03582929438958113,
      0.03432032809122063,
      0.03387531772134483,
      0.0330123665954087,
      0.03297585006649097,
      0.03168007372929081,
      0.03172762735336788,
      0.03136218309814888,
      0.031717241698354715,
      0.03006100357812239,
      0.03130565454390341,
      0.0298398442983635,
      0.029345939171476897,
      0.02923831641163332,
      0.028628887018440335,
      0.027911438676058876,
      0.02831238409840592,
      0.027627800964204467,
      0.027834946652455183,
      0.026755819438276856,
      0.026939982905371074,
      0.026726680457981305,
      0.02753835479380535,
      0.02622458417463876,
      0.026340945719211785,
      0.026001475596741666,
      0.026494986600248818,
      0.026314080704872744,
      0.025204752099233407,
      0.025388173542654675,
      0.024771031006723565,
      0.024713084701038186,
      0.025122525825213873,
      0.02481227291606278,
      0.025478095918570042,
      0.023815006913835993,
      0.023972722663184214,
      0.023967609105297338,
      0.023605352659809484,
      0.02357146072365725,
      0.02302606636056059,
      0.023005196048969195,
      0.022966917604689795,
      0.022760702141469552,
      0.022726519562812804,
      0.02244747200989455,
      0.022932252387983066,
      0.022575817446224875
    ],
    "val_loss": [
      0.45114522749435404,
      0.35273682703515014,
      0.3928411598244827,
      0.39993849177203494,
      0.4215231368909339,
      0.42896802020287084,
      0.39514731862498614,
      0.3827586810612036,
      0.3800116050341529,
      0.37578705386844224,
      0.3666795052811057,
      0.3559004857779263,
      0.3452524705159807,
      0.3406152376358559,
      0.3510847578996313,
      0.3350525153008942,
      0.32711877016027174,
      0.3303905910338292,
      0.32168685684571724,
      0.31845661866629194,
      0.32722285071577495,
      0.32281117652080016,
      0.32865052777760756,
      0.3201508898198783,
      0.3202166963413268,
      0.3181394714103666,
      0.31931312064567724,
      0.32371146314203025,
      0.32530606992453515,
      0.35352428423653465,
      0.3504434711093496,
      0.3491652964296455,
      0.3503948269266925,
      0.3607766448715311,
      0.36708953689761503,
      0.35481356851042745,
      0.3698115709812163,
      0.36411616626658483,
      0.3674193995776112,
      0.37738113432542647,
      0.377180850931895,
      0.37216216232293026,
      0.38792732755714904,
      0.3619981573258867,
      0.36878393101924195,
      0.37617359838844416,
      0.3637492030613615,
      0.3596741777404161,
      0.37117089214260707,
      0.3629734085527009,
      0.36316134043617876,
      0.35882473534675774,
      0.3585654200796417,
      0.36424392163084296,
      0.3630241075385652,
      0.3537497095763683,
      0.3606021805303896,
      0.35772180226659345,
      0.34621206445251396,
      0.34815470269563314,
      0.3520124622648526,
      0.3455432305012099,
      0.3469995558953392,
      0.3486251832705415,
      0.34528412424072535,
      0.34109246748204003,
      0.34902033092019086,
      0.3464881893403516,
      0.3427614388083983,
      0.34606803082777354,
      0.3390854582391278,
      0.3430502012015103,
      0.3472068551682427,
      0.34779980727833903,
      0.3469578930806971,
      0.34265400391228185,
      0.3458184612725309,
      0.34592951192648824,
      0.3424770401177292,
      0.33876296816739493
    ],
    "best_epoch": 26,
    "best_val_loss": 0.3181394714103666,
    "best_val_abs_mse": 0.31469807028770447,
    "test_loss": 5.041648342848965,
    "test_abs_mse": 48.23163604736328,
    "tracker": {
      "initial_train_loss": 0.8296616219265499,
      "train_threshold": 0.2765538739755166,
      "best_tracking": true,
      "patience_active": true,
      "patience_best_train": null,
      "patience_best_val": 0.3181394714103666,
      "patience_no_improve_epochs": 54,
      "best_train_loss": Infinity,
      "forced_stop_due_to_threshold": false
    }
  },
  "model_files": {
    "best": "scripts/outputs/rnn-trc-rate/trial_2_a30d82/best_model.pt",
    "last": "scripts/outputs/rnn-trc-rate/trial_2_a30d82/last_model.pt"
  },
  "config_path": "/home/amoris/data-analysis-on-dbps/scripts/outputs/rnn-trc-rate/trial_2_a30d82/config.yaml"
}