{
  "model_name": "gru-other-value/trial_33_d8fa9e",
  "model_type": "GRU",
  "model_format": "torch",
  "model_params": {
    "history_length": 111,
    "units": 365,
    "num_layers": 2,
    "dropout": 0.37029630457835017
  },
  "training_params": {
    "max_epochs": 500,
    "batch_size": 254,
    "learning_rate": 0.0019477876812715176,
    "weight_decay": 0.0004263271418150998,
    "checkpoint_interval": 10,
    "seed": 947
  },
  "data_csv": "data/time_aligned_data.csv",
  "timestamp_column": "Date, Time",
  "columns": [
    "TRC-DT",
    "TRC-RT",
    "TRC-PPL1",
    "TRC-PPL2",
    "pH-DT",
    "pH-RT",
    "pH-PPL1",
    "pH-PPL2",
    "cond-DT",
    "cond-PPL1",
    "cond-PPL2",
    "fDOM-RT",
    "fDOM-PPL1",
    "fDOM-PPL2",
    "DO-RT",
    "DO-PPL1",
    "DO-PPL2",
    "TOC-RT",
    "TOC-PPL1",
    "TOC-PPL2",
    "DOC-RT",
    "DOC-PPL1",
    "DOC-PPL2",
    "minutes_since_start"
  ],
  "feature_columns": [
    "TRC-DT",
    "TRC-RT",
    "pH-DT",
    "pH-RT",
    "cond-DT",
    "fDOM-RT",
    "DO-RT",
    "TOC-RT",
    "DOC-RT",
    "minutes_since_start"
  ],
  "target_columns": [
    "TOC-PPL1",
    "TOC-PPL2",
    "DOC-PPL1",
    "DOC-PPL2",
    "pH-PPL1",
    "pH-PPL2"
  ],
  "split_boundaries": {
    "train_end": 7796,
    "val_end": 9466,
    "test_end": 11138
  },
  "dataset_sizes": {
    "train": 7686,
    "val": 1670,
    "test": 1672
  },
  "input_dim": 10,
  "sequence_length": 111,
  "training_history": {
    "epochs": [
      1,
      2,
      3,
      4,
      5,
      6,
      7,
      8,
      9,
      10,
      11,
      12,
      13,
      14,
      15,
      16,
      17,
      18,
      19,
      20,
      21,
      22,
      23,
      24,
      25,
      26,
      27,
      28,
      29,
      30,
      31,
      32,
      33,
      34,
      35,
      36,
      37,
      38,
      39,
      40,
      41,
      42,
      43,
      44,
      45,
      46,
      47,
      48,
      49,
      50,
      51,
      52,
      53,
      54,
      55,
      56,
      57,
      58,
      59,
      60,
      61,
      62,
      63,
      64,
      65,
      66,
      67,
      68,
      69,
      70,
      71,
      72,
      73,
      74,
      75,
      76,
      77,
      78,
      79,
      80
    ],
    "train_loss": [
      0.32328982323974237,
      0.22959391720013292,
      0.2071266310842528,
      0.1884077088328162,
      0.15731248758963984,
      0.13730505740281165,
      0.1355504159920544,
      0.13786309489686135,
      0.11675809147556157,
      0.11118644697147206,
      0.1172836004443042,
      0.08738986072970219,
      0.08688950494819714,
      0.0786448044267648,
      0.07061590905045116,
      0.07397413604890124,
      0.07383865571013504,
      0.06198135578160077,
      0.06063913214285796,
      0.07328535072968834,
      0.0575481942958302,
      0.052284911827451076,
      0.06180223971682851,
      0.07735222826886078,
      0.05868348136792386,
      0.04726266540391136,
      0.053928052532992383,
      0.04739536163732778,
      0.05819249109903289,
      0.04365495469536503,
      0.039614928031794394,
      0.04359833807074989,
      0.04636427542112812,
      0.04597546650237817,
      0.039351082975716135,
      0.035121127225859944,
      0.03544569716309232,
      0.03573933253299824,
      0.039257497016089424,
      0.03557665577057033,
      0.03577748816455524,
      0.03580592834903739,
      0.06733496991504055,
      0.04195203355554954,
      0.03447386879021229,
      0.03517950122588055,
      0.0447239026479615,
      0.037342055567673275,
      0.04094744991194122,
      0.03240071347062317,
      0.03281711663487613,
      0.035860498711823514,
      0.037673659301322944,
      0.03364202618112314,
      0.03262426377926725,
      0.03144128497950723,
      0.034241457234931404,
      0.06019433657002579,
      0.03451208224955819,
      0.03033966990829972,
      0.030390147146902885,
      0.03168998100590557,
      0.03417443556431414,
      0.033591639631479445,
      0.03681331386606953,
      0.0313358367378323,
      0.03222687715083369,
      0.03063080519885639,
      0.03276148179001697,
      0.031648352121313415,
      0.031590637840832735,
      0.029898773344205036,
      0.030181399193955155,
      0.029081019433081973,
      0.029712708120680463,
      0.03083908989503999,
      0.028837011853679376,
      0.04283719503926852,
      0.04563789022250347,
      0.10408790837251175
    ],
    "val_loss": [
      0.4342027852813641,
      0.5216539989509982,
      0.4862356950779875,
      0.8914573086414509,
      0.8055412277490079,
      0.5998697412763527,
      0.8900024015924888,
      0.6203004915200308,
      0.7705361670719649,
      0.6254759146781739,
      0.6202978365257115,
      0.4402512124644782,
      0.4419492567727666,
      0.6732521554667079,
      0.44143181944678644,
      0.4380554689440185,
      0.4652351004634789,
      0.47964041407950625,
      0.3600101770308917,
      0.5022216025583758,
      0.4413379737003121,
      0.38552693810291633,
      0.3615361034424005,
      0.3590856743608406,
      0.37455472862292194,
      0.45407264644871215,
      0.36976980556271033,
      0.45233581979831533,
      0.36070015766841923,
      0.38445287876857254,
      0.42005762186592926,
      0.4002027759830395,
      0.4328991024080151,
      0.4099202238335581,
      0.417976076481585,
      0.47484354885395413,
      0.475582046762198,
      0.47680986006102877,
      0.387576396147648,
      0.5277428465153643,
      0.45919354265321516,
      0.42836630665613507,
      0.4569167738903068,
      0.46336250162410164,
      0.5865643528942577,
      0.47251475663956055,
      0.4822223942436858,
      0.512639856641878,
      0.4330043765777599,
      0.47414732655722225,
      0.46684366644856456,
      0.5538135586741442,
      0.46889002681849246,
      0.46744992511715006,
      0.5497127364852471,
      0.48374901636988815,
      0.45259375433008114,
      0.43175718393511403,
      0.4814402136438621,
      0.4906280666589737,
      0.5255587262843183,
      0.5018387307306964,
      0.4750559536282888,
      0.4242855394314863,
      0.4641201738111987,
      0.44552296175214345,
      0.4602324344619306,
      0.48404325548403276,
      0.4523072028409935,
      0.4513031085986577,
      0.4755449626081718,
      0.4575219513948806,
      0.5015940071044568,
      0.4787491018900614,
      0.47857789986147853,
      0.4249660482663594,
      0.4725732828685623,
      0.4809897355958373,
      0.43593000801737436,
      0.3785607552456999
    ],
    "best_epoch": 24,
    "best_val_loss": 0.3590856743608406,
    "test_loss": 0.37991571024452386,
    "tracker": {
      "initial_train_loss": 0.32328982323974237,
      "train_threshold": 0.10776327441324746,
      "best_tracking": true,
      "patience_active": true,
      "patience_best_train": null,
      "patience_best_val": 0.3590856743608406,
      "patience_no_improve_epochs": 56,
      "best_train_loss": Infinity,
      "forced_stop_due_to_threshold": false
    }
  },
  "model_files": {
    "best": "scripts/outputs/gru-other-value/trial_33_d8fa9e/best_model.pt",
    "last": "scripts/outputs/gru-other-value/trial_33_d8fa9e/last_model.pt"
  },
  "config_path": "/home/amoris/data-analysis-on-dbps/scripts/outputs/gru-other-value/trial_33_d8fa9e/config.yaml"
}