{
  "model_name": "lstm-trc-rate/trial_61_8c18e2",
  "model_type": "LSTM",
  "model_format": "torch",
  "model_params": {
    "history_length": 157,
    "units": 255,
    "num_layers": 2,
    "dropout": 0.2964070011440248
  },
  "training_params": {
    "max_epochs": 500,
    "batch_size": 234,
    "learning_rate": 0.0006234624493105498,
    "weight_decay": 0.00013322192563733332,
    "checkpoint_interval": 10,
    "seed": 947
  },
  "data_csv": "data/time_aligned_data.csv",
  "timestamp_column": "Date, Time",
  "columns": [
    "TRC-DT",
    "TRC-RT",
    "TRC-PPL1",
    "TRC-PPL2",
    "pH-DT",
    "pH-RT",
    "pH-PPL1",
    "pH-PPL2",
    "cond-DT",
    "cond-PPL1",
    "cond-PPL2",
    "fDOM-RT",
    "fDOM-PPL1",
    "fDOM-PPL2",
    "DO-RT",
    "DO-PPL1",
    "DO-PPL2",
    "TOC-RT",
    "TOC-PPL1",
    "TOC-PPL2",
    "DOC-RT",
    "DOC-PPL1",
    "DOC-PPL2",
    "minutes_since_start"
  ],
  "feature_columns": [
    "TRC-DT",
    "TRC-RT",
    "pH-DT",
    "pH-RT",
    "cond-DT",
    "fDOM-RT",
    "DO-RT",
    "TOC-RT",
    "DOC-RT",
    "minutes_since_start"
  ],
  "target_columns": [
    "TRC-PPL1",
    "TRC-PPL2"
  ],
  "target_mode": "rate",
  "target_base_columns": [
    "TRC-RT",
    "TRC-RT"
  ],
  "split_boundaries": {
    "train_end": 7796,
    "val_end": 9466,
    "test_end": 11138
  },
  "dataset_sizes": {
    "train": 7640,
    "val": 1670,
    "test": 1672
  },
  "input_dim": 10,
  "sequence_length": 157,
  "training_history": {
    "epochs": [
      1,
      2,
      3,
      4,
      5,
      6,
      7,
      8,
      9,
      10,
      11,
      12,
      13,
      14,
      15,
      16,
      17,
      18,
      19,
      20,
      21,
      22,
      23,
      24,
      25,
      26,
      27,
      28,
      29,
      30,
      31,
      32,
      33,
      34,
      35,
      36,
      37,
      38,
      39,
      40,
      41,
      42,
      43,
      44,
      45,
      46,
      47,
      48,
      49,
      50,
      51,
      52,
      53,
      54,
      55,
      56,
      57,
      58,
      59,
      60,
      61,
      62,
      63,
      64,
      65,
      66,
      67,
      68,
      69,
      70,
      71,
      72,
      73,
      74,
      75,
      76,
      77,
      78,
      79,
      80
    ],
    "train_loss": [
      0.3902959081280918,
      0.09828684194042732,
      0.052802081581653726,
      0.038780660141278935,
      0.03385573912665482,
      0.029430121426709505,
      0.028463185868708718,
      0.02700017336755991,
      0.025601813140573925,
      0.027713495132596237,
      0.025574098695167073,
      0.024065127362209466,
      0.02065020937531094,
      0.021628458686758088,
      0.02084952422091006,
      0.020117771022840944,
      0.0239095576248907,
      0.02026906562042642,
      0.018554921330962114,
      0.020340681233545717,
      0.018521614686990675,
      0.01818614538749241,
      0.018555599284548488,
      0.018450279455115112,
      0.017920314476713148,
      0.017371702017457618,
      0.017979103311681777,
      0.017455806054603992,
      0.01693292344598519,
      0.016450125330825047,
      0.017296946516835877,
      0.017425536365779752,
      0.017674904410527405,
      0.01762294069429889,
      0.017391414612931498,
      0.016957940402591885,
      0.017417106438301386,
      0.016704325438160156,
      0.016927387569519003,
      0.01706846667482903,
      0.01663505017820804,
      0.01665430090814361,
      0.016915917113979214,
      0.017164123235319143,
      0.016349523761724147,
      0.01641984997726782,
      0.01648369128157565,
      0.016649917729871826,
      0.01597529871301501,
      0.01686786563642791,
      0.016070031511953287,
      0.016649944339366875,
      0.016391340127283053,
      0.01642173911318066,
      0.016006122460510797,
      0.01620198224368871,
      0.017353457685911063,
      0.01702789985574782,
      0.01645042037966793,
      0.015960070100998144,
      0.015899734849997686,
      0.015871911157283404,
      0.01612205533018209,
      0.016080796196617928,
      0.015947202330026094,
      0.016559121057791,
      0.018509905569557665,
      0.016462583804785894,
      0.015945934380175476,
      0.015708616888150572,
      0.015600379975512623,
      0.017632192868437053,
      0.015770901231270732,
      0.015367702326703212,
      0.016072023713824716,
      0.015606327624552692,
      0.01605216349640871,
      0.015544405207037926,
      0.01643172600916075,
      0.015973318891394982
    ],
    "val_loss": [
      0.35097871270186887,
      0.18190578406977798,
      0.21251245181182188,
      0.22357813931644677,
      0.2382776250003162,
      0.24904373099436303,
      0.2466620559486265,
      0.25353918618070864,
      0.25931082937398,
      0.2901192704472178,
      0.3288536610449859,
      0.30302439349854066,
      0.29592906984829614,
      0.28936290386729613,
      0.28421077909628434,
      0.2773580943150613,
      0.26026842740035344,
      0.2651211287067857,
      0.2591679889195693,
      0.2681178089967388,
      0.2743389516511185,
      0.2714089245206403,
      0.26069942648316213,
      0.27111547255587437,
      0.26944554185349784,
      0.2691117900507357,
      0.2733958640007559,
      0.2678341464858926,
      0.2736962128162919,
      0.2725071577611798,
      0.27991996920795853,
      0.274447517402604,
      0.2759028454116005,
      0.27894040076006316,
      0.2808272568051687,
      0.2768403481179012,
      0.2767751162749029,
      0.27672060109050334,
      0.28421497959085923,
      0.2799062376652292,
      0.28410225102376796,
      0.2803705281683963,
      0.2842029218902131,
      0.28010922175146147,
      0.28295539315276874,
      0.28497214149795247,
      0.29059551200065425,
      0.28660877494665676,
      0.2881141793317424,
      0.283164781269556,
      0.28722237370640574,
      0.2879689534914172,
      0.28946635963138706,
      0.2907456427723348,
      0.2981557493639028,
      0.2893088043940638,
      0.2934530143966218,
      0.2873630660156647,
      0.28714623343712553,
      0.29098078069349603,
      0.2916185177260352,
      0.3001069273643508,
      0.2881297009433815,
      0.29990021401715133,
      0.3055055377592227,
      0.2867158299010849,
      0.2987895655150185,
      0.30841800549296206,
      0.3072869666366877,
      0.3010041093420304,
      0.3067908380671354,
      0.29492176037482515,
      0.3033652670056877,
      0.29780200341727564,
      0.30619084463415747,
      0.30598258716305216,
      0.3050167818537015,
      0.305024078814034,
      0.303961381153343,
      0.3121559403457506
    ],
    "best_epoch": 2,
    "best_val_loss": 0.18190578406977798,
    "best_val_abs_mse": 0.16148214042186737,
    "test_loss": 5.0532936582154635,
    "test_abs_mse": 47.241859436035156,
    "tracker": {
      "initial_train_loss": 0.3902959081280918,
      "train_threshold": 0.13009863604269725,
      "best_tracking": true,
      "patience_active": true,
      "patience_best_train": null,
      "patience_best_val": 0.18190578406977798,
      "patience_no_improve_epochs": 79,
      "best_train_loss": Infinity,
      "forced_stop_due_to_threshold": false
    }
  },
  "model_files": {
    "best": "scripts/outputs/lstm-trc-rate/trial_61_8c18e2/best_model.pt",
    "last": "scripts/outputs/lstm-trc-rate/trial_61_8c18e2/last_model.pt"
  },
  "config_path": "/home/amoris/data-analysis-on-dbps/scripts/outputs/lstm-trc-rate/trial_61_8c18e2/config.yaml"
}