{
  "model_name": "mlp_with_history-trc-value/trial_60_5567e9",
  "model_type": "MLP_WITH_HISTORY",
  "model_format": "torch",
  "model_params": {
    "history_length": 50,
    "hidden_layers": [
      4096,
      3072,
      2048,
      1024,
      768,
      512,
      256,
      128
    ],
    "dropout": 0.13233819673717787,
    "mid_layer_count": 2,
    "mid_layer_size": 392
  },
  "training_params": {
    "max_epochs": 500,
    "batch_size": 346,
    "learning_rate": 0.001775633130783047,
    "weight_decay": 5.2341844332760804e-05,
    "checkpoint_interval": 10,
    "seed": 77
  },
  "data_csv": "data/time_aligned_data.csv",
  "timestamp_column": "Date, Time",
  "columns": [
    "TRC-DT",
    "TRC-RT",
    "TRC-PPL1",
    "TRC-PPL2",
    "pH-DT",
    "pH-RT",
    "pH-PPL1",
    "pH-PPL2",
    "cond-DT",
    "cond-PPL1",
    "cond-PPL2",
    "fDOM-RT",
    "fDOM-PPL1",
    "fDOM-PPL2",
    "DO-RT",
    "DO-PPL1",
    "DO-PPL2",
    "TOC-RT",
    "TOC-PPL1",
    "TOC-PPL2",
    "DOC-RT",
    "DOC-PPL1",
    "DOC-PPL2",
    "minutes_since_start"
  ],
  "feature_columns": [
    "TRC-DT",
    "TRC-RT",
    "pH-DT",
    "pH-RT",
    "cond-DT",
    "fDOM-RT",
    "DO-RT",
    "TOC-RT",
    "DOC-RT",
    "minutes_since_start"
  ],
  "target_columns": [
    "TRC-PPL1",
    "TRC-PPL2"
  ],
  "split_boundaries": {
    "train_end": 7796,
    "val_end": 9466,
    "test_end": 11138
  },
  "dataset_sizes": {
    "train": 7747,
    "val": 1670,
    "test": 1672
  },
  "input_dim": 500,
  "sequence_length": null,
  "training_history": {
    "epochs": [
      1,
      2,
      3,
      4,
      5,
      6,
      7,
      8,
      9,
      10,
      11,
      12,
      13,
      14,
      15,
      16,
      17,
      18,
      19,
      20,
      21,
      22,
      23,
      24,
      25,
      26,
      27,
      28,
      29,
      30,
      31,
      32,
      33,
      34,
      35,
      36,
      37,
      38,
      39,
      40,
      41,
      42,
      43,
      44,
      45,
      46,
      47,
      48,
      49,
      50,
      51,
      52,
      53,
      54,
      55,
      56,
      57,
      58,
      59,
      60,
      61,
      62,
      63,
      64,
      65,
      66,
      67,
      68,
      69,
      70,
      71,
      72,
      73,
      74,
      75,
      76,
      77,
      78,
      79,
      80
    ],
    "train_loss": [
      1.0973914041393908,
      0.2676257516905556,
      0.15603156832128676,
      0.1316280205514918,
      0.1162250462808393,
      0.11018008609113962,
      0.0997035694148089,
      0.091096275824223,
      0.07697781516551372,
      0.06303667885829468,
      0.06690782291074868,
      0.06290396682055394,
      0.060624046315854635,
      0.057766852111520654,
      0.05878524106643624,
      0.05902067617897574,
      0.06639370740390953,
      0.06343292690475971,
      0.05852428980665052,
      0.052337517049411225,
      0.04506431933339987,
      0.04199644172333572,
      0.04445120440806837,
      0.04821427907552837,
      0.042528379420969,
      0.05131372716698598,
      0.05888219058659826,
      0.04735564887889111,
      0.04573474823226387,
      0.04231823608615836,
      0.039773096399829205,
      0.04019847766985405,
      0.039166673255248335,
      0.05463590598058682,
      0.04049575007414224,
      0.04156952436108874,
      0.040355840098962516,
      0.04199519181222289,
      0.035975174506402745,
      0.03461044772928555,
      0.03959323936354211,
      0.03551821503992602,
      0.04137310218505972,
      0.03681116224747097,
      0.03717781667676574,
      0.033177895956890684,
      0.03488005033984051,
      0.036372981690965776,
      0.0345099960419306,
      0.03634893836202784,
      0.03844900805720963,
      0.04579204901556623,
      0.03481876785980281,
      0.033088995720092385,
      0.03290920202720468,
      0.029509074899665044,
      0.030927869176911173,
      0.03434345994504849,
      0.03195191662154137,
      0.030288339690493434,
      0.02982930533589856,
      0.03540857083979108,
      0.031883806157801876,
      0.031653758887852164,
      0.02882948623806896,
      0.030089624064521387,
      0.03321390023075859,
      0.03246598905143552,
      0.034276269863638416,
      0.035436073183720995,
      0.03408637180985967,
      0.03182994348059643,
      0.02916013772862795,
      0.028001619003760254,
      0.027442119448676916,
      0.029915730608741406,
      0.027106074684596346,
      0.028621693209200286,
      0.02709898226082371,
      0.029847026375708186
    ],
    "val_loss": [
      0.25019928818334364,
      0.17201830851594488,
      0.23727252864150586,
      0.19824275900414604,
      0.19238510887601418,
      0.21312709794920717,
      0.2847497101360095,
      0.2782479380865297,
      0.28012958219397566,
      0.35063736708890536,
      0.45670870264356367,
      0.378603828649321,
      0.3809520361197744,
      0.4184974045587514,
      0.7432279840089425,
      0.43147027480477346,
      0.4395154898439696,
      0.2700085609281313,
      0.3756726804339957,
      0.5419418893598332,
      0.6607780634643075,
      0.5401799798814836,
      0.5040152574192264,
      0.5034040185015002,
      0.6132143076219244,
      0.4594036788640622,
      0.45276525137488716,
      0.5012825130390193,
      0.912682101282174,
      0.596781219211881,
      0.610602558390823,
      0.5549020975605099,
      1.0215014392744282,
      0.26420356340394047,
      0.47027471472180177,
      0.7534716348024364,
      0.8022944952199559,
      0.5208964665872072,
      0.6502324853694724,
      0.7851835589253617,
      0.4051397170469968,
      0.4368351302617146,
      0.5612397041394861,
      0.5185292560004903,
      0.7222736848016342,
      0.7322422749446538,
      0.3937654330880342,
      0.4868426031070555,
      0.5954434128913159,
      0.9897747189386519,
      0.340099862226826,
      0.5797012692194677,
      0.6297891550524506,
      0.5101100648011633,
      0.6540074681673578,
      0.5792161570426947,
      0.42365814206039837,
      0.5248472067432668,
      0.5912341029589583,
      0.5706989696126676,
      0.4787764232828767,
      0.3238439538164767,
      0.38814461594614796,
      0.5387140931015064,
      0.7160222052836311,
      0.5591226945692551,
      0.6389127022536571,
      0.5887661889797735,
      0.621350018925474,
      0.5731180009236949,
      0.7932126099567214,
      0.6515339593330544,
      0.5710381918391603,
      0.4132834356501252,
      0.4857301234262075,
      0.4899808591666693,
      0.4873794920140219,
      0.5163874798482229,
      0.528478691564081,
      0.34667638677902923
    ],
    "best_epoch": 2,
    "best_val_loss": 0.17201830851594488,
    "test_loss": 4.351591873967476,
    "tracker": {
      "initial_train_loss": 1.0973914041393908,
      "train_threshold": 0.3657971347131303,
      "best_tracking": true,
      "patience_active": true,
      "patience_best_train": null,
      "patience_best_val": 0.17201830851594488,
      "patience_no_improve_epochs": 79,
      "best_train_loss": Infinity,
      "forced_stop_due_to_threshold": false
    }
  },
  "model_files": {
    "best": "scripts/outputs/mlp_with_history-trc-value/trial_60_5567e9/best_model.pt",
    "last": "scripts/outputs/mlp_with_history-trc-value/trial_60_5567e9/last_model.pt"
  },
  "config_path": "/home/amoris/data-analysis-on-dbps/scripts/outputs/mlp_with_history-trc-value/trial_60_5567e9/config.yaml"
}