{
  "model_name": "gru-trc-value/trial_23_e1a9af",
  "model_type": "GRU",
  "model_format": "torch",
  "model_params": {
    "history_length": 116,
    "units": 313,
    "num_layers": 6,
    "dropout": 0.32105799969185245
  },
  "training_params": {
    "max_epochs": 500,
    "batch_size": 237,
    "learning_rate": 0.00027003445243584486,
    "weight_decay": 0.0012764652076430348,
    "checkpoint_interval": 10,
    "seed": 947
  },
  "data_csv": "data/time_aligned_data.csv",
  "timestamp_column": "Date, Time",
  "columns": [
    "TRC-DT",
    "TRC-RT",
    "TRC-PPL1",
    "TRC-PPL2",
    "pH-DT",
    "pH-RT",
    "pH-PPL1",
    "pH-PPL2",
    "cond-DT",
    "cond-PPL1",
    "cond-PPL2",
    "fDOM-RT",
    "fDOM-PPL1",
    "fDOM-PPL2",
    "DO-RT",
    "DO-PPL1",
    "DO-PPL2",
    "TOC-RT",
    "TOC-PPL1",
    "TOC-PPL2",
    "DOC-RT",
    "DOC-PPL1",
    "DOC-PPL2",
    "minutes_since_start"
  ],
  "feature_columns": [
    "TRC-DT",
    "TRC-RT",
    "pH-DT",
    "pH-RT",
    "cond-DT",
    "fDOM-RT",
    "DO-RT",
    "TOC-RT",
    "DOC-RT",
    "minutes_since_start"
  ],
  "target_columns": [
    "TRC-PPL1",
    "TRC-PPL2"
  ],
  "split_boundaries": {
    "train_end": 7796,
    "val_end": 9466,
    "test_end": 11138
  },
  "dataset_sizes": {
    "train": 7681,
    "val": 1670,
    "test": 1672
  },
  "input_dim": 10,
  "sequence_length": 116,
  "training_history": {
    "epochs": [
      1,
      2,
      3,
      4,
      5,
      6,
      7,
      8,
      9,
      10,
      11,
      12,
      13,
      14,
      15,
      16,
      17,
      18,
      19,
      20,
      21,
      22,
      23,
      24,
      25,
      26,
      27,
      28,
      29,
      30,
      31,
      32,
      33,
      34,
      35,
      36,
      37,
      38,
      39,
      40,
      41,
      42,
      43,
      44,
      45,
      46,
      47,
      48,
      49,
      50,
      51,
      52,
      53,
      54,
      55,
      56,
      57,
      58,
      59,
      60,
      61,
      62,
      63,
      64,
      65,
      66,
      67,
      68,
      69,
      70,
      71,
      72,
      73,
      74,
      75,
      76,
      77,
      78,
      79,
      80
    ],
    "train_loss": [
      0.4016662141903042,
      0.18727719956443203,
      0.15337678330311813,
      0.11679386881712032,
      0.08528475545549467,
      0.06656148616171663,
      0.05266033674245575,
      0.04932314917724543,
      0.049569635098741134,
      0.04422079094162662,
      0.04399021243165595,
      0.04168270169027987,
      0.038104886610326225,
      0.04207047386161131,
      0.03680549472228009,
      0.0356196994125618,
      0.03758539830813059,
      0.033828470665831036,
      0.03865504068066763,
      0.03514561445624812,
      0.03412786726009883,
      0.034192760834971636,
      0.03408242914281992,
      0.033313124613149406,
      0.03202761142845538,
      0.03279781065975342,
      0.03443932977573292,
      0.039087390303543856,
      0.03180581349731578,
      0.03095246621359917,
      0.031108890945408793,
      0.030755010099208318,
      0.029622793778420163,
      0.03384327454073652,
      0.02945527875893688,
      0.029884173347479028,
      0.03055754677212971,
      0.02932095268973808,
      0.02884806953263871,
      0.03352443725787333,
      0.02967700452561134,
      0.02932388675767119,
      0.030567611904145295,
      0.029206333621315948,
      0.02979500643043736,
      0.029075335779140864,
      0.027491182245749653,
      0.027803489843318197,
      0.02906999238977099,
      0.028989213429679476,
      0.028941308477156997,
      0.02921568817154588,
      0.028272092923650037,
      0.029025927627120394,
      0.026841350384042017,
      0.027497737699130942,
      0.027546690704921557,
      0.028313950946499494,
      0.028414325637539418,
      0.029608701434931693,
      0.029455561163198543,
      0.027440012106593116,
      0.027549104057926557,
      0.02923035198916465,
      0.02808467582714013,
      0.03042319574503791,
      0.028003857226244735,
      0.02614183169182755,
      0.02961537557549929,
      0.02875727973369133,
      0.02684314440110864,
      0.02831381514945885,
      0.027097158669666874,
      0.02688329860101476,
      0.02605828773067839,
      0.02716624405918418,
      0.025692976401315397,
      0.02717593803860188,
      0.02602835795107941,
      0.025573972367451552
    ],
    "val_loss": [
      0.32166588675833035,
      0.2915902503370168,
      0.3149782684837987,
      0.19777956806837085,
      0.1856037854746787,
      0.19914888958195726,
      0.19474320797595435,
      0.2079950701244577,
      0.24201878613407563,
      0.24560323064801043,
      0.2727786383396405,
      0.25973257133346833,
      0.2812366652386096,
      0.37011220658053,
      0.508597943143261,
      0.5699887693608682,
      0.4778221076521688,
      0.7680775259337026,
      0.7563041883292134,
      0.5898572318668583,
      0.7637816452828353,
      0.767747725834122,
      0.6290319142450472,
      0.7551882005391453,
      0.6104644211354905,
      0.7911027581994227,
      0.5197089906469612,
      1.0359567967628291,
      0.653033000997039,
      0.788445660123925,
      1.118327667048859,
      0.6589325145522724,
      0.5425114986659613,
      0.683209629804119,
      0.6905491929066306,
      0.5879309068316828,
      0.6876272864929752,
      0.8767784531300743,
      0.8529168159951885,
      0.580776966981099,
      0.815697588776043,
      0.5518436870810961,
      0.5938028586091485,
      0.7570295199071486,
      0.6906154189437271,
      0.6721929062994386,
      0.7434219347446889,
      0.6503488203276417,
      0.5148648281442281,
      0.7014595919807336,
      0.7107555152547217,
      0.6620591276754698,
      0.49389916370193404,
      0.5119746755094764,
      0.6402913522711414,
      0.6407397043015697,
      0.6754878242795695,
      0.5268475356751573,
      0.5013409796511074,
      0.5305781398303138,
      0.6471273807953754,
      0.5320030739051318,
      0.5633821654752521,
      0.5508267042812651,
      0.6176346451612914,
      0.6118750804064873,
      0.3955653070042769,
      0.5523158617406905,
      0.5805751053661019,
      0.5898243831359073,
      0.4400431056802501,
      0.5471351183147845,
      0.5210611997919525,
      0.5134859439476342,
      0.5824026445116468,
      0.3577393059345509,
      0.45027282243806444,
      0.4433454336464673,
      0.45854262354153535,
      0.4029363214434264
    ],
    "best_epoch": 5,
    "best_val_loss": 0.1856037854746787,
    "test_loss": 5.100041458552534,
    "tracker": {
      "initial_train_loss": 0.4016662141903042,
      "train_threshold": 0.13388873806343474,
      "best_tracking": true,
      "patience_active": true,
      "patience_best_train": null,
      "patience_best_val": 0.1856037854746787,
      "patience_no_improve_epochs": 75,
      "best_train_loss": Infinity,
      "forced_stop_due_to_threshold": false
    }
  },
  "model_files": {
    "best": "scripts/outputs/gru-trc-value/trial_23_e1a9af/best_model.pt",
    "last": "scripts/outputs/gru-trc-value/trial_23_e1a9af/last_model.pt"
  },
  "config_path": "/home/amoris/data-analysis-on-dbps/scripts/outputs/gru-trc-value/trial_23_e1a9af/config.yaml"
}