{
  "model_name": "lstm-trc-value/trial_73_d187f4",
  "model_type": "LSTM",
  "model_format": "torch",
  "model_params": {
    "history_length": 111,
    "units": 360,
    "num_layers": 4,
    "dropout": 0.3261674660023062
  },
  "training_params": {
    "max_epochs": 500,
    "batch_size": 201,
    "learning_rate": 0.0002461402731690342,
    "weight_decay": 0.0005379617723625821,
    "checkpoint_interval": 10,
    "seed": 947
  },
  "data_csv": "data/time_aligned_data.csv",
  "timestamp_column": "Date, Time",
  "columns": [
    "TRC-DT",
    "TRC-RT",
    "TRC-PPL1",
    "TRC-PPL2",
    "pH-DT",
    "pH-RT",
    "pH-PPL1",
    "pH-PPL2",
    "cond-DT",
    "cond-PPL1",
    "cond-PPL2",
    "fDOM-RT",
    "fDOM-PPL1",
    "fDOM-PPL2",
    "DO-RT",
    "DO-PPL1",
    "DO-PPL2",
    "TOC-RT",
    "TOC-PPL1",
    "TOC-PPL2",
    "DOC-RT",
    "DOC-PPL1",
    "DOC-PPL2",
    "minutes_since_start"
  ],
  "feature_columns": [
    "TRC-DT",
    "TRC-RT",
    "pH-DT",
    "pH-RT",
    "cond-DT",
    "fDOM-RT",
    "DO-RT",
    "TOC-RT",
    "DOC-RT",
    "minutes_since_start"
  ],
  "target_columns": [
    "TRC-PPL1",
    "TRC-PPL2"
  ],
  "split_boundaries": {
    "train_end": 7796,
    "val_end": 9466,
    "test_end": 11138
  },
  "dataset_sizes": {
    "train": 7686,
    "val": 1670,
    "test": 1672
  },
  "input_dim": 10,
  "sequence_length": 111,
  "training_history": {
    "epochs": [
      1,
      2,
      3,
      4,
      5,
      6,
      7,
      8,
      9,
      10,
      11,
      12,
      13,
      14,
      15,
      16,
      17,
      18,
      19,
      20,
      21,
      22,
      23,
      24,
      25,
      26,
      27,
      28,
      29,
      30,
      31,
      32,
      33,
      34,
      35,
      36,
      37,
      38,
      39,
      40,
      41,
      42,
      43,
      44,
      45,
      46,
      47,
      48,
      49,
      50,
      51,
      52,
      53,
      54,
      55,
      56,
      57,
      58,
      59,
      60,
      61,
      62,
      63,
      64,
      65,
      66,
      67,
      68,
      69,
      70,
      71,
      72,
      73,
      74,
      75,
      76,
      77,
      78,
      79,
      80
    ],
    "train_loss": [
      0.5786872535862558,
      0.14741367019660578,
      0.10270358641849282,
      0.06477946359271607,
      0.04905442043900443,
      0.041105353502465074,
      0.03925521500193449,
      0.04022808454546912,
      0.03899885554326107,
      0.046337150166699606,
      0.03923470277345036,
      0.042351962754228076,
      0.034524625389721134,
      0.033769317433691694,
      0.02946511388499694,
      0.029114698639298026,
      0.030000055889300218,
      0.0277138640340723,
      0.027753774111597542,
      0.025948754952352417,
      0.026611008949630154,
      0.02657951917034006,
      0.02633091829394359,
      0.024850472654481356,
      0.024999630385915298,
      0.025140436860579332,
      0.02293872945505041,
      0.02375335593698408,
      0.025937681416432018,
      0.024082094194639435,
      0.022205602128282598,
      0.021964119304521162,
      0.02301192065376634,
      0.022009114215003615,
      0.023149708046735634,
      0.02132401109151804,
      0.021928857450695543,
      0.025340537366854966,
      0.021234473051426235,
      0.020876509761241478,
      0.02114977441498374,
      0.020780892783134688,
      0.019789023546590692,
      0.019999803098429005,
      0.021291361101681276,
      0.02274349744153223,
      0.021981043983934263,
      0.02028604846732701,
      0.019503118037729642,
      0.02020834840813784,
      0.020852038901441737,
      0.019922895107642224,
      0.020355776297677364,
      0.019981023421471795,
      0.02242441820874985,
      0.02002991079429134,
      0.01937248395606119,
      0.01946631113247572,
      0.019404615835373194,
      0.019193829919133775,
      0.01830709433862118,
      0.0198228202169873,
      0.019503857233764417,
      0.018903331276375415,
      0.019255459003636118,
      0.019527461963569765,
      0.020101919601206827,
      0.020819772128670082,
      0.01963938363143632,
      0.018662323348608033,
      0.018212545053142064,
      0.018835890660851985,
      0.018838481544273426,
      0.019270876059010567,
      0.02040950242127528,
      0.018883287536589594,
      0.018612457244459955,
      0.01855573684608187,
      0.020484398345984256,
      0.019148877188985024
    ],
    "val_loss": [
      0.3045801710850464,
      0.5421154617192503,
      0.21982941991554764,
      0.19960783935503332,
      0.1814866506767844,
      0.33499073916655814,
      1.0677122937905752,
      0.6443839952728884,
      0.2227243128918602,
      0.8400745883026345,
      0.2306219122567755,
      0.23029493102748058,
      1.0993460101248351,
      1.464609083720667,
      1.8535633277014165,
      1.9060692718654069,
      2.1812358428439693,
      2.732336989761202,
      2.6309405391199325,
      2.77747653232787,
      2.79692717292597,
      2.558100776871789,
      2.539199383081701,
      2.715926474747722,
      3.2040996000326856,
      2.82703039622057,
      3.2040131745123843,
      2.8536370634575356,
      2.476366734809192,
      2.9479945492512454,
      2.9404273744204086,
      3.0257495172823705,
      2.9627520841250785,
      2.819342997633367,
      2.437405333662417,
      2.4987291517371903,
      2.7859794601798056,
      2.195320700294154,
      2.283628210172191,
      2.498887504372902,
      2.5761371922160605,
      2.4628835399796865,
      2.5251053295616885,
      2.182749621766413,
      2.4202893407781145,
      2.114215184104612,
      2.429152517952025,
      2.358182109997212,
      2.2043418746519676,
      2.2555433494155994,
      2.2392582886378296,
      2.5892940277847165,
      2.342930727397387,
      2.1980544688168937,
      2.2189599229770147,
      2.26944948312029,
      2.129250572733358,
      2.207543005412835,
      2.133080499141873,
      2.2576471219765035,
      2.26872125485477,
      2.1468222454101027,
      2.2859541599978943,
      2.1545098962652647,
      2.0246152911402153,
      2.443507928549574,
      1.872338925970127,
      2.09169443508019,
      2.186901471729273,
      2.173146070827713,
      2.230152665572743,
      2.44812817271955,
      2.1818899425605456,
      2.2037661769221017,
      2.1873908773120383,
      1.9550980364201134,
      2.1439460686424714,
      2.2749435196613925,
      1.997122167221488,
      1.8653584304650477
    ],
    "best_epoch": 5,
    "best_val_loss": 0.1814866506767844,
    "test_loss": 4.361613533856196,
    "tracker": {
      "initial_train_loss": 0.5786872535862558,
      "train_threshold": 0.1928957511954186,
      "best_tracking": true,
      "patience_active": true,
      "patience_best_train": null,
      "patience_best_val": 0.1814866506767844,
      "patience_no_improve_epochs": 75,
      "best_train_loss": Infinity,
      "forced_stop_due_to_threshold": false
    }
  },
  "model_files": {
    "best": "scripts/outputs/lstm-trc-value/trial_73_d187f4/best_model.pt",
    "last": "scripts/outputs/lstm-trc-value/trial_73_d187f4/last_model.pt"
  },
  "config_path": "/home/amoris/data-analysis-on-dbps/scripts/outputs/lstm-trc-value/trial_73_d187f4/config.yaml"
}