{
  "model_name": "lstm_regressor",
  "model_type": "LSTM",
  "model_params": {
    "history_length": 48,
    "hidden_size": 192,
    "num_layers": 4,
    "dropout": 0.25,
    "fc_dim": 128
  },
  "input_dim": 24,
  "output_dim": 6,
  "columns": [
    "TRC-DT",
    "TRC-RT",
    "TRC-PPL1",
    "TRC-PPL2",
    "pH-DT",
    "pH-RT",
    "pH-PPL1",
    "pH-PPL2",
    "cond-DT",
    "cond-PPL1",
    "cond-PPL2",
    "fDOM-RT",
    "fDOM-PPL1",
    "fDOM-PPL2",
    "DO-RT",
    "DO-PPL1",
    "DO-PPL2",
    "TOC-RT",
    "TOC-PPL1",
    "TOC-PPL2",
    "DOC-RT",
    "DOC-PPL1",
    "DOC-PPL2",
    "minutes_since_start"
  ],
  "non_target_columns": [
    "TRC-DT",
    "TRC-RT",
    "TRC-PPL1",
    "TRC-PPL2",
    "pH-DT",
    "pH-RT",
    "pH-PPL1",
    "pH-PPL2",
    "cond-DT",
    "cond-PPL1",
    "cond-PPL2",
    "fDOM-RT",
    "fDOM-PPL1",
    "fDOM-PPL2",
    "DO-RT",
    "TOC-RT",
    "DOC-RT",
    "minutes_since_start"
  ],
  "target_columns": [
    "DO-PPL1",
    "DO-PPL2",
    "TOC-PPL1",
    "TOC-PPL2",
    "DOC-PPL1",
    "DOC-PPL2"
  ],
  "data_csv": "data/time_aligned_data.csv",
  "timestamp_column": "Date, Time",
  "split_boundaries": {
    "train_end": 8250,
    "val_end": 10018,
    "test_end": 11787
  },
  "dataset_sizes": {
    "train": 8203,
    "val": 1768,
    "test": 1769
  },
  "training_history": {
    "epochs": [
      1,
      2,
      3,
      4,
      5,
      6,
      7,
      8,
      9,
      10,
      11,
      12,
      13,
      14,
      15,
      16,
      17,
      18,
      19,
      20,
      21,
      22,
      23,
      24,
      25,
      26,
      27,
      28,
      29,
      30,
      31,
      32,
      33,
      34,
      35,
      36,
      37,
      38,
      39,
      40,
      41,
      42,
      43,
      44,
      45,
      46,
      47,
      48,
      49,
      50,
      51,
      52,
      53,
      54,
      55,
      56,
      57,
      58,
      59,
      60,
      61,
      62,
      63,
      64,
      65,
      66,
      67,
      68,
      69,
      70,
      71,
      72,
      73,
      74,
      75,
      76,
      77,
      78,
      79,
      80,
      81,
      82,
      83,
      84,
      85,
      86,
      87,
      88,
      89,
      90,
      91,
      92,
      93,
      94,
      95,
      96,
      97,
      98,
      99,
      100
    ],
    "train_loss": [
      0.39798866861784704,
      0.12376085187053151,
      0.09181511670525418,
      0.0570428218603076,
      0.04024324012214304,
      0.03499360581877885,
      0.031367613174321886,
      0.028379158979170746,
      0.02794479447306038,
      0.02663227567690132,
      0.026166681850136715,
      0.025357394296538317,
      0.02449370253507348,
      0.024583393204459965,
      0.02387903440404444,
      0.024157449715706863,
      0.023483472679495652,
      0.023387451700554684,
      0.023274203526260546,
      0.023127954404637188,
      0.02275195268056465,
      0.022722572348008254,
      0.02275893129281201,
      0.022076440628335983,
      0.02215112861112808,
      0.021578274367986386,
      0.02159681802679784,
      0.021598726879080068,
      0.021902942183260277,
      0.021311709089866574,
      0.020808456124090487,
      0.020869047055480743,
      0.020756192610492493,
      0.020693914218420054,
      0.020355484390584315,
      0.020204003600104617,
      0.02040749351858119,
      0.020860339201215664,
      0.020011971450231286,
      0.02014459483370895,
      0.019719051352259185,
      0.019815379447620133,
      0.019510627426202524,
      0.019563781127504398,
      0.01934893460660232,
      0.019698086609889295,
      0.019291105709118943,
      0.019281114444434533,
      0.01879227431823673,
      0.019673760788948686,
      0.01893458233091049,
      0.019121962224906367,
      0.018943214846254268,
      0.01891901651716379,
      0.018658331349105148,
      0.018725783483427384,
      0.018770608380682133,
      0.018913000856808783,
      0.018540016705753615,
      0.018834055644007815,
      0.019105687387778993,
      0.018673925665432575,
      0.018542413200034566,
      0.018536694210027682,
      0.018583774417693277,
      0.018583633100533795,
      0.018596039237991552,
      0.018017856931893124,
      0.018169421948992986,
      0.018183944562926213,
      0.01853922037919796,
      0.018174193181414496,
      0.01843105479584414,
      0.018189024620460226,
      0.018000479646124272,
      0.018032415127503164,
      0.017861052573510137,
      0.017907268506560284,
      0.017589402099517037,
      0.017746228632301103,
      0.0180140131028392,
      0.01812066017852954,
      0.01754512048451207,
      0.017577611294366247,
      0.017298577604723402,
      0.017555255377234867,
      0.017718334625177988,
      0.017588893947758415,
      0.017867752932730525,
      0.017391388805899428,
      0.017248697567780642,
      0.017160670603027717,
      0.017042326794168172,
      0.01717945555454127,
      0.017324563903082627,
      0.01730294855440715,
      0.017333844693643966,
      0.01691239423946311,
      0.01710017980056504,
      0.017103966061894623
    ],
    "val_loss": [
      0.5770803290794339,
      0.2933413780113151,
      0.2941881040642164,
      0.21051469512654644,
      0.18362285635050604,
      0.18999284613725825,
      0.16612105914370506,
      0.16804118339832014,
      0.17191250588559456,
      0.14906103106645438,
      0.1622358497181629,
      0.1515025032591496,
      0.13479697421125697,
      0.1289375068375428,
      0.14335760622542368,
      0.1346347399426801,
      0.13963793562008783,
      0.13200180724735175,
      0.11409756595192991,
      0.12585945798261133,
      0.1307074106656588,
      0.11777054643199454,
      0.11777771530647622,
      0.11117901359747977,
      0.11222392913982339,
      0.11822949788149666,
      0.12277105484343222,
      0.12191687045593606,
      0.10957936760526976,
      0.10908316149970525,
      0.1130605975157535,
      0.11798300219876734,
      0.10726511424483218,
      0.12133780910688288,
      0.10533192032332873,
      0.11160611425319948,
      0.11138607116576234,
      0.12775741052303918,
      0.12854721373562358,
      0.11210843725172104,
      0.10141067382167368,
      0.1114307103248743,
      0.11838946798268486,
      0.1161719724468516,
      0.11408865087711972,
      0.1143945484544357,
      0.10914605120997622,
      0.0973808948810284,
      0.11817355447225442,
      0.11712316110123337,
      0.10732646387626682,
      0.1143917396192637,
      0.10109875084857596,
      0.11924036211287814,
      0.1163969946797617,
      0.09877039337050321,
      0.09604792296886444,
      0.10269708783108725,
      0.10717014732403993,
      0.10799707870138177,
      0.12552611536569724,
      0.12490533912613382,
      0.10412910688516781,
      0.12978075168251452,
      0.10483036861160762,
      0.11077787305704609,
      0.11862272185977228,
      0.1028618180778771,
      0.1106424113878837,
      0.11326493707177866,
      0.09822284635914937,
      0.12394099665712986,
      0.13192123296034283,
      0.1009456693991277,
      0.10858244748946229,
      0.11546904334115766,
      0.12055636544572822,
      0.11261114208406992,
      0.10953196215683518,
      0.10106190135576067,
      0.10350334340900318,
      0.10931179979268242,
      0.11363589278173662,
      0.10794969725662766,
      0.10443110292044161,
      0.11970284662095669,
      0.09713734800998981,
      0.1096383921835757,
      0.10223659441481887,
      0.11532039562771224,
      0.13316511912313522,
      0.11947872547002938,
      0.11428874171427472,
      0.10461040555891409,
      0.11310778025588299,
      0.11251730036951298,
      0.1197223305297653,
      0.11508503616934988,
      0.11752576761925382,
      0.10443899021968582
    ],
    "best_epoch": 57,
    "best_val_loss": 0.09604792296886444,
    "test_loss": 0.2679808157827303,
    "train_threshold": 0.09949716715446176,