{
  "model_name": "lstm-other-value/trial_27_c5084c",
  "model_type": "LSTM",
  "model_format": "torch",
  "model_params": {
    "history_length": 211,
    "units": 309,
    "num_layers": 7,
    "dropout": 0.46491099830919425
  },
  "training_params": {
    "max_epochs": 500,
    "batch_size": 211,
    "learning_rate": 0.0015538510881833011,
    "weight_decay": 0.0010980625801745609,
    "checkpoint_interval": 10,
    "seed": 947
  },
  "data_csv": "data/time_aligned_data.csv",
  "timestamp_column": "Date, Time",
  "columns": [
    "TRC-DT",
    "TRC-RT",
    "TRC-PPL1",
    "TRC-PPL2",
    "pH-DT",
    "pH-RT",
    "pH-PPL1",
    "pH-PPL2",
    "cond-DT",
    "cond-PPL1",
    "cond-PPL2",
    "fDOM-RT",
    "fDOM-PPL1",
    "fDOM-PPL2",
    "DO-RT",
    "DO-PPL1",
    "DO-PPL2",
    "TOC-RT",
    "TOC-PPL1",
    "TOC-PPL2",
    "DOC-RT",
    "DOC-PPL1",
    "DOC-PPL2",
    "minutes_since_start"
  ],
  "feature_columns": [
    "TRC-DT",
    "TRC-RT",
    "pH-DT",
    "pH-RT",
    "cond-DT",
    "fDOM-RT",
    "DO-RT",
    "TOC-RT",
    "DOC-RT",
    "minutes_since_start"
  ],
  "target_columns": [
    "TOC-PPL1",
    "TOC-PPL2",
    "DOC-PPL1",
    "DOC-PPL2",
    "pH-PPL1",
    "pH-PPL2"
  ],
  "split_boundaries": {
    "train_end": 7796,
    "val_end": 9466,
    "test_end": 11138
  },
  "dataset_sizes": {
    "train": 7586,
    "val": 1670,
    "test": 1672
  },
  "input_dim": 10,
  "sequence_length": 211,
  "training_history": {
    "epochs": [
      1,
      2,
      3,
      4,
      5,
      6,
      7,
      8,
      9,
      10,
      11,
      12,
      13,
      14,
      15,
      16,
      17,
      18,
      19,
      20,
      21,
      22,
      23,
      24,
      25,
      26,
      27,
      28,
      29,
      30,
      31,
      32,
      33,
      34,
      35,
      36,
      37,
      38,
      39,
      40,
      41,
      42,
      43,
      44,
      45,
      46,
      47,
      48,
      49,
      50,
      51,
      52,
      53,
      54,
      55,
      56,
      57,
      58,
      59,
      60,
      61,
      62,
      63,
      64,
      65,
      66,
      67,
      68,
      69,
      70,
      71,
      72,
      73,
      74,
      75,
      76,
      77,
      78,
      79,
      80,
      81,
      82,
      83,
      84,
      85,
      86
    ],
    "train_loss": [
      1.0035150019531038,
      1.0030448336636457,
      1.0030097852760842,
      1.002855135768754,
      1.0029237432291915,
      1.002850148857284,
      1.0028377690055645,
      1.0028486124151714,
      1.002800672680666,
      1.0028049681279705,
      1.0028126166783315,
      1.0028099083441593,
      1.0027848467046152,
      1.002771040474303,
      1.0027985558829142,
      1.0027792038041936,
      1.0028098574609956,
      1.002788452817053,
      1.0027908469814755,
      1.0027634026332923,
      1.0027782466255704,
      1.0027816173444473,
      1.0027775844687243,
      1.002788763490353,
      1.002817930189626,
      1.0027849844018732,
      1.0027795562856028,
      1.0027954073339473,
      1.0028165854786681,
      1.0028528885966457,
      1.0028019801642567,
      1.0028070283853816,
      1.0027661423097962,
      1.002832190479102,
      1.0028280790079058,
      1.0029873012349249,
      1.002931653400414,
      1.0028683349132663,
      1.0028923829752758,
      1.0028524715212759,
      1.002898068697384,
      1.0031621638433053,
      1.0029344108498823,
      1.0028217487290576,
      1.0028252243807094,
      1.0029673496525928,
      1.0029054494904177,
      1.0028464558364658,
      1.0028606964751092,
      1.002857336889871,
      1.0029744598439965,
      1.0027799346957393,
      1.0027941381070158,
      1.0027845649772038,
      1.0028055760309182,
      1.0028428651398353,
      1.0028067302128711,
      1.002850344218461,
      1.0028280962544383,
      1.0028562144981095,
      1.0029252746191308,
      1.0028356665236133,
      1.0028616176363725,
      1.0029332457935782,
      1.0028324099068524,
      1.0028314168680132,
      1.0028382569920755,
      1.0029838031667095,
      1.0030231347522163,
      1.002897841349586,
      1.0028375787201325,
      1.0027758572854626,
      1.0028264948569343,
      1.0029003190123686,
      1.0028395594942077,
      1.002785779651664,
      1.002819829940356,
      1.0027548416274348,
      1.0028733775557863,
      1.002871237312179,
      1.002840153741359,
      1.0027810729118818,
      1.0027868643289124,
      1.0028118783224549,
      1.0027591289582618,
      1.0027719748592177
    ],
    "val_loss": [
      1.45271320964048,
      1.3939675139452883,
      1.409785261411153,
      1.4188646698247886,
      1.4182196616591094,
      1.4171495925345108,
      1.4073943402060491,
      1.4217337863709398,
      1.4176551921817357,
      1.4114861439801976,
      1.417465787572775,
      1.414062196408917,
      1.4189110999157328,
      1.4172017587873036,
      1.4151887290313572,
      1.4154970540079528,
      1.415091315643516,
      1.4162205374526406,
      1.4182425379574657,
      1.416995291331571,
      1.4199165098502964,
      1.4199738679531806,
      1.4160223185302254,
      1.4171685467580122,
      1.4130284097380268,
      1.4184872607271115,
      1.4180213715144974,
      1.4162026678730628,
      1.416241159339151,
      1.411458844535365,
      1.4204013357083956,
      1.419392133740608,
      1.418627054498581,
      1.413234253343708,
      1.4045194876051235,
      1.392326108210101,
      1.425937315375505,
      1.423186506875261,
      1.4165182001933365,
      1.4174924966282474,
      1.416672165486627,
      1.4061394328485706,
      1.4200511698951264,
      1.419121199703502,
      1.4143440973972845,
      1.4168315732907393,
      1.4052815636831844,
      1.4127305809966104,
      1.4201888500573392,
      1.410793400703076,
      1.4165428932555422,
      1.4234606693069378,
      1.4212311376711566,
      1.418865744778496,
      1.4185490319471874,
      1.415377541430696,
      1.4190491640460705,
      1.4141121496875844,
      1.4198983956418352,
      1.42258852996869,
      1.4136347686280748,
      1.420933483710546,
      1.423133215932789,
      1.4183518966693365,
      1.4202020866071392,
      1.4174382175692541,
      1.4168732418450052,
      1.4003132546911696,
      1.4246302589149533,
      1.4206557322405056,
      1.4250259024297405,
      1.4205461735853893,
      1.417154112761606,
      1.4181231023130303,
      1.4263237854499302,
      1.420890752623181,
      1.4128717336825982,
      1.4177946999044475,
      1.4151592228048575,
      1.4218162832859746,
      1.4133441066313646,
      1.4185983918741079,
      1.4162035116713918,
      1.419833751424344,
      1.4173711203350992,
      1.4132298669236862
    ],
    "best_epoch": 86,
    "best_val_loss": 1.4132298669236862,
    "test_loss": 1.437349245308689,
    "tracker": {
      "initial_train_loss": 1.0035150019531038,
      "train_threshold": 0.3345050006510346,
      "best_tracking": false,
      "patience_active": true,
      "patience_best_train": null,
      "patience_best_val": 1.392326108210101,
      "patience_no_improve_epochs": 50,
      "best_train_loss": Infinity,
      "forced_stop_due_to_threshold": false
    }
  },
  "model_files": {
    "best": "scripts/outputs/lstm-other-value/trial_27_c5084c/best_model.pt",
    "last": "scripts/outputs/lstm-other-value/trial_27_c5084c/last_model.pt"
  },
  "config_path": "/home/amoris/data-analysis-on-dbps/scripts/outputs/lstm-other-value/trial_27_c5084c/config.yaml"
}