{
  "model_name": "mlp_with_history-trc-value/trial_25_cbdd7c",
  "model_type": "MLP_WITH_HISTORY",
  "model_format": "torch",
  "model_params": {
    "history_length": 32,
    "hidden_layers": [
      4096,
      3072,
      2048,
      1024,
      768,
      512,
      256,
      128
    ],
    "dropout": 0.3532422190642199,
    "mid_layer_count": 6,
    "mid_layer_size": 686
  },
  "training_params": {
    "max_epochs": 500,
    "batch_size": 510,
    "learning_rate": 0.0009853523009265366,
    "weight_decay": 0.0019435229725897445,
    "checkpoint_interval": 10,
    "seed": 77
  },
  "data_csv": "data/time_aligned_data.csv",
  "timestamp_column": "Date, Time",
  "columns": [
    "TRC-DT",
    "TRC-RT",
    "TRC-PPL1",
    "TRC-PPL2",
    "pH-DT",
    "pH-RT",
    "pH-PPL1",
    "pH-PPL2",
    "cond-DT",
    "cond-PPL1",
    "cond-PPL2",
    "fDOM-RT",
    "fDOM-PPL1",
    "fDOM-PPL2",
    "DO-RT",
    "DO-PPL1",
    "DO-PPL2",
    "TOC-RT",
    "TOC-PPL1",
    "TOC-PPL2",
    "DOC-RT",
    "DOC-PPL1",
    "DOC-PPL2",
    "minutes_since_start"
  ],
  "feature_columns": [
    "TRC-DT",
    "TRC-RT",
    "pH-DT",
    "pH-RT",
    "cond-DT",
    "fDOM-RT",
    "DO-RT",
    "TOC-RT",
    "DOC-RT",
    "minutes_since_start"
  ],
  "target_columns": [
    "TRC-PPL1",
    "TRC-PPL2"
  ],
  "split_boundaries": {
    "train_end": 7796,
    "val_end": 9466,
    "test_end": 11138
  },
  "dataset_sizes": {
    "train": 7765,
    "val": 1670,
    "test": 1672
  },
  "input_dim": 320,
  "sequence_length": null,
  "training_history": {
    "epochs": [
      1,
      2,
      3,
      4,
      5,
      6,
      7,
      8,
      9,
      10,
      11,
      12,
      13,
      14,
      15,
      16,
      17,
      18,
      19,
      20,
      21,
      22,
      23,
      24,
      25,
      26,
      27,
      28,
      29,
      30,
      31,
      32,
      33,
      34,
      35,
      36,
      37,
      38,
      39,
      40,
      41,
      42,
      43,
      44,
      45,
      46,
      47,
      48,
      49,
      50,
      51,
      52,
      53,
      54,
      55,
      56,
      57,
      58,
      59,
      60,
      61,
      62,
      63,
      64,
      65,
      66,
      67,
      68,
      69,
      70,
      71,
      72,
      73,
      74,
      75,
      76,
      77,
      78,
      79,
      80
    ],
    "train_loss": [
      0.6852402055524506,
      0.23375344033672668,
      0.157863477210191,
      0.14701198975040464,
      0.1388280470756585,
      0.13350806505696972,
      0.14078540214399177,
      0.1476514547564334,
      0.1282342277654355,
      0.1225374255231021,
      0.1297266262524065,
      0.12386580574381989,
      0.12198915285539873,
      0.1166257557278668,
      0.118491927290147,
      0.12020724523435926,
      0.11801845866272853,
      0.11490827801242154,
      0.1159870155726566,
      0.118422366885009,
      0.11484077306079311,
      0.12263151853605002,
      0.1191371005155621,
      0.1108524246046563,
      0.11552527193303885,
      0.11413079698816546,
      0.11015596647110587,
      0.11350074365341656,
      0.11448338989070056,
      0.113794105903456,
      0.11083171223047389,
      0.11550557348068806,
      0.1194970227840326,
      0.11248484050947394,
      0.11342435223167356,
      0.11040951763516614,
      0.1309278894741153,
      0.11186941270281711,
      0.11089354960748019,
      0.11173337104527012,
      0.11012262701316565,
      0.10849936859633028,
      0.10658386430756477,
      0.1131606147326505,
      0.10684554541276028,
      0.10677161628076974,
      0.1038631106998486,
      0.11030881569336402,
      0.11432897831575378,
      0.10636006704911215,
      0.10459905120628692,
      0.11419789485407889,
      0.10732853692804546,
      0.10564946588572578,
      0.10274528452007524,
      0.12665985814425842,
      0.11272143660363887,
      0.10240821250584228,
      0.11149678036273102,
      0.10306524254108197,
      0.10772915939630728,
      0.10956577788282808,
      0.10417626175911904,
      0.10221034503336192,
      0.10372012949573249,
      0.10388531664437965,
      0.10884145476015168,
      0.10533201208977414,
      0.11331711586682319,
      0.10687727931615851,
      0.10729305449506198,
      0.10205918479967485,
      0.10255991184396737,
      0.10328833455146702,
      0.10246646014706058,
      0.10246477128322556,
      0.10249158622983649,
      0.09938707386418764,
      0.10020663732205831,
      0.09877378671536197
    ],
    "val_loss": [
      0.25964905243523106,
      0.24895976937771913,
      0.24635660376198992,
      0.2550246060831461,
      0.246385447301729,
      0.2306401657977861,
      0.2630236314241579,
      0.26333056898888,
      0.24637002115344217,
      0.24403342214262413,
      0.5327164139710143,
      0.28018750755595945,
      0.2831285317835515,
      0.2814766809478134,
      0.28549520024460945,
      0.27792742826089173,
      0.2785309160763989,
      0.3322925025563754,
      0.28489059882383505,
      0.3562797669566677,
      0.2801978028418418,
      0.2778189335308389,
      0.2788936483846632,
      0.2724359511860652,
      0.28284157837133206,
      0.27891000446132913,
      0.2810472870457494,
      0.2691366910755991,
      0.29111093427695917,
      0.28194601928625634,
      0.29346737988337784,
      0.2912004826043894,
      0.28437827993742004,
      0.27894853125744595,
      0.2764007295007834,
      0.27798422691440156,
      0.29190829672856244,
      0.30050129243758267,
      0.27886000874558253,
      0.27364163629398375,
      0.29229093771316333,
      0.28955611446035834,
      0.27778938345744936,
      0.27905438240327524,
      0.33070313237875165,
      0.3465654534917927,
      0.2802494803588547,
      0.28256805024728804,
      0.32328814513490584,
      0.33407932671601187,
      0.4077598521050936,
      0.30267157851757404,
      0.2753045217630392,
      0.28305654189811497,
      0.27766275512958,
      0.25926142846217415,
      0.27595762232552745,
      0.3799273089957451,
      0.2803144532138716,
      0.3479667173888155,
      0.42024730317696124,
      0.3044369068822104,
      0.310432958589521,
      0.36894576168970433,
      0.29920975850549286,
      0.3312494400331003,
      0.274302414914002,
      0.28297015105535883,
      0.27251567412725464,
      0.3304569799073799,
      0.26956022191725804,
      0.274812619330105,
      0.3153980649160054,
      0.31269229018313444,
      0.42226971485122233,
      0.37803259872256995,
      0.3676258778076864,
      0.417284597994057,
      0.34739695403524146,
      0.4391263869596634
    ],
    "best_epoch": 6,
    "best_val_loss": 0.2306401657977861,
    "test_loss": 4.240583197922227,
    "tracker": {
      "initial_train_loss": 0.6852402055524506,
      "train_threshold": 0.22841340185081685,
      "best_tracking": true,
      "patience_active": true,
      "patience_best_train": null,
      "patience_best_val": 0.2306401657977861,
      "patience_no_improve_epochs": 74,
      "best_train_loss": Infinity,
      "forced_stop_due_to_threshold": false
    }
  },
  "model_files": {
    "best": "scripts/outputs/mlp_with_history-trc-value/trial_25_cbdd7c/best_model.pt",
    "last": "scripts/outputs/mlp_with_history-trc-value/trial_25_cbdd7c/last_model.pt"
  },
  "config_path": "/home/amoris/data-analysis-on-dbps/scripts/outputs/mlp_with_history-trc-value/trial_25_cbdd7c/config.yaml"
}