{
  "model_name": "lstm-trc-value/trial_20_801dac",
  "model_type": "LSTM",
  "model_format": "torch",
  "model_params": {
    "history_length": 151,
    "units": 255,
    "num_layers": 5,
    "dropout": 0.26538076846226294
  },
  "training_params": {
    "max_epochs": 500,
    "batch_size": 211,
    "learning_rate": 0.001998560339226835,
    "weight_decay": 0.00019441011145747512,
    "checkpoint_interval": 10,
    "seed": 947
  },
  "data_csv": "data/time_aligned_data.csv",
  "timestamp_column": "Date, Time",
  "columns": [
    "TRC-DT",
    "TRC-RT",
    "TRC-PPL1",
    "TRC-PPL2",
    "pH-DT",
    "pH-RT",
    "pH-PPL1",
    "pH-PPL2",
    "cond-DT",
    "cond-PPL1",
    "cond-PPL2",
    "fDOM-RT",
    "fDOM-PPL1",
    "fDOM-PPL2",
    "DO-RT",
    "DO-PPL1",
    "DO-PPL2",
    "TOC-RT",
    "TOC-PPL1",
    "TOC-PPL2",
    "DOC-RT",
    "DOC-PPL1",
    "DOC-PPL2",
    "minutes_since_start"
  ],
  "feature_columns": [
    "TRC-DT",
    "TRC-RT",
    "pH-DT",
    "pH-RT",
    "cond-DT",
    "fDOM-RT",
    "DO-RT",
    "TOC-RT",
    "DOC-RT",
    "minutes_since_start"
  ],
  "target_columns": [
    "TRC-PPL1",
    "TRC-PPL2"
  ],
  "split_boundaries": {
    "train_end": 7796,
    "val_end": 9466,
    "test_end": 11138
  },
  "dataset_sizes": {
    "train": 7646,
    "val": 1670,
    "test": 1672
  },
  "input_dim": 10,
  "sequence_length": 151,
  "training_history": {
    "epochs": [
      1,
      2,
      3,
      4,
      5,
      6,
      7,
      8,
      9,
      10,
      11,
      12,
      13,
      14,
      15,
      16,
      17,
      18,
      19,
      20,
      21,
      22,
      23,
      24,
      25,
      26,
      27,
      28,
      29,
      30,
      31,
      32,
      33,
      34,
      35,
      36,
      37,
      38,
      39,
      40,
      41,
      42,
      43,
      44,
      45,
      46,
      47,
      48,
      49,
      50,
      51,
      52,
      53,
      54,
      55,
      56,
      57,
      58,
      59,
      60,
      61,
      62,
      63,
      64,
      65,
      66,
      67,
      68,
      69,
      70,
      71,
      72,
      73,
      74,
      75,
      76,
      77,
      78,
      79,
      80,
      81,
      82,
      83,
      84,
      85,
      86,
      87,
      88,
      89,
      90,
      91,
      92,
      93,
      94,
      95
    ],
    "train_loss": [
      0.48822837416886533,
      0.2144724987573939,
      0.18650644380046752,
      0.12114089221179314,
      0.06910347584474237,
      0.05354245348677347,
      0.04249633290750598,
      0.037537597593874046,
      0.03598570213376649,
      0.029767401091093763,
      0.028557812755821716,
      0.03188416914682589,
      0.032804273524456334,
      0.026719020701761634,
      0.027944384778336006,
      0.02832535969830607,
      0.023878973586913058,
      0.04296046577266357,
      0.04209351600197724,
      0.03766509062110435,
      0.04452259168603752,
      0.029293341415985667,
      0.031166279669475903,
      0.02424470391056276,
      0.02955275424713478,
      0.02319692543106314,
      0.02232508379975765,
      0.024087392586436128,
      0.02912232986466948,
      0.031207382954021742,
      0.02698020006498561,
      0.029566766243996092,
      0.036996900581949876,
      0.03320736550169834,
      0.025745274886642876,
      0.02438810829067344,
      0.025843086774262915,
      0.024137641655745508,
      0.02690876512358264,
      0.027011939303000856,
      0.0216313806074259,
      0.022587843282182836,
      0.02589377837575701,
      0.029617642086333485,
      0.036085809690119194,
      0.024754519873497735,
      0.021384755437918398,
      0.02083944855781631,
      0.02124984920967157,
      0.021491893992732245,
      0.02221974914929075,
      0.02179610495034848,
      0.020460769862376042,
      0.021262843546725804,
      0.019785503300187975,
      0.02035046946729957,
      0.026863623726182416,
      0.02540736095095504,
      0.02155148171559814,
      0.019368376437181926,
      0.025129214189108632,
      0.032571579869753745,
      0.02121407598288247,
      0.01984928571893155,
      0.02759131655611513,
      0.020338686960942997,
      0.021175534492434086,
      0.019821324716403733,
      0.01926990224473839,
      0.021214840427214506,
      0.019160303499879964,
      0.0261622187748489,
      0.027293517298630058,
      0.021595499185217228,
      0.0212577243839575,
      0.01962262291091916,
      0.019097811866453217,
      0.01903416921430675,
      0.01896789296365263,
      0.023103113166828088,
      0.020679725904583838,
      0.019427945630187852,
      0.019033559186083467,
      0.017657895573457982,
      0.018102186888635644,
      0.01896931236661462,
      0.02236535169501876,
      0.023025496930796033,
      0.030690404667372623,
      0.023588855339400812,
      0.022993161820027253,
      0.026251889416656116,
      0.023965349782666564,
      0.02070828135949473,
      0.01902208571170493
    ],
    "val_loss": [
      0.4612859980788773,
      0.35075595928077213,
      0.3588429242149442,
      0.28616390691144383,
      0.30311673227809144,
      0.2819535308757317,
      0.28343795380571823,
      0.31973007112786084,
      0.28680869407371845,
      0.33638449682447014,
      0.30659259231816866,
      0.2801715580768839,
      0.28538075653378836,
      0.29330762175140446,
      0.3081891930266144,
      0.29402716965554004,
      0.30864257912547466,
      0.3059879213147713,
      0.29927831954339484,
      0.27652427825831366,
      0.2930697313649301,
      0.2776055936283337,
      0.2938936048125971,
      0.2939395481084814,
      0.3120942835802,
      0.30057581324063376,
      0.30452596661997233,
      0.2990530085465508,
      0.3349170277731683,
      0.32390865142719294,
      0.3051630448996128,
      0.28682791773162913,
      0.29215448597323396,
      0.28483970147630056,
      0.31269806754847845,
      0.292502131464774,
      0.30243122198780675,
      0.29395714624043173,
      0.285818357754521,
      0.3048788420699849,
      0.31710190103684893,
      0.3057403624459298,
      0.3054041284398583,
      0.3418462340123282,
      0.27426978796051293,
      0.2944181424498692,
      0.32203948462750026,
      0.3045462725873657,
      0.285683484529396,
      0.285234664764233,
      0.30815629810764045,
      0.31257963202960654,
      0.33618428418914714,
      0.2898250087448758,
      0.3048228545337469,
      0.29540926652464145,
      0.29269629535962366,
      0.3079674574128257,
      0.30134954153822213,
      0.31957993205346746,
      0.3009651615624567,
      0.31047809781718577,
      0.30151723985878115,
      0.28719916754586255,
      0.3068400070483902,
      0.28715108198052397,
      0.2932066422691959,
      0.295906746579323,
      0.3103852319469798,
      0.2917295468279612,
      0.3013074464627547,
      0.3269424323773313,
      0.30550230654279986,
      0.315955742494298,
      0.2960082715845661,
      0.2961158345224793,
      0.2881919628343807,
      0.3004943230362263,
      0.28929949353844997,
      0.2932826142635442,
      0.30952814630941,
      0.2893298858509003,
      0.28822774114923744,
      0.2965308972941098,
      0.29537691743207906,
      0.2983802572327727,
      0.2971323831798788,
      0.31339025958747924,
      0.3271616352142063,
      0.2905576707929105,
      0.28648642840388117,
      0.31800126393777345,
      0.28718966435038756,
      0.2826534005874645,
      0.31568372725860444
    ],
    "best_epoch": 45,
    "best_val_loss": 0.27426978796051293,
    "test_loss": 4.263658339148789,
    "tracker": {
      "initial_train_loss": 0.48822837416886533,
      "train_threshold": 0.16274279138962178,
      "best_tracking": true,
      "patience_active": true,
      "patience_best_train": null,
      "patience_best_val": 0.27426978796051293,
      "patience_no_improve_epochs": 50,
      "best_train_loss": Infinity,