{
  "model_name": "mlp_with_history-trc-value/trial_40_33f1b7",
  "model_type": "MLP_WITH_HISTORY",
  "model_format": "torch",
  "model_params": {
    "history_length": 92,
    "hidden_layers": [
      4096,
      3072,
      2048,
      1024,
      768,
      512,
      256,
      128
    ],
    "dropout": 0.37631899511331557,
    "mid_layer_count": 8,
    "mid_layer_size": 785
  },
  "training_params": {
    "max_epochs": 500,
    "batch_size": 300,
    "learning_rate": 0.001275885404775929,
    "weight_decay": 0.004318470315720738,
    "checkpoint_interval": 10,
    "seed": 77
  },
  "data_csv": "data/time_aligned_data.csv",
  "timestamp_column": "Date, Time",
  "columns": [
    "TRC-DT",
    "TRC-RT",
    "TRC-PPL1",
    "TRC-PPL2",
    "pH-DT",
    "pH-RT",
    "pH-PPL1",
    "pH-PPL2",
    "cond-DT",
    "cond-PPL1",
    "cond-PPL2",
    "fDOM-RT",
    "fDOM-PPL1",
    "fDOM-PPL2",
    "DO-RT",
    "DO-PPL1",
    "DO-PPL2",
    "TOC-RT",
    "TOC-PPL1",
    "TOC-PPL2",
    "DOC-RT",
    "DOC-PPL1",
    "DOC-PPL2",
    "minutes_since_start"
  ],
  "feature_columns": [
    "TRC-DT",
    "TRC-RT",
    "pH-DT",
    "pH-RT",
    "cond-DT",
    "fDOM-RT",
    "DO-RT",
    "TOC-RT",
    "DOC-RT",
    "minutes_since_start"
  ],
  "target_columns": [
    "TRC-PPL1",
    "TRC-PPL2"
  ],
  "split_boundaries": {
    "train_end": 7796,
    "val_end": 9466,
    "test_end": 11138
  },
  "dataset_sizes": {
    "train": 7705,
    "val": 1670,
    "test": 1672
  },
  "input_dim": 920,
  "sequence_length": null,
  "training_history": {
    "epochs": [
      1,
      2,
      3,
      4,
      5,
      6,
      7,
      8,
      9,
      10,
      11,
      12,
      13,
      14,
      15,
      16,
      17,
      18,
      19,
      20,
      21,
      22,
      23,
      24,
      25,
      26,
      27,
      28,
      29,
      30,
      31,
      32,
      33,
      34,
      35,
      36,
      37,
      38,
      39,
      40,
      41,
      42,
      43,
      44,
      45,
      46,
      47,
      48,
      49,
      50,
      51,
      52,
      53,
      54,
      55,
      56,
      57,
      58,
      59,
      60,
      61,
      62,
      63,
      64,
      65,
      66,
      67,
      68,
      69,
      70,
      71,
      72,
      73,
      74,
      75,
      76,
      77,
      78,
      79,
      80
    ],
    "train_loss": [
      0.7931697504772605,
      0.21936676214647943,
      0.17813602407051324,
      0.1633504212463467,
      0.1606054120950309,
      0.15959192428551736,
      0.15635185525797932,
      0.15415814412560733,
      0.2430464197083157,
      0.15709319883820919,
      0.1588258785253063,
      0.14884635099221327,
      0.1605222667485843,
      1.0016697333433038,
      1.0087706880241458,
      0.7820425906172053,
      0.3904982653629617,
      0.3206615747375043,
      0.2215597482662863,
      0.2191972150422009,
      0.20061807638054774,
      0.20066127926594712,
      0.22201980003515365,
      0.18031636145422786,
      0.17774801795587844,
      0.16940696423391025,
      0.2013659720042555,
      0.17126372465253417,
      0.1676910952420145,
      0.1691224072599937,
      0.1654519588335391,
      0.17050912121454667,
      0.15597367670573173,
      0.15415655198343228,
      0.15078473151078245,
      0.1804950532783246,
      0.1718125361888769,
      0.1534371665067908,
      0.1771921779740406,
      0.1807346210937698,
      0.14893560638526754,
      0.15575199209680657,
      0.15755027901963858,
      0.17120816220639976,
      0.16534285758858297,
      0.1494321706018844,
      0.14953626750313873,
      0.14845801334366404,
      0.14958869867476451,
      0.15099578364803604,
      0.15192755521078685,
      0.14585690009833774,
      0.152422509512137,
      0.1537459043617917,
      0.14787486417002682,
      0.14103888584413288,
      0.14793745692792765,
      0.146848422803328,
      0.1436970563560705,
      0.1466716502797364,
      0.15822915206823468,
      0.24522629346381836,
      0.1750541874277058,
      0.1470807510041943,
      0.14723202205183908,
      0.15438655682154712,
      0.14172916751570086,
      0.15563988844192625,
      0.16698490940928845,
      0.16769116141245322,
      0.14596012339121642,
      0.1602047625336842,
      0.1579300575272593,
      0.14171071571045923,
      0.14544334403305065,
      0.13962634559539447,
      0.15146658687062423,
      0.14882984195608043,
      0.19023917629918366,
      0.14180401365993706
    ],
    "val_loss": [
      0.26393694640276677,
      0.3233618859402434,
      0.40033728997418266,
      0.40717721592166467,
      0.2534204037291204,
      0.2521891646800998,
      0.2596626128488315,
      0.5378931858939325,
      0.2561026047357542,
      0.32819123247158744,
      0.2395585037232516,
      0.26397429181340926,
      0.3617722507633135,
      0.4309611744331029,
      0.3161404373759995,
      0.4751646752039829,
      0.30871447280584696,
      0.4562288359878306,
      0.28694273016142274,
      0.26476994814897725,
      0.2733607528407774,
      0.6346103890748795,
      0.39901238485813856,
      0.37881333231479825,
      0.2729369689916779,
      0.34584196616789536,
      0.3291378680192782,
      0.28566579058944824,
      0.5964276178734388,
      0.3022494884486684,
      0.3449857592091946,
      0.3025366944110322,
      0.26496825496593635,
      0.273971742409432,
      0.8745903906351078,
      0.40539119316789207,
      0.28709197334365216,
      0.6068581380396189,
      0.2964051084113335,
      0.40874350456866676,
      0.30177919368097883,
      0.358104133186583,
      0.2733657977538195,
      0.30672877520590486,
      0.2936605395983436,
      0.2795799022796982,
      0.288467807148745,
      0.27267714090154554,
      0.2794019866310908,
      0.29647715826948245,
      0.28676548539967595,
      0.264752640338715,
      0.6985115647137522,
      0.27572874218493165,
      0.4882494921232769,
      0.28861604503796484,
      0.28717780590592745,
      0.593948859498351,
      0.5369507567343598,
      0.2893229304271901,
      0.2951511412323592,
      0.39024666946626707,
      0.295964935582555,
      0.4407102466521863,
      0.28912349022969513,
      0.29672139209366133,
      0.2773170990501335,
      0.2757272826964984,
      0.27058634324791186,
      0.2811032670834464,
      0.2773474060712817,
      0.2833481131199591,
      0.27888330678918405,
      0.28433328188821944,
      0.3025894931735036,
      0.7377507736582956,
      0.2729914498900225,
      0.7048298332862512,
      0.27950711392178507,
      0.4073126618778277
    ],
    "best_epoch": 11,
    "best_val_loss": 0.2395585037232516,
    "test_loss": 4.459859194082506,
    "tracker": {
      "initial_train_loss": 0.7931697504772605,
      "train_threshold": 0.26438991682575347,
      "best_tracking": true,
      "patience_active": true,
      "patience_best_train": null,
      "patience_best_val": 0.2395585037232516,
      "patience_no_improve_epochs": 69,
      "best_train_loss": Infinity,
      "forced_stop_due_to_threshold": false
    }
  },
  "model_files": {
    "best": "scripts/outputs/mlp_with_history-trc-value/trial_40_33f1b7/best_model.pt",
    "last": "scripts/outputs/mlp_with_history-trc-value/trial_40_33f1b7/last_model.pt"
  },
  "config_path": "/home/amoris/data-analysis-on-dbps/scripts/outputs/mlp_with_history-trc-value/trial_40_33f1b7/config.yaml"
}