{
  "model_name": "gru-other-value/trial_5_79a67c",
  "model_type": "GRU",
  "model_format": "torch",
  "model_params": {
    "history_length": 128,
    "units": 221,
    "num_layers": 4,
    "dropout": 0.4384063807335544
  },
  "training_params": {
    "max_epochs": 500,
    "batch_size": 333,
    "learning_rate": 0.00021445823612090966,
    "weight_decay": 0.0030042350411580297,
    "checkpoint_interval": 10,
    "seed": 947
  },
  "data_csv": "data/time_aligned_data.csv",
  "timestamp_column": "Date, Time",
  "columns": [
    "TRC-DT",
    "TRC-RT",
    "TRC-PPL1",
    "TRC-PPL2",
    "pH-DT",
    "pH-RT",
    "pH-PPL1",
    "pH-PPL2",
    "cond-DT",
    "cond-PPL1",
    "cond-PPL2",
    "fDOM-RT",
    "fDOM-PPL1",
    "fDOM-PPL2",
    "DO-RT",
    "DO-PPL1",
    "DO-PPL2",
    "TOC-RT",
    "TOC-PPL1",
    "TOC-PPL2",
    "DOC-RT",
    "DOC-PPL1",
    "DOC-PPL2",
    "minutes_since_start"
  ],
  "feature_columns": [
    "TRC-DT",
    "TRC-RT",
    "pH-DT",
    "pH-RT",
    "cond-DT",
    "fDOM-RT",
    "DO-RT",
    "TOC-RT",
    "DOC-RT",
    "minutes_since_start"
  ],
  "target_columns": [
    "TOC-PPL1",
    "TOC-PPL2",
    "DOC-PPL1",
    "DOC-PPL2",
    "pH-PPL1",
    "pH-PPL2"
  ],
  "split_boundaries": {
    "train_end": 7796,
    "val_end": 9466,
    "test_end": 11138
  },
  "dataset_sizes": {
    "train": 7669,
    "val": 1670,
    "test": 1672
  },
  "input_dim": 10,
  "sequence_length": 128,
  "training_history": {
    "epochs": [
      1,
      2,
      3,
      4,
      5,
      6,
      7,
      8,
      9,
      10,
      11,
      12,
      13,
      14,
      15,
      16,
      17,
      18,
      19,
      20,
      21,
      22,
      23,
      24,
      25,
      26,
      27,
      28,
      29,
      30,
      31,
      32,
      33,
      34,
      35,
      36,
      37,
      38,
      39,
      40,
      41,
      42,
      43,
      44,
      45,
      46,
      47,
      48,
      49,
      50,
      51,
      52,
      53,
      54,
      55,
      56,
      57,
      58,
      59,
      60,
      61,
      62,
      63,
      64,
      65,
      66,
      67,
      68,
      69,
      70,
      71,
      72,
      73,
      74,
      75,
      76,
      77,
      78,
      79,
      80
    ],
    "train_loss": [
      0.6210408274952381,
      0.3330842470085936,
      0.2875771207283429,
      0.26825983520203267,
      0.2589833574661734,
      0.2516673120565218,
      0.24913418279398,
      0.23974495214501326,
      0.23592155128192802,
      0.2343294580040427,
      0.23223586221346879,
      0.2271033844319514,
      0.2251798619167297,
      0.22389278729435425,
      0.2204722249728633,
      0.22034134627095817,
      0.21733676643442465,
      0.22023459734055845,
      0.21709843259705514,
      0.21192188662194975,
      0.20816211705918822,
      0.20691276336527661,
      0.20388052102398385,
      0.20407370082215048,
      0.19688853013506147,
      0.19221940930810835,
      0.1896521890489075,
      0.18593499055313215,
      0.1833716516412988,
      0.18260057205629404,
      0.18000643809462855,
      0.18067572624839756,
      0.17657639901933994,
      0.1764416865317603,
      0.17445671888696648,
      0.1824211678696605,
      0.176058177740909,
      0.1730190681162209,
      0.17253313875094217,
      0.17444252413291325,
      0.17546065075330028,
      0.1722101010280166,
      0.1745993192300972,
      0.1718048764741752,
      0.17412970950425036,
      0.1692427892249074,
      0.16993704840224172,
      0.17384678795341096,
      0.171837175686351,
      0.1688617608944834,
      0.16825674620550138,
      0.16822944170750326,
      0.17424102538504646,
      0.17883492626365402,
      0.16783705499270452,
      0.16727689952571476,
      0.16694652754024072,
      0.164801646429598,
      0.16414288920565928,
      0.16642980238677532,
      0.16556669304564872,
      0.1656190112732523,
      0.1626423160404779,
      0.16327551278518967,
      0.16128074055133673,
      0.16073263514568853,
      0.16819671065893768,
      0.1607393150065181,
      0.1601611159781711,
      0.15999384701430744,
      0.16096147037979397,
      0.16295305591415188,
      0.1599110180636182,
      0.15764367292649836,
      0.1592573674398352,
      0.1601929575853824,
      0.15486994509490842,
      0.15635138182903396,
      0.15256036050915953,
      0.15222790740524592
    ],
    "val_loss": [
      0.5117985647238658,
      0.41192582957223506,
      0.3662117467044356,
      0.38298717457020354,
      0.42355767549155,
      0.4207318833131276,
      0.38964173013935544,
      0.36377550484891424,
      0.38847596300040893,
      0.39308325369468705,
      0.36018651676570584,
      0.40941471179980715,
      0.4057951160087557,
      0.433139860594344,
      0.426861842074794,
      0.4005646210587667,
      0.42588047343278357,
      0.4428688621360385,
      0.43953517407268106,
      0.4709410008734572,
      0.4841492767908616,
      0.4894599056529428,
      0.4750915495489172,
      0.4758866269163743,
      0.5008186446513958,
      0.5823053785025359,
      0.5193528968149317,
      0.6103267148494007,
      0.6267815061895077,
      0.6460893725965194,
      0.69750578050128,
      0.5766815207318632,
      0.5586008747002322,
      0.6408656533205224,
      0.6655346869396236,
      0.6165251310713991,
      0.5973911249619758,
      0.6134274017846513,
      0.6295028818090875,
      0.5983555320226503,
      0.5727023347319957,
      0.5843073526631573,
      0.6307820288810188,
      0.7041639149144381,
      0.623247719658706,
      0.6009324781730503,
      0.634239674212333,
      0.6599478623110377,
      0.5945225703591358,
      0.6548951753509973,
      0.6670081582924207,
      0.7475602471855229,
      0.60003754035263,
      0.5919002145082651,
      0.6327841233573631,
      0.7326686743981468,
      0.656541785731644,
      0.6175355021022038,
      0.6743576912510538,
      0.641733551061082,
      0.5850805242618401,
      0.5778574488209394,
      0.6192062829069035,
      0.6261423247481535,
      0.6386279240964415,
      0.6798693428317943,
      0.6025625223081983,
      0.6483600892305017,
      0.6144639454826624,
      0.6439350578688576,
      0.6793884003813753,
      0.6471513518851674,
      0.6725205143902473,
      0.6260911802064159,
      0.7010705023825525,
      0.6230061438358473,
      0.645852110708902,
      0.6906606719343962,
      0.6571831378037344,
      0.6704822645037474
    ],
    "best_epoch": 23,
    "best_val_loss": 0.4750915495489172,
    "test_loss": 0.5131453429593852,
    "tracker": {
      "initial_train_loss": 0.6210408274952381,
      "train_threshold": 0.20701360916507938,
      "best_tracking": true,
      "patience_active": true,
      "patience_best_train": null,
      "patience_best_val": 0.4750915495489172,
      "patience_no_improve_epochs": 57,
      "best_train_loss": Infinity,
      "forced_stop_due_to_threshold": false
    }
  },
  "model_files": {
    "best": "scripts/outputs/gru-other-value/trial_5_79a67c/best_model.pt",
    "last": "scripts/outputs/gru-other-value/trial_5_79a67c/last_model.pt"
  },
  "config_path": "/home/amoris/data-analysis-on-dbps/scripts/outputs/gru-other-value/trial_5_79a67c/config.yaml"
}