{
  "model_name": "gru-other-value/trial_19_81825e",
  "model_type": "GRU",
  "model_format": "torch",
  "model_params": {
    "history_length": 110,
    "units": 120,
    "num_layers": 6,
    "dropout": 0.46949578116487234
  },
  "training_params": {
    "max_epochs": 500,
    "batch_size": 204,
    "learning_rate": 0.0007278838151175673,
    "weight_decay": 0.004209549341355345,
    "checkpoint_interval": 10,
    "seed": 947
  },
  "data_csv": "data/time_aligned_data.csv",
  "timestamp_column": "Date, Time",
  "columns": [
    "TRC-DT",
    "TRC-RT",
    "TRC-PPL1",
    "TRC-PPL2",
    "pH-DT",
    "pH-RT",
    "pH-PPL1",
    "pH-PPL2",
    "cond-DT",
    "cond-PPL1",
    "cond-PPL2",
    "fDOM-RT",
    "fDOM-PPL1",
    "fDOM-PPL2",
    "DO-RT",
    "DO-PPL1",
    "DO-PPL2",
    "TOC-RT",
    "TOC-PPL1",
    "TOC-PPL2",
    "DOC-RT",
    "DOC-PPL1",
    "DOC-PPL2",
    "minutes_since_start"
  ],
  "feature_columns": [
    "TRC-DT",
    "TRC-RT",
    "pH-DT",
    "pH-RT",
    "cond-DT",
    "fDOM-RT",
    "DO-RT",
    "TOC-RT",
    "DOC-RT",
    "minutes_since_start"
  ],
  "target_columns": [
    "TOC-PPL1",
    "TOC-PPL2",
    "DOC-PPL1",
    "DOC-PPL2",
    "pH-PPL1",
    "pH-PPL2"
  ],
  "split_boundaries": {
    "train_end": 7796,
    "val_end": 9466,
    "test_end": 11138
  },
  "dataset_sizes": {
    "train": 7687,
    "val": 1670,
    "test": 1672
  },
  "input_dim": 10,
  "sequence_length": 110,
  "training_history": {
    "epochs": [
      1,
      2,
      3,
      4,
      5,
      6,
      7,
      8,
      9,
      10,
      11,
      12,
      13,
      14,
      15,
      16,
      17,
      18,
      19,
      20,
      21,
      22,
      23,
      24,
      25,
      26,
      27,
      28,
      29,
      30,
      31,
      32,
      33,
      34,
      35,
      36,
      37,
      38,
      39,
      40,
      41,
      42,
      43,
      44,
      45,
      46,
      47,
      48,
      49,
      50,
      51,
      52,
      53,
      54,
      55,
      56,
      57,
      58,
      59,
      60,
      61,
      62,
      63,
      64,
      65,
      66,
      67,
      68,
      69,
      70,
      71,
      72,
      73,
      74,
      75,
      76,
      77,
      78,
      79,
      80
    ],
    "train_loss": [
      0.49418377304815325,
      0.33160433677574336,
      0.2714688891945478,
      0.2563954098483312,
      0.25080608193006226,
      0.24447433857718043,
      0.24511724256470468,
      0.24448494902974657,
      0.2390704430001012,
      0.23835406212335572,
      0.24018390190001193,
      0.23722024734361097,
      0.233857220727662,
      0.23037135242423326,
      0.22126592634650655,
      0.21406081978910624,
      0.2123693773510615,
      0.20611232908592123,
      0.20580022577092166,
      0.20486248829972067,
      0.20434996224208044,
      0.2022617771335676,
      0.2027849493235935,
      0.2002456583304633,
      0.20152194941634705,
      0.19940050048854177,
      0.20046284038990764,
      0.2033834922111312,
      0.20170718588490347,
      0.19779875788062762,
      0.19952751408631925,
      0.19581700060276708,
      0.19496902218058218,
      0.19809794298993358,
      0.19694364053833635,
      0.19156805842172747,
      0.19438882818787465,
      0.19256910847465317,
      0.19231611881824312,
      0.19433800998265371,
      0.18972481118813903,
      0.1902453983397637,
      0.1917710676333739,
      0.18797510300576492,
      0.19049503810968357,
      0.18644314295637354,
      0.1857486603275393,
      0.18380505684775308,
      0.18655982462167583,
      0.18789339635079683,
      0.18398843707011087,
      0.18435819650388002,
      0.18292711767632985,
      0.18545988331004518,
      0.18325412700456,
      0.1833472471038216,
      0.18178385064050437,
      0.18299324840357636,
      0.17905599763198932,
      0.18147702636086957,
      0.18148235976889862,
      0.17968582387427692,
      0.18113258898188422,
      0.17982653311244282,
      0.1857780415985912,
      0.1799169529320996,
      0.17886174570503013,
      0.18016882693215466,
      0.17868212973465145,
      0.17800890666634886,
      0.17842583827014333,
      0.17832988793113008,
      0.18093535377344386,
      0.1803689800601206,
      0.1761750288300882,
      0.1768164025166262,
      0.17456657828815708,
      0.1787599023900169,
      0.18131411012203466,
      0.17920794059330175
    ],
    "val_loss": [
      0.5020111003678716,
      0.42755999693613567,
      0.37738863383224625,
      0.36220872023862277,
      0.3930241137921453,
      0.4200175385632201,
      0.4069654113875178,
      0.458062516019016,
      0.40861366194879223,
      0.4600705932714268,
      0.4226642589012306,
      0.4765821340376745,
      0.46925325832681025,
      0.5024472816261703,
      0.4638579475308607,
      0.5287935633859234,
      0.5624244199006143,
      0.5087619253618275,
      0.6297591856496777,
      0.48021260599890153,
      0.5539131082460552,
      0.6289596251563397,
      0.4980221612010887,
      0.6508689837898323,
      0.6531936867508346,
      0.6635671351127281,
      0.6803312337505604,
      0.5192303225665749,
      0.6464926716096387,
      0.586751964456307,
      0.5315688383079574,
      0.6283751995085243,
      0.6665186517074436,
      0.5749911506375867,
      0.6162924560244212,
      0.6308128288763012,
      0.7551856660914278,
      0.6540123497654577,
      0.581646779661407,
      0.549526174732311,
      0.6716566597987078,
      0.6498608838655278,
      0.7437084066475222,
      0.6744131419116152,
      0.6168632594411244,
      0.6731336278472831,
      0.6861192683081427,
      0.7337828934728029,
      0.7424378335119007,
      0.763906706878525,
      0.7016171597792003,
      0.7342288696301912,
      0.6597122809130275,
      0.7361595751996526,
      0.7561260063312725,
      0.6824280999199359,
      0.6719508323662295,
      0.6982706917438678,
      0.7521574324119591,
      0.6771619133963557,
      0.7243374917143119,
      0.6838466683012283,
      0.6841175503002669,
      0.6073389180049211,
      0.7218893580272526,
      0.7096587288879349,
      0.7008087092174028,
      0.6976197805947173,
      0.6891630067975222,
      0.6965240723894028,
      0.7497827636089154,
      0.6993835670505455,
      0.706741314591048,
      0.6918963283478857,
      0.6979739434526352,
      0.6956200966934958,
      0.7393690639984108,
      0.7074531030869056,
      0.6978606599176715,
      0.6731703830514839
    ],
    "best_epoch": 80,
    "best_val_loss": 0.6731703830514839,
    "test_loss": 0.5993640908178245,
    "tracker": {
      "initial_train_loss": 0.49418377304815325,
      "train_threshold": 0.1647279243493844,
      "best_tracking": false,
      "patience_active": true,
      "patience_best_train": null,
      "patience_best_val": 0.5315688383079574,
      "patience_no_improve_epochs": 50,
      "best_train_loss": Infinity,
      "forced_stop_due_to_threshold": false
    }
  },
  "model_files": {
    "best": "scripts/outputs/gru-other-value/trial_19_81825e/best_model.pt",
    "last": "scripts/outputs/gru-other-value/trial_19_81825e/last_model.pt"
  },
  "config_path": "/home/amoris/data-analysis-on-dbps/scripts/outputs/gru-other-value/trial_19_81825e/config.yaml"
}