{
  "model_name": "rnn-other-value/trial_3_129fcb",
  "model_type": "RNN",
  "model_format": "torch",
  "model_params": {
    "history_length": 37,
    "units": 159,
    "num_layers": 5,
    "dropout": 0.31014306299558986
  },
  "training_params": {
    "max_epochs": 500,
    "batch_size": 109,
    "learning_rate": 0.0007547769889987555,
    "weight_decay": 0.002455547400547686,
    "checkpoint_interval": 10,
    "seed": 947
  },
  "data_csv": "data/time_aligned_data.csv",
  "timestamp_column": "Date, Time",
  "columns": [
    "TRC-DT",
    "TRC-RT",
    "TRC-PPL1",
    "TRC-PPL2",
    "pH-DT",
    "pH-RT",
    "pH-PPL1",
    "pH-PPL2",
    "cond-DT",
    "cond-PPL1",
    "cond-PPL2",
    "fDOM-RT",
    "fDOM-PPL1",
    "fDOM-PPL2",
    "DO-RT",
    "DO-PPL1",
    "DO-PPL2",
    "TOC-RT",
    "TOC-PPL1",
    "TOC-PPL2",
    "DOC-RT",
    "DOC-PPL1",
    "DOC-PPL2",
    "minutes_since_start"
  ],
  "feature_columns": [
    "TRC-DT",
    "TRC-RT",
    "pH-DT",
    "pH-RT",
    "cond-DT",
    "fDOM-RT",
    "DO-RT",
    "TOC-RT",
    "DOC-RT",
    "minutes_since_start"
  ],
  "target_columns": [
    "TOC-PPL1",
    "TOC-PPL2",
    "DOC-PPL1",
    "DOC-PPL2",
    "pH-PPL1",
    "pH-PPL2"
  ],
  "split_boundaries": {
    "train_end": 7796,
    "val_end": 9466,
    "test_end": 11138
  },
  "dataset_sizes": {
    "train": 7760,
    "val": 1670,
    "test": 1672
  },
  "input_dim": 10,
  "sequence_length": 37,
  "training_history": {
    "epochs": [
      1,
      2,
      3,
      4,
      5,
      6,
      7,
      8,
      9,
      10,
      11,
      12,
      13,
      14,
      15,
      16,
      17,
      18,
      19,
      20,
      21,
      22,
      23,
      24,
      25,
      26,
      27,
      28,
      29,
      30,
      31,
      32,
      33,
      34,
      35,
      36,
      37,
      38,
      39,
      40,
      41,
      42,
      43,
      44,
      45,
      46,
      47,
      48,
      49,
      50,
      51,
      52,
      53,
      54,
      55,
      56,
      57,
      58,
      59,
      60,
      61,
      62,
      63,
      64,
      65,
      66,
      67,
      68,
      69,
      70,
      71,
      72,
      73,
      74,
      75,
      76,
      77,
      78,
      79,
      80,
      81,
      82,
      83,
      84,
      85,
      86,
      87,
      88,
      89,
      90
    ],
    "train_loss": [
      0.34467089417361724,
      0.24271399601141816,
      0.20181377814967455,
      0.186253319310082,
      0.19221715376971615,
      0.17440391267006544,
      0.1663226610798504,
      0.15785503914272508,
      0.1550586207865824,
      0.14498603108924688,
      0.15870114632008464,
      0.17675684748851148,
      0.15146430268710884,
      0.1348709594035886,
      0.144435723060646,
      0.14201735868070697,
      0.1392452666190328,
      0.14476769593995564,
      0.16472384325929523,
      0.13096073487120652,
      0.15809630130888108,
      0.13817881114262434,
      0.14373210384270427,
      0.12653928470039336,
      0.15174332312260247,
      0.13991872009523598,
      0.13255663140456087,
      0.12933407988322457,
      0.13186694378628558,
      0.12579269038090848,
      0.13892072205018904,
      0.13570928904467944,
      0.12656915938846536,
      0.1214689246302029,
      0.12857953078622364,
      0.12198188321031246,
      0.12535507391331738,
      0.12078895345618276,
      0.12397172539350913,
      0.14244017654684246,
      0.11955510369242774,
      0.11783114154103029,
      0.11914513557477249,
      0.11659014419143654,
      0.11415005097184906,
      0.116637652401918,
      0.11490482218160304,
      0.11215657606317671,
      0.11015213139681626,
      0.10964693164491315,
      0.10982273989501073,
      0.10818103671112318,
      0.10981507145694082,
      0.11076007519570208,
      0.1535254624710639,
      0.11740911398274997,
      0.10408774073878975,
      0.10566913211698999,
      0.09838315221413817,
      0.10208841557758525,
      0.1018391267118073,
      0.11760400174780912,
      0.11309469605402388,
      0.09976217646017363,
      0.09720372817594289,
      0.09962752963483487,
      0.09452840038047162,
      0.1032362760611109,
      0.09183980628137582,
      0.10864447931058167,
      0.09271896112153365,
      0.09215919001258371,
      0.08966622780144368,
      0.0970061837695539,
      0.09347213376985536,
      0.09707595483716769,
      0.09184387662572806,
      0.08985620476161466,
      0.08958855923265219,
      0.08822623114293614,
      0.10242103378710904,
      0.11342007449549651,
      0.09031110818584248,
      0.11779356043036912,
      0.11787150555491908,
      0.08569405530435369,
      0.08663430226505878,
      0.08169345253857678,
      0.10307819929415571,
      0.08253001738531687
    ],
    "val_loss": [
      0.4008950213650743,
      0.4341596236575149,
      0.6244381053228222,
      0.5655010777676177,
      0.5305477249497426,
      0.5576230322953292,
      0.579000050940378,
      0.533192833827552,
      0.5569468246293282,
      0.5681503823595846,
      0.6482430031177348,
      0.5977158358197905,
      0.6159496035716848,
      0.6244708357724601,
      0.6523394226760207,
      0.6688496242137905,
      0.6611841908405105,
      0.6341421203275105,
      0.6640883123959431,
      0.6925937644066568,
      0.6831172521778209,
      0.7099211334379133,
      0.707144259382597,
      0.699651113687875,
      0.7433586193639005,
      0.7445474566099887,
      0.7505116344345901,
      0.7239756568440956,
      0.6942884666187142,
      0.7518132282275997,
      0.7048965538333276,
      0.7496829936403536,
      0.7229798288067836,
      0.7559589366489898,
      0.7532572716251462,
      0.8212110954308938,
      0.7318280606480416,
      0.7771541524477704,
      0.7422163222431244,
      0.7016352442433377,
      0.7360104123230823,
      0.771231530736128,
      0.7060874473772006,
      0.7977378486449311,
      0.7820575692250343,
      0.7715240662103284,
      0.8096708602801769,
      0.7600729830250769,
      0.7749721998047686,
      0.8520503156288656,
      0.8257854177097896,
      0.823987155300593,
      0.8667066044057022,
      0.8184390985724812,
      0.7494506852511695,
      0.7776983300592014,
      0.7776457653274972,
      0.8187760030081173,
      0.8694690063863457,
      0.8536516195955034,
      0.9175144766462956,
      0.7424199440432879,
      0.8927491537378933,
      0.8561096159150143,
      0.901244971477343,
      0.8649976952681819,
      0.9213626372890023,
      0.8705931918907487,
      0.8477690734036133,
      0.8884711373508155,
      0.8117345311907594,
      0.8536076870551723,
      0.9109310995608925,
      0.8444646092990559,
      0.9082340186049125,
      0.8775221823597561,
      0.8673669861908444,
      0.8387406251521524,
      0.8580224675667322,
      0.9235294366824234,
      0.8887236577955013,
      0.8166517590289701,
      0.8672298323273837,
      0.8169032479920787,
      0.8809721140402876,
      0.8648627749103271,
      0.8794653284514021,
      0.8856816517401063,
      0.876941192942019,
      0.849131603873597
    ],
    "best_epoch": 62,
    "best_val_loss": 0.7424199440432879,
    "test_loss": 0.6258006619565795,
    "tracker": {
      "initial_train_loss": 0.34467089417361724,
      "train_threshold": 0.11489029805787242,
      "best_tracking": true,
      "patience_active": true,
      "patience_best_train": null,
      "patience_best_val": 0.7016352442433377,
      "patience_no_improve_epochs": 50,
      "best_train_loss": Infinity,
      "forced_stop_due_to_threshold": false
    }
  },
  "model_files": {
    "best": "scripts/outputs/rnn-other-value/trial_3_129fcb/best_model.pt",
    "last": "scripts/outputs/rnn-other-value/trial_3_129fcb/last_model.pt"
  },
  "config_path": "/home/amoris/data-analysis-on-dbps/scripts/outputs/rnn-other-value/trial_3_129fcb/config.yaml"
}