{
  "model_name": "gru-trc-rate/trial_49_937efc",
  "model_type": "GRU",
  "model_format": "torch",
  "model_params": {
    "history_length": 111,
    "units": 233,
    "num_layers": 6,
    "dropout": 0.3299247553099214
  },
  "training_params": {
    "max_epochs": 500,
    "batch_size": 321,
    "learning_rate": 0.0009554351692620894,
    "weight_decay": 0.00021000717891699977,
    "checkpoint_interval": 10,
    "seed": 947
  },
  "data_csv": "data/time_aligned_data.csv",
  "timestamp_column": "Date, Time",
  "columns": [
    "TRC-DT",
    "TRC-RT",
    "TRC-PPL1",
    "TRC-PPL2",
    "pH-DT",
    "pH-RT",
    "pH-PPL1",
    "pH-PPL2",
    "cond-DT",
    "cond-PPL1",
    "cond-PPL2",
    "fDOM-RT",
    "fDOM-PPL1",
    "fDOM-PPL2",
    "DO-RT",
    "DO-PPL1",
    "DO-PPL2",
    "TOC-RT",
    "TOC-PPL1",
    "TOC-PPL2",
    "DOC-RT",
    "DOC-PPL1",
    "DOC-PPL2",
    "minutes_since_start"
  ],
  "feature_columns": [
    "TRC-DT",
    "TRC-RT",
    "pH-DT",
    "pH-RT",
    "cond-DT",
    "fDOM-RT",
    "DO-RT",
    "TOC-RT",
    "DOC-RT",
    "minutes_since_start"
  ],
  "target_columns": [
    "TRC-PPL1",
    "TRC-PPL2"
  ],
  "target_mode": "rate",
  "target_base_columns": [
    "TRC-RT",
    "TRC-RT"
  ],
  "split_boundaries": {
    "train_end": 7796,
    "val_end": 9466,
    "test_end": 11138
  },
  "dataset_sizes": {
    "train": 7686,
    "val": 1670,
    "test": 1672
  },
  "input_dim": 10,
  "sequence_length": 111,
  "training_history": {
    "epochs": [
      1,
      2,
      3,
      4,
      5,
      6,
      7,
      8,
      9,
      10,
      11,
      12,
      13,
      14,
      15,
      16,
      17,
      18,
      19,
      20,
      21,
      22,
      23,
      24,
      25,
      26,
      27,
      28,
      29,
      30,
      31,
      32,
      33,
      34,
      35,
      36,
      37,
      38,
      39,
      40,
      41,
      42,
      43,
      44,
      45,
      46,
      47,
      48,
      49,
      50,
      51,
      52,
      53,
      54,
      55,
      56,
      57,
      58,
      59,
      60,
      61,
      62,
      63,
      64,
      65,
      66,
      67,
      68,
      69,
      70,
      71,
      72,
      73,
      74,
      75,
      76,
      77,
      78,
      79,
      80
    ],
    "train_loss": [
      0.402379718733476,
      0.15673816607716864,
      0.1011944754364712,
      0.06337681740440958,
      0.05041021637758131,
      0.046494698403497674,
      0.044191912559619365,
      0.03995088927569936,
      0.03511168485671677,
      0.03269802670850245,
      0.03230559538648545,
      0.03142028691568452,
      0.028372103913274944,
      0.028395325060320217,
      0.029261540795278727,
      0.027241975761903486,
      0.024765396996704422,
      0.024054364501196922,
      0.0243999224358255,
      0.0225400534813975,
      0.02353470470642876,
      0.0229474971576897,
      0.023966051702104817,
      0.024945522412064484,
      0.022431054164180758,
      0.019873322781602868,
      0.02059916298033831,
      0.02160697519069626,
      0.020748632692475275,
      0.019950770209547043,
      0.020882541022956325,
      0.023491024793613525,
      0.02171506106222425,
      0.01927634577392648,
      0.020479542675088572,
      0.01978494632541319,
      0.019661342108638187,
      0.020699141306437664,
      0.02043929009114528,
      0.018407079543130273,
      0.018156393306078294,
      0.018328651361266306,
      0.01906585893219309,
      0.019109715509848562,
      0.01916208527153423,
      0.019236145483636696,
      0.03094914113225926,
      0.03693041179960217,
      0.021847698931305275,
      0.019994679080128995,
      0.018432854028428838,
      0.020014669472071037,
      0.018462104657424976,
      0.017225499268894568,
      0.01777132229107395,
      0.018357150026892984,
      0.01982075415564749,
      0.02075795450732752,
      0.019959551312035178,
      0.019014637915099115,
      0.01833044846631604,
      0.017627007154941234,
      0.017541480574910992,
      0.01706283522666571,
      0.01717218230489371,
      0.017786149340874396,
      0.017411111849654614,
      0.01798703768388728,
      0.018296427746317193,
      0.01757583420892347,
      0.018367296597316198,
      0.01807900270844092,
      0.017357794412358678,
      0.018040935295887704,
      0.020300822364490632,
      0.0185636532842636,
      0.01794376720621263,
      0.016468252454121698,
      0.01752791452315359,
      0.016785519294277892
    ],
    "val_loss": [
      0.3142955799391884,
      0.3524279293453622,
      0.22668037773472463,
      0.2807612007338844,
      0.24464823076735714,
      0.2907207068747389,
      0.45417978174449086,
      0.362415118122886,
      0.5024219142473833,
      1.2025920545593083,
      0.714232758298784,
      0.8060033263582848,
      1.2720923523836865,
      1.5978327388735767,
      2.110048909857869,
      2.9153632074337965,
      2.0297572657923233,
      3.0634092191211924,
      2.52269733722383,
      1.8642123129765342,
      1.7087862359705621,
      2.4089700800974567,
      1.050558807968558,
      1.0863869839598854,
      0.7673576135355644,
      0.826230530346002,
      1.0631730771116066,
      1.4203993233378063,
      0.825086190907318,
      0.7400820949276585,
      1.4857809866449523,
      1.56570181863349,
      1.0337316725391916,
      0.8346573502528007,
      1.0086880745812359,
      1.02546324002484,
      1.0166792031132175,
      1.0258202938340648,
      0.897596209299957,
      1.2366432706909087,
      0.5425976485404337,
      0.7365665110898857,
      0.4321433842171006,
      0.5119900017753689,
      0.49920601258779357,
      0.6754345974042834,
      0.6550798611246986,
      0.322733026930315,
      0.3332437688139027,
      0.3115159130816956,
      0.30391153377553304,
      0.29192190082174935,
      0.30307999905868027,
      0.29397852683696385,
      0.2869927856468869,
      0.30400889160635763,
      0.28393060026277683,
      0.3867611504723123,
      0.30446751039296743,
      0.45147217623666375,
      0.30768184966022916,
      0.3447010416437141,
      0.32467855765501,
      0.35647292687128224,
      0.49099198802859484,
      0.37306025134187615,
      0.49869034468101525,
      0.4928299547245581,
      0.3749121177707336,
      0.30368178149763336,
      0.5655185323543177,
      0.2920526193265251,
      0.3044320890847259,
      0.2795430626619808,
      0.7050568179634517,
      0.47528691722782784,
      0.28797934707142636,
      0.25633437598269143,
      0.32225125484213146,
      0.30860934874410934
    ],
    "best_epoch": 3,
    "best_val_loss": 0.22668037773472463,
    "best_val_abs_mse": 0.3607397973537445,
    "test_loss": 4.417100500832334,
    "test_abs_mse": 43.144325256347656,
    "tracker": {
      "initial_train_loss": 0.402379718733476,
      "train_threshold": 0.13412657291115868,
      "best_tracking": true,
      "patience_active": true,
      "patience_best_train": null,
      "patience_best_val": 0.22668037773472463,
      "patience_no_improve_epochs": 78,
      "best_train_loss": Infinity,
      "forced_stop_due_to_threshold": false
    }
  },
  "model_files": {
    "best": "scripts/outputs/gru-trc-rate/trial_49_937efc/best_model.pt",
    "last": "scripts/outputs/gru-trc-rate/trial_49_937efc/last_model.pt"
  },
  "config_path": "/home/amoris/data-analysis-on-dbps/scripts/outputs/gru-trc-rate/trial_49_937efc/config.yaml"
}