{
  "model_name": "lstm-trc-rate/trial_32_6296a0",
  "model_type": "LSTM",
  "model_format": "torch",
  "model_params": {
    "history_length": 204,
    "units": 269,
    "num_layers": 3,
    "dropout": 0.4313212559629288
  },
  "training_params": {
    "max_epochs": 500,
    "batch_size": 217,
    "learning_rate": 0.0009304702371715882,
    "weight_decay": 0.0008633128475970903,
    "checkpoint_interval": 10,
    "seed": 947
  },
  "data_csv": "data/time_aligned_data.csv",
  "timestamp_column": "Date, Time",
  "columns": [
    "TRC-DT",
    "TRC-RT",
    "TRC-PPL1",
    "TRC-PPL2",
    "pH-DT",
    "pH-RT",
    "pH-PPL1",
    "pH-PPL2",
    "cond-DT",
    "cond-PPL1",
    "cond-PPL2",
    "fDOM-RT",
    "fDOM-PPL1",
    "fDOM-PPL2",
    "DO-RT",
    "DO-PPL1",
    "DO-PPL2",
    "TOC-RT",
    "TOC-PPL1",
    "TOC-PPL2",
    "DOC-RT",
    "DOC-PPL1",
    "DOC-PPL2",
    "minutes_since_start"
  ],
  "feature_columns": [
    "TRC-DT",
    "TRC-RT",
    "pH-DT",
    "pH-RT",
    "cond-DT",
    "fDOM-RT",
    "DO-RT",
    "TOC-RT",
    "DOC-RT",
    "minutes_since_start"
  ],
  "target_columns": [
    "TRC-PPL1",
    "TRC-PPL2"
  ],
  "target_mode": "rate",
  "target_base_columns": [
    "TRC-RT",
    "TRC-RT"
  ],
  "split_boundaries": {
    "train_end": 7796,
    "val_end": 9466,
    "test_end": 11138
  },
  "dataset_sizes": {
    "train": 7593,
    "val": 1670,
    "test": 1672
  },
  "input_dim": 10,
  "sequence_length": 204,
  "training_history": {
    "epochs": [
      1,
      2,
      3,
      4,
      5,
      6,
      7,
      8,
      9,
      10,
      11,
      12,
      13,
      14,
      15,
      16,
      17,
      18,
      19,
      20,
      21,
      22,
      23,
      24,
      25,
      26,
      27,
      28,
      29,
      30,
      31,
      32,
      33,
      34,
      35,
      36,
      37,
      38,
      39,
      40,
      41,
      42,
      43,
      44,
      45,
      46,
      47,
      48,
      49,
      50,
      51,
      52,
      53,
      54,
      55,
      56,
      57,
      58,
      59,
      60,
      61,
      62,
      63,
      64,
      65,
      66,
      67,
      68,
      69,
      70,
      71,
      72,
      73,
      74,
      75,
      76,
      77,
      78,
      79,
      80
    ],
    "train_loss": [
      0.33465585633121303,
      0.09142999658742536,
      0.05195161537411388,
      0.04571908569567119,
      0.039440889499250426,
      0.03283154268573784,
      0.035080305700877605,
      0.034271967512550884,
      0.03170474822109598,
      0.030086304079881068,
      0.02847260456342369,
      0.05338695353412446,
      0.03810599440728136,
      0.03227224156955211,
      0.028712203584628098,
      0.030357151273743492,
      0.02884985639370392,
      0.03121401075468529,
      0.03393466389411392,
      0.030166457210805173,
      0.025890420792124166,
      0.024700468905288743,
      0.024375032126976146,
      0.023630844796120327,
      0.0263668479768067,
      0.02822659314576579,
      0.023780083332844173,
      0.022835635426435234,
      0.024975462885465323,
      0.021418383712974144,
      0.022835852071470177,
      0.026398159322646175,
      0.025064662845610756,
      0.02308907084869574,
      0.023328710493619273,
      0.022187493236417295,
      0.020570845525315844,
      0.019931171214273995,
      0.020412366560675143,
      0.020627201163529736,
      0.02028904165118348,
      0.022244855424716242,
      0.036433352862742206,
      0.028832336902435897,
      0.02519458989494641,
      0.022186642316185123,
      0.021517071974508285,
      0.021584018652781062,
      0.024677162065397495,
      0.025098022421358068,
      0.020334047837538335,
      0.02224762177338411,
      0.021713426659475135,
      0.020180068556261043,
      0.019361393259543606,
      0.019983915651841908,
      0.02063546689190672,
      0.02153562797420144,
      0.02202644422194059,
      0.019854733615919377,
      0.020578121765466778,
      0.01968944048928238,
      0.020491649682872634,
      0.02091132984572086,
      0.019794385800260526,
      0.020425365880832328,
      0.024798899969086297,
      0.024307365643921993,
      0.019572624902233694,
      0.019082981275474777,
      0.018672419890533726,
      0.03385401345925825,
      0.024053099987019936,
      0.021269501211315718,
      0.019895008341631885,
      0.019897751387978484,
      0.020328653135395686,
      0.02101690646486172,
      0.022190547384244173,
      0.021151622005437933
    ],
    "val_loss": [
      0.5024392103051354,
      0.19915455558342848,
      0.19834209697845276,
      0.21107635530057603,
      0.22867217422713956,
      0.3314867754115494,
      0.24269025881668765,
      0.24616125840693712,
      0.24360398060257385,
      0.2512977572169133,
      0.24430590875692174,
      0.2262642696209832,
      0.2506350203690504,
      0.26174826316513167,
      0.2828697603184752,
      0.29777304700012514,
      0.28206076018155335,
      0.27743592942858525,
      0.2368830165831361,
      0.2554658988412626,
      0.29072200585335134,
      0.3117161992234652,
      0.3275645158437644,
      0.3111025897942171,
      0.2889099090677982,
      0.3176968646330569,
      0.3186353934438018,
      0.3286684789767344,
      0.32083009537644014,
      0.3346525909066825,
      0.32900502665671044,
      0.3332424666041029,
      0.332415557045958,
      0.3320595566763314,
      0.33188950830546327,
      0.34153071599538454,
      0.35160492269467275,
      0.3459988635613354,
      0.354457640221822,
      0.34077847302852277,
      0.35072049080076334,
      0.35869421673503643,
      0.3503749655459277,
      0.34284915620918405,
      0.3674410415400645,
      0.3495019771470995,
      0.3452987963969479,
      0.35606264723743686,
      0.35215275709009813,
      0.3389499584625581,
      0.34460458814607053,
      0.362629802501621,
      0.3695299990162878,
      0.36557148166870823,
      0.3563041217435531,
      0.38587496896346885,
      0.3643722498677894,
      0.38780678346150826,
      0.3666370046018305,
      0.3625635251146323,
      0.36444686556759176,
      0.38080111100689734,
      0.41595698447262275,
      0.3786956001976561,
      0.38700767122655216,
      0.36588198885009315,
      0.33624110349571096,
      0.3721642179314248,
      0.3688128771249227,
      0.3835913812239727,
      0.37558793393437734,
      0.3542730224056694,
      0.3420348682546776,
      0.3654830909663153,
      0.35558411118513095,
      0.35865674787898083,
      0.36393159045475326,
      0.35694472556766454,
      0.36537387439211505,
      0.37440744254091185
    ],
    "best_epoch": 3,
    "best_val_loss": 0.19834209697845276,
    "best_val_abs_mse": 0.2678109109401703,
    "test_loss": 4.743326392042579,
    "test_abs_mse": 44.921730041503906,
    "tracker": {
      "initial_train_loss": 0.33465585633121303,
      "train_threshold": 0.11155195211040435,
      "best_tracking": true,
      "patience_active": true,
      "patience_best_train": null,
      "patience_best_val": 0.19834209697845276,
      "patience_no_improve_epochs": 77,
      "best_train_loss": Infinity,
      "forced_stop_due_to_threshold": false
    }
  },
  "model_files": {
    "best": "scripts/outputs/lstm-trc-rate/trial_32_6296a0/best_model.pt",
    "last": "scripts/outputs/lstm-trc-rate/trial_32_6296a0/last_model.pt"
  },
  "config_path": "/home/amoris/data-analysis-on-dbps/scripts/outputs/lstm-trc-rate/trial_32_6296a0/config.yaml"
}