{
  "model_name": "mlp_with_history-trc-value/trial_21_0703b2",
  "model_type": "MLP_WITH_HISTORY",
  "model_format": "torch",
  "model_params": {
    "history_length": 44,
    "hidden_layers": [
      4096,
      3072,
      2048,
      1024,
      768,
      512,
      256,
      128
    ],
    "dropout": 0.24858690221008103,
    "mid_layer_count": 2,
    "mid_layer_size": 808
  },
  "training_params": {
    "max_epochs": 500,
    "batch_size": 429,
    "learning_rate": 0.0013200359272459278,
    "weight_decay": 4.1281226781451284e-05,
    "checkpoint_interval": 10,
    "seed": 77
  },
  "data_csv": "data/time_aligned_data.csv",
  "timestamp_column": "Date, Time",
  "columns": [
    "TRC-DT",
    "TRC-RT",
    "TRC-PPL1",
    "TRC-PPL2",
    "pH-DT",
    "pH-RT",
    "pH-PPL1",
    "pH-PPL2",
    "cond-DT",
    "cond-PPL1",
    "cond-PPL2",
    "fDOM-RT",
    "fDOM-PPL1",
    "fDOM-PPL2",
    "DO-RT",
    "DO-PPL1",
    "DO-PPL2",
    "TOC-RT",
    "TOC-PPL1",
    "TOC-PPL2",
    "DOC-RT",
    "DOC-PPL1",
    "DOC-PPL2",
    "minutes_since_start"
  ],
  "feature_columns": [
    "TRC-DT",
    "TRC-RT",
    "pH-DT",
    "pH-RT",
    "cond-DT",
    "fDOM-RT",
    "DO-RT",
    "TOC-RT",
    "DOC-RT",
    "minutes_since_start"
  ],
  "target_columns": [
    "TRC-PPL1",
    "TRC-PPL2"
  ],
  "split_boundaries": {
    "train_end": 7796,
    "val_end": 9466,
    "test_end": 11138
  },
  "dataset_sizes": {
    "train": 7753,
    "val": 1670,
    "test": 1672
  },
  "input_dim": 440,
  "sequence_length": null,
  "training_history": {
    "epochs": [
      1,
      2,
      3,
      4,
      5,
      6,
      7,
      8,
      9,
      10,
      11,
      12,
      13,
      14,
      15,
      16,
      17,
      18,
      19,
      20,
      21,
      22,
      23,
      24,
      25,
      26,
      27,
      28,
      29,
      30,
      31,
      32,
      33,
      34,
      35,
      36,
      37,
      38,
      39,
      40,
      41,
      42,
      43,
      44,
      45,
      46,
      47,
      48,
      49,
      50,
      51,
      52,
      53,
      54,
      55,
      56,
      57,
      58,
      59,
      60,
      61,
      62,
      63,
      64,
      65,
      66,
      67,
      68,
      69,
      70,
      71,
      72,
      73,
      74,
      75,
      76,
      77,
      78,
      79,
      80
    ],
    "train_loss": [
      0.9217406957822663,
      0.5031550477204685,
      0.22633808478472786,
      0.14976154474978076,
      0.13034535740731257,
      0.14238883394305435,
      0.10559334879238713,
      0.10148062456654346,
      0.09353447021568388,
      0.08572179180584721,
      0.10997277656905223,
      0.09161136568545926,
      0.07118416670938084,
      0.07267868266856918,
      0.07838249897497108,
      0.0717635119037637,
      0.07205177710617294,
      0.06808500334728107,
      0.07085871643857788,
      0.08308625572255222,
      0.06290350166806156,
      0.056797383040551076,
      0.06069934998088639,
      0.057676291856499126,
      0.05615487101711367,
      0.0912043286972041,
      0.06558878720719614,
      0.08657096802955763,
      0.07132023171370727,
      0.058884044609676556,
      0.06759805733876875,
      0.051460545374553586,
      0.05635928492534242,
      0.06443787581942842,
      0.05468979385338736,
      0.07396097476686045,
      0.052289465498758195,
      0.04995014168121239,
      0.04942352997107143,
      0.047662414187068375,
      0.052543600260784716,
      0.04877227337474279,
      0.05340801619399783,
      0.04750702109086457,
      0.05227929784238961,
      0.05122119720795071,
      0.046369412668624974,
      0.04814133063577597,
      0.04736224989355471,
      0.04274241660522074,
      0.043901874373756915,
      0.04101198567487141,
      0.039717420569011876,
      0.049177933558312355,
      0.0547359917737139,
      0.04806827962702203,
      0.044179692097064925,
      0.04294272342774386,
      0.04209254468867706,
      0.045458027741497105,
      0.04265166677397158,
      0.041034681151691794,
      0.03966170439214825,
      0.04204225465371834,
      0.03793701620893326,
      0.03890157314097898,
      0.03830132574250463,
      0.03583482010142274,
      0.03578538913748256,
      0.035434879720312895,
      0.0356318171820909,
      0.036952464824608955,
      0.03668150303585751,
      0.03917047994899147,
      0.03777613771646181,
      0.04004268064627905,
      0.04112433251216921,
      0.03970162638803151,
      0.039307545450107985,
      0.03744109429915874
    ],
    "val_loss": [
      0.35214262579060246,
      0.24487842452561784,
      0.45955237136807986,
      0.2291864772433203,
      0.3084316704043014,
      0.2627623149812846,
      0.3092417164287435,
      0.3105629150705512,
      0.4149433476671933,
      0.4056724747665182,
      0.2857246354300373,
      0.5975783209868534,
      0.467596815665905,
      0.5382159750027482,
      0.4650508237244216,
      0.5312464039817363,
      0.5474016339010642,
      0.4399439983928721,
      0.6087879416906459,
      0.4705707961202649,
      0.536994887911854,
      0.5145854879940253,
      0.6335435879980019,
      0.673004858415507,
      0.4974098185199999,
      0.4127139838412404,
      0.49028575522100143,
      0.41761520245742656,
      0.46741355642520205,
      0.521625831806865,
      0.371124143056393,
      0.554702476628437,
      0.4659253003309944,
      0.5385739431499007,
      0.48773989851982474,
      0.6512981700303847,
      0.46830056338253134,
      0.47998811962741045,
      0.7172778554706873,
      0.45844357402738695,
      0.6866162503930088,
      0.5930329924192793,
      0.3378081864102961,
      0.6601586591084293,
      0.39738051569211985,
      0.3783683228010903,
      0.38746267652730204,
      0.5571654336593911,
      0.3736996934721302,
      0.3810092758420788,
      0.27272855168108096,
      0.41902440402790636,
      0.498215215374342,
      0.3408417408873221,
      0.4169350717506723,
      0.454740204923078,
      0.36883840077740704,
      0.4320827645400238,
      0.3967487625889257,
      0.5252951734604504,
      0.3566591486591333,
      0.37854471123124844,
      0.45865029834746246,
      0.37374061237418366,
      0.43058967874524834,
      0.5378120983621764,
      0.3827159605418404,
      0.34905698118720224,
      0.35743456227805265,
      0.3266047019266083,
      0.39597148771905255,
      0.34276448984569063,
      0.29862733926110996,
      0.2994901506944063,
      0.4760086974999059,
      0.42331727446240935,
      0.28276260310148227,
      0.281430370752103,
      0.37346670640866736,
      0.2816694801215997
    ],
    "best_epoch": 4,
    "best_val_loss": 0.2291864772433203,
    "test_loss": 5.164624403181829,
    "tracker": {
      "initial_train_loss": 0.9217406957822663,
      "train_threshold": 0.30724689859408877,
      "best_tracking": true,
      "patience_active": true,
      "patience_best_train": null,
      "patience_best_val": 0.2291864772433203,
      "patience_no_improve_epochs": 76,
      "best_train_loss": Infinity,
      "forced_stop_due_to_threshold": false
    }
  },
  "model_files": {
    "best": "scripts/outputs/mlp_with_history-trc-value/trial_21_0703b2/best_model.pt",
    "last": "scripts/outputs/mlp_with_history-trc-value/trial_21_0703b2/last_model.pt"
  },
  "config_path": "/home/amoris/data-analysis-on-dbps/scripts/outputs/mlp_with_history-trc-value/trial_21_0703b2/config.yaml"
}