{
  "model_name": "lstm-trc-rate/trial_49_c263a9",
  "model_type": "LSTM",
  "model_format": "torch",
  "model_params": {
    "history_length": 162,
    "units": 260,
    "num_layers": 2,
    "dropout": 0.3900483515438582
  },
  "training_params": {
    "max_epochs": 500,
    "batch_size": 223,
    "learning_rate": 0.0006018302624717631,
    "weight_decay": 0.00039151639097182226,
    "checkpoint_interval": 10,
    "seed": 947
  },
  "data_csv": "data/time_aligned_data.csv",
  "timestamp_column": "Date, Time",
  "columns": [
    "TRC-DT",
    "TRC-RT",
    "TRC-PPL1",
    "TRC-PPL2",
    "pH-DT",
    "pH-RT",
    "pH-PPL1",
    "pH-PPL2",
    "cond-DT",
    "cond-PPL1",
    "cond-PPL2",
    "fDOM-RT",
    "fDOM-PPL1",
    "fDOM-PPL2",
    "DO-RT",
    "DO-PPL1",
    "DO-PPL2",
    "TOC-RT",
    "TOC-PPL1",
    "TOC-PPL2",
    "DOC-RT",
    "DOC-PPL1",
    "DOC-PPL2",
    "minutes_since_start"
  ],
  "feature_columns": [
    "TRC-DT",
    "TRC-RT",
    "pH-DT",
    "pH-RT",
    "cond-DT",
    "fDOM-RT",
    "DO-RT",
    "TOC-RT",
    "DOC-RT",
    "minutes_since_start"
  ],
  "target_columns": [
    "TRC-PPL1",
    "TRC-PPL2"
  ],
  "target_mode": "rate",
  "target_base_columns": [
    "TRC-RT",
    "TRC-RT"
  ],
  "split_boundaries": {
    "train_end": 7796,
    "val_end": 9466,
    "test_end": 11138
  },
  "dataset_sizes": {
    "train": 7635,
    "val": 1670,
    "test": 1672
  },
  "input_dim": 10,
  "sequence_length": 162,
  "training_history": {
    "epochs": [
      1,
      2,
      3,
      4,
      5,
      6,
      7,
      8,
      9,
      10,
      11,
      12,
      13,
      14,
      15,
      16,
      17,
      18,
      19,
      20,
      21,
      22,
      23,
      24,
      25,
      26,
      27,
      28,
      29,
      30,
      31,
      32,
      33,
      34,
      35,
      36,
      37,
      38,
      39,
      40,
      41,
      42,
      43,
      44,
      45,
      46,
      47,
      48,
      49,
      50,
      51,
      52,
      53,
      54,
      55,
      56,
      57,
      58,
      59,
      60,
      61,
      62,
      63,
      64,
      65,
      66,
      67,
      68,
      69,
      70,
      71,
      72,
      73,
      74,
      75,
      76,
      77,
      78,
      79,
      80
    ],
    "train_loss": [
      0.3801431952579863,
      0.09701810049987261,
      0.05300658614848592,
      0.0427027714271013,
      0.03551421101426446,
      0.03251959192051205,
      0.03040020422181743,
      0.030047066080839555,
      0.027129145768503386,
      0.028036470318697368,
      0.02558370215431607,
      0.024690744862175096,
      0.025913436743037404,
      0.026401488927205796,
      0.023533065064268013,
      0.02184603137050139,
      0.02234133781588343,
      0.02195921934575096,
      0.019816220317770236,
      0.020220331253133807,
      0.02014892978475386,
      0.019783862035528812,
      0.020362770790630647,
      0.02073567561395393,
      0.020119217907145045,
      0.018549968781877986,
      0.019040493013797122,
      0.01970740267842247,
      0.020227815352560807,
      0.020242834538123776,
      0.02826746016467562,
      0.019431522026287236,
      0.019183365614461444,
      0.018179899786758165,
      0.01892983627718457,
      0.019896148093235047,
      0.01867896591038117,
      0.018645653098860675,
      0.018412896667527233,
      0.018612509442599443,
      0.018572866277477673,
      0.017765676639803343,
      0.01719028905800104,
      0.017571111648211155,
      0.01782654226948486,
      0.019012107418578048,
      0.018561302444799397,
      0.018479762232076247,
      0.017660864470032553,
      0.017634915913618033,
      0.017460689580979186,
      0.018096604467306796,
      0.019181438677193453,
      0.017976310088152227,
      0.017167261286779565,
      0.017863884644208388,
      0.017872413899444564,
      0.018304176380724867,
      0.017628160109664188,
      0.01770912679089154,
      0.018293903201706242,
      0.017428724861386052,
      0.017598813324776363,
      0.017194655094205473,
      0.018073490395478432,
      0.01798141047129189,
      0.017555133332501423,
      0.017624635124102127,
      0.01712367967205377,
      0.017255442103184394,
      0.017302389707618784,
      0.016710109048484585,
      0.017155445074588157,
      0.017600247053613675,
      0.018135924265276552,
      0.017942798054351984,
      0.016655135992243546,
      0.016943686688959247,
      0.01657549088556117,
      0.016729765837205805
    ],
    "val_loss": [
      0.27973055568283905,
      0.17687785728739763,
      0.17587530118173467,
      0.2032868739518666,
      0.22958879320586692,
      0.28882105903711147,
      0.5159863323765155,
      0.313688799692039,
      0.3027209585922921,
      0.28891528798323013,
      0.33390082991431036,
      0.31273102115638957,
      0.34478704563291845,
      0.30886202853753003,
      0.30873861089794935,
      0.30874605952332657,
      0.3149195292931117,
      0.31742704213669376,
      0.32178109722423875,
      0.3213246243665675,
      0.3246422574325593,
      0.33971903840091056,
      0.33430488611498993,
      0.32874494126947695,
      0.3276066822183882,
      0.3295768809454616,
      0.32228733153043393,
      0.32946004797397793,
      0.33104296267857986,
      0.33450031753540216,
      0.3905045867312008,
      0.33856842864951686,
      0.3490811621435656,
      0.35475929896653946,
      0.3529781536673179,
      0.34884828559630465,
      0.35017766285977675,
      0.3635025150304337,
      0.34928132083021596,
      0.3557152780196713,
      0.35805631739137594,
      0.35118338236819485,
      0.37220813415743814,
      0.37821081899396497,
      0.3671408305981916,
      0.3543659655020355,
      0.3611189915402653,
      0.38219743295834807,
      0.37147485577016176,
      0.4022707331334492,
      0.39201705011756655,
      0.37935457341707574,
      0.4005404085244337,
      0.41246842330176675,
      0.42982861899218694,
      0.4032500137892847,
      0.3953100746575587,
      0.44944140709668934,
      0.4460025964784408,
      0.4607005628896598,
      0.427375390931607,
      0.44479030893702887,
      0.42701311588265045,
      0.40727461289034456,
      0.393045723457224,
      0.41413258251115054,
      0.4262275629247466,
      0.41719287687656054,
      0.40611223553580617,
      0.4929616812650047,
      0.43283046859422486,
      0.4371148628924421,
      0.4647806174473134,
      0.45981313861728074,
      0.4333110327447603,
      0.42263695998173095,
      0.44152373727857175,
      0.4735510925544861,
      0.48734562362204054,
      0.4599280237393108
    ],
    "best_epoch": 3,
    "best_val_loss": 0.17587530118173467,
    "best_val_abs_mse": 0.18406112492084503,
    "test_loss": 5.010157476843259,
    "test_abs_mse": 47.965614318847656,
    "tracker": {
      "initial_train_loss": 0.3801431952579863,
      "train_threshold": 0.12671439841932877,
      "best_tracking": true,
      "patience_active": true,
      "patience_best_train": null,
      "patience_best_val": 0.17587530118173467,
      "patience_no_improve_epochs": 77,
      "best_train_loss": Infinity,
      "forced_stop_due_to_threshold": false
    }
  },
  "model_files": {
    "best": "scripts/outputs/lstm-trc-rate/trial_49_c263a9/best_model.pt",
    "last": "scripts/outputs/lstm-trc-rate/trial_49_c263a9/last_model.pt"
  },
  "config_path": "/home/amoris/data-analysis-on-dbps/scripts/outputs/lstm-trc-rate/trial_49_c263a9/config.yaml"
}