{
  "model_name": "gru-other-value/trial_15_086c07",
  "model_type": "GRU",
  "model_format": "torch",
  "model_params": {
    "history_length": 88,
    "units": 276,
    "num_layers": 3,
    "dropout": 0.4367930096834121
  },
  "training_params": {
    "max_epochs": 500,
    "batch_size": 297,
    "learning_rate": 0.0007299873787695295,
    "weight_decay": 0.001795338442951465,
    "checkpoint_interval": 10,
    "seed": 947
  },
  "data_csv": "data/time_aligned_data.csv",
  "timestamp_column": "Date, Time",
  "columns": [
    "TRC-DT",
    "TRC-RT",
    "TRC-PPL1",
    "TRC-PPL2",
    "pH-DT",
    "pH-RT",
    "pH-PPL1",
    "pH-PPL2",
    "cond-DT",
    "cond-PPL1",
    "cond-PPL2",
    "fDOM-RT",
    "fDOM-PPL1",
    "fDOM-PPL2",
    "DO-RT",
    "DO-PPL1",
    "DO-PPL2",
    "TOC-RT",
    "TOC-PPL1",
    "TOC-PPL2",
    "DOC-RT",
    "DOC-PPL1",
    "DOC-PPL2",
    "minutes_since_start"
  ],
  "feature_columns": [
    "TRC-DT",
    "TRC-RT",
    "pH-DT",
    "pH-RT",
    "cond-DT",
    "fDOM-RT",
    "DO-RT",
    "TOC-RT",
    "DOC-RT",
    "minutes_since_start"
  ],
  "target_columns": [
    "TOC-PPL1",
    "TOC-PPL2",
    "DOC-PPL1",
    "DOC-PPL2",
    "pH-PPL1",
    "pH-PPL2"
  ],
  "split_boundaries": {
    "train_end": 7796,
    "val_end": 9466,
    "test_end": 11138
  },
  "dataset_sizes": {
    "train": 7709,
    "val": 1670,
    "test": 1672
  },
  "input_dim": 10,
  "sequence_length": 88,
  "training_history": {
    "epochs": [
      1,
      2,
      3,
      4,
      5,
      6,
      7,
      8,
      9,
      10,
      11,
      12,
      13,
      14,
      15,
      16,
      17,
      18,
      19,
      20,
      21,
      22,
      23,
      24,
      25,
      26,
      27,
      28,
      29,
      30,
      31,
      32,
      33,
      34,
      35,
      36,
      37,
      38,
      39,
      40,
      41,
      42,
      43,
      44,
      45,
      46,
      47,
      48,
      49,
      50,
      51,
      52,
      53,
      54,
      55,
      56,
      57,
      58,
      59,
      60,
      61,
      62,
      63,
      64,
      65,
      66,
      67,
      68,
      69,
      70,
      71,
      72,
      73,
      74,
      75,
      76,
      77,
      78,
      79,
      80
    ],
    "train_loss": [
      0.4129336100288643,
      0.26067797546991966,
      0.23746339779046124,
      0.22456231183471623,
      0.21930582052245803,
      0.2065162362949071,
      0.1994999768066258,
      0.19108938995904845,
      0.18616417147975933,
      0.17211364128081186,
      0.16006848981120983,
      0.14725468284248114,
      0.14922975290956655,
      0.14447402618443678,
      0.1319234028781399,
      0.12863563618348844,
      0.14771222869142792,
      0.12880209821302582,
      0.13050833108832144,
      0.12487425331839608,
      0.12309410577000371,
      0.12313940514636297,
      0.12506092084893797,
      0.11871451284808397,
      0.1116976109513947,
      0.10934580911329275,
      0.10996720727249441,
      0.10761124684581312,
      0.10145979477673718,
      0.10871932081194885,
      0.09617825001594173,
      0.09614421153639924,
      0.09871567934577545,
      0.08969890478288545,
      0.08977678223317476,
      0.08583899078542025,
      0.08491850562682643,
      0.07666250578174796,
      0.07851557437567755,
      0.08009051210585852,
      0.0824839191477205,
      0.07895733718104919,
      0.06992468223186424,
      0.0698048316584029,
      0.07254279956351088,
      0.0774870203847334,
      0.07981677841646907,
      0.07137614678997894,
      0.07429271515322065,
      0.07135516306186546,
      0.0655542568328169,
      0.06695160706827019,
      0.06284658855533055,
      0.0693825650638853,
      0.06571210959421504,
      0.07259797155306194,
      0.0666389352210588,
      0.06093576978585231,
      0.06204322757138277,
      0.06506272985272903,
      0.06191794022449972,
      0.060433395869449076,
      0.06148202319211851,
      0.06672843018848,
      0.06135363446591831,
      0.05831482246777151,
      0.059445844253556306,
      0.056175890392788745,
      0.059847973432560535,
      0.05804522903721873,
      0.06536351592034848,
      0.06464198161144172,
      0.05812491546702116,
      0.05378130082519915,
      0.053836865921067824,
      0.052318690471058305,
      0.05423936779243672,
      0.052131545286684094,
      0.05535111213599465,
      0.05424499532739651
    ],
    "val_loss": [
      0.3738234887044587,
      0.42228897646694125,
      0.36529031256715694,
      0.4014955221268231,
      0.4570711411044983,
      0.5577136021442042,
      0.5536734300459216,
      0.6064028391581096,
      0.597813568473933,
      0.6901673730172797,
      0.7277443246034805,
      0.8095430681537725,
      0.8121956260886021,
      0.8168073360702235,
      0.8832901920387131,
      0.8243663435746096,
      0.8732644943776958,
      0.8172418843397123,
      0.7007881514683455,
      0.6712206792465584,
      0.7619334271657253,
      0.5954404767357304,
      0.5347975676778904,
      0.7112592201479181,
      0.6644763748981282,
      0.6419940652158446,
      0.6057718806191833,
      0.6074503785211169,
      0.5749308202973383,
      0.7240992456942261,
      0.6375884484655843,
      0.7094548559295917,
      0.5946485182794625,
      0.6592480664124746,
      0.705519376494392,
      0.6549912926768828,
      0.6603135592744735,
      0.6794610419316206,
      0.7405026512633184,
      0.6797481548688012,
      0.654026783909091,
      0.6980704752360275,
      0.6214214432739212,
      0.6741995374242703,
      0.6858712897284659,
      0.7434802435293882,
      0.6373075256893734,
      0.6177545997152428,
      0.6105419567602123,
      0.6174742623360571,
      0.6855402975471434,
      0.6566186006554586,
      0.6455394451623548,
      0.6338817211592983,
      0.6592325005434945,
      0.635691813053842,
      0.5809726356344665,
      0.6173422584812084,
      0.6408732032392196,
      0.6354107504877858,
      0.5804286672594304,
      0.6233056897397884,
      0.7144667439831945,
      0.6161500226773188,
      0.7063408011314041,
      0.6608878644239046,
      0.6424843993372547,
      0.6096527385765207,
      0.6141537806677247,
      0.619311979448724,
      0.6265909081670695,
      0.6106218116458305,
      0.6316804903174589,
      0.650064437693643,
      0.6329534295299453,
      0.6174070862908206,
      0.6435248346028928,
      0.6502749694812441,
      0.7475216159965107,
      0.6695472489038627
    ],
    "best_epoch": 23,
    "best_val_loss": 0.5347975676778904,
    "test_loss": 0.4665930510841702,
    "tracker": {
      "initial_train_loss": 0.4129336100288643,
      "train_threshold": 0.1376445366762881,
      "best_tracking": true,
      "patience_active": true,
      "patience_best_train": null,
      "patience_best_val": 0.5347975676778904,
      "patience_no_improve_epochs": 57,
      "best_train_loss": Infinity,
      "forced_stop_due_to_threshold": false
    }
  },
  "model_files": {
    "best": "scripts/outputs/gru-other-value/trial_15_086c07/best_model.pt",
    "last": "scripts/outputs/gru-other-value/trial_15_086c07/last_model.pt"
  },
  "config_path": "/home/amoris/data-analysis-on-dbps/scripts/outputs/gru-other-value/trial_15_086c07/config.yaml"
}