{
  "model_name": "rnn-other-value/trial_12_347fb9",
  "model_type": "RNN",
  "model_format": "torch",
  "model_params": {
    "history_length": 91,
    "units": 375,
    "num_layers": 7,
    "dropout": 0.34920938666176715
  },
  "training_params": {
    "max_epochs": 500,
    "batch_size": 365,
    "learning_rate": 0.0005282485137829613,
    "weight_decay": 0.0011312752797731495,
    "checkpoint_interval": 10,
    "seed": 947
  },
  "data_csv": "data/time_aligned_data.csv",
  "timestamp_column": "Date, Time",
  "columns": [
    "TRC-DT",
    "TRC-RT",
    "TRC-PPL1",
    "TRC-PPL2",
    "pH-DT",
    "pH-RT",
    "pH-PPL1",
    "pH-PPL2",
    "cond-DT",
    "cond-PPL1",
    "cond-PPL2",
    "fDOM-RT",
    "fDOM-PPL1",
    "fDOM-PPL2",
    "DO-RT",
    "DO-PPL1",
    "DO-PPL2",
    "TOC-RT",
    "TOC-PPL1",
    "TOC-PPL2",
    "DOC-RT",
    "DOC-PPL1",
    "DOC-PPL2",
    "minutes_since_start"
  ],
  "feature_columns": [
    "TRC-DT",
    "TRC-RT",
    "pH-DT",
    "pH-RT",
    "cond-DT",
    "fDOM-RT",
    "DO-RT",
    "TOC-RT",
    "DOC-RT",
    "minutes_since_start"
  ],
  "target_columns": [
    "TOC-PPL1",
    "TOC-PPL2",
    "DOC-PPL1",
    "DOC-PPL2",
    "pH-PPL1",
    "pH-PPL2"
  ],
  "split_boundaries": {
    "train_end": 7796,
    "val_end": 9466,
    "test_end": 11138
  },
  "dataset_sizes": {
    "train": 7706,
    "val": 1670,
    "test": 1672
  },
  "input_dim": 10,
  "sequence_length": 91,
  "training_history": {
    "epochs": [
      1,
      2,
      3,
      4,
      5,
      6,
      7,
      8,
      9,
      10,
      11,
      12,
      13,
      14,
      15,
      16,
      17,
      18,
      19,
      20,
      21,
      22,
      23,
      24,
      25,
      26,
      27,
      28,
      29,
      30,
      31,
      32,
      33,
      34,
      35,
      36,
      37,
      38,
      39,
      40,
      41,
      42,
      43,
      44,
      45,
      46,
      47,
      48,
      49,
      50,
      51,
      52,
      53,
      54,
      55,
      56,
      57,
      58,
      59,
      60,
      61,
      62,
      63,
      64,
      65,
      66,
      67,
      68,
      69,
      70,
      71,
      72,
      73,
      74,
      75,
      76,
      77,
      78,
      79,
      80
    ],
    "train_loss": [
      0.48815038809908107,
      0.29081303536768177,
      0.25594245735821775,
      0.2363212836982212,
      0.21437270526309896,
      0.1991979286322153,
      0.19998893199371048,
      0.18004205327141665,
      0.1822307465867256,
      0.18485151973059663,
      0.16398242877855754,
      0.14781324340907004,
      0.1448737140981804,
      0.14128368037426253,
      0.14223848004643402,
      0.14413317250097044,
      0.14834492993167614,
      0.1461620419074692,
      0.15722895120680255,
      0.15898354892572303,
      0.1337481070065263,
      0.116368896982715,
      0.11816453379321464,
      0.13292630917235315,
      0.1230946112923999,
      0.16912068331277189,
      0.14502541081389606,
      0.15634941961543763,
      0.1323700938494661,
      0.1159023329588521,
      0.1185054414732299,
      0.10986126590082158,
      0.11547620604460096,
      0.11751062312382647,
      0.11693213045763376,
      0.1558156135795861,
      0.13279547739378544,
      0.12616678489946928,
      0.10524820172837762,
      0.12468692083312974,
      0.12593258441832664,
      0.10234762298737506,
      0.09631733634322301,
      0.09897296096237176,
      0.1027626870840579,
      0.10485600280995311,
      0.09525473656211617,
      0.09678801679256177,
      0.10590632675303102,
      0.2639049008051637,
      0.4920028431397613,
      0.4709124952601112,
      0.4713296648467822,
      0.4665338371346407,
      0.4659141637452571,
      0.46784510518586886,
      0.4705845129635314,
      0.4685888539969751,
      0.4683791489306283,
      0.465337170448948,
      0.4655781234823633,
      0.46601695185461944,
      0.4660363486029407,
      0.46524906277177,
      0.46233366828536543,
      0.42285839454898144,
      0.4088522777901109,
      0.4061870665023335,
      0.40055440221626726,
      0.4006132620234258,
      0.40225362185995023,
      0.402306476197489,
      0.40059777180420836,
      0.4020144115623919,
      0.40260377593963076,
      0.4019378415569218,
      0.40311266998176665,
      0.40298334911925865,
      0.4012843285509125,
      0.4024528741465276
    ],
    "val_loss": [
      0.4344879680586432,
      0.39687826488903183,
      0.4343763178738648,
      0.408727754420506,
      0.5331910229371694,
      0.40589340240834004,
      0.46792220127975154,
      0.5963725393002262,
      0.6765650906962549,
      0.46981659977735873,
      0.7208865481222461,
      0.6460570072654835,
      0.671735566310183,
      0.6657169996175224,
      0.6460967278498375,
      0.7084663027596331,
      0.4753099828289298,
      0.7149438986521282,
      0.556242293784183,
      0.7325043517672373,
      0.7373021078368504,
      0.685741990425451,
      0.6481460239626691,
      0.5358144465811595,
      0.7721591809552587,
      0.7035652155915421,
      0.6941290243478593,
      0.4486945715403842,
      0.6766164894857093,
      0.6821278208967098,
      0.6760506729656708,
      0.7344110882032417,
      0.6228438400981312,
      0.7351358751961571,
      0.6817860966046413,
      0.7291326255141618,
      0.7184890552819846,
      0.6294932644925788,
      0.6045743382039541,
      0.6796418131290082,
      0.6285871949693757,
      0.664496781271018,
      0.682881349931934,
      0.6397500429190919,
      0.6662871195170694,
      0.704116597838566,
      0.6561089183265221,
      0.6764450177416473,
      0.6348016137580672,
      0.5872557549597974,
      0.5985958563710401,
      0.6048838386457124,
      0.6144722439125626,
      0.5773714123193375,
      0.6528481577417093,
      0.5437091133016312,
      0.6133991340231039,
      0.6155286162734745,
      0.5936759418088519,
      0.5789456828357931,
      0.601539660758244,
      0.584063811974968,
      0.5807229421898991,
      0.5680425806852158,
      0.621514011999804,
      0.5962087404942085,
      0.5812518130876347,
      0.5776656243258608,
      0.6368593172488098,
      0.6025085886884592,
      0.6090543246019386,
      0.6383155754761781,
      0.6280493964245933,
      0.5887639939695776,
      0.6131348630000731,
      0.6114651116425406,
      0.6014250861313528,
      0.618478613386968,
      0.6106889243879005,
      0.6033395315091054
    ],
    "best_epoch": 28,
    "best_val_loss": 0.4486945715403842,
    "test_loss": 0.3893353666254636,
    "tracker": {
      "initial_train_loss": 0.48815038809908107,
      "train_threshold": 0.16271679603302702,
      "best_tracking": true,
      "patience_active": true,
      "patience_best_train": null,
      "patience_best_val": 0.4486945715403842,
      "patience_no_improve_epochs": 52,
      "best_train_loss": Infinity,
      "forced_stop_due_to_threshold": false
    }
  },
  "model_files": {
    "best": "scripts/outputs/rnn-other-value/trial_12_347fb9/best_model.pt",
    "last": "scripts/outputs/rnn-other-value/trial_12_347fb9/last_model.pt"
  },
  "config_path": "/home/amoris/data-analysis-on-dbps/scripts/outputs/rnn-other-value/trial_12_347fb9/config.yaml"
}