{
  "model_name": "lstm-other-value/trial_10_6c5a78",
  "model_type": "LSTM",
  "model_format": "torch",
  "model_params": {
    "history_length": 152,
    "units": 374,
    "num_layers": 2,
    "dropout": 0.49772732108329504
  },
  "training_params": {
    "max_epochs": 500,
    "batch_size": 206,
    "learning_rate": 0.0019122186912499998,
    "weight_decay": 0.000448260288861228,
    "checkpoint_interval": 10,
    "seed": 947
  },
  "data_csv": "data/time_aligned_data.csv",
  "timestamp_column": "Date, Time",
  "columns": [
    "TRC-DT",
    "TRC-RT",
    "TRC-PPL1",
    "TRC-PPL2",
    "pH-DT",
    "pH-RT",
    "pH-PPL1",
    "pH-PPL2",
    "cond-DT",
    "cond-PPL1",
    "cond-PPL2",
    "fDOM-RT",
    "fDOM-PPL1",
    "fDOM-PPL2",
    "DO-RT",
    "DO-PPL1",
    "DO-PPL2",
    "TOC-RT",
    "TOC-PPL1",
    "TOC-PPL2",
    "DOC-RT",
    "DOC-PPL1",
    "DOC-PPL2",
    "minutes_since_start"
  ],
  "feature_columns": [
    "TRC-DT",
    "TRC-RT",
    "pH-DT",
    "pH-RT",
    "cond-DT",
    "fDOM-RT",
    "DO-RT",
    "TOC-RT",
    "DOC-RT",
    "minutes_since_start"
  ],
  "target_columns": [
    "TOC-PPL1",
    "TOC-PPL2",
    "DOC-PPL1",
    "DOC-PPL2",
    "pH-PPL1",
    "pH-PPL2"
  ],
  "split_boundaries": {
    "train_end": 7796,
    "val_end": 9466,
    "test_end": 11138
  },
  "dataset_sizes": {
    "train": 7645,
    "val": 1670,
    "test": 1672
  },
  "input_dim": 10,
  "sequence_length": 152,
  "training_history": {
    "epochs": [
      1,
      2,
      3,
      4,
      5,
      6,
      7,
      8,
      9,
      10,
      11,
      12,
      13,
      14,
      15,
      16,
      17,
      18,
      19,
      20,
      21,
      22,
      23,
      24,
      25,
      26,
      27,
      28,
      29,
      30,
      31,
      32,
      33,
      34,
      35,
      36,
      37,
      38,
      39,
      40,
      41,
      42,
      43,
      44,
      45,
      46,
      47,
      48,
      49,
      50,
      51,
      52,
      53,
      54,
      55,
      56,
      57,
      58,
      59,
      60,
      61,
      62,
      63,
      64,
      65,
      66,
      67,
      68,
      69,
      70,
      71,
      72,
      73,
      74,
      75,
      76,
      77,
      78,
      79,
      80
    ],
    "train_loss": [
      0.36366167150345247,
      0.2063831598053889,
      0.16693326431485545,
      0.14326707418445203,
      0.17385631805155463,
      0.15125609277665342,
      0.12688049772465596,
      0.1091521842006845,
      0.11533442405098165,
      0.11701569988729128,
      0.12984131004995111,
      0.1109551483203649,
      0.11046453030418149,
      0.09324710769073256,
      0.13458518700478045,
      0.12548835704808456,
      0.11340798394909242,
      0.08574481744774812,
      0.08673061747773946,
      0.0732672753366791,
      0.09172248165150575,
      0.07807745583370046,
      0.09472607307725674,
      0.06452714420460345,
      0.05526149864579588,
      0.06510385486271118,
      0.0660122029020398,
      0.05282706207576883,
      0.06262931906666297,
      0.07655606564594843,
      0.06519346930491059,
      0.1030804199806766,
      0.07700265566943283,
      0.07348079009431105,
      0.06604718167342104,
      0.04984047694815148,
      0.05508571113097348,
      0.04678872670756593,
      0.06446916776897473,
      0.06767881491542486,
      0.04445575722648553,
      0.0393924429096608,
      0.04383958664407833,
      0.04047125877801541,
      0.036098625723387075,
      0.03949359907671819,
      0.04579916632666629,
      0.034595034127486074,
      0.03345056104822787,
      0.03375010213152578,
      0.034169909982479735,
      0.03530103513048785,
      0.04602456565013191,
      0.06604862108319862,
      0.05972390136029145,
      0.054276839736300875,
      0.08806055875445129,
      0.06249016919474808,
      0.1122031623062704,
      0.06764070907055825,
      0.06414189491740156,
      0.04539597169578348,
      0.04019011094961547,
      0.03484740109031227,
      0.06827656326534079,
      0.07470766547957693,
      0.04200775959937693,
      0.05162480125645939,
      0.038024025055670596,
      0.03316117978421514,
      0.03293990573515059,
      0.06707850633063607,
      0.07950051122529589,
      0.05722873359674952,
      0.04352482842601851,
      0.0544771079229833,
      0.050488352903729564,
      0.060968344641558245,
      0.05056260925120119,
      0.04439065993231757
    ],
    "val_loss": [
      0.43813287097358417,
      0.5158770557916806,
      0.48145167627734337,
      0.5379605285421817,
      0.4017648497919836,
      0.3549879771685172,
      0.3711557971949349,
      0.3635226063207238,
      0.3838259993199103,
      0.4508191743296777,
      0.5255315603521056,
      0.3503972711677323,
      0.4467352591499597,
      0.4005689654253914,
      0.4220297947972121,
      0.44796744711741715,
      0.3509297234747938,
      0.33759185451411916,
      0.35155295112175855,
      0.41492981471701296,
      0.3550141151704474,
      0.3635984005685338,
      0.5171477124808791,
      0.6298402150055605,
      0.7279543488682387,
      0.6490912847176283,
      0.4093965280555679,
      0.5705719449741398,
      0.41271080571020435,
      0.4391085728378353,
      0.42674491703510287,
      0.4058778331040622,
      0.4185977173779539,
      0.4263533570006222,
      0.4145610395216656,
      0.4667364370323227,
      0.4232547532655522,
      0.4572179018380399,
      0.3866483606799634,
      0.5118499051489516,
      0.4929324814570164,
      0.5136073843447748,
      0.48336179965805864,
      0.5203781725671477,
      0.5340238561976456,
      0.511201260680567,
      0.4968775018603502,
      0.512485416028314,
      0.493647850692986,
      0.5062548875719487,
      0.4981464124279108,
      0.5010434386615982,
      0.44965544278750164,
      0.47246869281380477,
      0.45620108021947436,
      0.41222340257581835,
      0.42701869143875776,
      0.4315215012538219,
      0.5119520989185322,
      0.39528610739343895,
      0.4644572983780307,
      0.43910464342839706,
      0.4597518830866871,
      0.470898869133995,
      0.4330716409324529,
      0.4029704036113031,
      0.4373667887138749,
      0.49435107864127187,
      0.46841698295163536,
      0.4344025821832126,
      0.48968235889594713,
      0.41447877226297014,
      0.4798120231417839,
      0.45386886537788873,
      0.4690537610721445,
      0.4385336513290862,
      0.4633577225450984,
      0.4780888736515702,
      0.44576734230368437,
      0.484922891426943
    ],
    "best_epoch": 18,
    "best_val_loss": 0.33759185451411916,
    "test_loss": 0.4808708808638833,
    "tracker": {
      "initial_train_loss": 0.36366167150345247,
      "train_threshold": 0.12122055716781749,
      "best_tracking": true,
      "patience_active": true,
      "patience_best_train": null,
      "patience_best_val": 0.33759185451411916,
      "patience_no_improve_epochs": 62,
      "best_train_loss": Infinity,
      "forced_stop_due_to_threshold": false
    }
  },
  "model_files": {
    "best": "scripts/outputs/lstm-other-value/trial_10_6c5a78/best_model.pt",
    "last": "scripts/outputs/lstm-other-value/trial_10_6c5a78/last_model.pt"
  },
  "config_path": "/home/amoris/data-analysis-on-dbps/scripts/outputs/lstm-other-value/trial_10_6c5a78/config.yaml"
}