{
  "model_name": "rnn-other-value/trial_20_8adf5a",
  "model_type": "RNN",
  "model_format": "torch",
  "model_params": {
    "history_length": 111,
    "units": 157,
    "num_layers": 4,
    "dropout": 0.37806277541353495
  },
  "training_params": {
    "max_epochs": 500,
    "batch_size": 70,
    "learning_rate": 0.0006112163076535741,
    "weight_decay": 0.0005563955308715818,
    "checkpoint_interval": 10,
    "seed": 947
  },
  "data_csv": "data/time_aligned_data.csv",
  "timestamp_column": "Date, Time",
  "columns": [
    "TRC-DT",
    "TRC-RT",
    "TRC-PPL1",
    "TRC-PPL2",
    "pH-DT",
    "pH-RT",
    "pH-PPL1",
    "pH-PPL2",
    "cond-DT",
    "cond-PPL1",
    "cond-PPL2",
    "fDOM-RT",
    "fDOM-PPL1",
    "fDOM-PPL2",
    "DO-RT",
    "DO-PPL1",
    "DO-PPL2",
    "TOC-RT",
    "TOC-PPL1",
    "TOC-PPL2",
    "DOC-RT",
    "DOC-PPL1",
    "DOC-PPL2",
    "minutes_since_start"
  ],
  "feature_columns": [
    "TRC-DT",
    "TRC-RT",
    "pH-DT",
    "pH-RT",
    "cond-DT",
    "fDOM-RT",
    "DO-RT",
    "TOC-RT",
    "DOC-RT",
    "minutes_since_start"
  ],
  "target_columns": [
    "TOC-PPL1",
    "TOC-PPL2",
    "DOC-PPL1",
    "DOC-PPL2",
    "pH-PPL1",
    "pH-PPL2"
  ],
  "split_boundaries": {
    "train_end": 7796,
    "val_end": 9466,
    "test_end": 11138
  },
  "dataset_sizes": {
    "train": 7686,
    "val": 1670,
    "test": 1672
  },
  "input_dim": 10,
  "sequence_length": 111,
  "training_history": {
    "epochs": [
      1,
      2,
      3,
      4,
      5,
      6,
      7,
      8,
      9,
      10,
      11,
      12,
      13,
      14,
      15,
      16,
      17,
      18,
      19,
      20,
      21,
      22,
      23,
      24,
      25,
      26,
      27,
      28,
      29,
      30,
      31,
      32,
      33,
      34,
      35,
      36,
      37,
      38,
      39,
      40,
      41,
      42,
      43,
      44,
      45,
      46,
      47,
      48,
      49,
      50,
      51,
      52,
      53,
      54,
      55,
      56,
      57,
      58,
      59,
      60,
      61,
      62,
      63,
      64,
      65,
      66,
      67,
      68,
      69,
      70,
      71,
      72,
      73,
      74,
      75,
      76,
      77,
      78,
      79,
      80
    ],
    "train_loss": [
      0.30928627717798957,
      0.205485395965029,
      0.1861811312278546,
      0.1573765000603238,
      0.14264075482477906,
      0.13759034810984722,
      0.1252877218937179,
      0.11049123770660824,
      0.10901584842654526,
      0.14040223974564905,
      0.1210617554833763,
      0.12047822814170128,
      0.1107840556481714,
      0.10324867170147992,
      0.09872578393891861,
      0.15611868513195024,
      0.14555181063480932,
      0.10965412382871076,
      0.09913902644251214,
      0.10217062616635976,
      0.11762622982697843,
      0.09800180354459255,
      0.1682480227317532,
      0.2022227922043948,
      0.17703042769692634,
      0.1622700011442485,
      0.11802916684763028,
      0.11031972379415196,
      0.1009855216101002,
      0.10279425342172004,
      0.09117630504085283,
      0.08114939687844834,
      0.08991096660711943,
      0.09500375346625003,
      0.13681179316263165,
      0.09769109327122162,
      0.08157965984663677,
      0.08035101870478611,
      0.09362834783606842,
      0.06865512561358389,
      0.09684744784659376,
      0.07409431376173849,
      0.1782195445401204,
      0.1150991424565324,
      0.10803941895130119,
      0.10601738104783338,
      0.08966404142601242,
      0.07820470145274164,
      0.08068003400970243,
      0.12301356128276154,
      0.13419454993988864,
      0.09036138735860857,
      0.08074282185736033,
      0.08553365905699617,
      0.09057701434024044,
      0.10119537862597919,
      0.07664029406746663,
      0.07691502628783493,
      0.10619887280089607,
      0.07606028995471574,
      0.062314654403588375,
      0.07440845181110343,
      0.06273739952560115,
      0.08047973491482178,
      0.0997616279266354,
      0.07249867021766082,
      0.0581682993672476,
      0.05666191055556464,
      0.05734818810783666,
      0.0917908703545295,
      0.09897646824328843,
      0.0811172738766301,
      0.0717257957070903,
      0.07194041109258795,
      0.1664364253983363,
      0.0894613455716378,
      0.10681705666750073,
      0.07391185785061892,
      0.064514579594081,
      0.08005755125987725
    ],
    "val_loss": [
      0.4009773849013323,
      0.4192770780649728,
      0.43611514153416286,
      0.7114386691483195,
      0.6360216995779269,
      0.47818987383813916,
      0.5946274174678469,
      0.5845358842191939,
      0.6749294020547838,
      0.5795779905454841,
      0.6216074814294984,
      0.6491428749513126,
      0.6001391380266872,
      0.6432052453656396,
      0.5904880949033948,
      0.42775246561198177,
      0.5681895830941771,
      0.6508663648705997,
      0.618670943209868,
      0.6094916322140279,
      0.5953018386920769,
      0.6676604805101535,
      0.4834339461640684,
      0.5090931389190837,
      1.0142658356421008,
      0.3748374396633959,
      0.4265996667885495,
      0.49904072704072483,
      0.6460780618701153,
      0.5884680774531321,
      0.5348193165874053,
      0.5265649005904526,
      0.5457699163454378,
      0.6162054546980443,
      0.42080115308304744,
      0.48979941588229764,
      0.4377630954820239,
      0.5180021047502935,
      0.5467551594856613,
      0.38832944977337014,
      0.41736155161689853,
      0.4083169024816887,
      0.3842969951693883,
      0.4445522500503206,
      0.47949302196502686,
      0.559150460326743,
      0.46763856659927766,
      0.4865280461837789,
      0.4365996109868238,
      0.5684424001656606,
      0.4924257150934842,
      0.4692748010515453,
      0.47681381167498177,
      0.4904929481803657,
      0.4762756010729396,
      0.44424905253206187,
      0.5135339782266559,
      0.4567543191913359,
      0.4385288582144383,
      0.45737334055279544,
      0.39870337334400163,
      0.41805948198823156,
      0.43634612601763473,
      0.43426376581192017,
      0.496293397832238,
      0.4401930053523201,
      0.4752617877445178,
      0.4535184700019702,
      0.44809571260999065,
      0.49074013236753955,
      0.5087380995472034,
      0.5046467550634267,
      0.4617504938812313,
      0.49364658061437267,
      0.5835227422014682,
      0.40318706667351867,
      0.4338854272030071,
      0.4600775891881503,
      0.48410164524695115,
      0.4273623034447253
    ],
    "best_epoch": 26,
    "best_val_loss": 0.3748374396633959,
    "test_loss": 0.5303814069113948,
    "tracker": {
      "initial_train_loss": 0.30928627717798957,
      "train_threshold": 0.10309542572599652,
      "best_tracking": true,
      "patience_active": true,
      "patience_best_train": null,
      "patience_best_val": 0.3748374396633959,
      "patience_no_improve_epochs": 54,
      "best_train_loss": Infinity,
      "forced_stop_due_to_threshold": false
    }
  },
  "model_files": {
    "best": "scripts/outputs/rnn-other-value/trial_20_8adf5a/best_model.pt",
    "last": "scripts/outputs/rnn-other-value/trial_20_8adf5a/last_model.pt"
  },
  "config_path": "/home/amoris/data-analysis-on-dbps/scripts/outputs/rnn-other-value/trial_20_8adf5a/config.yaml"
}