{
  "model_name": "rnn-trc-value/trial_10_83d3ab",
  "model_type": "RNN",
  "model_format": "torch",
  "model_params": {
    "history_length": 253,
    "units": 74,
    "num_layers": 8,
    "dropout": 0.29279948073250356
  },
  "training_params": {
    "max_epochs": 500,
    "batch_size": 136,
    "learning_rate": 0.000929681342391953,
    "weight_decay": 0.00011084660271008838,
    "checkpoint_interval": 10,
    "seed": 947
  },
  "data_csv": "data/time_aligned_data.csv",
  "timestamp_column": "Date, Time",
  "columns": [
    "TRC-DT",
    "TRC-RT",
    "TRC-PPL1",
    "TRC-PPL2",
    "pH-DT",
    "pH-RT",
    "pH-PPL1",
    "pH-PPL2",
    "cond-DT",
    "cond-PPL1",
    "cond-PPL2",
    "fDOM-RT",
    "fDOM-PPL1",
    "fDOM-PPL2",
    "DO-RT",
    "DO-PPL1",
    "DO-PPL2",
    "TOC-RT",
    "TOC-PPL1",
    "TOC-PPL2",
    "DOC-RT",
    "DOC-PPL1",
    "DOC-PPL2",
    "minutes_since_start"
  ],
  "feature_columns": [
    "TRC-DT",
    "TRC-RT",
    "pH-DT",
    "pH-RT",
    "cond-DT",
    "fDOM-RT",
    "DO-RT",
    "TOC-RT",
    "DOC-RT",
    "minutes_since_start"
  ],
  "target_columns": [
    "TRC-PPL1",
    "TRC-PPL2"
  ],
  "split_boundaries": {
    "train_end": 7796,
    "val_end": 9466,
    "test_end": 11138
  },
  "dataset_sizes": {
    "train": 7544,
    "val": 1670,
    "test": 1672
  },
  "input_dim": 10,
  "sequence_length": 253,
  "training_history": {
    "epochs": [
      1,
      2,
      3,
      4,
      5,
      6,
      7,
      8,
      9,
      10,
      11,
      12,
      13,
      14,
      15,
      16,
      17,
      18,
      19,
      20,
      21,
      22,
      23,
      24,
      25,
      26,
      27,
      28,
      29,
      30,
      31,
      32,
      33,
      34,
      35,
      36,
      37,
      38,
      39,
      40,
      41,
      42,
      43,
      44,
      45,
      46,
      47,
      48,
      49,
      50,
      51,
      52,
      53,
      54,
      55,
      56,
      57,
      58,
      59,
      60,
      61,
      62,
      63,
      64,
      65,
      66,
      67,
      68,
      69,
      70,
      71,
      72,
      73,
      74,
      75,
      76,
      77,
      78,
      79,
      80
    ],
    "train_loss": [
      0.3438488496102053,
      0.13003840186847482,
      0.09437939924437826,
      0.07756618947217346,
      0.07021874567436515,
      0.0678356968316774,
      0.05664528704081462,
      0.05105196658525841,
      0.04649014417812908,
      0.04157939614888087,
      0.03863364656397546,
      0.04230426283887057,
      0.04245650094725421,
      0.03582369577048755,
      0.03467560455613905,
      0.03731023456233683,
      0.03535080217970644,
      0.03591988888921755,
      0.03397812373138182,
      0.040682505233527365,
      0.03522853027685513,
      0.03322477419273029,
      0.03195716212340655,
      0.029990385281571906,
      0.030396734491733326,
      0.030285087962213148,
      0.0282831225694332,
      0.02787991094650861,
      0.029160255457601515,
      0.02755041154000754,
      0.02811801169869566,
      0.027365949360430557,
      0.027119949428425865,
      0.025900905623968812,
      0.02589889199987512,
      0.02782875143212769,
      0.6514109231014109,
      0.8067583518215353,
      0.8020497511199272,
      0.8017230796788681,
      0.8007582575240798,
      0.8010585464197404,
      0.8015741562413512,
      0.8029305056322165,
      0.8026911251618273,
      0.8021074684528379,
      0.8036637603920566,
      0.8003309968926116,
      0.8025170102604879,
      0.7159499921702631,
      0.6977685126747585,
      0.9073065677983637,
      0.905389334402054,
      0.9048245726182883,
      0.9058976027391622,
      0.9049827545596838,
      0.904123759029526,
      0.905655461998532,
      0.9051576592383683,
      0.9044702187701981,
      0.9065911123886594,
      0.9060371234965603,
      0.9091739563522258,
      0.9036047521224078,
      0.903659512230599,
      0.9026943952129602,
      0.9073273090770111,
      0.9049484147626041,
      0.9038337051931646,
      0.9044882420644021,
      0.9025515885519956,
      0.9049718295276354,
      0.9053353471948132,
      0.9027505460119197,
      0.9021147110934981,
      0.9034430591956429,
      0.902374081432124,
      0.9031919203027056,
      0.9022236084002578,
      0.9022135689680801
    ],
    "val_loss": [
      0.35176097104649345,
      0.3439918412776764,
      0.30843736652485626,
      0.30134540160972917,
      0.2838973935135824,
      0.2864618184413025,
      0.29127195870983386,
      0.2992879115089685,
      0.2936203805361679,
      0.30620165411048306,
      0.3089501648293641,
      0.3384215739583541,
      0.3278465503525591,
      0.32797417830742764,
      0.3124824917066597,
      0.3750989689619955,
      0.44695343500125906,
      0.31812678264108246,
      0.3364095181672873,
      0.3272984452233343,
      0.34257932742555697,
      0.3204933929764582,
      0.41452816085008803,
      0.3711806802960213,
      0.4389492274133745,
      0.41181610254292,
      0.3841310708019548,
      0.4571695593927435,
      0.3395608742258506,
      0.4254217957397421,
      0.3699926168172659,
      0.3943516615443601,
      0.4163909467216023,
      0.32606323194539477,
      0.33896902355248343,
      0.4460869195664714,
      0.8727136716871204,
      0.9316214024663685,
      1.0471011848506813,
      0.8941570563944514,
      0.9613423004121837,
      1.0498029805229097,
      0.9680495314969274,
      0.9411288776083621,
      0.9000584453879716,
      0.7683230591391375,
      0.8339737647664761,
      0.9738877900346311,
      0.8987561407203446,
      0.39427864332042056,
      0.5599813971333875,
      0.6970912465435303,
      0.6616227884849388,
      0.6120157513432873,
      0.7166187532290728,
      0.6198654897377163,
      0.5844507928558452,
      0.6223749453793029,
      0.5841436025268304,
      0.6298965617032822,
      0.73067487803048,
      0.5627144087039068,
      0.645047096756404,
      0.6205355416693373,
      0.6016662999363003,
      0.5110795628524826,
      0.719004424746165,
      0.7180671242896668,
      0.561559263424959,
      0.7179775395436201,
      0.5862855870923597,
      0.6389214822096739,
      0.6080257154867321,
      0.6676799744546057,
      0.6695321957151333,
      0.6415029042673682,
      0.7048056463638466,
      0.7670745988448937,
      0.6411017304587507,
      0.5502007907914545
    ],
    "best_epoch": 5,
    "best_val_loss": 0.2838973935135824,
    "test_loss": 4.424490206264423,
    "tracker": {
      "initial_train_loss": 0.3438488496102053,
      "train_threshold": 0.11461628320340177,
      "best_tracking": true,
      "patience_active": true,
      "patience_best_train": null,
      "patience_best_val": 0.2838973935135824,
      "patience_no_improve_epochs": 75,
      "best_train_loss": Infinity,
      "forced_stop_due_to_threshold": false
    }
  },
  "model_files": {
    "best": "scripts/outputs/rnn-trc-value/trial_10_83d3ab/best_model.pt",
    "last": "scripts/outputs/rnn-trc-value/trial_10_83d3ab/last_model.pt"
  },
  "config_path": "/home/amoris/data-analysis-on-dbps/scripts/outputs/rnn-trc-value/trial_10_83d3ab/config.yaml"
}