{
  "model_name": "rnn-trc-value/trial_38_0a9f13",
  "model_type": "RNN",
  "model_format": "torch",
  "model_params": {
    "history_length": 82,
    "units": 105,
    "num_layers": 6,
    "dropout": 0.2614572465278211
  },
  "training_params": {
    "max_epochs": 500,
    "batch_size": 181,
    "learning_rate": 0.00034052257802594384,
    "weight_decay": 0.00013533681063581762,
    "checkpoint_interval": 10,
    "seed": 947
  },
  "data_csv": "data/time_aligned_data.csv",
  "timestamp_column": "Date, Time",
  "columns": [
    "TRC-DT",
    "TRC-RT",
    "TRC-PPL1",
    "TRC-PPL2",
    "pH-DT",
    "pH-RT",
    "pH-PPL1",
    "pH-PPL2",
    "cond-DT",
    "cond-PPL1",
    "cond-PPL2",
    "fDOM-RT",
    "fDOM-PPL1",
    "fDOM-PPL2",
    "DO-RT",
    "DO-PPL1",
    "DO-PPL2",
    "TOC-RT",
    "TOC-PPL1",
    "TOC-PPL2",
    "DOC-RT",
    "DOC-PPL1",
    "DOC-PPL2",
    "minutes_since_start"
  ],
  "feature_columns": [
    "TRC-DT",
    "TRC-RT",
    "pH-DT",
    "pH-RT",
    "cond-DT",
    "fDOM-RT",
    "DO-RT",
    "TOC-RT",
    "DOC-RT",
    "minutes_since_start"
  ],
  "target_columns": [
    "TRC-PPL1",
    "TRC-PPL2"
  ],
  "split_boundaries": {
    "train_end": 7796,
    "val_end": 9466,
    "test_end": 11138
  },
  "dataset_sizes": {
    "train": 7715,
    "val": 1670,
    "test": 1672
  },
  "input_dim": 10,
  "sequence_length": 82,
  "training_history": {
    "epochs": [
      1,
      2,
      3,
      4,
      5,
      6,
      7,
      8,
      9,
      10,
      11,
      12,
      13,
      14,
      15,
      16,
      17,
      18,
      19,
      20,
      21,
      22,
      23,
      24,
      25,
      26,
      27,
      28,
      29,
      30,
      31,
      32,
      33,
      34,
      35,
      36,
      37,
      38,
      39,
      40,
      41,
      42,
      43,
      44,
      45,
      46,
      47,
      48,
      49,
      50,
      51,
      52,
      53,
      54,
      55,
      56,
      57,
      58,
      59,
      60,
      61,
      62,
      63,
      64,
      65,
      66,
      67,
      68,
      69,
      70,
      71,
      72,
      73,
      74,
      75,
      76,
      77,
      78,
      79,
      80
    ],
    "train_loss": [
      0.4486843142622257,
      0.15150581808134247,
      0.10922590814004529,
      0.08589816384514817,
      0.07255126507451838,
      0.06060359488957823,
      0.05356501092674357,
      0.05152355012226167,
      0.04782732968361673,
      0.04535519845605051,
      0.04221611094992422,
      0.03943848514945107,
      0.03799493552601461,
      0.0373952338840192,
      0.03397793936738123,
      0.03349267178259148,
      0.032014627885061354,
      0.03183590958301734,
      0.031020653026681864,
      0.03059388306655825,
      0.028499883214616575,
      0.028296327441979057,
      0.028086081865211623,
      0.02922549746394621,
      0.0296601174714325,
      0.027739300222238084,
      0.026378560798485325,
      0.02581969127203842,
      0.026189936219931268,
      0.02630336249122856,
      0.026009208592390056,
      0.025191442737970273,
      0.024891833670326276,
      0.024201509311351,
      0.025617576501804826,
      0.02486020758994315,
      0.023078493982534167,
      0.025257272042010562,
      0.02436051180396695,
      0.023803835337328508,
      0.022963584405662794,
      0.02345715470718279,
      0.022300540475984787,
      0.022574017331853984,
      0.022193130492265938,
      0.02154958205767174,
      0.022132546636707506,
      0.025127254849467585,
      0.022148377021227808,
      0.021864248159367466,
      0.02191877613883473,
      0.021961869883917788,
      0.021795326723624806,
      0.02130855109279448,
      0.021773212432272235,
      0.021224240016141496,
      0.0211427640544078,
      0.022037353978159747,
      0.0374415389145649,
      0.025520479543181648,
      0.022666903594128512,
      0.022117344442844314,
      0.022050300462150913,
      0.021547957720767348,
      0.0216198528988247,
      0.021928966672377623,
      0.021327309792333816,
      0.021830360631730675,
      0.021107757177471882,
      0.02125171379645537,
      0.023184906012407,
      0.020653229048662732,
      0.02007239684993697,
      0.02239209191701046,
      0.02159613834299287,
      0.019528615317528926,
      0.020420153412728903,
      0.020342381731670394,
      0.020934114074763043,
      0.01998050438441766
    ],
    "val_loss": [
      0.37741312595853904,
      0.35729006529969726,
      0.3242112830861243,
      0.2853960082336457,
      0.29004399784489304,
      0.2848064830035953,
      0.2939781853694937,
      0.29422342039443955,
      0.3307758287242251,
      0.32353624664693176,
      0.33059806444286227,
      0.30223261932368406,
      0.3268233371898532,
      0.3211874781867969,
      0.3239368170566723,
      0.309569096084528,
      0.3123556696871173,
      0.3032940892335362,
      0.3060303425527886,
      0.314386793790374,
      0.30682380644961477,
      0.309443504083344,
      0.30816619454988997,
      0.3152227586224497,
      0.3112080863069096,
      0.31612843117693407,
      0.3184391602438813,
      0.31886869857344263,
      0.31725613194333757,
      0.3127013872684297,
      0.3185843940813117,
      0.3216815968663125,
      0.3279937778359759,
      0.31900409753183406,
      0.3165132432294909,
      0.31437976550489305,
      0.3113782179971298,
      0.32226411316008446,
      0.3151156924062682,
      0.3115455565193367,
      0.31529126708468275,
      0.31724265166474674,
      0.31051787302723366,
      0.3322645926435372,
      0.30517036587914487,
      0.3139728005094353,
      0.3135194431354632,
      0.30548505137958926,
      0.30584459339274084,
      0.30828155465870205,
      0.3144764536054816,
      0.30809393972046895,
      0.3193905586131408,
      0.30898177970847684,
      0.30199909340478703,
      0.3148948384828107,
      0.31797587644911096,
      0.3048326406310017,
      0.3052436641556863,
      0.3090195915723097,
      0.31023960599932304,
      0.3338494858654316,
      0.3410780689896581,
      0.3441334887000615,
      0.37163041040055944,
      0.3324368761618159,
      0.3477581789995917,
      0.32531639808220064,
      0.32033489841499374,
      0.3349549230009674,
      0.31920557898318697,
      0.3321816177525652,
      0.3425675660048327,
      0.35560813942243774,
      0.31567873314558387,
      0.3225041905094585,
      0.338031689588449,
      0.3288283122603051,
      0.36163891664633674,
      0.3206923398875191
    ],
    "best_epoch": 6,
    "best_val_loss": 0.2848064830035953,
    "test_loss": 4.348076851673103,
    "tracker": {
      "initial_train_loss": 0.4486843142622257,
      "train_threshold": 0.14956143808740857,
      "best_tracking": true,
      "patience_active": true,
      "patience_best_train": null,
      "patience_best_val": 0.2848064830035953,
      "patience_no_improve_epochs": 74,
      "best_train_loss": Infinity,
      "forced_stop_due_to_threshold": false
    }
  },
  "model_files": {
    "best": "scripts/outputs/rnn-trc-value/trial_38_0a9f13/best_model.pt",
    "last": "scripts/outputs/rnn-trc-value/trial_38_0a9f13/last_model.pt"
  },
  "config_path": "/home/amoris/data-analysis-on-dbps/scripts/outputs/rnn-trc-value/trial_38_0a9f13/config.yaml"
}