{
  "model_name": "rnn-trc-value/trial_42_d2c683",
  "model_type": "RNN",
  "model_format": "torch",
  "model_params": {
    "history_length": 120,
    "units": 214,
    "num_layers": 5,
    "dropout": 0.22801643599782936
  },
  "training_params": {
    "max_epochs": 500,
    "batch_size": 143,
    "learning_rate": 0.000286693499647599,
    "weight_decay": 0.00025908883125028907,
    "checkpoint_interval": 10,
    "seed": 947
  },
  "data_csv": "data/time_aligned_data.csv",
  "timestamp_column": "Date, Time",
  "columns": [
    "TRC-DT",
    "TRC-RT",
    "TRC-PPL1",
    "TRC-PPL2",
    "pH-DT",
    "pH-RT",
    "pH-PPL1",
    "pH-PPL2",
    "cond-DT",
    "cond-PPL1",
    "cond-PPL2",
    "fDOM-RT",
    "fDOM-PPL1",
    "fDOM-PPL2",
    "DO-RT",
    "DO-PPL1",
    "DO-PPL2",
    "TOC-RT",
    "TOC-PPL1",
    "TOC-PPL2",
    "DOC-RT",
    "DOC-PPL1",
    "DOC-PPL2",
    "minutes_since_start"
  ],
  "feature_columns": [
    "TRC-DT",
    "TRC-RT",
    "pH-DT",
    "pH-RT",
    "cond-DT",
    "fDOM-RT",
    "DO-RT",
    "TOC-RT",
    "DOC-RT",
    "minutes_since_start"
  ],
  "target_columns": [
    "TRC-PPL1",
    "TRC-PPL2"
  ],
  "split_boundaries": {
    "train_end": 7796,
    "val_end": 9466,
    "test_end": 11138
  },
  "dataset_sizes": {
    "train": 7677,
    "val": 1670,
    "test": 1672
  },
  "input_dim": 10,
  "sequence_length": 120,
  "training_history": {
    "epochs": [
      1,
      2,
      3,
      4,
      5,
      6,
      7,
      8,
      9,
      10,
      11,
      12,
      13,
      14,
      15,
      16,
      17,
      18,
      19,
      20,
      21,
      22,
      23,
      24,
      25,
      26,
      27,
      28,
      29,
      30,
      31,
      32,
      33,
      34,
      35,
      36,
      37,
      38,
      39,
      40,
      41,
      42,
      43,
      44,
      45,
      46,
      47,
      48,
      49,
      50,
      51,
      52,
      53,
      54,
      55,
      56,
      57,
      58,
      59,
      60,
      61,
      62,
      63,
      64,
      65,
      66,
      67,
      68,
      69,
      70,
      71,
      72,
      73,
      74,
      75,
      76,
      77,
      78,
      79,
      80,
      81,
      82,
      83,
      84,
      85,
      86,
      87,
      88,
      89,
      90,
      91,
      92,
      93,
      94,
      95,
      96,
      97,
      98,
      99,
      100,
      101,
      102,
      103,
      104,
      105,
      106,
      107,
      108,
      109,
      110,
      111,
      112,
      113,
      114,
      115,
      116,
      117,
      118,
      119,
      120,
      121,
      122,
      123,
      124,
      125,
      126,
      127,
      128,
      129,
      130,
      131,
      132,
      133,
      134
    ],
    "train_loss": [
      0.30787716198979964,
      0.1185182798981387,
      0.07171005381192874,
      0.05630137800289129,
      0.04397560644327577,
      0.04379068411740145,
      0.04525879505544734,
      0.03612130471141649,
      0.035040987362670015,
      0.031464669233052404,
      0.03004322028578772,
      0.028326778111318694,
      0.02787382746258719,
      0.027162521273252926,
      0.02782140955327971,
      0.024746024151600415,
      0.024718614147607978,
      0.026418003538118545,
      0.027330026570627493,
      0.02395577428837462,
      0.023826940807175307,
      0.022707503643947156,
      0.022432426767591405,
      0.026643791337522645,
      0.021380406041200527,
      0.023425793515922767,
      0.024026103784308715,
      0.025188382790928956,
      0.021947217953070013,
      0.021108831603492986,
      0.021785816103239396,
      0.022253563433984568,
      0.02027737548274191,
      0.020209896455980984,
      0.02100293114075336,
      0.021411611375753047,
      0.022137946830508032,
      0.022513965653299012,
      0.020807437858073232,
      0.020670866457604953,
      0.020959945180864248,
      0.020915446719995418,
      0.02052658272940378,
      0.020632911634131522,
      0.020191348663093182,
      0.02023504534948574,
      0.020633069085027846,
      0.019685070472699684,
      0.019072375389977452,
      0.021177599525135662,
      0.02303784748257154,
      0.021624660463944238,
      0.01997412621884688,
      0.019618778708743307,
      0.018898323953119675,
      0.019587956130785084,
      0.019374241406684922,
      0.02029324716552209,
      0.019872267293806024,
      0.01839106322286906,
      0.019661580812066145,
      0.01976028108459572,
      0.020620461863654734,
      0.018691032285314022,
      0.018635359633497054,
      0.01887313594637174,
      0.021013612978202114,
      0.018630689942317154,
      0.01860787289019859,
      0.019889279353965287,
      0.018882354190559753,
      0.01941284841265963,
      0.018319373440846144,
      0.018133212684501937,
      0.01858161675472138,
      0.01890751524172433,
      0.05278818482227145,
      0.037519828363393175,
      0.02487534259309973,
      0.024139467985897584,
      0.020304861911474858,
      0.019750862147368396,
      0.02046791579338028,
      0.020889900687834986,
      0.019193366994496332,
      0.019751685985831196,
      0.018437604687625626,
      0.019699278596817273,
      0.018815758842739554,
      0.01840334107025233,
      0.018479138483063224,
      0.01798956632486514,
      0.01834923189091674,
      0.018640016982742154,
      0.01762941035858038,
      0.01984421623271685,
      0.01879578697635522,
      0.018190086431028797,
      0.019713530713522227,
      0.03683483672482483,
      0.1259464090647557,
      0.03938691890051826,
      0.032368581786934206,
      0.030574097548355127,
      0.02936996240423568,
      0.027269161904275113,
      0.02509240685711386,
      0.025002370005570786,
      0.024071453855419915,
      0.024011409661570175,
      0.022848249841430496,
      0.022856362369040095,
      0.022177420419946428,
      0.022138829588195193,
      0.023331000339213148,
      0.021690764446119646,
      0.021209544428318867,
      0.020207091930963005,
      0.020463608949575843,
      0.021109122597821463,
      0.020478482189168142,
      0.019820350023699612,
      0.01976154497218649,
      0.020326183249226953,
      0.019627119799435596,
      0.01997983144707585,
      0.019511186817904282,
      0.018581883213182545,
      0.019337309251583203,
      0.01959869412636639,
      0.01881182772748321,
      0.019420273766752347,
      0.019136823801974255,
      0.020025943686766627
    ],