{
  "model_name": "lstm-trc-rate/trial_36_b64652",
  "model_type": "LSTM",
  "model_format": "torch",
  "model_params": {
    "history_length": 217,
    "units": 243,
    "num_layers": 6,
    "dropout": 0.38416547995004213
  },
  "training_params": {
    "max_epochs": 500,
    "batch_size": 213,
    "learning_rate": 0.0006676201976604256,
    "weight_decay": 0.0013443389686701647,
    "checkpoint_interval": 10,
    "seed": 947
  },
  "data_csv": "data/time_aligned_data.csv",
  "timestamp_column": "Date, Time",
  "columns": [
    "TRC-DT",
    "TRC-RT",
    "TRC-PPL1",
    "TRC-PPL2",
    "pH-DT",
    "pH-RT",
    "pH-PPL1",
    "pH-PPL2",
    "cond-DT",
    "cond-PPL1",
    "cond-PPL2",
    "fDOM-RT",
    "fDOM-PPL1",
    "fDOM-PPL2",
    "DO-RT",
    "DO-PPL1",
    "DO-PPL2",
    "TOC-RT",
    "TOC-PPL1",
    "TOC-PPL2",
    "DOC-RT",
    "DOC-PPL1",
    "DOC-PPL2",
    "minutes_since_start"
  ],
  "feature_columns": [
    "TRC-DT",
    "TRC-RT",
    "pH-DT",
    "pH-RT",
    "cond-DT",
    "fDOM-RT",
    "DO-RT",
    "TOC-RT",
    "DOC-RT",
    "minutes_since_start"
  ],
  "target_columns": [
    "TRC-PPL1",
    "TRC-PPL2"
  ],
  "target_mode": "rate",
  "target_base_columns": [
    "TRC-RT",
    "TRC-RT"
  ],
  "split_boundaries": {
    "train_end": 7796,
    "val_end": 9466,
    "test_end": 11138
  },
  "dataset_sizes": {
    "train": 7580,
    "val": 1670,
    "test": 1672
  },
  "input_dim": 10,
  "sequence_length": 217,
  "training_history": {
    "epochs": [
      1,
      2,
      3,
      4,
      5,
      6,
      7,
      8,
      9,
      10,
      11,
      12,
      13,
      14,
      15,
      16,
      17,
      18,
      19,
      20,
      21,
      22,
      23,
      24,
      25,
      26,
      27,
      28,
      29,
      30,
      31,
      32,
      33,
      34,
      35,
      36,
      37,
      38,
      39,
      40,
      41,
      42,
      43,
      44,
      45,
      46,
      47,
      48,
      49,
      50
    ],
    "train_loss": [
      1.0051138355109182,
      1.005139244797991,
      1.0056158217245168,
      1.0053631160064234,
      1.0048813226591,
      1.0053992121625388,
      1.0051536542994994,
      1.0049205008078377,
      1.0050195531668953,
      1.0049203111974419,
      1.0049668538303047,
      1.0051226873196524,
      1.0049309194481153,
      1.00516844754326,
      1.0050109002473802,
      1.0048964497596418,
      1.0048864947302676,
      1.0049065204204544,
      1.0050012280333955,
      1.0049501961170841,
      1.0048774682594792,
      1.0048726628355111,
      1.0049699223686335,
      1.0049204078308824,
      1.004860882913217,
      1.0048602508916704,
      1.004889885597619,
      1.0048756470859523,
      1.0050501250104098,
      1.0049022860608818,
      1.0048750421145347,
      1.004885121299283,
      1.0048608812461741,
      1.0048474465951442,
      1.0048663951318937,
      1.0048786551861146,
      1.0048665809285358,
      1.004850764096884,
      1.0048552959764223,
      1.0048513217934831,
      1.0048527230373474,
      1.004868961544339,
      1.004871001863228,
      1.0048553462393366,
      1.0048674166595715,
      1.0048387504583298,
      1.0048611927472821,
      1.0048440725004453,
      1.0048985537642854,
      1.0048478355351098
    ],
    "val_loss": [
      0.3489374028931478,
      0.359767888791993,
      0.3390188085863333,
      0.3558211944685011,
      0.34049734739129417,
      0.33706397709553826,
      0.34687704567289995,
      0.34285196961756953,
      0.34628280488450724,
      0.3460422731913671,
      0.34316669961515656,
      0.3444584141479816,
      0.3419388809715381,
      0.34584713881824186,
      0.3415310129590199,
      0.34546006315437977,
      0.34812304598842553,
      0.34584166675493744,
      0.342351601703349,
      0.3467950860584924,
      0.3440073924931045,
      0.3452887972225686,
      0.34510102207343024,
      0.34515694608008435,
      0.34585063188688125,
      0.34504723535727955,
      0.3449833766785924,
      0.34568795035788397,
      0.3443357374139889,
      0.3443122814203094,
      0.34596048055919343,
      0.3453611960556514,
      0.34645532472672574,
      0.3461470687661521,
      0.3451779619416969,
      0.3446966310550353,
      0.34546051515701287,
      0.34509565568121964,
      0.3454942410934471,
      0.34445843736747067,
      0.3449228536493764,
      0.34396613350662286,
      0.3453433084742216,
      0.3454675151157879,
      0.3453377635982222,
      0.34511870094268265,
      0.3446045005303657,
      0.34471303418189464,
      0.34449815798305466,
      0.34497549908380665
    ],
    "best_epoch": 50,
    "best_val_loss": 0.34497549908380665,
    "best_val_abs_mse": 0.27136704325675964,
    "test_loss": 5.6294462046269595,
    "test_abs_mse": 52.86201477050781,
    "tracker": {
      "initial_train_loss": 1.0051138355109182,
      "train_threshold": 0.33503794517030605,
      "best_tracking": false,
      "patience_active": true,
      "patience_best_train": null,
      "patience_best_val": 0.34396613350662286,
      "patience_no_improve_epochs": 8,
      "best_train_loss": Infinity,
      "forced_stop_due_to_threshold": true
    }
  },
  "model_files": {
    "best": "scripts/outputs/lstm-trc-rate/trial_36_b64652/best_model.pt",
    "last": "scripts/outputs/lstm-trc-rate/trial_36_b64652/last_model.pt"
  },
  "config_path": "/home/amoris/data-analysis-on-dbps/scripts/outputs/lstm-trc-rate/trial_36_b64652/config.yaml"
}