{
  "model_name": "gru-trc-value/trial_55_c1a7f9",
  "model_type": "GRU",
  "model_format": "torch",
  "model_params": {
    "history_length": 80,
    "units": 153,
    "num_layers": 6,
    "dropout": 0.33243642901648096
  },
  "training_params": {
    "max_epochs": 500,
    "batch_size": 345,
    "learning_rate": 0.0003457863749706511,
    "weight_decay": 0.00010221238222057557,
    "checkpoint_interval": 10,
    "seed": 947
  },
  "data_csv": "data/time_aligned_data.csv",
  "timestamp_column": "Date, Time",
  "columns": [
    "TRC-DT",
    "TRC-RT",
    "TRC-PPL1",
    "TRC-PPL2",
    "pH-DT",
    "pH-RT",
    "pH-PPL1",
    "pH-PPL2",
    "cond-DT",
    "cond-PPL1",
    "cond-PPL2",
    "fDOM-RT",
    "fDOM-PPL1",
    "fDOM-PPL2",
    "DO-RT",
    "DO-PPL1",
    "DO-PPL2",
    "TOC-RT",
    "TOC-PPL1",
    "TOC-PPL2",
    "DOC-RT",
    "DOC-PPL1",
    "DOC-PPL2",
    "minutes_since_start"
  ],
  "feature_columns": [
    "TRC-DT",
    "TRC-RT",
    "pH-DT",
    "pH-RT",
    "cond-DT",
    "fDOM-RT",
    "DO-RT",
    "TOC-RT",
    "DOC-RT",
    "minutes_since_start"
  ],
  "target_columns": [
    "TRC-PPL1",
    "TRC-PPL2"
  ],
  "split_boundaries": {
    "train_end": 7796,
    "val_end": 9466,
    "test_end": 11138
  },
  "dataset_sizes": {
    "train": 7717,
    "val": 1670,
    "test": 1672
  },
  "input_dim": 10,
  "sequence_length": 80,
  "training_history": {
    "epochs": [
      1,
      2,
      3,
      4,
      5,
      6,
      7,
      8,
      9,
      10,
      11,
      12,
      13,
      14,
      15,
      16,
      17,
      18,
      19,
      20,
      21,
      22,
      23,
      24,
      25,
      26,
      27,
      28,
      29,
      30,
      31,
      32,
      33,
      34,
      35,
      36,
      37,
      38,
      39,
      40,
      41,
      42,
      43,
      44,
      45,
      46,
      47,
      48,
      49,
      50,
      51,
      52,
      53,
      54,
      55,
      56,
      57,
      58,
      59,
      60,
      61,
      62,
      63,
      64,
      65,
      66,
      67,
      68,
      69,
      70,
      71,
      72,
      73,
      74,
      75,
      76,
      77,
      78,
      79,
      80
    ],
    "train_loss": [
      0.5874926170969744,
      0.2075058267097855,
      0.1515009800058828,
      0.127395791092252,
      0.10449165310597225,
      0.08160118907941072,
      0.0636575426503261,
      0.05634077933388963,
      0.0496258811335598,
      0.04648165116746747,
      0.04303816594091725,
      0.04061759898029446,
      0.03933543288539354,
      0.03687394264995187,
      0.03612523094530209,
      0.03560997112920259,
      0.03456267451021945,
      0.032400329279773314,
      0.03146313274952898,
      0.030810447452712726,
      0.029503393889311544,
      0.028578531286922147,
      0.028684318284565063,
      0.027527106203668876,
      0.027117084356977544,
      0.027542138660950056,
      0.026087097052687018,
      0.02604759672893921,
      0.025014928477269945,
      0.024731769743383324,
      0.023772692556440003,
      0.02374706680173081,
      0.023151028082131937,
      0.022712189614631836,
      0.022646538783152037,
      0.02250910000541296,
      0.02190121287257696,
      0.022613013358235175,
      0.021245396861972334,
      0.02028904987859482,
      0.02059562037483744,
      0.02061026899663721,
      0.020516775331950038,
      0.019458482463868138,
      0.020121053890652787,
      0.019185594865105862,
      0.01946696173025565,
      0.020069668101583938,
      0.020529109788885988,
      0.021110115111312503,
      0.019734511397382175,
      0.018869652285509596,
      0.018130976169938418,
      0.018616190947374062,
      0.018683190486125104,
      0.018544348135148363,
      0.018325195031802247,
      0.018357075591403517,
      0.01983693494352016,
      0.018457217603966302,
      0.01820504757167415,
      0.018246149245755294,
      0.018064019955005325,
      0.01853353345545328,
      0.018589116784035426,
      0.018437413748334894,
      0.01754848800601506,
      0.017927381880069676,
      0.017826214053646237,
      0.0183603840569816,
      0.01838099869510968,
      0.01852042556667812,
      0.01815150506858174,
      0.01804416853216695,
      0.017945801707565615,
      0.018535616687799853,
      0.01825298044313548,
      0.018861951046266427,
      0.018181094480998253,
      0.018170054651023473
    ],
    "val_loss": [
      0.3277009514656788,
      0.4081950731977017,
      0.40576122549479593,
      0.40334931854716316,
      0.22667260793690197,
      0.17881908807568922,
      0.2411540354752612,
      0.18252236578992742,
      0.17645606920569243,
      0.16703352632146037,
      0.1617879621283023,
      0.1786506877219427,
      0.2860245816074981,
      0.27675064913036224,
      0.23454549347613743,
      0.39707922620955344,
      0.43834295201890483,
      0.6297697798421461,
      0.6362394334268784,
      1.0282739269195826,
      0.9392645345320423,
      1.0491434062390539,
      0.7592439792024162,
      1.0516280032593959,
      1.2429627090090227,
      0.8526287180466388,
      1.1426966420882299,
      1.3144862518986007,
      1.0558019815023967,
      1.1668245098302643,
      1.1373559960504314,
      1.2775363622367115,
      1.1262242438851626,
      0.928203447069415,
      0.9629945125218905,
      0.8326014720048466,
      0.9521760098011551,
      1.202916907403105,
      1.1472784257019886,
      1.0374248083792403,
      1.2659875184052183,
      0.8212834010514135,
      1.008242712333843,
      0.8747450831418712,
      0.963314749094139,
      1.0675375087655143,
      0.9227500424056709,
      1.0574821987005318,
      0.996917911459452,
      0.7992128305705989,
      0.7116193080789404,
      0.8071784367896393,
      0.8247779452626756,
      0.8510035223545072,
      0.7669219120020816,
      0.9364713479536112,
      0.7539591763982784,
      0.8359442277348594,
      0.6872241437925907,
      0.7304939139455914,
      0.7860441632836521,
      0.6896891994569117,
      0.6662688717904116,
      0.7392790610706824,
      0.7527674614803163,
      0.6526784710139929,
      0.7280105642896302,
      0.6873650157400323,
      0.6513832916901586,
      0.650838529055347,
      0.6851264919672987,
      0.6664787415180824,
      0.645064809387494,
      0.711324006575578,
      0.6679241204366624,
      0.7634008154384568,
      0.693764850619935,
      0.6360925076317466,
      0.6243951230192791,
      0.6900169603794277
    ],
    "best_epoch": 11,
    "best_val_loss": 0.1617879621283023,
    "test_loss": 4.283294343349466,
    "tracker": {
      "initial_train_loss": 0.5874926170969744,
      "train_threshold": 0.19583087236565813,
      "best_tracking": true,
      "patience_active": true,
      "patience_best_train": null,
      "patience_best_val": 0.1617879621283023,
      "patience_no_improve_epochs": 69,
      "best_train_loss": Infinity,
      "forced_stop_due_to_threshold": false
    }
  },
  "model_files": {
    "best": "scripts/outputs/gru-trc-value/trial_55_c1a7f9/best_model.pt",
    "last": "scripts/outputs/gru-trc-value/trial_55_c1a7f9/last_model.pt"
  },
  "config_path": "/home/amoris/data-analysis-on-dbps/scripts/outputs/gru-trc-value/trial_55_c1a7f9/config.yaml"
}