{
  "model_name": "rnn-trc-rate/trial_46_0075fe",
  "model_type": "RNN",
  "model_format": "torch",
  "model_params": {
    "history_length": 117,
    "units": 88,
    "num_layers": 7,
    "dropout": 0.47797227089384997
  },
  "training_params": {
    "max_epochs": 500,
    "batch_size": 247,
    "learning_rate": 0.0017831492767820638,
    "weight_decay": 0.007775498074722326,
    "checkpoint_interval": 10,
    "seed": 947
  },
  "data_csv": "data/time_aligned_data.csv",
  "timestamp_column": "Date, Time",
  "columns": [
    "TRC-DT",
    "TRC-RT",
    "TRC-PPL1",
    "TRC-PPL2",
    "pH-DT",
    "pH-RT",
    "pH-PPL1",
    "pH-PPL2",
    "cond-DT",
    "cond-PPL1",
    "cond-PPL2",
    "fDOM-RT",
    "fDOM-PPL1",
    "fDOM-PPL2",
    "DO-RT",
    "DO-PPL1",
    "DO-PPL2",
    "TOC-RT",
    "TOC-PPL1",
    "TOC-PPL2",
    "DOC-RT",
    "DOC-PPL1",
    "DOC-PPL2",
    "minutes_since_start"
  ],
  "feature_columns": [
    "TRC-DT",
    "TRC-RT",
    "pH-DT",
    "pH-RT",
    "cond-DT",
    "fDOM-RT",
    "DO-RT",
    "TOC-RT",
    "DOC-RT",
    "minutes_since_start"
  ],
  "target_columns": [
    "TRC-PPL1",
    "TRC-PPL2"
  ],
  "target_mode": "rate",
  "target_base_columns": [
    "TRC-RT",
    "TRC-RT"
  ],
  "split_boundaries": {
    "train_end": 7796,
    "val_end": 9466,
    "test_end": 11138
  },
  "dataset_sizes": {
    "train": 7680,
    "val": 1670,
    "test": 1672
  },
  "input_dim": 10,
  "sequence_length": 117,
  "training_history": {
    "epochs": [
      1,
      2,
      3,
      4,
      5,
      6,
      7,
      8,
      9,
      10,
      11,
      12,
      13,
      14,
      15,
      16,
      17,
      18,
      19,
      20,
      21,
      22,
      23,
      24,
      25,
      26,
      27,
      28,
      29,
      30,
      31,
      32,
      33,
      34,
      35,
      36,
      37,
      38,
      39,
      40,
      41,
      42,
      43,
      44,
      45,
      46,
      47,
      48,
      49,
      50,
      51,
      52,
      53,
      54,
      55,
      56,
      57,
      58,
      59,
      60,
      61,
      62,
      63,
      64,
      65,
      66,
      67,
      68,
      69,
      70,
      71,
      72,
      73,
      74,
      75,
      76,
      77,
      78,
      79,
      80,
      81,
      82,
      83,
      84,
      85,
      86,
      87
    ],
    "train_loss": [
      0.4279697853780817,
      0.1655138321473108,
      0.1308250529196812,
      0.12860170509375166,
      0.10831573965260759,
      0.09560386004062214,
      0.1148368148007042,
      0.0918985966554222,
      0.09386809780456436,
      0.07924192239588593,
      0.08411381517216796,
      0.1158955599491795,
      0.08150196931577132,
      0.06656421158986632,
      0.07237273634091253,
      0.06666088013541109,
      0.06290899426288282,
      0.2670967357752185,
      0.6118592648572909,
      0.4782921030108506,
      0.4502107977323855,
      0.381061794537042,
      0.21349529080325738,
      0.13493958957260474,
      0.12567151559051126,
      0.11673885134320396,
      0.11677526512163847,
      0.1275317976619893,
      0.11644331503484864,
      0.1120259880835268,
      0.10748059597390239,
      0.11067149984398081,
      0.11407684596294226,
      0.113409153384661,
      0.11255616606892242,
      0.10928813639329746,
      0.110557863493644,
      0.11161819720291533,
      0.11078589750880687,
      0.11239683626433059,
      0.11112705567114366,
      0.11577954251066937,
      0.12001098499555761,
      0.10645755609633246,
      0.10496633358416148,
      0.10549369609022202,
      0.10895316334208474,
      0.1045043591458428,
      0.11064051854579399,
      0.1013552934115675,
      0.10442858286066135,
      0.11183935922454111,
      0.1018479389953427,
      0.10789820079226047,
      0.0995915778359631,
      0.12920400185103062,
      0.11111770707454222,
      0.1012632511779278,
      0.11738983355656576,
      0.10318731922016014,
      0.0921067734947428,
      0.10134747687067526,
      0.10372136672764706,
      0.09833987450304751,
      0.10233377193217166,
      0.09822768071414127,
      0.09534205040060138,
      0.09241800567542668,
      0.1020573932910338,
      0.1144245837504665,
      0.0995551877907322,
      0.10416252279731755,
      0.10472519058481945,
      0.09067103057459462,
      0.09895935934522034,
      0.09736198117413247,
      0.09524273909628392,
      0.10016802886869604,
      0.10536712993925904,
      0.11616693265095819,
      0.09528353522861531,
      0.23454397339664865,
      0.17803312593702383,
      0.10688488568703178,
      0.10176629189130229,
      0.0975802960000389,
      0.0931496686214814
    ],
    "val_loss": [
      0.5961300466321185,
      0.36230453640490234,
      0.8048365959819562,
      0.3323302225304578,
      0.3024978959944077,
      0.4069085339452335,
      0.31706621550514313,
      0.31648213559549726,
      0.3046883703170422,
      0.2944182281544109,
      0.4144467175006866,
      0.30421725289594986,
      0.31637452328856475,
      0.33057350507173355,
      0.3802361029216986,
      0.30581295279016396,
      0.2997379687018023,
      0.28455025891210145,
      0.3033655565633567,
      0.3023078748253648,
      0.3381381017139215,
      0.2773876551404863,
      0.29238703597537774,
      0.25751641032893857,
      0.23969355662113534,
      0.2584393331290273,
      0.24426823511808932,
      0.27137910729374537,
      0.28412739146991584,
      0.28229504712149056,
      0.3166179487649017,
      0.24175301043394798,
      0.24102081341256282,
      0.269948436110141,
      0.29962367428366293,
      0.24368872823874035,
      0.2293062009140403,
      0.27587902195930125,
      0.24086111224295492,
      0.2959245745706076,
      0.2819118068246784,
      0.31466055537189197,
      0.2557029665977566,
      0.23874565514284157,
      0.25107911297170343,
      0.28273312883551965,
      0.2420063529141292,
      0.3132572165762861,
      0.37723741264801897,
      0.30281101924863585,
      0.26186085735520204,
      0.2599862234209647,
      0.24918777262401617,
      0.26972377967022493,
      0.2722541254192234,
      0.3019178255009437,
      0.2612712710861585,
      0.2775753218100635,
      0.2584863546577667,
      0.2953931716755925,
      0.358638868440768,
      0.2835113541808671,
      0.27568532648959204,
      0.3785040007290726,
      0.27323959916718527,
      0.3002860415347679,
      0.31305217345964587,
      0.2757485932430732,
      0.33797806740074815,
      0.297146433689994,
      0.27791993024307277,
      0.27321136898422493,
      0.31308441180847363,
      0.29387366176543833,
      0.2831966315457475,
      0.28222437451431853,
      0.4620898162176509,
      0.3216466495789543,
      0.32346051584951535,
      0.3274369443381975,
      0.29544012793033064,
      0.2871337934625809,
      0.32213160084660897,
      0.2610762402917186,
      0.32374544438576985,
      0.3045072017639072,
      0.2787759325573009
    ],
    "best_epoch": 37,
    "best_val_loss": 0.2293062009140403,
    "best_val_abs_mse": 0.3308033049106598,
    "test_loss": 3.261798445474018,
    "test_abs_mse": 31.740549087524414,
    "tracker": {
      "initial_train_loss": 0.4279697853780817,
      "train_threshold": 0.14265659512602724,
      "best_tracking": true,
      "patience_active": true,
      "patience_best_train": null,
      "patience_best_val": 0.2293062009140403,
      "patience_no_improve_epochs": 50,
      "best_train_loss": Infinity,
      "forced_stop_due_to_threshold": false
    }
  },
  "model_files": {
    "best": "scripts/outputs/rnn-trc-rate/trial_46_0075fe/best_model.pt",
    "last": "scripts/outputs/rnn-trc-rate/trial_46_0075fe/last_model.pt"
  },
  "config_path": "/home/amoris/data-analysis-on-dbps/scripts/outputs/rnn-trc-rate/trial_46_0075fe/config.yaml"
}