{
  "model_name": "gru-trc-value/trial_57_b2a021",
  "model_type": "GRU",
  "model_format": "torch",
  "model_params": {
    "history_length": 86,
    "units": 155,
    "num_layers": 7,
    "dropout": 0.3389714182906325
  },
  "training_params": {
    "max_epochs": 500,
    "batch_size": 381,
    "learning_rate": 0.00035206310522310216,
    "weight_decay": 0.00013190706989792903,
    "checkpoint_interval": 10,
    "seed": 947
  },
  "data_csv": "data/time_aligned_data.csv",
  "timestamp_column": "Date, Time",
  "columns": [
    "TRC-DT",
    "TRC-RT",
    "TRC-PPL1",
    "TRC-PPL2",
    "pH-DT",
    "pH-RT",
    "pH-PPL1",
    "pH-PPL2",
    "cond-DT",
    "cond-PPL1",
    "cond-PPL2",
    "fDOM-RT",
    "fDOM-PPL1",
    "fDOM-PPL2",
    "DO-RT",
    "DO-PPL1",
    "DO-PPL2",
    "TOC-RT",
    "TOC-PPL1",
    "TOC-PPL2",
    "DOC-RT",
    "DOC-PPL1",
    "DOC-PPL2",
    "minutes_since_start"
  ],
  "feature_columns": [
    "TRC-DT",
    "TRC-RT",
    "pH-DT",
    "pH-RT",
    "cond-DT",
    "fDOM-RT",
    "DO-RT",
    "TOC-RT",
    "DOC-RT",
    "minutes_since_start"
  ],
  "target_columns": [
    "TRC-PPL1",
    "TRC-PPL2"
  ],
  "split_boundaries": {
    "train_end": 7796,
    "val_end": 9466,
    "test_end": 11138
  },
  "dataset_sizes": {
    "train": 7711,
    "val": 1670,
    "test": 1672
  },
  "input_dim": 10,
  "sequence_length": 86,
  "training_history": {
    "epochs": [
      1,
      2,
      3,
      4,
      5,
      6,
      7,
      8,
      9,
      10,
      11,
      12,
      13,
      14,
      15,
      16,
      17,
      18,
      19,
      20,
      21,
      22,
      23,
      24,
      25,
      26,
      27,
      28,
      29,
      30,
      31,
      32,
      33,
      34,
      35,
      36,
      37,
      38,
      39,
      40,
      41,
      42,
      43,
      44,
      45,
      46,
      47,
      48,
      49,
      50,
      51,
      52,
      53,
      54,
      55,
      56,
      57,
      58,
      59,
      60,
      61,
      62,
      63,
      64,
      65,
      66,
      67,
      68,
      69,
      70,
      71,
      72,
      73,
      74,
      75,
      76,
      77,
      78,
      79,
      80
    ],
    "train_loss": [
      0.6048728268042317,
      0.21268748059035925,
      0.15869319379318086,
      0.13302996264479067,
      0.10738375312703667,
      0.08617046875235419,
      0.07054912115576094,
      0.059969245197089356,
      0.055977573611770776,
      0.05240341393568608,
      0.048385760041912494,
      0.04573951637189516,
      0.04446339395634937,
      0.04136109786092918,
      0.03874490801315025,
      0.038542608026960544,
      0.03827356478563389,
      0.03454175610551805,
      0.03363128625399492,
      0.032556538889794526,
      0.032703666440633355,
      0.03229289565048411,
      0.03156521593379597,
      0.03172255983215534,
      0.03210251159736996,
      0.029577273342117325,
      0.030154623651391276,
      0.028390619060527783,
      0.028473624233951163,
      0.028443975023120436,
      0.028582174802710383,
      0.027720086704570022,
      0.027239307939944418,
      0.02718777084369717,
      0.02707235928638879,
      0.026850894401015405,
      0.02662323649203077,
      0.025073710517411165,
      0.024693339794966948,
      0.024153642524277756,
      0.024569400860717242,
      0.023330799052125824,
      0.02597869218947544,
      0.023007520706508893,
      0.023686344876272827,
      0.021956552188172444,
      0.021665380858227893,
      0.02144061217927319,
      0.022066027453600888,
      0.02309499199186576,
      0.021723736074648392,
      0.022032288984459455,
      0.02085633667780374,
      0.02005492538723898,
      0.020584757509722874,
      0.019504536944039908,
      0.02173808025035076,
      0.020958216541793744,
      0.01913151282475564,
      0.019943898648068052,
      0.019897750212016573,
      0.019882115490870815,
      0.01932890118236108,
      0.019503122822200025,
      0.018776967888909344,
      0.019253530827387268,
      0.018682916105303718,
      0.01863487386568026,
      0.018956169539188352,
      0.02021330119221881,
      0.020337043049384256,
      0.019171273602976394,
      0.018565508098206375,
      0.01915665714604283,
      0.019858326069646395,
      0.01860822243571297,
      0.018653455116564917,
      0.0185748211493069,
      0.018404814467460184,
      0.018758126998190024
    ],
    "val_loss": [
      0.26143247175091755,
      0.3899878644122335,
      0.3744249110807202,
      0.37306928426294983,
      0.46749120918576587,
      0.3273855168037786,
      0.2748094051384819,
      0.34265393671429084,
      0.22917359081392516,
      0.43148213797165247,
      0.4529724566522473,
      0.5559954880374277,
      0.5009137387203421,
      0.5963652343628649,
      0.7336162505481771,
      1.039783301095138,
      1.1800196963780654,
      1.5877529050351795,
      2.1007296887432743,
      2.289691069052962,
      2.385078941805366,
      2.359108563099882,
      2.7033445065361477,
      2.6227128762595666,
      2.4891107315253356,
      2.8826139907235513,
      3.1144208024941875,
      3.622666140801892,
      3.5955389978732177,
      3.777722045884072,
      4.100694948829666,
      3.9216640291947447,
      4.120457691792956,
      4.247786079306981,
      4.0085139216632095,
      4.399617517766303,
      4.927139347952283,
      4.8971386808121276,
      4.707110077892235,
      4.146836901598883,
      4.883463522631251,
      3.842888709657385,
      3.2665093549622033,
      4.457191797867863,
      5.023130598628592,
      4.633439066448433,
      4.984460346025978,
      5.074888349052318,
      4.908755572135755,
      5.105629138666355,
      4.932757228791357,
      4.864830417386786,
      5.2387106136290615,
      5.298670510635405,
      5.277791247432104,
      5.740466262373381,
      4.991859809527854,
      5.15525040630095,
      5.494555794585964,
      4.974066399956891,
      5.26101262708624,
      5.031168840745252,
      5.094095883380153,
      5.3236144283931415,
      5.4731033330192105,
      5.36037436188338,
      5.167626823386747,
      5.274648385169264,
      5.490512320738353,
      5.137977530570801,
      5.0461045991160915,
      5.29007554910854,
      5.155791063365822,
      5.647079322009743,
      5.063893642860973,
      5.4396596665153965,
      5.242928080323214,
      5.116477060692753,
      5.020264175980391,
      5.408060575174001
    ],
    "best_epoch": 9,
    "best_val_loss": 0.22917359081392516,
    "test_loss": 4.0414356369721265,
    "tracker": {
      "initial_train_loss": 0.6048728268042317,
      "train_threshold": 0.20162427560141058,
      "best_tracking": true,
      "patience_active": true,
      "patience_best_train": null,
      "patience_best_val": 0.22917359081392516,
      "patience_no_improve_epochs": 71,
      "best_train_loss": Infinity,
      "forced_stop_due_to_threshold": false
    }
  },
  "model_files": {
    "best": "scripts/outputs/gru-trc-value/trial_57_b2a021/best_model.pt",
    "last": "scripts/outputs/gru-trc-value/trial_57_b2a021/last_model.pt"
  },
  "config_path": "/home/amoris/data-analysis-on-dbps/scripts/outputs/gru-trc-value/trial_57_b2a021/config.yaml"
}