{
  "model_name": "gru-trc-value/trial_12_3a7263",
  "model_type": "GRU",
  "model_format": "torch",
  "model_params": {
    "history_length": 110,
    "units": 146,
    "num_layers": 8,
    "dropout": 0.38788919019484136
  },
  "training_params": {
    "max_epochs": 500,
    "batch_size": 157,
    "learning_rate": 0.0002976417817701014,
    "weight_decay": 0.0006535969657625697,
    "checkpoint_interval": 10,
    "seed": 947
  },
  "data_csv": "data/time_aligned_data.csv",
  "timestamp_column": "Date, Time",
  "columns": [
    "TRC-DT",
    "TRC-RT",
    "TRC-PPL1",
    "TRC-PPL2",
    "pH-DT",
    "pH-RT",
    "pH-PPL1",
    "pH-PPL2",
    "cond-DT",
    "cond-PPL1",
    "cond-PPL2",
    "fDOM-RT",
    "fDOM-PPL1",
    "fDOM-PPL2",
    "DO-RT",
    "DO-PPL1",
    "DO-PPL2",
    "TOC-RT",
    "TOC-PPL1",
    "TOC-PPL2",
    "DOC-RT",
    "DOC-PPL1",
    "DOC-PPL2",
    "minutes_since_start"
  ],
  "feature_columns": [
    "TRC-DT",
    "TRC-RT",
    "pH-DT",
    "pH-RT",
    "cond-DT",
    "fDOM-RT",
    "DO-RT",
    "TOC-RT",
    "DOC-RT",
    "minutes_since_start"
  ],
  "target_columns": [
    "TRC-PPL1",
    "TRC-PPL2"
  ],
  "split_boundaries": {
    "train_end": 7796,
    "val_end": 9466,
    "test_end": 11138
  },
  "dataset_sizes": {
    "train": 7687,
    "val": 1670,
    "test": 1672
  },
  "input_dim": 10,
  "sequence_length": 110,
  "training_history": {
    "epochs": [
      1,
      2,
      3,
      4,
      5,
      6,
      7,
      8,
      9,
      10,
      11,
      12,
      13,
      14,
      15,
      16,
      17,
      18,
      19,
      20,
      21,
      22,
      23,
      24,
      25,
      26,
      27,
      28,
      29,
      30,
      31,
      32,
      33,
      34,
      35,
      36,
      37,
      38,
      39,
      40,
      41,
      42,
      43,
      44,
      45,
      46,
      47,
      48,
      49,
      50,
      51,
      52,
      53,
      54,
      55,
      56,
      57,
      58,
      59,
      60,
      61,
      62,
      63,
      64,
      65,
      66,
      67,
      68,
      69,
      70,
      71,
      72,
      73,
      74,
      75,
      76,
      77,
      78,
      79,
      80
    ],
    "train_loss": [
      0.46554788269409825,
      0.1607537594986967,
      0.12796918569704296,
      0.09143045016773907,
      0.07177923227348625,
      0.06014715180458135,
      0.05582863382323442,
      0.05904482507912719,
      0.0532221208414114,
      0.049899879900182006,
      0.050234943614257115,
      0.04595072464238408,
      0.047546348664282014,
      0.04278706280456201,
      0.04242866564674357,
      0.041497950554931134,
      0.0419371531617429,
      0.03930715210222099,
      0.03782267283216454,
      0.03907546325422813,
      0.04617576113742955,
      0.03754865180003646,
      0.03423466665070071,
      0.03719646854589521,
      0.035064267802945234,
      0.034767279328243604,
      0.03313754550958542,
      0.03279439841351189,
      0.03359596352043854,
      0.03428776559451552,
      0.03164883269208126,
      0.0322193906951322,
      0.031019608465816785,
      0.03049038703605112,
      0.03163600147945202,
      0.030764494481150855,
      0.02895382675739046,
      0.03077449360882971,
      0.03390719086494909,
      0.029698814082848586,
      0.030995937354821014,
      0.030351733374980625,
      0.03016854213320249,
      0.030256547688511267,
      0.03068490199433574,
      0.029381655455139627,
      0.02819774003416645,
      0.02775555499662763,
      0.02842485074051276,
      0.028928077155395835,
      0.026908208242555395,
      0.029033401082749016,
      0.026962315168896144,
      0.02792217545826785,
      0.028416905547060285,
      0.028672601021821422,
      0.030107507897249912,
      0.029638143219717677,
      0.026576701018833766,
      0.027642927828827744,
      0.027520936107740566,
      0.026137336047374258,
      0.027977332948457827,
      0.025590464877187857,
      0.02647130564751722,
      0.025709393350023417,
      0.028081679939874767,
      0.02866946313715817,
      0.027641273382190953,
      0.029181302974953582,
      0.02581139974038274,
      0.026072846748602628,
      0.02700307937412853,
      0.026022643423941522,
      0.025996698819452692,
      0.027700814513844103,
      0.027161857642934134,
      0.02504806279316128,
      0.026331848709519236,
      0.026167515359496178
    ],
    "val_loss": [
      0.3611404598696146,
      0.39297493069828626,
      0.3752801718736837,
      0.28620820957386567,
      0.23322538550229308,
      0.23682099929871317,
      0.27916161521466193,
      0.26156454048381594,
      0.2222415026879596,
      0.25519766036175684,
      0.24343328078439136,
      0.24599366010707652,
      0.2392300327715581,
      0.2732753323870683,
      0.25392672902051205,
      0.29722245968432126,
      0.3153369047863041,
      0.2929729423636269,
      0.31413048065440385,
      0.3127307525874969,
      0.2971855835375672,
      0.31767747012931785,
      0.3205038805274728,
      0.29077437362650377,
      0.31143425483658105,
      0.32103670279155233,
      0.3160445373371511,
      0.2945274410044362,
      0.3309539116629048,
      0.3166584319184105,
      0.33967777029081375,
      0.32403814076239656,
      0.30280758951216225,
      0.32883665808615925,
      0.3648938120192218,
      0.3275919175500463,
      0.32235081303463187,
      0.348541453213035,
      0.38191483305867563,
      0.30107776314176304,
      0.32682662909393184,
      0.3243327085876804,
      0.34781866757321855,
      0.40950315092762785,
      0.35428582963695426,
      0.34226622047895444,
      0.33213432379914615,
      0.3635443100426904,
      0.33731869615859794,
      0.34111312544809846,
      0.36528319369577716,
      0.33200444958791764,
      0.35406334638417125,
      0.33813545056088956,
      0.3105251757506125,
      0.2849495330568916,
      0.36261187093611247,
      0.34588158979208883,
      0.332857638755869,
      0.34433313454473446,
      0.3599803162192156,
      0.3344283314990605,
      0.3425089170542841,
      0.37212345406279235,
      0.31332353543445557,
      0.3402787830769837,
      0.37763257595281047,
      0.3845513120940524,
      0.33652709522200913,
      0.3819521250861312,
      0.3420848280169114,
      0.35829635350825545,
      0.3298148323229687,
      0.3289851948395818,
      0.3608940975350177,
      0.3371439332276315,
      0.3469990947847059,
      0.3864565608364915,
      0.3704684774831919,
      0.3197710951344071
    ],
    "best_epoch": 9,
    "best_val_loss": 0.2222415026879596,
    "test_loss": 3.765460982562252,
    "tracker": {
      "initial_train_loss": 0.46554788269409825,
      "train_threshold": 0.15518262756469942,
      "best_tracking": true,
      "patience_active": true,
      "patience_best_train": null,
      "patience_best_val": 0.2222415026879596,
      "patience_no_improve_epochs": 71,
      "best_train_loss": Infinity,
      "forced_stop_due_to_threshold": false
    }
  },
  "model_files": {
    "best": "scripts/outputs/gru-trc-value/trial_12_3a7263/best_model.pt",
    "last": "scripts/outputs/gru-trc-value/trial_12_3a7263/last_model.pt"
  },
  "config_path": "/home/amoris/data-analysis-on-dbps/scripts/outputs/gru-trc-value/trial_12_3a7263/config.yaml"
}