{
  "model_name": "lstm-trc-rate/trial_2_e5efe4",
  "model_type": "LSTM",
  "model_format": "torch",
  "model_params": {
    "history_length": 79,
    "units": 330,
    "num_layers": 14,
    "dropout": 0.30009011815703157
  },
  "training_params": {
    "max_epochs": 500,
    "batch_size": 120,
    "learning_rate": 0.0007572405977874229,
    "weight_decay": 0.00475274280954962,
    "checkpoint_interval": 10,
    "seed": 947
  },
  "data_csv": "data/time_aligned_data.csv",
  "timestamp_column": "Date, Time",
  "columns": [
    "TRC-DT",
    "TRC-RT",
    "TRC-PPL1",
    "TRC-PPL2",
    "pH-DT",
    "pH-RT",
    "pH-PPL1",
    "pH-PPL2",
    "cond-DT",
    "cond-PPL1",
    "cond-PPL2",
    "fDOM-RT",
    "fDOM-PPL1",
    "fDOM-PPL2",
    "DO-RT",
    "DO-PPL1",
    "DO-PPL2",
    "TOC-RT",
    "TOC-PPL1",
    "TOC-PPL2",
    "DOC-RT",
    "DOC-PPL1",
    "DOC-PPL2",
    "minutes_since_start"
  ],
  "feature_columns": [
    "TRC-DT",
    "TRC-RT",
    "pH-DT",
    "pH-RT",
    "cond-DT",
    "fDOM-RT",
    "DO-RT",
    "TOC-RT",
    "DOC-RT",
    "minutes_since_start"
  ],
  "target_columns": [
    "TRC-PPL1",
    "TRC-PPL2"
  ],
  "target_mode": "rate",
  "target_base_columns": [
    "TRC-RT",
    "TRC-RT"
  ],
  "split_boundaries": {
    "train_end": 7796,
    "val_end": 9466,
    "test_end": 11138
  },
  "dataset_sizes": {
    "train": 7718,
    "val": 1670,
    "test": 1672
  },
  "input_dim": 10,
  "sequence_length": 79,
  "training_history": {
    "epochs": [
      1,
      2,
      3,
      4,
      5,
      6,
      7,
      8,
      9,
      10,
      11,
      12,
      13,
      14,
      15,
      16,
      17,
      18,
      19,
      20,
      21,
      22,
      23,
      24,
      25,
      26,
      27,
      28,
      29,
      30,
      31,
      32,
      33,
      34,
      35,
      36,
      37,
      38,
      39,
      40,
      41,
      42,
      43,
      44,
      45,
      46,
      47,
      48,
      49,
      50
    ],
    "train_loss": [
      0.999672648634247,
      0.999254733115535,
      0.9993193803225258,
      0.99918286759917,
      0.9991219334572701,
      0.9991156558942288,
      0.9991938763870789,
      0.9992647626357364,
      0.999136594856116,
      0.9990961922978947,
      0.9990734147667174,
      0.9991151384196463,
      0.9990909131705745,
      0.9991246875193058,
      0.9991248386546904,
      0.9990986599209211,
      0.9991137944963133,
      0.9992650400853954,
      0.9990976584887499,
      0.9990992968364774,
      0.9990366110532325,
      0.9990519477654443,
      0.999065004148209,
      0.9990759292517526,
      0.9991298209480993,
      0.9990280962849133,
      0.9990565079455241,
      0.9990304458107346,
      0.9990579948644003,
      0.9990459271557253,
      0.9990361768614291,
      0.9990277898747182,
      0.9990682739858091,
      0.9990960315089981,
      0.999048541295896,
      0.9990254056734815,
      0.9990633830841293,
      0.9990285780801152,
      0.9990600829731154,
      0.9990921596320499,
      0.9990255641300896,
      0.9990456666808019,
      0.9990728586935324,
      0.9990933609459801,
      0.9990405076895084,
      0.9990370491218864,
      0.999049294578748,
      0.9990718260148733,
      0.9990885915549872,
      0.9991521694772013
    ],
    "val_loss": [
      0.3493207961677791,
      0.3447811689205512,
      0.35362418870369117,
      0.35292460479422244,
      0.35352849996018554,
      0.3522031949665732,
      0.3534685245709505,
      0.35097817014791294,
      0.3548275107395149,
      0.35320574767932206,
      0.351708498722065,
      0.35227423977709105,
      0.35227613133227753,
      0.3528560830090574,
      0.3511942992667238,
      0.3528061016591009,
      0.3516051245485237,
      0.35365855327980245,
      0.35179765718782735,
      0.3515823753829488,
      0.35274048506499767,
      0.35246813832642787,
      0.3520515656578327,
      0.3527588754178521,
      0.35304138144690117,
      0.35253460214523497,
      0.35235469177097617,
      0.35217713337101625,
      0.3524648069800017,
      0.3514367710508986,
      0.35280779994533445,
      0.3529038041116235,
      0.35265948038972067,
      0.3516640726499215,
      0.35219519696906654,
      0.35324482807142293,
      0.3534169693193036,
      0.35258384905532447,
      0.35266745518781467,
      0.3520441965428655,
      0.3523925984512546,
      0.3526830210121806,
      0.3537285168192344,
      0.3519400952461951,
      0.35298027437247204,
      0.35281174607619553,
      0.35270033196774786,
      0.3523230300156656,
      0.3524989759672188,
      0.3526554014868365
    ],
    "best_epoch": 50,
    "best_val_loss": 0.3526554014868365,
    "best_val_abs_mse": 0.26860904693603516,
    "test_loss": 5.6846398987838525,
    "test_abs_mse": 53.25895309448242,
    "tracker": {
      "initial_train_loss": 0.999672648634247,
      "train_threshold": 0.3332242162114157,
      "best_tracking": false,
      "patience_active": true,
      "patience_best_train": null,
      "patience_best_val": 0.3516640726499215,
      "patience_no_improve_epochs": 16,
      "best_train_loss": Infinity,
      "forced_stop_due_to_threshold": true
    }
  },
  "model_files": {
    "best": "scripts/outputs/lstm-trc-rate/trial_2_e5efe4/best_model.pt",
    "last": "scripts/outputs/lstm-trc-rate/trial_2_e5efe4/last_model.pt"
  },
  "config_path": "/home/amoris/data-analysis-on-dbps/scripts/outputs/lstm-trc-rate/trial_2_e5efe4/config.yaml"
}