model,r2,mse,rmse,mae
lstm-trc-rate-67,-5420.619141,3.663530,1.914035,1.913579
lstm-trc-rate-92,-5392.010254,3.644198,1.908978,1.908465
lstm-trc-rate-53,-5280.850586,3.569085,1.889202,1.888484
lstm-trc-value-74,-0.075916,0.006218,0.078852,0.070913
lstm-trc-value-99,-0.548922,0.008951,0.094610,0.084683
lstm-trc-value-68,-0.676928,0.009691,0.098442,0.088093
