{
  "model_name": "gru-trc-rate/trial_58_346169",
  "model_type": "GRU",
  "model_format": "torch",
  "model_params": {
    "history_length": 105,
    "units": 213,
    "num_layers": 5,
    "dropout": 0.37421019953228124
  },
  "training_params": {
    "max_epochs": 500,
    "batch_size": 177,
    "learning_rate": 0.0005209324610070757,
    "weight_decay": 0.0002752748932736888,
    "checkpoint_interval": 10,
    "seed": 947
  },
  "data_csv": "data/time_aligned_data.csv",
  "timestamp_column": "Date, Time",
  "columns": [
    "TRC-DT",
    "TRC-RT",
    "TRC-PPL1",
    "TRC-PPL2",
    "pH-DT",
    "pH-RT",
    "pH-PPL1",
    "pH-PPL2",
    "cond-DT",
    "cond-PPL1",
    "cond-PPL2",
    "fDOM-RT",
    "fDOM-PPL1",
    "fDOM-PPL2",
    "DO-RT",
    "DO-PPL1",
    "DO-PPL2",
    "TOC-RT",
    "TOC-PPL1",
    "TOC-PPL2",
    "DOC-RT",
    "DOC-PPL1",
    "DOC-PPL2",
    "minutes_since_start"
  ],
  "feature_columns": [
    "TRC-DT",
    "TRC-RT",
    "pH-DT",
    "pH-RT",
    "cond-DT",
    "fDOM-RT",
    "DO-RT",
    "TOC-RT",
    "DOC-RT",
    "minutes_since_start"
  ],
  "target_columns": [
    "TRC-PPL1",
    "TRC-PPL2"
  ],
  "target_mode": "rate",
  "target_base_columns": [
    "TRC-RT",
    "TRC-RT"
  ],
  "split_boundaries": {
    "train_end": 7796,
    "val_end": 9466,
    "test_end": 11138
  },
  "dataset_sizes": {
    "train": 7692,
    "val": 1670,
    "test": 1672
  },
  "input_dim": 10,
  "sequence_length": 105,
  "training_history": {
    "epochs": [
      1,
      2,
      3,
      4,
      5,
      6,
      7,
      8,
      9,
      10,
      11,
      12,
      13,
      14,
      15,
      16,
      17,
      18,
      19,
      20,
      21,
      22,
      23,
      24,
      25,
      26,
      27,
      28,
      29,
      30,
      31,
      32,
      33,
      34,
      35,
      36,
      37,
      38,
      39,
      40,
      41,
      42,
      43,
      44,
      45,
      46,
      47,
      48,
      49,
      50,
      51,
      52,
      53,
      54,
      55,
      56,
      57,
      58,
      59,
      60,
      61,
      62,
      63,
      64,
      65,
      66,
      67,
      68,
      69,
      70,
      71,
      72,
      73,
      74,
      75,
      76,
      77,
      78,
      79,
      80
    ],
    "train_loss": [
      0.298330346770387,
      0.12362103920005692,
      0.06699711411563729,
      0.05111208515076109,
      0.05045616901486926,
      0.04029812342407365,
      0.035291373722441205,
      0.032761309621347094,
      0.031939641408354924,
      0.033795246722208634,
      0.030158393658180366,
      0.029366273343615384,
      0.027449954085360034,
      0.030945625477259785,
      0.027371179472288922,
      0.02670687373492187,
      0.023126264831397025,
      0.024574148016814696,
      0.023312255103059707,
      0.0219395722526993,
      0.02850508562386524,
      0.024581343610444093,
      0.022239268102861837,
      0.021509003649682223,
      0.02204051795640783,
      0.020358308787964713,
      0.026885823850111686,
      0.02147353425412766,
      0.020663479294020584,
      0.02003424578998674,
      0.020518902671057004,
      0.020521894520128293,
      0.02055801192513564,
      0.019625981067352333,
      0.020648794123022448,
      0.020921192746159042,
      0.019860000030665008,
      0.020304854827033654,
      0.020418692728891016,
      0.020668280496902752,
      0.019645091089566767,
      0.02332750186629233,
      0.034739464393551,
      0.025797996704877816,
      0.02237533201178748,
      0.019923358208713427,
      0.019408507970003368,
      0.01917465114762626,
      0.019508815526689132,
      0.020915516977621222,
      0.02124080660516126,
      0.018520024463798787,
      0.019214016713010214,
      0.01899584537871798,
      0.019534818743836488,
      0.020166466962081176,
      0.018831944088749414,
      0.01894464310441695,
      0.020251151507389084,
      0.019578749090927113,
      0.01970732102589028,
      0.01844724353516181,
      0.019979434589856827,
      0.01913380458756305,
      0.018339206508902743,
      0.019915814302257275,
      0.018671811437713747,
      0.01771081580421575,
      0.018142353307438342,
      0.018944030107099233,
      0.020339021419992963,
      0.01871881620557441,
      0.018372177448582817,
      0.01857433386412907,
      0.018748169610140242,
      0.01792590236313083,
      0.018593585273387513,
      0.018073299694108935,
      0.01944925366536178,
      0.019284785950015912
    ],
    "val_loss": [
      0.28539569088352656,
      0.19778447733846252,
      0.2030934388754878,
      0.2613934067808493,
      0.45197675985222807,
      0.6664528653795223,
      1.3358703587126144,
      1.1865362305238754,
      0.904366377993169,
      1.1295236783905211,
      0.847462400881027,
      1.1030620061374175,
      0.947109070022083,
      0.6551783135038115,
      1.2791347726398778,
      0.6209311303074756,
      0.777700931163962,
      0.9973135188132703,
      0.5640411319423043,
      0.6012950591519921,
      0.5815784805482198,
      0.5200608696766242,
      0.5783918568529858,
      0.5802287049580388,
      0.6576983569491053,
      0.7293340836010294,
      0.5498826228416787,
      0.5840271821189783,
      0.6171824474779967,
      0.5615655332424505,
      0.5913322397569072,
      0.6341096348502857,
      0.691152928292216,
      0.6001121985597793,
      0.6956721116437348,
      0.8264216786417775,
      0.5460031105885784,
      0.5894110566652018,
      0.5705818524651095,
      0.6147794315156465,
      0.6882945582672151,
      0.8580077656550322,
      0.45660892403098996,
      0.49121808421179025,
      0.5252643751326257,
      0.489203368593565,
      0.5247222474101417,
      0.4633493541477772,
      0.5010606707703924,
      0.7887429700037855,
      0.6000025959897363,
      0.4846812101460235,
      0.49867890422639555,
      0.4610802999792431,
      0.3502922145359798,
      0.4880055285287564,
      0.5173607514011199,
      0.5692454564959525,
      0.474458847451442,
      0.5729636371459165,
      0.4439324425856867,
      0.4367166062303914,
      0.7044538514287083,
      0.39722770004349195,
      0.5304338810608504,
      0.41651932861611335,
      0.4348001241126282,
      0.3942664900750011,
      0.3378334520061216,
      0.37777294077782214,
      0.4106105503598284,
      0.4791808689024277,
      0.37536100978756737,
      0.4059361648171426,
      0.3017898220122753,
      0.336578274595211,
      0.3162538654522268,
      0.316577058101441,
      0.3119548057088863,
      0.28998020689287585
    ],
    "best_epoch": 3,
    "best_val_loss": 0.2030934388754878,
    "best_val_abs_mse": 0.16177520155906677,
    "test_loss": 5.312139011384768,
    "test_abs_mse": 49.712459564208984,
    "tracker": {
      "initial_train_loss": 0.298330346770387,
      "train_threshold": 0.09944344892346234,
      "best_tracking": true,
      "patience_active": true,
      "patience_best_train": null,
      "patience_best_val": 0.2030934388754878,
      "patience_no_improve_epochs": 78,
      "best_train_loss": Infinity,
      "forced_stop_due_to_threshold": false
    }
  },
  "model_files": {
    "best": "scripts/outputs/gru-trc-rate/trial_58_346169/best_model.pt",
    "last": "scripts/outputs/gru-trc-rate/trial_58_346169/last_model.pt"
  },
  "config_path": "/home/amoris/data-analysis-on-dbps/scripts/outputs/gru-trc-rate/trial_58_346169/config.yaml"
}