{
  "model_name": "mlp-trc-value/trial_0_58c849",
  "model_type": "MLP",
  "model_format": "torch",
  "model_params": {
    "history_length": 1,
    "hidden_layers": [
      512,
      256,
      128
    ],
    "dropout": 0.1401033810294356,
    "mid_layer_count": 6,
    "mid_layer_size": 163
  },
  "training_params": {
    "max_epochs": 400,
    "batch_size": 241,
    "learning_rate": 0.0008238748219759618,
    "weight_decay": 0.00422658993911045,
    "checkpoint_interval": 10,
    "seed": 42
  },
  "data_csv": "data/time_aligned_data.csv",
  "timestamp_column": "Date, Time",
  "columns": [
    "TRC-DT",
    "TRC-RT",
    "TRC-PPL1",
    "TRC-PPL2",
    "pH-DT",
    "pH-RT",
    "pH-PPL1",
    "pH-PPL2",
    "cond-DT",
    "cond-PPL1",
    "cond-PPL2",
    "fDOM-RT",
    "fDOM-PPL1",
    "fDOM-PPL2",
    "DO-RT",
    "DO-PPL1",
    "DO-PPL2",
    "TOC-RT",
    "TOC-PPL1",
    "TOC-PPL2",
    "DOC-RT",
    "DOC-PPL1",
    "DOC-PPL2",
    "minutes_since_start"
  ],
  "feature_columns": [
    "TRC-DT",
    "TRC-RT",
    "pH-DT",
    "pH-RT",
    "cond-DT",
    "fDOM-RT",
    "DO-RT",
    "TOC-RT",
    "DOC-RT",
    "minutes_since_start"
  ],
  "target_columns": [
    "TRC-PPL1",
    "TRC-PPL2"
  ],
  "split_boundaries": {
    "train_end": 7796,
    "val_end": 9466,
    "test_end": 11138
  },
  "dataset_sizes": {
    "train": 7796,
    "val": 1670,
    "test": 1672
  },
  "input_dim": 10,
  "sequence_length": null,
  "training_history": {
    "epochs": [
      1,
      2,
      3,
      4,
      5,
      6,
      7,
      8,
      9,
      10,
      11,
      12,
      13,
      14,
      15,
      16,
      17,
      18,
      19,
      20,
      21,
      22,
      23,
      24,
      25,
      26,
      27,
      28,
      29,
      30,
      31,
      32,
      33,
      34,
      35,
      36,
      37,
      38,
      39,
      40,
      41,
      42,
      43,
      44,
      45,
      46,
      47,
      48,
      49,
      50,
      51,
      52,
      53,
      54,
      55,
      56,
      57,
      58,
      59,
      60,
      61,
      62,
      63,
      64,
      65,
      66,
      67,
      68,
      69,
      70,
      71,
      72,
      73,
      74,
      75,
      76,
      77,
      78,
      79,
      80
    ],
    "train_loss": [
      0.3268934018611755,
      0.10016249073406498,
      0.07354931329869654,
      0.06647534257211002,
      0.062322038765796,
      0.06059197164601764,
      0.05789078505859811,
      0.05427364373064503,
      0.054497430070932704,
      0.05559136382298876,
      0.0539609934071919,
      0.052125015622411036,
      0.05116177769019443,
      0.05156957374129725,
      0.04968514399131853,
      0.05074364971178366,
      0.04967180736938261,
      0.04895341161231373,
      0.047582076590081984,
      0.048832106917691326,
      0.0490971193980978,
      0.049152799440464676,
      0.048167005388697885,
      0.04822705206095698,
      0.046786745755014326,
      0.04614163538810915,
      0.04671295691786163,
      0.045943751529321696,
      0.04589722279350289,
      0.04782110464072506,
      0.0462504157656971,
      0.04520541027507503,
      0.046058450221992446,
      0.04554465649245243,
      0.04646839314508799,
      0.045374750831054994,
      0.04593847974658915,
      0.04449703613570435,
      0.046075587983258934,
      0.04673417806319544,
      0.046148561496954656,
      0.045724494509846204,
      0.045178362963985884,
      0.04528801030110952,
      0.044552015812504654,
      0.045214530556491855,
      0.04535239242665229,
      0.044434143090787886,
      0.0433388852316976,
      0.044420467247147634,
      0.045029491244439224,
      0.044660243270235406,
      0.04516552314840796,
      0.044524874207513526,
      0.04431517334275517,
      0.04367130349226307,
      0.04410763826410455,
      0.045768518030467616,
      0.043812478882948244,
      0.045350806834916844,
      0.04753723336080746,
      0.044718956364067385,
      0.04412712638489539,
      0.04653878443577676,
      0.04287497549025813,
      0.04536067914903898,
      0.04397229907920478,
      0.04553153926937656,
      0.04477657119396131,
      0.04502547626455757,
      0.04525426682897138,
      0.045508525675480915,
      0.04498228805283971,
      0.043895719831894456,
      0.04411851427636815,
      0.043280085437420304,
      0.04360150992287358,
      0.04467555529855119,
      0.043895843652879324,
      0.0435433034293388
    ],
    "val_loss": [
      0.2998447772985447,
      0.2049924252275935,
      0.2280489417584892,
      0.35315547894106475,
      0.30283635348572346,
      0.34478990347264055,
      0.2501612232061114,
      0.3979594231588755,
      0.4019468432571181,
      0.40954776876076254,
      0.3797400360603532,
      0.34959618182864016,
      0.2938325923861947,
      0.40457813004087545,
      0.322813017238043,
      0.2837052786856622,
      0.42062456400696924,
      0.3864982823958386,
      0.38235437708968173,
      0.3757289926482443,
      0.3871886021362807,
      0.29859788726100667,
      0.30050058539421437,
      0.34493327129877616,
      0.3405040911136719,
      0.31435018270471676,
      0.3926035541684149,
      0.3562492082040467,
      0.377832022148692,
      0.31611470644903217,
      0.4004722294983214,
      0.3040983656811678,
      0.3376226120344001,
      0.41457399701599235,
      0.3965858855703009,
      0.3690392772639226,
      0.36682539325162855,
      0.3299854344258944,
      0.32408927363192963,
      0.3569943801828933,
      0.31052636329954614,
      0.30400635709729557,
      0.30724360419738433,
      0.3153913697941664,
      0.4078243404269932,
      0.3213350570108184,
      0.39504427026488825,
      0.31571870415086695,
      0.33031644035621494,
      0.39977156240381523,
      0.37699212807225074,
      0.3144165813844807,
      0.3535819104577074,
      0.3812483730296532,
      0.3205614894438914,
      0.30734406634719075,
      0.3068431211747006,
      0.38503018438949915,
      0.33136708571123863,
      0.36936015857461685,
      0.41451342152264303,
      0.3821165563906738,
      0.3992124434794762,
      0.3725187396652952,
      0.3379554524181221,
      0.38264580111571417,
      0.3433647791481393,
      0.36917858025070255,
      0.38078452147275743,
      0.3223046039983987,
      0.3738182192400633,
      0.28889155708097236,
      0.3202868508152708,
      0.3071985485132583,
      0.33345515298696154,
      0.3295556560225651,
      0.3163001412826919,
      0.35420676282199914,
      0.3722460995277691,
      0.33309532065323727
    ],
    "best_epoch": 2,
    "best_val_loss": 0.2049924252275935,
    "test_loss": 5.271719830814731,
    "tracker": {
      "initial_train_loss": 0.3268934018611755,
      "train_threshold": 0.1089644672870585,
      "best_tracking": true,
      "patience_active": true,
      "patience_best_train": null,
      "patience_best_val": 0.2049924252275935,
      "patience_no_improve_epochs": 79,
      "best_train_loss": Infinity,
      "forced_stop_due_to_threshold": false
    }
  },
  "model_files": {
    "best": "scripts/outputs/mlp-trc-value/trial_0_58c849/best_model.pt",
    "last": "scripts/outputs/mlp-trc-value/trial_0_58c849/last_model.pt"
  },
  "config_path": "/home/amoris/data-analysis-on-dbps/scripts/outputs/mlp-trc-value/trial_0_58c849/config.yaml"
}