{
  "model_name": "rnn-trc-value/trial_30_d9c363",
  "model_type": "RNN",
  "model_format": "torch",
  "model_params": {
    "history_length": 106,
    "units": 390,
    "num_layers": 8,
    "dropout": 0.22752238905604766
  },
  "training_params": {
    "max_epochs": 500,
    "batch_size": 222,
    "learning_rate": 0.001209813109234546,
    "weight_decay": 0.00014620137809586242,
    "checkpoint_interval": 10,
    "seed": 947
  },
  "data_csv": "data/time_aligned_data.csv",
  "timestamp_column": "Date, Time",
  "columns": [
    "TRC-DT",
    "TRC-RT",
    "TRC-PPL1",
    "TRC-PPL2",
    "pH-DT",
    "pH-RT",
    "pH-PPL1",
    "pH-PPL2",
    "cond-DT",
    "cond-PPL1",
    "cond-PPL2",
    "fDOM-RT",
    "fDOM-PPL1",
    "fDOM-PPL2",
    "DO-RT",
    "DO-PPL1",
    "DO-PPL2",
    "TOC-RT",
    "TOC-PPL1",
    "TOC-PPL2",
    "DOC-RT",
    "DOC-PPL1",
    "DOC-PPL2",
    "minutes_since_start"
  ],
  "feature_columns": [
    "TRC-DT",
    "TRC-RT",
    "pH-DT",
    "pH-RT",
    "cond-DT",
    "fDOM-RT",
    "DO-RT",
    "TOC-RT",
    "DOC-RT",
    "minutes_since_start"
  ],
  "target_columns": [
    "TRC-PPL1",
    "TRC-PPL2"
  ],
  "split_boundaries": {
    "train_end": 7796,
    "val_end": 9466,
    "test_end": 11138
  },
  "dataset_sizes": {
    "train": 7691,
    "val": 1670,
    "test": 1672
  },
  "input_dim": 10,
  "sequence_length": 106,
  "training_history": {
    "epochs": [
      1,
      2,
      3,
      4,
      5,
      6,
      7,
      8,
      9,
      10,
      11,
      12,
      13,
      14,
      15,
      16,
      17,
      18,
      19,
      20,
      21,
      22,
      23,
      24,
      25,
      26,
      27,
      28,
      29,
      30,
      31,
      32,
      33,
      34,
      35,
      36,
      37,
      38,
      39,
      40,
      41,
      42,
      43,
      44,
      45,
      46,
      47,
      48,
      49,
      50,
      51,
      52,
      53,
      54,
      55,
      56,
      57,
      58,
      59,
      60,
      61,
      62,
      63,
      64,
      65,
      66,
      67,
      68,
      69,
      70,
      71,
      72,
      73,
      74,
      75,
      76,
      77,
      78,
      79,
      80,
      81,
      82,
      83,
      84,
      85,
      86,
      87,
      88,
      89,
      90,
      91,
      92,
      93,
      94,
      95,
      96,
      97,
      98,
      99,
      100
    ],
    "train_loss": [
      0.7807419493517381,
      0.6187553759390628,
      0.6136204939935719,
      0.5977892994710178,
      0.6032857210889406,
      0.6056660641589752,
      0.5994848545111291,
      0.5956469873755206,
      0.6028059909548628,
      0.5945628979413473,
      0.5918789379402343,
      0.5938831312404376,
      0.5870563423752925,
      0.5868408009826462,
      0.5832665609361726,
      0.590008493998692,
      0.5833495024462357,
      0.5844350128594804,
      0.5883727789219668,
      0.5787513014236704,
      0.581481716239457,
      0.574743506882377,
      0.6719745796301201,
      0.6359916260797046,
      0.5889651160093855,
      0.5875971187015082,
      0.5773092284188316,
      0.5824067669577568,
      0.5735147888585101,
      0.5674663903096022,
      0.5733793963227838,
      0.5767781338290575,
      0.5664388030019574,
      0.568072846482656,
      0.5593680878978854,
      0.8137699377628222,
      0.8790435587192694,
      0.8584114803308133,
      0.8625565368942253,
      0.8579938820056,
      0.8512151925233046,
      0.8509418263173106,
      0.8472801562698498,
      0.8563598329217083,
      0.8492219454289537,
      0.8536595379077107,
      0.8459537041278735,
      0.8484588585645755,
      0.8547567119990225,
      0.8551055280211501,
      0.846972457803965,
      0.8459815312588173,
      0.84588763976869,
      0.8419750334769817,
      0.8459226497514492,
      0.8474967760485459,
      0.8443302735831614,
      0.840756069434323,
      0.8428621906993015,
      0.8420845063311461,
      0.8363432858874066,
      0.8381303401796859,
      0.8438617320957241,
      0.852639435419815,
      0.8386351779043217,
      0.8422587831050425,
      0.8425932142812337,
      0.8342837338220653,
      0.8434227695624427,
      0.8398336414056425,
      0.8461997350284297,
      0.8468021202530698,
      1.0479149102792678,
      1.035435106660994,
      0.8628462267827188,
      0.6316776172173316,
      0.6445017807072307,
      0.6335187718735267,
      0.6259074180043421,
      0.6295483524941016,
      0.639664301813664,
      0.6292944158368203,
      0.6355709245077517,
      0.6477664841149846,
      0.6567604405999943,
      0.6494543552321183,
      0.6612902192296946,
      0.6755823314678155,
      0.6828183298411039,
      0.7036560102318806,
      0.7197704823192889,
      0.7072534213340759,
      0.6996187124880373,
      0.6882554524943975,
      0.6958422525901506,
      0.6868932514534151,
      0.701398689118183,
      0.6971015610491528,
      0.6837123214012779,
      0.666349322793388
    ],
    "val_loss": [
      1.2671775285355344,
      0.8181746667909051,
      1.17928475109403,
      0.939311388215262,
      0.8616761723856726,
      0.9235417162408371,
      1.0226569377465877,
      1.0032587378146405,
      1.0786510240621197,
      1.0059779475013653,
      1.1763762741834818,
      0.9690691171916659,
      1.025401889947717,
      0.958520380001582,
      0.8927557939050084,
      0.9629749523130006,
      0.9548191167369574,
      0.8539756891345549,
      1.0261775433749496,
      0.9883129937563114,
      0.9402774912600745,
      0.9799513449925863,
      1.0965793793072958,
      0.7329242737439579,
      0.6598271873272108,
      0.8886942387697939,
      0.7064311530931803,
      0.7247089444542538,
      0.8082755301504614,
      0.8940724709166025,
      0.7159047226839793,
      0.7540574195298427,
      0.8354469809480413,
      0.9091128042938109,
      0.7899641449892235,
      0.8492020377677357,
      0.8933191453982257,
      1.4151812454183659,
      0.8989175266669895,
      1.0228675488583343,
      0.6615811703893952,
      1.1077668603308901,
      0.8369487390725199,
      0.6567276495570195,
      0.9354074094823734,
      0.7902466276448644,
      1.062122422599507,
      0.6706819831968067,
      0.7771786999024317,
      1.009821089370522,
      0.7484579495505659,
      1.0555433397164602,
      0.7773235625492598,
      1.0679925796871415,
      1.106337956004514,
      0.9690658155672565,
      0.7804400595005401,
      0.9064292363777846,
      0.8421494847643162,
      0.979343297203144,
      0.815754114528616,
      0.8638271505604247,
      0.9177508016367872,
      0.8475446702834375,
      0.7680657698901113,
      1.0387910508645508,
      1.112910876481119,
      0.9310686904513193,
      1.069591162393907,
      0.7165299220624084,
      1.1502591777704434,
      0.6391730244823559,
      0.3647375532966888,
      0.4551221323628982,
      1.0528758677983,
      1.0127511863580008,
      1.0490447907569165,
      1.054179390087099,
      0.9887780739964839,
      0.8981258059333185,
      0.9874311871603577,
      0.9640196264057816,
      0.9367564874673318,
      0.8945325108880768,
      0.8912474158013652,
      0.7885877387341625,
      0.7699285772746195,
      0.6814953478332051,
      0.6441797932108005,
      0.6302560753718821,
      0.6017738544387732,
      0.6763706341921213,
      0.6167987060225653,
      0.659049162188333,
      0.6735309821313726,
      0.6507292436357743,
      0.6896134324684114,
      0.6561028042774715,
      0.6655874410699941,
      0.6769429644960129
    ],
    "best_epoch": 100,
    "best_val_loss": 0.6769429644960129,
    "test_loss": 6.112287290358657,
    "tracker": {
      "initial_train_loss": 0.7807419493517381,
      "train_threshold": 0.26024731645057936,
      "best_tracking": false,
      "patience_active": true,
      "patience_best_train": null,
      "patience_best_val": 0.3647375532966888,