{
  "model_name": "lstm-trc-value/trial_90_b6db7a",
  "model_type": "LSTM",
  "model_format": "torch",
  "model_params": {
    "history_length": 114,
    "units": 364,
    "num_layers": 6,
    "dropout": 0.3104789519892609
  },
  "training_params": {
    "max_epochs": 500,
    "batch_size": 211,
    "learning_rate": 0.0003384153509454302,
    "weight_decay": 0.0009303279385860404,
    "checkpoint_interval": 10,
    "seed": 947
  },
  "data_csv": "data/time_aligned_data.csv",
  "timestamp_column": "Date, Time",
  "columns": [
    "TRC-DT",
    "TRC-RT",
    "TRC-PPL1",
    "TRC-PPL2",
    "pH-DT",
    "pH-RT",
    "pH-PPL1",
    "pH-PPL2",
    "cond-DT",
    "cond-PPL1",
    "cond-PPL2",
    "fDOM-RT",
    "fDOM-PPL1",
    "fDOM-PPL2",
    "DO-RT",
    "DO-PPL1",
    "DO-PPL2",
    "TOC-RT",
    "TOC-PPL1",
    "TOC-PPL2",
    "DOC-RT",
    "DOC-PPL1",
    "DOC-PPL2",
    "minutes_since_start"
  ],
  "feature_columns": [
    "TRC-DT",
    "TRC-RT",
    "pH-DT",
    "pH-RT",
    "cond-DT",
    "fDOM-RT",
    "DO-RT",
    "TOC-RT",
    "DOC-RT",
    "minutes_since_start"
  ],
  "target_columns": [
    "TRC-PPL1",
    "TRC-PPL2"
  ],
  "split_boundaries": {
    "train_end": 7796,
    "val_end": 9466,
    "test_end": 11138
  },
  "dataset_sizes": {
    "train": 7683,
    "val": 1670,
    "test": 1672
  },
  "input_dim": 10,
  "sequence_length": 114,
  "training_history": {
    "epochs": [
      1,
      2,
      3,
      4,
      5,
      6,
      7,
      8,
      9,
      10,
      11,
      12,
      13,
      14,
      15,
      16,
      17,
      18,
      19,
      20,
      21,
      22,
      23,
      24,
      25,
      26,
      27,
      28,
      29,
      30,
      31,
      32,
      33,
      34,
      35,
      36,
      37,
      38,
      39,
      40,
      41,
      42,
      43,
      44,
      45,
      46,
      47,
      48,
      49,
      50,
      51,
      52,
      53,
      54,
      55,
      56,
      57,
      58,
      59,
      60,
      61,
      62,
      63,
      64,
      65,
      66,
      67,
      68,
      69,
      70,
      71,
      72,
      73,
      74,
      75,
      76,
      77,
      78,
      79,
      80
    ],
    "train_loss": [
      1.0002951922864167,
      0.4715714278912988,
      0.17101821706201298,
      0.13459589079625592,
      0.11562200143524062,
      0.0940014449286768,
      0.07901649239574747,
      0.07204826882531615,
      0.0740815499453445,
      0.06662617045932646,
      0.06306671614044813,
      0.08308317631019538,
      0.0707687235191381,
      0.06440919356064981,
      0.06139834935858227,
      0.0611293390053845,
      0.057381631163306863,
      0.056629044228887614,
      0.06025033513212303,
      0.06759934368119426,
      0.06373020642055566,
      0.06480833845772843,
      0.05662728006125164,
      0.05385743493615968,
      0.05678263469971934,
      0.06118137486008451,
      0.05947029660671046,
      0.054358044645290704,
      0.055057632696011036,
      0.05400617878637276,
      0.055464309669442435,
      0.055554016547930456,
      0.05751811230190794,
      0.05321648727302888,
      0.0525125718828168,
      0.052365098667400016,
      0.0564226291396842,
      0.05320115350152883,
      0.05194189049062064,
      0.054083712970672854,
      0.05368713594097404,
      0.05036837871054428,
      0.05413779215558687,
      0.04943043277584978,
      0.05235584890589915,
      0.05300776914225633,
      0.06340751415607086,
      0.05044222152151277,
      0.05069942839640543,
      0.04852618744249426,
      0.049084295000971626,
      0.05136055863165039,
      0.04934175392523356,
      0.04811271924060505,
      0.05000122761072381,
      0.048526194506629934,
      0.05814674691618707,
      0.05031967920314345,
      0.04934330376188271,
      0.05450368108894309,
      0.048600510743180086,
      0.04799260304772604,
      0.05016741973349053,
      0.05031311501180708,
      0.04715262738216611,
      0.04758380151258135,
      0.050657563853136627,
      0.05066407531534774,
      0.04726856531213848,
      0.046194578094627806,
      0.0472473449346595,
      0.04798568529128392,
      0.05369238215437411,
      0.04865988724338082,
      0.0465987279223741,
      0.04732166188736919,
      0.05246717998275266,
      0.052056454157947206,
      0.049315119809751694,
      0.04912604095849941
    ],
    "val_loss": [
      0.3592082724577474,
      0.2693521700464858,
      0.29324499978767543,
      0.33123282505991214,
      0.21227620691172555,
      0.23717018805645004,
      0.2537067851698595,
      0.2621195229183057,
      0.25084440074972586,
      0.26534669693269414,
      0.2638998259606208,
      0.24393202250566848,
      0.27282862721490647,
      0.2682568065732896,
      0.27355108185264165,
      0.2736336243946752,
      0.27103362704800094,
      0.2697828108165971,
      0.26022602142152673,
      0.26686067449676243,
      0.2950030709510881,
      0.25539700943017435,
      0.28018445745891263,
      0.26188578920405425,
      0.2677231743942924,
      0.2885756045278764,
      0.2686912398829967,
      0.2582158478032686,
      0.2671493585606267,
      0.2645080849115631,
      0.28366411385310447,
      0.26807691833439345,
      0.2824416257998722,
      0.3028161210571221,
      0.3034977119973677,
      0.2881551451077629,
      0.30373303001066165,
      0.31054601592798076,
      0.3296860436814095,
      0.3563983189354757,
      0.3309640960868247,
      0.33048538548682266,
      0.3158752618513689,
      0.35595578248361626,
      0.3869658396941816,
      0.3598595451507829,
      0.3424738862880779,
      0.40256237935520217,
      0.3674736616787261,
      0.41597930914582965,
      0.4414123459445859,
      0.40763046853244306,
      0.43919661376335306,
      0.4648276435222454,
      0.4734137560324576,
      0.4455212263189658,
      0.4238005417940056,
      0.4895754820650477,
      0.4402696393073319,
      0.3676471817981965,
      0.458064456339814,
      0.543904797181844,
      0.5441128540806428,
      0.568995088292007,
      0.5665484111176101,
      0.6109615439827928,
      0.5283186502799303,
      0.47881350213449875,
      0.4949684872063334,
      0.6338837628102231,
      0.5891770021688796,
      0.6039135979432724,
      0.45813121985376415,
      0.5754026627000756,
      0.5793609594424328,
      0.6581177290060563,
      0.516215195274817,
      0.6113073916380812,
      0.5031224181819819,
      0.5889021698006256
    ],
    "best_epoch": 5,
    "best_val_loss": 0.21227620691172555,
    "test_loss": 4.192054588686336,
    "tracker": {
      "initial_train_loss": 1.0002951922864167,
      "train_threshold": 0.3334317307621389,
      "best_tracking": true,
      "patience_active": true,
      "patience_best_train": null,
      "patience_best_val": 0.21227620691172555,
      "patience_no_improve_epochs": 75,
      "best_train_loss": Infinity,
      "forced_stop_due_to_threshold": false
    }
  },
  "model_files": {
    "best": "scripts/outputs/lstm-trc-value/trial_90_b6db7a/best_model.pt",
    "last": "scripts/outputs/lstm-trc-value/trial_90_b6db7a/last_model.pt"
  },
  "config_path": "/home/amoris/data-analysis-on-dbps/scripts/outputs/lstm-trc-value/trial_90_b6db7a/config.yaml"
}