{
  "model_name": "lstm-other-value/trial_16_558220",
  "model_type": "LSTM",
  "model_format": "torch",
  "model_params": {
    "history_length": 100,
    "units": 347,
    "num_layers": 15,
    "dropout": 0.39782795207490784
  },
  "training_params": {
    "max_epochs": 500,
    "batch_size": 183,
    "learning_rate": 0.0013344213449403887,
    "weight_decay": 0.0008890729251822383,
    "checkpoint_interval": 10,
    "seed": 947
  },
  "data_csv": "data/time_aligned_data.csv",
  "timestamp_column": "Date, Time",
  "columns": [
    "TRC-DT",
    "TRC-RT",
    "TRC-PPL1",
    "TRC-PPL2",
    "pH-DT",
    "pH-RT",
    "pH-PPL1",
    "pH-PPL2",
    "cond-DT",
    "cond-PPL1",
    "cond-PPL2",
    "fDOM-RT",
    "fDOM-PPL1",
    "fDOM-PPL2",
    "DO-RT",
    "DO-PPL1",
    "DO-PPL2",
    "TOC-RT",
    "TOC-PPL1",
    "TOC-PPL2",
    "DOC-RT",
    "DOC-PPL1",
    "DOC-PPL2",
    "minutes_since_start"
  ],
  "feature_columns": [
    "TRC-DT",
    "TRC-RT",
    "pH-DT",
    "pH-RT",
    "cond-DT",
    "fDOM-RT",
    "DO-RT",
    "TOC-RT",
    "DOC-RT",
    "minutes_since_start"
  ],
  "target_columns": [
    "TOC-PPL1",
    "TOC-PPL2",
    "DOC-PPL1",
    "DOC-PPL2",
    "pH-PPL1",
    "pH-PPL2"
  ],
  "split_boundaries": {
    "train_end": 7796,
    "val_end": 9466,
    "test_end": 11138
  },
  "dataset_sizes": {
    "train": 7697,
    "val": 1670,
    "test": 1672
  },
  "input_dim": 10,
  "sequence_length": 100,
  "training_history": {
    "epochs": [
      1,
      2,
      3,
      4,
      5,
      6,
      7,
      8,
      9,
      10,
      11,
      12,
      13,
      14,
      15,
      16,
      17,
      18,
      19,
      20,
      21,
      22,
      23,
      24,
      25,
      26,
      27,
      28,
      29,
      30,
      31,
      32,
      33,
      34,
      35,
      36,
      37,
      38,
      39,
      40,
      41,
      42,
      43,
      44,
      45,
      46,
      47,
      48,
      49,
      50,
      51,
      52,
      53,
      54,
      55,
      56,
      57,
      58,
      59,
      60,
      61,
      62,
      63,
      64,
      65,
      66,
      67,
      68,
      69,
      70,
      71,
      72,
      73,
      74,
      75,
      76,
      77,
      78,
      79,
      80,
      81,
      82,
      83,
      84,
      85,
      86,
      87
    ],
    "train_loss": [
      1.0054513830727876,
      1.0043091331114316,
      1.0041988003373192,
      1.0042545068290336,
      1.0040241871326794,
      1.003930315632812,
      1.0039508057613256,
      1.0040138515773123,
      1.0039066606811908,
      1.0039508644599364,
      1.003898182216675,
      1.004053258765777,
      1.0039597738094264,
      1.003861041104343,
      1.0040182099646526,
      1.0038400353573198,
      1.0038458393102376,
      1.003830300533448,
      1.0038912747066424,
      1.003958061598827,
      1.0038688430944727,
      1.0038659000638337,
      1.0037929730414106,
      1.0038185845462784,
      1.0037946918575396,
      1.0038024348857666,
      1.0038078527055934,
      1.0038471038161554,
      1.003794152751842,
      1.0038092295752108,
      1.0038330457156952,
      1.003860827388741,
      1.0038563907959561,
      1.003924073198174,
      1.0038813833866984,
      1.0038263481112755,
      1.004030406165312,
      1.00389194695287,
      1.0038924936708018,
      1.0038734757777885,
      1.0038932451911293,
      1.0038208529455748,
      1.0040184548493716,
      1.0039817542554001,
      1.0040060865177463,
      1.0040118530135163,
      1.003941079440234,
      1.0038304949280688,
      1.0038425318138837,
      1.0039411352503775,
      1.0038182535960765,
      1.0038053208130342,
      1.003918928574692,
      1.003848629104978,
      1.0037734934660123,
      1.0038093494582179,
      1.0038259338601558,
      1.0038895515384527,
      1.003857867770711,
      1.0039979983680167,
      1.0039759131086265,
      1.0038161992995758,
      1.0038729894853526,
      1.003844766596997,
      1.0038537567538752,
      1.0038069019662075,
      1.0038345926099432,
      1.0038066003885426,
      1.0037986933604237,
      1.003828010335129,
      1.004018924368563,
      1.003881668640264,
      1.0038063330620592,
      1.0038282510536405,
      1.0037683828381636,
      1.0039033764629406,
      1.0039954098831823,
      1.0038392555331106,
      1.0038260199953337,
      1.003821189301005,
      1.0037904011129914,
      1.0038059541540083,
      1.003871895793941,
      1.0038182161079532,
      1.0038503916507977,
      1.0038951547777435,
      1.0038729023976776
    ],
    "val_loss": [
      1.3796272237679201,
      1.4347051497704968,
      1.4261537785123208,
      1.4405634225128654,
      1.4268242611856519,
      1.4329661942706136,
      1.4409161856609904,
      1.4364290540446778,
      1.4381075298000952,
      1.4349016141927171,
      1.4402296420699823,
      1.4368563069911775,
      1.4274407480648177,
      1.4306597730178319,
      1.4367479028102166,
      1.4336798772305073,
      1.4332710309478338,
      1.4392862704699625,
      1.4413231615713256,
      1.445747959435343,
      1.4440655774163629,
      1.442973097944688,
      1.436000770098435,
      1.4333856119010262,
      1.4340769437080372,
      1.436316215688597,
      1.4285805844975088,
      1.4367851001238394,
      1.4363258279190805,
      1.4382210010718444,
      1.4395673842665677,
      1.437905902509204,
      1.440435161508486,
      1.44152608219378,
      1.4465548228360936,
      1.435867003088226,
      1.4219885297878059,
      1.440029737299788,
      1.44242193989768,
      1.4453592442466827,
      1.438720029538977,
      1.443909490340484,
      1.4437402645627895,
      1.4245378388080767,
      1.4267523058695708,
      1.438457475825698,
      1.4338106971836375,
      1.4352073118358315,
      1.4235970762140022,
      1.4278729204646128,
      1.4271771174883414,
      1.4322325708088046,
      1.4395060951838237,
      1.4330945383288902,
      1.4361876642989542,
      1.4300744224629716,
      1.4241732205102544,
      1.4368236014764466,
      1.4333316839026833,
      1.4354030442808916,
      1.4296895780427727,
      1.4309675192940021,
      1.4318590704909342,
      1.4353343040286424,
      1.436094274296018,
      1.4358345750920074,
      1.4429847897526746,
      1.438853920951575,
      1.4395223306324667,
      1.4402290018911132,
      1.4457095147071484,
      1.4421767838343889,
      1.4396610434897645,
      1.4351804313366998,
      1.4470985059966583,
      1.4404651566536841,
      1.439620437843357,
      1.4379992970092568,
      1.436768493734434,
      1.4423590551414889,
      1.4411667576806988,
      1.4398294041078248,
      1.4477399836935683,
      1.4354021378084572,
      1.4349621134960724,
      1.4418411094449952,
      1.4398242583353362
    ],
    "best_epoch": 87,
    "best_val_loss": 1.4398242583353362,
    "test_loss": 1.4645808728046394,
    "tracker": {
      "initial_train_loss": 1.0054513830727876,
      "train_threshold": 0.33515046102426255,
      "best_tracking": false,
      "patience_active": true,
      "patience_best_train": null,
      "patience_best_val": 1.4219885297878059,
      "patience_no_improve_epochs": 50,
      "best_train_loss": Infinity,
      "forced_stop_due_to_threshold": false
    }
  },
  "model_files": {
    "best": "scripts/outputs/lstm-other-value/trial_16_558220/best_model.pt",
    "last": "scripts/outputs/lstm-other-value/trial_16_558220/last_model.pt"
  },
  "config_path": "/home/amoris/data-analysis-on-dbps/scripts/outputs/lstm-other-value/trial_16_558220/config.yaml"
}