{
  "model_name": "gru-other-value/trial_12_8f24d1",
  "model_type": "GRU",
  "model_format": "torch",
  "model_params": {
    "history_length": 60,
    "units": 324,
    "num_layers": 3,
    "dropout": 0.48874752226330964
  },
  "training_params": {
    "max_epochs": 500,
    "batch_size": 374,
    "learning_rate": 0.001991894057736627,
    "weight_decay": 0.0011236063842002368,
    "checkpoint_interval": 10,
    "seed": 947
  },
  "data_csv": "data/time_aligned_data.csv",
  "timestamp_column": "Date, Time",
  "columns": [
    "TRC-DT",
    "TRC-RT",
    "TRC-PPL1",
    "TRC-PPL2",
    "pH-DT",
    "pH-RT",
    "pH-PPL1",
    "pH-PPL2",
    "cond-DT",
    "cond-PPL1",
    "cond-PPL2",
    "fDOM-RT",
    "fDOM-PPL1",
    "fDOM-PPL2",
    "DO-RT",
    "DO-PPL1",
    "DO-PPL2",
    "TOC-RT",
    "TOC-PPL1",
    "TOC-PPL2",
    "DOC-RT",
    "DOC-PPL1",
    "DOC-PPL2",
    "minutes_since_start"
  ],
  "feature_columns": [
    "TRC-DT",
    "TRC-RT",
    "pH-DT",
    "pH-RT",
    "cond-DT",
    "fDOM-RT",
    "DO-RT",
    "TOC-RT",
    "DOC-RT",
    "minutes_since_start"
  ],
  "target_columns": [
    "TOC-PPL1",
    "TOC-PPL2",
    "DOC-PPL1",
    "DOC-PPL2",
    "pH-PPL1",
    "pH-PPL2"
  ],
  "split_boundaries": {
    "train_end": 7796,
    "val_end": 9466,
    "test_end": 11138
  },
  "dataset_sizes": {
    "train": 7737,
    "val": 1670,
    "test": 1672
  },
  "input_dim": 10,
  "sequence_length": 60,
  "training_history": {
    "epochs": [
      1,
      2,
      3,
      4,
      5,
      6,
      7,
      8,
      9,
      10,
      11,
      12,
      13,
      14,
      15,
      16,
      17,
      18,
      19,
      20,
      21,
      22,
      23,
      24,
      25,
      26,
      27,
      28,
      29,
      30,
      31,
      32,
      33,
      34,
      35,
      36,
      37,
      38,
      39,
      40,
      41,
      42,
      43,
      44,
      45,
      46,
      47,
      48,
      49,
      50,
      51,
      52,
      53,
      54,
      55,
      56,
      57,
      58,
      59,
      60,
      61,
      62,
      63,
      64,
      65,
      66,
      67,
      68,
      69,
      70,
      71,
      72,
      73,
      74,
      75,
      76,
      77,
      78,
      79,
      80,
      81,
      82,
      83,
      84,
      85,
      86,
      87,
      88,
      89
    ],
    "train_loss": [
      0.3652096490854901,
      0.24305099705338895,
      0.23008366817572604,
      0.22328242720621755,
      0.21144747571518704,
      0.19713562050384345,
      0.1858618459440994,
      0.17049844436086517,
      0.14843190952998747,
      0.15000804488559064,
      0.13762550063299334,
      0.12619040449398716,
      0.14355526209509278,
      0.1252697347233011,
      0.1249458300958728,
      0.12399675045824489,
      0.11925903058019707,
      0.11904821263213822,
      0.10923237838135126,
      0.1057829459614188,
      0.10247391425540192,
      0.12542025063606263,
      0.09910749835577895,
      0.0919164936901433,
      0.08166215407866848,
      0.1171082599552947,
      0.09940757158037702,
      0.08297002097406143,
      0.08460542989305644,
      0.07952153368006692,
      0.08225947432244057,
      0.07842595713097288,
      0.06844304508462315,
      0.0714901233961281,
      0.09062386402556705,
      0.07332282546891775,
      0.06897336384311609,
      0.06673690740245865,
      0.06815639379833563,
      0.06895997883222109,
      0.061650484785894036,
      0.06414327797916519,
      0.06578515715684265,
      0.07725342323733221,
      0.07018091582956897,
      0.06808031764166969,
      0.06650919085677871,
      0.06217584874939823,
      0.06134006759197317,
      0.06699317317859015,
      0.0632084944480817,
      0.05743063483481122,
      0.08845291830309451,
      0.07625229105582544,
      0.060728709663749436,
      0.057332504235898495,
      0.06719989901105455,
      0.05816184944660146,
      0.055751590497567394,
      0.055661260482240155,
      0.058776701327340614,
      0.06405662868787756,
      0.054883857441473116,
      0.054533837282955765,
      0.05021214486420332,
      0.05594743632913576,
      0.05310679416339404,
      0.056193868083263286,
      0.05476291918821601,
      0.05396517247050188,
      0.05210461453059793,
      0.04999603137963268,
      0.05908040911694961,
      0.05872560754905641,
      0.059547925906979764,
      0.05270066174103244,
      0.055372586254503774,
      0.05216108081257819,
      0.05133663723118872,
      0.0497547730045624,
      0.05338002212323452,
      0.05240436546823244,
      0.06060681660997016,
      0.05372954661158284,
      0.049928140881774316,
      0.04957613824769572,
      0.04852143433765954,
      0.05287442824308441,
      0.04889829706073701
    ],
    "val_loss": [
      0.4086126651771054,
      0.37996937828863453,
      0.3947038224892702,
      0.49939818216298154,
      0.6180049031348286,
      0.5874886256670524,
      0.5685916319935621,
      0.5874894337829002,
      0.6632047387208053,
      0.5295344179797316,
      0.535340427031774,
      0.4913307378124334,
      0.5868715022227722,
      0.5462501773041879,
      0.5278289914488079,
      0.4578276258385824,
      0.46742029702235127,
      0.5522154176128125,
      0.4579178755154867,
      0.6597594769058114,
      0.4895675643297013,
      0.5413463790616589,
      0.5442155143636429,
      0.6963485702961505,
      0.5472829085267232,
      0.5211776781403376,
      0.47370848477243666,
      0.4191127900859553,
      0.586292500303177,
      0.5694824637767084,
      0.607960304421579,
      0.5686502556868656,
      0.5643076183553227,
      0.5236976391897944,
      0.5335854007812317,
      0.3960589532812912,
      0.4793268279758042,
      0.4963814486598897,
      0.3926976014530944,
      0.41222356476648125,
      0.5390315992032696,
      0.44346018946634796,
      0.593372603947531,
      0.5113791917880138,
      0.601360105254693,
      0.4639825959494728,
      0.450457672337572,
      0.4838007657381589,
      0.5490255081992663,
      0.6445712342322943,
      0.5037076613503302,
      0.509889676792179,
      0.44658640226918067,
      0.47717700025992477,
      0.5179965388096736,
      0.5039041374793309,
      0.42937900543569807,
      0.47918847408480275,
      0.4515112568607587,
      0.461685412890183,
      0.44986427167575516,
      0.4863809299950828,
      0.4203584549223591,
      0.4664277004089184,
      0.4805072167676366,
      0.45470655175026303,
      0.4559164516137032,
      0.554503575529524,
      0.4691828370361985,
      0.4473649212521707,
      0.43961077597505316,
      0.41718683671986984,
      0.4733730496939071,
      0.4208002433894637,
      0.4518836265820229,
      0.40406127406094605,
      0.39595821272291826,
      0.45726870220756816,
      0.43226221539303217,
      0.4326097596726732,
      0.45608899356005433,
      0.42016215231604204,
      0.4773339647732809,
      0.43327195453875794,
      0.4251259446144104,
      0.4567490200439613,
      0.44126651744821116,
      0.40583657531324263,
      0.41289725204606254
    ],
    "best_epoch": 39,
    "best_val_loss": 0.3926976014530944,
    "test_loss": 0.41607182747439336,
    "tracker": {
      "initial_train_loss": 0.3652096490854901,
      "train_threshold": 0.12173654969516336,
      "best_tracking": true,
      "patience_active": true,
      "patience_best_train": null,
      "patience_best_val": 0.3926976014530944,
      "patience_no_improve_epochs": 50,
      "best_train_loss": Infinity,
      "forced_stop_due_to_threshold": false
    }
  },
  "model_files": {
    "best": "scripts/outputs/gru-other-value/trial_12_8f24d1/best_model.pt",
    "last": "scripts/outputs/gru-other-value/trial_12_8f24d1/last_model.pt"
  },
  "config_path": "/home/amoris/data-analysis-on-dbps/scripts/outputs/gru-other-value/trial_12_8f24d1/config.yaml"
}