{
  "model_name": "lstm-trc-value/trial_35_fe193b",
  "model_type": "LSTM",
  "model_format": "torch",
  "model_params": {
    "history_length": 109,
    "units": 327,
    "num_layers": 3,
    "dropout": 0.4179904792733046
  },
  "training_params": {
    "max_epochs": 500,
    "batch_size": 207,
    "learning_rate": 0.00037523161798242566,
    "weight_decay": 0.000328407280545113,
    "checkpoint_interval": 10,
    "seed": 947
  },
  "data_csv": "data/time_aligned_data.csv",
  "timestamp_column": "Date, Time",
  "columns": [
    "TRC-DT",
    "TRC-RT",
    "TRC-PPL1",
    "TRC-PPL2",
    "pH-DT",
    "pH-RT",
    "pH-PPL1",
    "pH-PPL2",
    "cond-DT",
    "cond-PPL1",
    "cond-PPL2",
    "fDOM-RT",
    "fDOM-PPL1",
    "fDOM-PPL2",
    "DO-RT",
    "DO-PPL1",
    "DO-PPL2",
    "TOC-RT",
    "TOC-PPL1",
    "TOC-PPL2",
    "DOC-RT",
    "DOC-PPL1",
    "DOC-PPL2",
    "minutes_since_start"
  ],
  "feature_columns": [
    "TRC-DT",
    "TRC-RT",
    "pH-DT",
    "pH-RT",
    "cond-DT",
    "fDOM-RT",
    "DO-RT",
    "TOC-RT",
    "DOC-RT",
    "minutes_since_start"
  ],
  "target_columns": [
    "TRC-PPL1",
    "TRC-PPL2"
  ],
  "split_boundaries": {
    "train_end": 7796,
    "val_end": 9466,
    "test_end": 11138
  },
  "dataset_sizes": {
    "train": 7688,
    "val": 1670,
    "test": 1672
  },
  "input_dim": 10,
  "sequence_length": 109,
  "training_history": {
    "epochs": [
      1,
      2,
      3,
      4,
      5,
      6,
      7,
      8,
      9,
      10,
      11,
      12,
      13,
      14,
      15,
      16,
      17,
      18,
      19,
      20,
      21,
      22,
      23,
      24,
      25,
      26,
      27,
      28,
      29,
      30,
      31,
      32,
      33,
      34,
      35,
      36,
      37,
      38,
      39,
      40,
      41,
      42,
      43,
      44,
      45,
      46,
      47,
      48,
      49,
      50,
      51,
      52,
      53,
      54,
      55,
      56,
      57,
      58,
      59,
      60,
      61,
      62,
      63,
      64,
      65,
      66,
      67,
      68,
      69,
      70,
      71,
      72,
      73,
      74,
      75,
      76,
      77,
      78,
      79,
      80
    ],
    "train_loss": [
      0.4389172361622895,
      0.12216079093682561,
      0.07247322287679912,
      0.05134169139795618,
      0.04054618952432444,
      0.037761394795307525,
      0.0378228783194154,
      0.031799325356783266,
      0.03023829347425907,
      0.028839723030919293,
      0.027256834317332095,
      0.02587739005927132,
      0.02764593401335521,
      0.027586677548515296,
      0.025352488926773685,
      0.02411968622896452,
      0.023548198890514696,
      0.02521893559057657,
      0.024003291779035908,
      0.022209580106763452,
      0.03116706800433874,
      0.025605389765007314,
      0.02317005486235325,
      0.022270137868127732,
      0.022608721759616087,
      0.020719495212608845,
      0.020270948240370658,
      0.021498718805335906,
      0.020322640155588396,
      0.0214194197049723,
      0.019559797037414176,
      0.021928137786101073,
      0.01973866486294887,
      0.018704367173558466,
      0.018611712649931722,
      0.02061123790972431,
      0.0198270812572264,
      0.018720031520409915,
      0.01953730273785401,
      0.020045909468030303,
      0.018877186313243418,
      0.018596160529388752,
      0.01840279676392287,
      0.02051861693066982,
      0.02027220278905664,
      0.02238661958860247,
      0.01966227611001585,
      0.018408039489540035,
      0.020321817792546,
      0.01838192150602941,
      0.01838275663017777,
      0.023339760373709925,
      0.019284886770404908,
      0.019648088811209635,
      0.018344094147702193,
      0.019824273970063377,
      0.019692864148362958,
      0.021312072393402038,
      0.01837264050624908,
      0.018409172386516362,
      0.01901827901689012,
      0.018146003321618517,
      0.018643866233894957,
      0.02073165140469422,
      0.018847599276341498,
      0.0184504295966775,
      0.018976969496394498,
      0.01900359541267393,
      0.018061615968109512,
      0.018236797506960726,
      0.017394467910875747,
      0.0177058936977414,
      0.018722580456776734,
      0.01794436231956204,
      0.019255821332413003,
      0.01814628951142481,
      0.0193261212077424,
      0.0190673048396495,
      0.018681734741949375,
      0.018264782533115483
    ],
    "val_loss": [
      0.2838367544159204,
      0.22187925851541365,
      0.2228846505931216,
      0.219520757039507,
      0.23068239513539268,
      0.23058994555522402,
      0.23791796207249521,
      0.2503907161859606,
      0.24877138438628998,
      0.4514632236134417,
      0.5673005017847893,
      1.3402500419336523,
      0.7971295392352664,
      0.44631056360409643,
      0.7012286829198906,
      0.53493634557608,
      0.6955891843416734,
      0.9584479521056581,
      0.3640256242335824,
      0.53554417634394,
      0.5443999854814328,
      0.3400376368693249,
      0.5725384164601565,
      0.7588703197756124,
      0.5522308117079877,
      0.4110608037594639,
      0.5413776712269037,
      0.4110122017317011,
      0.3891538512876291,
      0.38558629455412935,
      0.3735527713721741,
      0.4134726752476867,
      0.3774655833427688,
      0.4046226958839033,
      0.3614568786773675,
      0.388494287781462,
      0.3937899404199805,
      0.44261716496154757,
      0.378424738524872,
      0.3504250899403395,
      0.39921564858317554,
      0.35419832262361123,
      0.3288105925835089,
      0.35296772091041606,
      0.36933051118861415,
      0.33768398651886666,
      0.386055382076807,
      0.3706734498728535,
      0.3418562381478127,
      0.35779423762648227,
      0.35490625028214057,
      0.33398960264299266,
      0.38626494791559474,
      0.32381417902889187,
      0.32106469655130615,
      0.34464992165208574,
      0.3287123809362243,
      0.33304897924762467,
      0.35507651012346236,
      0.32925525426998464,
      0.3352173114530073,
      0.3296636836145988,
      0.3601257227015442,
      0.3149913588204159,
      0.3292607177216225,
      0.33028738379010003,
      0.33103379291331697,
      0.3382347699176676,
      0.3123702935316784,
      0.3089114385907968,
      0.31890836967501096,
      0.3194138217081656,
      0.31575271102103464,
      0.3323876692517521,
      0.30822366312101573,
      0.32087259091726855,
      0.31436553099666703,
      0.3054398799415477,
      0.32139667632716323,
      0.3338849832409781
    ],
    "best_epoch": 4,
    "best_val_loss": 0.219520757039507,
    "test_loss": 4.540961991229126,
    "tracker": {
      "initial_train_loss": 0.4389172361622895,
      "train_threshold": 0.14630574538742983,
      "best_tracking": true,
      "patience_active": true,
      "patience_best_train": null,
      "patience_best_val": 0.219520757039507,
      "patience_no_improve_epochs": 76,
      "best_train_loss": Infinity,
      "forced_stop_due_to_threshold": false
    }
  },
  "model_files": {
    "best": "scripts/outputs/lstm-trc-value/trial_35_fe193b/best_model.pt",
    "last": "scripts/outputs/lstm-trc-value/trial_35_fe193b/last_model.pt"
  },
  "config_path": "/home/amoris/data-analysis-on-dbps/scripts/outputs/lstm-trc-value/trial_35_fe193b/config.yaml"
}