{
  "model_name": "mlp_with_history-trc-value/trial_58_1a42a2",
  "model_type": "MLP_WITH_HISTORY",
  "model_format": "torch",
  "model_params": {
    "history_length": 51,
    "hidden_layers": [
      4096,
      3072,
      2048,
      1024,
      768,
      512,
      256,
      128
    ],
    "dropout": 0.15085501247259359,
    "mid_layer_count": 3,
    "mid_layer_size": 559
  },
  "training_params": {
    "max_epochs": 500,
    "batch_size": 384,
    "learning_rate": 0.0019283423820258664,
    "weight_decay": 5.581291377277926e-05,
    "checkpoint_interval": 10,
    "seed": 77
  },
  "data_csv": "data/time_aligned_data.csv",
  "timestamp_column": "Date, Time",
  "columns": [
    "TRC-DT",
    "TRC-RT",
    "TRC-PPL1",
    "TRC-PPL2",
    "pH-DT",
    "pH-RT",
    "pH-PPL1",
    "pH-PPL2",
    "cond-DT",
    "cond-PPL1",
    "cond-PPL2",
    "fDOM-RT",
    "fDOM-PPL1",
    "fDOM-PPL2",
    "DO-RT",
    "DO-PPL1",
    "DO-PPL2",
    "TOC-RT",
    "TOC-PPL1",
    "TOC-PPL2",
    "DOC-RT",
    "DOC-PPL1",
    "DOC-PPL2",
    "minutes_since_start"
  ],
  "feature_columns": [
    "TRC-DT",
    "TRC-RT",
    "pH-DT",
    "pH-RT",
    "cond-DT",
    "fDOM-RT",
    "DO-RT",
    "TOC-RT",
    "DOC-RT",
    "minutes_since_start"
  ],
  "target_columns": [
    "TRC-PPL1",
    "TRC-PPL2"
  ],
  "split_boundaries": {
    "train_end": 7796,
    "val_end": 9466,
    "test_end": 11138
  },
  "dataset_sizes": {
    "train": 7746,
    "val": 1670,
    "test": 1672
  },
  "input_dim": 510,
  "sequence_length": null,
  "training_history": {
    "epochs": [
      1,
      2,
      3,
      4,
      5,
      6,
      7,
      8,
      9,
      10,
      11,
      12,
      13,
      14,
      15,
      16,
      17,
      18,
      19,
      20,
      21,
      22,
      23,
      24,
      25,
      26,
      27,
      28,
      29,
      30,
      31,
      32,
      33,
      34,
      35,
      36,
      37,
      38,
      39,
      40,
      41,
      42,
      43,
      44,
      45,
      46,
      47,
      48,
      49,
      50,
      51,
      52,
      53,
      54,
      55,
      56,
      57,
      58,
      59,
      60,
      61,
      62,
      63,
      64,
      65,
      66,
      67,
      68,
      69,
      70,
      71,
      72,
      73,
      74,
      75,
      76,
      77,
      78,
      79,
      80
    ],
    "train_loss": [
      1.125439179950126,
      0.5259279687098991,
      0.24792829442171974,
      0.16261725166940946,
      0.14373668265333478,
      0.11791402575906906,
      0.10999173612718338,
      0.1338982816055521,
      0.10148842248987727,
      0.09729538515129356,
      0.10310769417574939,
      0.09141601717328951,
      0.09576307463955269,
      0.09247197004180838,
      0.06781790234108104,
      0.06252201261340787,
      0.06694555880774554,
      0.05939510963585929,
      0.06005916378001295,
      0.05724629908107585,
      0.055861427491252315,
      0.05058868466295723,
      0.04714064429045924,
      0.044312097469819414,
      0.0537896178934022,
      0.046317838960544346,
      0.0451749836914905,
      0.04854104720419641,
      0.0434589396230155,
      0.04275494905969231,
      0.046261521548286694,
      0.05455931644427924,
      0.04993474363449652,
      0.04503075818882535,
      0.04013121381580922,
      0.03980289197921476,
      0.038672094086890624,
      0.03933212353821229,
      0.0456666493980253,
      0.04945429720671301,
      0.04438065017243857,
      0.04623422560178892,
      0.04278541807053534,
      0.037484024908887054,
      0.04252985804857532,
      0.04683925108991327,
      0.042034711524278595,
      0.037477095793906706,
      0.03745165020862261,
      0.03978718654775601,
      0.044902491812485304,
      0.03462594552044948,
      0.034779027061093974,
      0.03765294118838473,
      0.04310066417425201,
      0.04138160174918858,
      0.038275558334118075,
      0.04314403734829978,
      0.042480646066315686,
      0.03744205876342277,
      0.03508146648821121,
      0.03359231377910681,
      0.03238181650961766,
      0.03227350025168692,
      0.03350327353950483,
      0.033462318210154884,
      0.03376260026712274,
      0.03396438817204338,
      0.03217304449767959,
      0.030951528690934274,
      0.03167386172522555,
      0.03148098131259405,
      0.030424160096508696,
      0.03131416026794292,
      0.030444092407972658,
      0.03049162024160303,
      0.030222688782108927,
      0.0326198513030221,
      0.031692406671925355,
      0.03265653906128926
    ],
    "val_loss": [
      0.9785612346169478,
      0.2111588478088379,
      0.24156766380378586,
      0.18764597969854663,
      0.14755953793040294,
      0.22683128482567336,
      0.3508243543659142,
      0.17458684387321244,
      0.24884526429775947,
      0.2268421717032701,
      0.35300196416363744,
      0.41756274528846055,
      0.36202700823367,
      0.33314505165922426,
      0.4194202515893354,
      0.4939070927168795,
      0.5344053502568228,
      0.8409652358757521,
      1.0791406176047411,
      0.6195353579378413,
      0.7418199410695516,
      0.5730788604941911,
      0.987299495400069,
      0.9220595945141272,
      0.5665066402115507,
      0.6851354276348731,
      0.7426438991181151,
      0.5613567298043988,
      0.5681655892355,
      0.616780313617455,
      0.7345457342570413,
      0.9971847228661269,
      0.5738565586284249,
      0.6598094833111334,
      0.7941695280417711,
      0.6608361623958199,
      0.5515521080907947,
      0.5620973901120488,
      0.386284580487691,
      0.3489050868028652,
      0.5866788722797782,
      0.6285066864447679,
      0.513410372077348,
      0.49215886464375935,
      0.5066436927475615,
      0.45206762502293385,
      0.39652338898824363,
      0.4368382560992669,
      0.5113262867499254,
      0.5478270202339767,
      0.3619377620205908,
      0.3962745666503906,
      0.4917814805836021,
      0.36377356480695533,
      0.32836543271641533,
      0.4929748689343115,
      0.5349334177142846,
      0.3714164366979085,
      0.35258086855540016,
      0.36703732042255516,
      0.42063143139113923,
      0.3276878845192001,
      0.41282137111275496,
      0.4300144618142865,
      0.3550032235905082,
      0.31591505490377275,
      0.2842917432328184,
      0.3555761719892125,
      0.3871462039604872,
      0.31265690626498466,
      0.444650968106207,
      0.33458917926171583,
      0.3766969847821904,
      0.4327398271617775,
      0.3658605833967289,
      0.40931536309019534,
      0.3366180025888774,
      0.2955842172314307,
      0.2978281152462531,
      0.3006399834227419
    ],
    "best_epoch": 5,
    "best_val_loss": 0.14755953793040294,
    "test_loss": 4.713199307473652,
    "tracker": {
      "initial_train_loss": 1.125439179950126,
      "train_threshold": 0.3751463933167087,
      "best_tracking": true,
      "patience_active": true,
      "patience_best_train": null,
      "patience_best_val": 0.14755953793040294,
      "patience_no_improve_epochs": 75,
      "best_train_loss": Infinity,
      "forced_stop_due_to_threshold": false
    }
  },
  "model_files": {
    "best": "scripts/outputs/mlp_with_history-trc-value/trial_58_1a42a2/best_model.pt",
    "last": "scripts/outputs/mlp_with_history-trc-value/trial_58_1a42a2/last_model.pt"
  },
  "config_path": "/home/amoris/data-analysis-on-dbps/scripts/outputs/mlp_with_history-trc-value/trial_58_1a42a2/config.yaml"
}