{
  "model_name": "lstm-trc-value/trial_59_975876",
  "model_type": "LSTM",
  "model_format": "torch",
  "model_params": {
    "history_length": 81,
    "units": 337,
    "num_layers": 4,
    "dropout": 0.30288999910821296
  },
  "training_params": {
    "max_epochs": 500,
    "batch_size": 233,
    "learning_rate": 0.00037159189115324685,
    "weight_decay": 0.004680681694419946,
    "checkpoint_interval": 10,
    "seed": 947
  },
  "data_csv": "data/time_aligned_data.csv",
  "timestamp_column": "Date, Time",
  "columns": [
    "TRC-DT",
    "TRC-RT",
    "TRC-PPL1",
    "TRC-PPL2",
    "pH-DT",
    "pH-RT",
    "pH-PPL1",
    "pH-PPL2",
    "cond-DT",
    "cond-PPL1",
    "cond-PPL2",
    "fDOM-RT",
    "fDOM-PPL1",
    "fDOM-PPL2",
    "DO-RT",
    "DO-PPL1",
    "DO-PPL2",
    "TOC-RT",
    "TOC-PPL1",
    "TOC-PPL2",
    "DOC-RT",
    "DOC-PPL1",
    "DOC-PPL2",
    "minutes_since_start"
  ],
  "feature_columns": [
    "TRC-DT",
    "TRC-RT",
    "pH-DT",
    "pH-RT",
    "cond-DT",
    "fDOM-RT",
    "DO-RT",
    "TOC-RT",
    "DOC-RT",
    "minutes_since_start"
  ],
  "target_columns": [
    "TRC-PPL1",
    "TRC-PPL2"
  ],
  "split_boundaries": {
    "train_end": 7796,
    "val_end": 9466,
    "test_end": 11138
  },
  "dataset_sizes": {
    "train": 7716,
    "val": 1670,
    "test": 1672
  },
  "input_dim": 10,
  "sequence_length": 81,
  "training_history": {
    "epochs": [
      1,
      2,
      3,
      4,
      5,
      6,
      7,
      8,
      9,
      10,
      11,
      12,
      13,
      14,
      15,
      16,
      17,
      18,
      19,
      20,
      21,
      22,
      23,
      24,
      25,
      26,
      27,
      28,
      29,
      30,
      31,
      32,
      33,
      34,
      35,
      36,
      37,
      38,
      39,
      40,
      41,
      42,
      43,
      44,
      45,
      46,
      47,
      48,
      49,
      50,
      51,
      52,
      53,
      54,
      55,
      56,
      57,
      58,
      59,
      60,
      61,
      62,
      63,
      64,
      65,
      66,
      67,
      68,
      69,
      70,
      71,
      72,
      73,
      74,
      75,
      76,
      77,
      78,
      79,
      80
    ],
    "train_loss": [
      0.8992542332707445,
      0.22257692137411555,
      0.1583472760765972,
      0.13290951976010904,
      0.12185493335243702,
      0.11127281358041653,
      0.10738522938402932,
      0.10549029729538102,
      0.09503980902129347,
      0.09074342467118694,
      0.09144557510276202,
      0.08791509167155558,
      0.09187540025225786,
      0.08693414130776796,
      0.08449419834465174,
      0.09332472499037049,
      0.08531045200696197,
      0.08328725922873997,
      0.08253705993337203,
      0.08289163729621067,
      0.08336381183356865,
      0.08529863242753248,
      0.08646732998047238,
      0.08348836510998867,
      0.08261943664816979,
      0.08374137404008332,
      0.08256358324809356,
      0.08323223164624705,
      0.08093785897704558,
      0.08079548591449509,
      0.08114259138977577,
      0.08089375729006829,
      0.08049441139590809,
      0.07997039174144444,
      0.0788745348186784,
      0.08306994366407888,
      0.07744828329994664,
      0.07738703509774339,
      0.07733009874621795,
      0.07561554198436721,
      0.07578183704540095,
      0.07572857005653942,
      0.07610654413889362,
      0.0739315902923382,
      0.073674397743435,
      0.07188172741639083,
      0.07369022848525848,
      0.06848301309339042,
      0.06701832593159394,
      0.06532215288979763,
      0.06558589132945886,
      0.06822654688870848,
      0.06345860373389078,
      0.0679933677290838,
      0.05910923141704176,
      0.05907979997009147,
      0.06005525487359708,
      0.06281089038236144,
      0.05988059858098711,
      0.0636064654217136,
      0.056681643046550705,
      0.06482828369662513,
      0.0549171059607239,
      0.05649629973856169,
      0.05464119842626491,
      0.05433000168126287,
      0.0571171739281089,
      0.053886627530734144,
      0.05479560604105579,
      0.059294219000845326,
      0.053334708946446575,
      0.053446361800861396,
      0.054648908391544675,
      0.056419439720035276,
      0.05675169558951341,
      0.056991853359690786,
      0.05439214171728765,
      0.05095330558518337,
      0.050450370141038044,
      0.04768809045560198
    ],
    "val_loss": [
      1.4453991551286802,
      0.270929928543325,
      0.24481344592651563,
      0.22891574277135426,
      0.20420300707801017,
      0.254340387711268,
      0.278093660422071,
      0.2119237418526304,
      0.34096759294499895,
      0.3459659329699185,
      0.26315477551992783,
      0.31617350039590975,
      0.24920448662077416,
      0.26133693749765435,
      0.3140713257514342,
      0.24144173278333897,
      0.2733892496719867,
      0.2643207666614723,
      0.2712678787850602,
      0.27603267079698823,
      0.276198723182796,
      0.29784208552766883,
      0.27270003426596967,
      0.2782299422731478,
      0.3150178094901992,
      0.30961269103436767,
      0.3053974806280907,
      0.29509283641275175,
      0.34282828551901134,
      0.3614631809483834,
      0.29667667836107003,
      0.37563806469747407,
      0.3983319255116278,
      0.3574039183757798,
      0.39452986729158435,
      0.32572158582196264,
      0.41672236793033196,
      0.5020632939435496,
      0.41051314298933494,
      0.37364676341325226,
      0.5056476985098806,
      0.5637812973886818,
      0.4161170224742797,
      0.37538740324402997,
      0.4564188901056162,
      0.5269920817024247,
      0.4006678033954726,
      0.438219545777151,
      0.38828444362222075,
      0.4048494685128956,
      0.36456075069567045,
      0.40291204644802087,
      0.32036343681330454,
      0.3692018761059749,
      0.32968533661684946,
      0.3369789235751161,
      0.31114948592901587,
      0.3293038772631013,
      0.3079961728750767,
      0.31799669707093586,
      0.32819629497714564,
      0.325666947145305,
      0.2999795602534167,
      0.30832972949939574,
      0.3400820001669808,
      0.32913336250931025,
      0.2986073241083922,
      0.30666671097724735,
      0.28691812737616235,
      0.2957757595826141,
      0.28743077000145784,
      0.3120348892916373,
      0.3191087166583556,
      0.2928458246742626,
      0.28689477923521384,
      0.2949557284015917,
      0.3060955346478317,
      0.27611549823227044,
      0.31204091740136375,
      0.3017512180479968
    ],
    "best_epoch": 5,
    "best_val_loss": 0.20420300707801017,
    "test_loss": 4.488540618114494,
    "tracker": {
      "initial_train_loss": 0.8992542332707445,
      "train_threshold": 0.29975141109024817,
      "best_tracking": true,
      "patience_active": true,
      "patience_best_train": null,
      "patience_best_val": 0.20420300707801017,
      "patience_no_improve_epochs": 75,
      "best_train_loss": Infinity,
      "forced_stop_due_to_threshold": false
    }
  },
  "model_files": {
    "best": "scripts/outputs/lstm-trc-value/trial_59_975876/best_model.pt",
    "last": "scripts/outputs/lstm-trc-value/trial_59_975876/last_model.pt"
  },
  "config_path": "/home/amoris/data-analysis-on-dbps/scripts/outputs/lstm-trc-value/trial_59_975876/config.yaml"
}