{
  "model_name": "rnn-trc-value/trial_43_a0386c",
  "model_type": "RNN",
  "model_format": "torch",
  "model_params": {
    "history_length": 156,
    "units": 307,
    "num_layers": 3,
    "dropout": 0.34070267886354483
  },
  "training_params": {
    "max_epochs": 500,
    "batch_size": 169,
    "learning_rate": 0.0004501477516899515,
    "weight_decay": 0.0003466045791247028,
    "checkpoint_interval": 10,
    "seed": 947
  },
  "data_csv": "data/time_aligned_data.csv",
  "timestamp_column": "Date, Time",
  "columns": [
    "TRC-DT",
    "TRC-RT",
    "TRC-PPL1",
    "TRC-PPL2",
    "pH-DT",
    "pH-RT",
    "pH-PPL1",
    "pH-PPL2",
    "cond-DT",
    "cond-PPL1",
    "cond-PPL2",
    "fDOM-RT",
    "fDOM-PPL1",
    "fDOM-PPL2",
    "DO-RT",
    "DO-PPL1",
    "DO-PPL2",
    "TOC-RT",
    "TOC-PPL1",
    "TOC-PPL2",
    "DOC-RT",
    "DOC-PPL1",
    "DOC-PPL2",
    "minutes_since_start"
  ],
  "feature_columns": [
    "TRC-DT",
    "TRC-RT",
    "pH-DT",
    "pH-RT",
    "cond-DT",
    "fDOM-RT",
    "DO-RT",
    "TOC-RT",
    "DOC-RT",
    "minutes_since_start"
  ],
  "target_columns": [
    "TRC-PPL1",
    "TRC-PPL2"
  ],
  "split_boundaries": {
    "train_end": 7796,
    "val_end": 9466,
    "test_end": 11138
  },
  "dataset_sizes": {
    "train": 7641,
    "val": 1670,
    "test": 1672
  },
  "input_dim": 10,
  "sequence_length": 156,
  "training_history": {
    "epochs": [
      1,
      2,
      3,
      4,
      5,
      6,
      7,
      8,
      9,
      10,
      11,
      12,
      13,
      14,
      15,
      16,
      17,
      18,
      19,
      20,
      21,
      22,
      23,
      24,
      25,
      26,
      27,
      28,
      29,
      30,
      31,
      32,
      33,
      34,
      35,
      36,
      37,
      38,
      39,
      40,
      41,
      42,
      43,
      44,
      45,
      46,
      47,
      48,
      49,
      50,
      51,
      52,
      53,
      54,
      55,
      56,
      57,
      58,
      59,
      60,
      61,
      62,
      63,
      64,
      65,
      66,
      67,
      68,
      69,
      70,
      71,
      72,
      73,
      74,
      75,
      76,
      77,
      78,
      79,
      80,
      81,
      82,
      83,
      84,
      85,
      86,
      87,
      88,
      89,
      90,
      91,
      92,
      93,
      94,
      95,
      96,
      97,
      98,
      99,
      100,
      101,
      102,
      103,
      104,
      105,
      106,
      107,
      108,
      109,
      110,
      111,
      112,
      113,
      114,
      115,
      116,
      117,
      118,
      119,
      120,
      121,
      122,
      123,
      124,
      125,
      126,
      127,
      128,
      129,
      130,
      131,
      132,
      133,
      134,
      135,
      136,
      137,
      138,
      139,
      140,
      141,
      142,
      143,
      144
    ],
    "train_loss": [
      0.2986513796748642,
      0.1537038652035457,
      0.08571541341241781,
      0.0540880311766566,
      0.04438480462339236,
      0.04031975455450506,
      0.035334302021046454,
      0.03637626637009805,
      0.033901412745952576,
      0.029891968026226796,
      0.033389031334184506,
      0.0309773104911566,
      0.03525206957906075,
      0.027844096602087805,
      0.028079566749697922,
      0.02501926729264231,
      0.02369192260588211,
      0.022607132390983956,
      0.023986737411422904,
      0.023130148928088366,
      0.025452479947309127,
      0.023137616645946987,
      0.02168451985954934,
      0.02319492530280025,
      0.021641651060963125,
      0.02314646037590666,
      0.026410999219241043,
      0.023967241733572026,
      0.021616865610812303,
      0.02316302799971616,
      0.024933268640669616,
      0.02231497203151393,
      0.02107671193706359,
      0.021872564639563163,
      0.020334876395353408,
      0.03087866346258804,
      0.026562021446556044,
      0.024097114954738073,
      0.020460989546362773,
      0.019961580534415272,
      0.023474644956348018,
      0.022518133346033788,
      0.020896108327156788,
      0.021533071733460255,
      0.023492608106519722,
      0.025324014080704203,
      0.019213536519987737,
      0.020343790957751722,
      0.022134945938867542,
      0.022357881338305224,
      0.02066744568830478,
      0.020933742366683387,
      0.021646398749895282,
      0.01977687969754081,
      0.019880645034378648,
      0.01948105441456342,
      0.0203292001629444,
      0.022987990794775762,
      0.023073303035318172,
      0.020219242132731154,
      0.02136939019622946,
      0.019490426482808028,
      0.018756767882487837,
      0.025411794947194827,
      0.03594409649175876,
      0.025757230299285703,
      0.020162047845605328,
      0.04242374131692718,
      0.11190575345553055,
      0.06362960208828981,
      0.04054190076135821,
      0.032609464209919246,
      0.032047535224670576,
      0.028581077589104584,
      0.02558985127589767,
      0.027738980731238573,
      0.02408473398460875,
      0.023704421640801703,
      0.021616694531206637,
      0.022220534461047884,
      0.020999004461525497,
      0.020855030677008418,
      0.020674607360474946,
      0.02449504049350307,
      0.03471099525278595,
      0.10492264571592472,
      0.21411356605962845,
      0.13511485915434576,
      0.07149194796922989,
      0.06297226671308392,
      0.050743957930031815,
      0.04738869514190048,
      0.041227144600052966,
      0.04316566069107642,
      0.03733028535922618,
      0.034272170427076525,
      0.033535458072444686,
      0.10276318166954419,
      0.10055895633103336,
      0.05929069313408505,
      0.04199595651748394,
      0.0375714773284665,
      0.034025115072249416,
      0.04365096251644704,
      0.03740753907310044,
      0.03163427616433118,
      0.03104509766269785,
      0.04751461829262252,
      0.04092718057281769,
      0.03278742464835295,
      0.030228793732953577,
      0.029520459135511896,
      0.02741681561537039,
      0.02522949058186624,
      0.025565918453818778,
      0.0281673338646458,
      0.030355604350841836,
      0.024825175380425186,
      0.024941499223485306,
      0.024955979559973748,
      0.024579902221833268,
      0.022750989359787286,
      0.023306748103957386,
      0.02277112805828532,
      0.02449468478142139,
      0.023296816043673722,
      0.022646234664388813,
      0.02292902281020554,
      0.02308590699997915,
      0.0970665687033798,
      0.04151028085111433,
      0.03259335297024924,
      0.02864068052066572,
      0.027992774137246906,
      0.02414924601289657,
      0.023885197313681602,
      0.023003373932526806,
      0.02284359027462283,
      0.023738044751287598,
      0.03031797789962578,
      0.023226340806791566,
      0.022568834883641968,
      0.02178115839061352,
      0.02198452925941634
    ],