{
  "model_name": "lstm-other-value/trial_17_e0ef3d",
  "model_type": "LSTM",
  "model_format": "torch",
  "model_params": {
    "history_length": 189,
    "units": 281,
    "num_layers": 3,
    "dropout": 0.3952821245539924
  },
  "training_params": {
    "max_epochs": 500,
    "batch_size": 142,
    "learning_rate": 0.0004420302518885934,
    "weight_decay": 0.00022401447713943316,
    "checkpoint_interval": 10,
    "seed": 947
  },
  "data_csv": "data/time_aligned_data.csv",
  "timestamp_column": "Date, Time",
  "columns": [
    "TRC-DT",
    "TRC-RT",
    "TRC-PPL1",
    "TRC-PPL2",
    "pH-DT",
    "pH-RT",
    "pH-PPL1",
    "pH-PPL2",
    "cond-DT",
    "cond-PPL1",
    "cond-PPL2",
    "fDOM-RT",
    "fDOM-PPL1",
    "fDOM-PPL2",
    "DO-RT",
    "DO-PPL1",
    "DO-PPL2",
    "TOC-RT",
    "TOC-PPL1",
    "TOC-PPL2",
    "DOC-RT",
    "DOC-PPL1",
    "DOC-PPL2",
    "minutes_since_start"
  ],
  "feature_columns": [
    "TRC-DT",
    "TRC-RT",
    "pH-DT",
    "pH-RT",
    "cond-DT",
    "fDOM-RT",
    "DO-RT",
    "TOC-RT",
    "DOC-RT",
    "minutes_since_start"
  ],
  "target_columns": [
    "TOC-PPL1",
    "TOC-PPL2",
    "DOC-PPL1",
    "DOC-PPL2",
    "pH-PPL1",
    "pH-PPL2"
  ],
  "split_boundaries": {
    "train_end": 7796,
    "val_end": 9466,
    "test_end": 11138
  },
  "dataset_sizes": {
    "train": 7608,
    "val": 1670,
    "test": 1672
  },
  "input_dim": 10,
  "sequence_length": 189,
  "training_history": {
    "epochs": [
      1,
      2,
      3,
      4,
      5,
      6,
      7,
      8,
      9,
      10,
      11,
      12,
      13,
      14,
      15,
      16,
      17,
      18,
      19,
      20,
      21,
      22,
      23,
      24,
      25,
      26,
      27,
      28,
      29,
      30,
      31,
      32,
      33,
      34,
      35,
      36,
      37,
      38,
      39,
      40,
      41,
      42,
      43,
      44,
      45,
      46,
      47,
      48,
      49,
      50,
      51,
      52,
      53,
      54,
      55,
      56,
      57,
      58,
      59,
      60,
      61,
      62,
      63,
      64,
      65,
      66,
      67,
      68,
      69,
      70,
      71,
      72,
      73,
      74,
      75,
      76,
      77,
      78,
      79,
      80
    ],
    "train_loss": [
      0.4633609816181296,
      0.2634850358306484,
      0.22044976697265162,
      0.18021690431829507,
      0.1552014374041971,
      0.14555977900697606,
      0.12385202241918516,
      0.12062786028697914,
      0.1152234832520208,
      0.1007504728843079,
      0.0946289422450789,
      0.076848965718927,
      0.09316445917251484,
      0.08406613434769691,
      0.06666254178747205,
      0.07910038230080867,
      0.07580887005673222,
      0.08576028882383861,
      0.07883414159187133,
      0.07724725104746978,
      0.06261530081172534,
      0.09798730987777345,
      0.06752160131112603,
      0.05412379181801834,
      0.04983514288908456,
      0.08079605294463982,
      0.05293737615524281,
      0.05027455423853813,
      0.053482225140288366,
      0.049763479205406615,
      0.045881697889436995,
      0.041628281858119995,
      0.036673953901138055,
      0.03895922252109233,
      0.042185405138037806,
      0.037162509004533543,
      0.03408870018762071,
      0.03176559143592961,
      0.029464562722706047,
      0.03456402114728616,
      0.031746284914771966,
      0.02868574900703444,
      0.028822773037288342,
      0.027575292415940422,
      0.02752427612779002,
      0.028417859280327203,
      0.02706377884592434,
      0.027466613599064944,
      0.031004877349207045,
      0.055213721633568545,
      0.04177281405623967,
      0.031092279179846295,
      0.03147318614323621,
      0.03005261067007242,
      0.027191761467844782,
      0.026430349303438835,
      0.02499874345723199,
      0.025826046033737914,
      0.025954605259400812,
      0.02727363401334478,
      0.027245632687154627,
      0.024255665975449495,
      0.02781399052549001,
      0.03583056687550731,
      0.02888445792666839,
      0.048201563407213564,
      0.04862550582509531,
      0.03283183288698787,
      0.027117777930633347,
      0.02503555447556525,
      0.02432711594899652,
      0.0255802482401817,
      0.023960092479067333,
      0.024040893987937587,
      0.02334511655820563,
      0.024511879770776606,
      0.02497124417756462,
      0.04276431054875772,
      0.036404091043673946,
      0.031525989161994304
    ],
    "val_loss": [
      0.5927285760998012,
      0.6542573647807816,
      0.5951796249581311,
      0.7812474069659582,
      0.6352281605590603,
      0.712274899025877,
      0.6482853318045954,
      0.5695121609165283,
      0.5725351189335663,
      0.5750046630462486,
      0.5714655587773123,
      0.5708272278130412,
      0.5848365286510148,
      0.5842862741319005,
      0.6304842649284237,
      0.539307985530642,
      0.5474057500769278,
      0.5846082079910233,
      0.568519242598625,
      0.6436211867246799,
      0.6062667472098402,
      0.39640125063008175,
      0.7605127047903524,
      0.7550221025408385,
      0.4761969503528344,
      0.6648761164999294,
      0.5389507701653921,
      0.5553541687791219,
      0.5049608718403086,
      0.5659140481563385,
      0.5479554828055605,
      0.5668780779321037,
      0.5461731195628287,
      0.43005692965970066,
      0.509716684696917,
      0.471499205840205,
      0.48551135157753605,
      0.4497027935917506,
      0.4722273351189619,
      0.42380310798476556,
      0.5032516742180921,
      0.4708052654020087,
      0.45746695038801183,
      0.4890925083153262,
      0.4572195734627946,
      0.4635371014386594,
      0.48469987345669796,
      0.4688041522652803,
      0.4884377639093799,
      0.456318384275108,
      0.47403502401834474,
      0.48302968986733946,
      0.4582068384496752,
      0.4392605789585742,
      0.5012091924865802,
      0.4843231434682886,
      0.5458491361605193,
      0.4969641950137601,
      0.49979070287621663,
      0.5551691731649958,
      0.4602007878040839,
      0.4791014505896026,
      0.44825418645036436,
      0.46387544941759395,
      0.4594172538754469,
      0.4083543407792103,
      0.49165231382953906,
      0.4572310969501198,
      0.45126202043123587,
      0.4685293117593862,
      0.47763998915335376,
      0.47856082814539264,
      0.4950869941158209,
      0.48039262914015146,
      0.4904995887668547,
      0.46756170148442605,
      0.42280054387753596,
      0.44405236838463535,
      0.44103036887809904,
      0.43144392126691555
    ],
    "best_epoch": 22,
    "best_val_loss": 0.39640125063008175,
    "test_loss": 0.5824675281759369,
    "tracker": {
      "initial_train_loss": 0.4633609816181296,
      "train_threshold": 0.15445366053937654,
      "best_tracking": true,
      "patience_active": true,
      "patience_best_train": null,
      "patience_best_val": 0.39640125063008175,
      "patience_no_improve_epochs": 58,
      "best_train_loss": Infinity,
      "forced_stop_due_to_threshold": false
    }
  },
  "model_files": {
    "best": "scripts/outputs/lstm-other-value/trial_17_e0ef3d/best_model.pt",
    "last": "scripts/outputs/lstm-other-value/trial_17_e0ef3d/last_model.pt"
  },
  "config_path": "/home/amoris/data-analysis-on-dbps/scripts/outputs/lstm-other-value/trial_17_e0ef3d/config.yaml"
}