{
  "model_name": "lstm-trc-value/trial_10_377698",
  "model_type": "LSTM",
  "model_format": "torch",
  "model_params": {
    "history_length": 121,
    "units": 274,
    "num_layers": 2,
    "dropout": 0.25776246047774676
  },
  "training_params": {
    "max_epochs": 500,
    "batch_size": 200,
    "learning_rate": 0.0018419180172871683,
    "weight_decay": 0.0002932818684752184,
    "checkpoint_interval": 10,
    "seed": 947
  },
  "data_csv": "data/time_aligned_data.csv",
  "timestamp_column": "Date, Time",
  "columns": [
    "TRC-DT",
    "TRC-RT",
    "TRC-PPL1",
    "TRC-PPL2",
    "pH-DT",
    "pH-RT",
    "pH-PPL1",
    "pH-PPL2",
    "cond-DT",
    "cond-PPL1",
    "cond-PPL2",
    "fDOM-RT",
    "fDOM-PPL1",
    "fDOM-PPL2",
    "DO-RT",
    "DO-PPL1",
    "DO-PPL2",
    "TOC-RT",
    "TOC-PPL1",
    "TOC-PPL2",
    "DOC-RT",
    "DOC-PPL1",
    "DOC-PPL2",
    "minutes_since_start"
  ],
  "feature_columns": [
    "TRC-DT",
    "TRC-RT",
    "pH-DT",
    "pH-RT",
    "cond-DT",
    "fDOM-RT",
    "DO-RT",
    "TOC-RT",
    "DOC-RT",
    "minutes_since_start"
  ],
  "target_columns": [
    "TRC-PPL1",
    "TRC-PPL2"
  ],
  "split_boundaries": {
    "train_end": 7796,
    "val_end": 9466,
    "test_end": 11138
  },
  "dataset_sizes": {
    "train": 7676,
    "val": 1670,
    "test": 1672
  },
  "input_dim": 10,
  "sequence_length": 121,
  "training_history": {
    "epochs": [
      1,
      2,
      3,
      4,
      5,
      6,
      7,
      8,
      9,
      10,
      11,
      12,
      13,
      14,
      15,
      16,
      17,
      18,
      19,
      20,
      21,
      22,
      23,
      24,
      25,
      26,
      27,
      28,
      29,
      30,
      31,
      32,
      33,
      34,
      35,
      36,
      37,
      38,
      39,
      40,
      41,
      42,
      43,
      44,
      45,
      46,
      47,
      48,
      49,
      50,
      51,
      52,
      53,
      54,
      55,
      56,
      57,
      58,
      59,
      60,
      61,
      62,
      63,
      64,
      65,
      66,
      67,
      68,
      69,
      70,
      71,
      72,
      73,
      74,
      75,
      76,
      77,
      78,
      79,
      80
    ],
    "train_loss": [
      0.24240025760700082,
      0.04953540285050465,
      0.037187284751639446,
      0.03102641493283938,
      0.031596196999791826,
      0.036413428834200276,
      0.028427572213326847,
      0.023829846668633213,
      0.026902467045406924,
      0.03469958823463487,
      0.02499807948744533,
      0.024085371509978647,
      0.05073041568251561,
      0.03085078287009711,
      0.050095010983673714,
      0.03520144883459778,
      0.02891988210465493,
      0.025536066283233592,
      0.024437984374000916,
      0.02182796101293072,
      0.022621105294509627,
      0.02110614576544409,
      0.020941558951602247,
      0.020367716778304627,
      0.020076524642931415,
      0.020926132840902747,
      0.019267752668575236,
      0.020432927534120075,
      0.019795762163399098,
      0.024435669197319945,
      0.023758873091103076,
      0.021311492085992638,
      0.018740048416545144,
      0.019020632630550906,
      0.018706474225112023,
      0.018734238947168528,
      0.017836747229013857,
      0.01915232499419804,
      0.01860871287611172,
      0.018545212742444,
      0.018896424598359017,
      0.019087479082423923,
      0.0190317350381004,
      0.017883025350484954,
      0.01868556175379004,
      0.018409368769887403,
      0.019128836153648743,
      0.018645345662885993,
      0.018190969392237966,
      0.01828889118982144,
      0.017889171056430002,
      0.01767538278497107,
      0.017053338136560847,
      0.017239770883574902,
      0.017571645113772995,
      0.018422409316496715,
      0.01784998806190559,
      0.017140789898020207,
      0.017616572936413468,
      0.01765417776625252,
      0.018241771311926742,
      0.017139476434234968,
      0.017492412434674413,
      0.01831130003493518,
      0.017854491350643334,
      0.01734501575937552,
      0.01738584540112681,
      0.017433091148310896,
      0.016671085830170268,
      0.016634277203481852,
      0.017118064811867683,
      0.019817978113602388,
      0.018318731326623438,
      0.016614350040383547,
      0.01653637925241533,
      0.017795111562759692,
      0.01705867389373291,
      0.016356002773318893,
      0.016868096473954382,
      0.016719401503926208
    ],
    "val_loss": [
      0.16180809560471665,
      0.22219997546273076,
      0.22275318236586578,
      0.25758095982367407,
      0.26586867257685004,
      0.2843388499703236,
      0.2632451632957972,
      0.27089791700333177,
      0.27012334465088245,
      0.25502972960650566,
      0.28348466080284407,
      0.2798384871489987,
      0.28639964161518805,
      0.40802429571837007,
      0.2585864262488074,
      0.2799050477807393,
      0.28194974933912653,
      0.285766416859484,
      0.2892002945620857,
      0.2839891343059654,
      0.28519402961888,
      0.28820880890606404,
      0.29300104710691705,
      0.30155352587828377,
      0.3228999969220447,
      0.3138894196488186,
      0.31772451557799014,
      0.30485498119970994,
      0.3207321338310927,
      0.34932898382048405,
      0.335286861675942,
      0.35321948030394706,
      0.3374454370605018,
      0.32629082673145626,
      0.32014089055403977,
      0.3416827184086788,
      0.34592925029957367,
      0.33321847913864844,
      0.32095110403028076,
      0.3337970836433822,
      0.3191873916162702,
      0.3236074850944702,
      0.33984288626802184,
      0.33892729392130216,
      0.33533916176257733,
      0.344060821492158,
      0.3395356115645277,
      0.3390972145392509,
      0.3255873437145513,
      0.33523118821625225,
      0.34408120672681375,
      0.31986850732100935,
      0.3244664683313427,
      0.33401063044449525,
      0.32683678471042726,
      0.32387760410944144,
      0.3338510736287711,
      0.32497409285007123,
      0.33873322561472474,
      0.32921261840059374,
      0.32401125998554114,
      0.33152002118483276,
      0.33111366915131757,
      0.32151761606424867,
      0.33202588178975856,
      0.32209007999675715,
      0.3189557796556079,
      0.32516332809439674,
      0.3257911416763317,
      0.32186560890453303,
      0.32312745998005665,
      0.3240801196790741,
      0.3135161713033379,
      0.3139297239437789,
      0.31318470322621794,
      0.3048087109081046,
      0.3087513191614322,
      0.31381832375497876,
      0.3174182384938537,
      0.3136743468617251
    ],
    "best_epoch": 2,
    "best_val_loss": 0.22219997546273076,
    "test_loss": 4.556824758007195,
    "tracker": {
      "initial_train_loss": 0.24240025760700082,
      "train_threshold": 0.08080008586900027,
      "best_tracking": true,
      "patience_active": true,
      "patience_best_train": null,
      "patience_best_val": 0.22219997546273076,
      "patience_no_improve_epochs": 79,
      "best_train_loss": Infinity,
      "forced_stop_due_to_threshold": false
    }
  },
  "model_files": {
    "best": "scripts/outputs/lstm-trc-value/trial_10_377698/best_model.pt",
    "last": "scripts/outputs/lstm-trc-value/trial_10_377698/last_model.pt"
  },
  "config_path": "/home/amoris/data-analysis-on-dbps/scripts/outputs/lstm-trc-value/trial_10_377698/config.yaml"
}