{
  "model_name": "mlp-trc-value/trial_33_6513d2",
  "model_type": "MLP",
  "model_format": "torch",
  "model_params": {
    "history_length": 1,
    "hidden_layers": [
      512,
      256,
      128
    ],
    "dropout": 0.301267197928782,
    "mid_layer_count": 12,
    "mid_layer_size": 178
  },
  "training_params": {
    "max_epochs": 400,
    "batch_size": 341,
    "learning_rate": 0.0006089632198401315,
    "weight_decay": 0.0006385234968520672,
    "checkpoint_interval": 10,
    "seed": 42
  },
  "data_csv": "data/time_aligned_data.csv",
  "timestamp_column": "Date, Time",
  "columns": [
    "TRC-DT",
    "TRC-RT",
    "TRC-PPL1",
    "TRC-PPL2",
    "pH-DT",
    "pH-RT",
    "pH-PPL1",
    "pH-PPL2",
    "cond-DT",
    "cond-PPL1",
    "cond-PPL2",
    "fDOM-RT",
    "fDOM-PPL1",
    "fDOM-PPL2",
    "DO-RT",
    "DO-PPL1",
    "DO-PPL2",
    "TOC-RT",
    "TOC-PPL1",
    "TOC-PPL2",
    "DOC-RT",
    "DOC-PPL1",
    "DOC-PPL2",
    "minutes_since_start"
  ],
  "feature_columns": [
    "TRC-DT",
    "TRC-RT",
    "pH-DT",
    "pH-RT",
    "cond-DT",
    "fDOM-RT",
    "DO-RT",
    "TOC-RT",
    "DOC-RT",
    "minutes_since_start"
  ],
  "target_columns": [
    "TRC-PPL1",
    "TRC-PPL2"
  ],
  "split_boundaries": {
    "train_end": 7796,
    "val_end": 9466,
    "test_end": 11138
  },
  "dataset_sizes": {
    "train": 7796,
    "val": 1670,
    "test": 1672
  },
  "input_dim": 10,
  "sequence_length": null,
  "training_history": {
    "epochs": [
      1,
      2,
      3,
      4,
      5,
      6,
      7,
      8,
      9,
      10,
      11,
      12,
      13,
      14,
      15,
      16,
      17,
      18,
      19,
      20,
      21,
      22,
      23,
      24,
      25,
      26,
      27,
      28,
      29,
      30,
      31,
      32,
      33,
      34,
      35,
      36,
      37,
      38,
      39,
      40,
      41,
      42,
      43,
      44,
      45,
      46,
      47,
      48,
      49,
      50,
      51,
      52,
      53,
      54,
      55,
      56,
      57,
      58,
      59,
      60,
      61,
      62,
      63,
      64,
      65,
      66,
      67,
      68,
      69,
      70,
      71,
      72,
      73,
      74,
      75,
      76,
      77,
      78,
      79,
      80
    ],
    "train_loss": [
      0.4963982499325471,
      0.16394435585772246,
      0.12023670165075621,
      0.09881719718450703,
      0.08907562655503319,
      0.080656472804754,
      0.07891832985626146,
      0.07694117780230086,
      0.07422509188336125,
      0.07148518055637275,
      0.06906052891560675,
      0.06839845209774786,
      0.06569815867495894,
      0.06415868405847136,
      0.06332893132267012,
      0.06110351376871977,
      0.06128553012715678,
      0.060661906408496766,
      0.05951824023786372,
      0.0596105666681092,
      0.05835079670902351,
      0.05838906801443809,
      0.05680012242680271,
      0.05616250882100117,
      0.054423499230740774,
      0.055239708030480734,
      0.05392227106258892,
      0.05200909888500844,
      0.05189540721103358,
      0.05224735127965523,
      0.05312364531385633,
      0.05191323837946781,
      0.05012879882049888,
      0.04916485017781964,
      0.05054572837407189,
      0.04923094178489259,
      0.047705797342848265,
      0.04891774161891288,
      0.049622586061494695,
      0.048243223269947406,
      0.05033104286064179,
      0.04883806460492577,
      0.0470808230349082,
      0.04654498959725686,
      0.046509095645863745,
      0.047766867029232635,
      0.04674051292173721,
      0.04750109092452362,
      0.04654459690932221,
      0.04639752062392149,
      0.045242138931851715,
      0.04538424967383424,
      0.04428373963709227,
      0.044977156950945486,
      0.046546057241755215,
      0.04395568043637683,
      0.043335291708491284,
      0.0448417240097209,
      0.04273200604688088,
      0.04465621027458992,
      0.04467697134274911,
      0.04298087902627063,
      0.04234917991612586,
      0.042122175451129173,
      0.0423903278375724,
      0.04368663450398159,
      0.04325535129268332,
      0.04210025134217806,
      0.044536020140378156,
      0.04313035144840007,
      0.0413676981368375,
      0.041990563057921156,
      0.04160181034964176,
      0.04220720473820274,
      0.04167944136787189,
      0.04271911916582477,
      0.042412943467153776,
      0.041876383731213364,
      0.04118989991609976,
      0.040282076290627515
    ],
    "val_loss": [
      0.29750067166493327,
      0.3075487531275449,
      0.19955399367891385,
      0.20130544742067416,
      0.1921309574401218,
      0.19745181087226032,
      0.22635162153844526,
      0.20703401760181445,
      0.2105417426519408,
      0.21427868195435779,
      0.22098986026635783,
      0.22677446354827482,
      0.23072659704432694,
      0.23659893652413064,
      0.24189796989594034,
      0.2514685626058075,
      0.2576103747738693,
      0.25277100751946074,
      0.25459867737473485,
      0.2594872289677401,
      0.26582647839304574,
      0.26382840545457636,
      0.26782124492557285,
      0.2854092186450691,
      0.28208930666731324,
      0.2685683169307377,
      0.2788960430202281,
      0.28560973970096803,
      0.2913879457325814,
      0.2906738511336867,
      0.29047288902460816,
      0.2948491283842993,
      0.2979614385643494,
      0.2907204049522291,
      0.2880257889383032,
      0.31137158005626614,
      0.3132606324957249,
      0.29452734222847543,
      0.29397925336449265,
      0.29912200622305185,
      0.3069675599241596,
      0.2942949991673231,
      0.3067281512755477,
      0.3015542156247054,
      0.29919299728677656,
      0.31262228405716536,
      0.3022454302869514,
      0.2945827385343745,
      0.3197799401792759,
      0.30147728985788935,
      0.31058614633665116,
      0.30366867802657943,
      0.3000471617736502,
      0.32093324140271917,
      0.30132269228022257,
      0.31528496900183,
      0.33118907373599304,
      0.30944224729643255,
      0.3155799878961936,
      0.31444836791359376,
      0.31177983685859484,
      0.3256707331076443,
      0.31787467412873655,
      0.3203455682107788,
      0.3269420986225505,
      0.31146959932130613,
      0.3148834332165693,
      0.3131589321575747,
      0.3258042530753388,
      0.3241304967898184,
      0.30811701954236465,
      0.3164803752039899,
      0.3201301146097883,
      0.3306329096137674,
      0.322494977605557,
      0.3131498602213349,
      0.3101050907757111,
      0.33240865290187255,
      0.31385675946328634,
      0.31193675586541075
    ],
    "best_epoch": 5,
    "best_val_loss": 0.1921309574401218,
    "test_loss": 4.7045438979801375,
    "tracker": {
      "initial_train_loss": 0.4963982499325471,
      "train_threshold": 0.16546608331084903,
      "best_tracking": true,
      "patience_active": true,
      "patience_best_train": null,
      "patience_best_val": 0.1921309574401218,
      "patience_no_improve_epochs": 75,
      "best_train_loss": Infinity,
      "forced_stop_due_to_threshold": false
    }
  },
  "model_files": {
    "best": "scripts/outputs/mlp-trc-value/trial_33_6513d2/best_model.pt",
    "last": "scripts/outputs/mlp-trc-value/trial_33_6513d2/last_model.pt"
  },
  "config_path": "/home/amoris/data-analysis-on-dbps/scripts/outputs/mlp-trc-value/trial_33_6513d2/config.yaml"
}