{
  "model_name": "lstm-trc-rate/trial_78_307857",
  "model_type": "LSTM",
  "model_format": "torch",
  "model_params": {
    "history_length": 133,
    "units": 317,
    "num_layers": 6,
    "dropout": 0.33184698490445697
  },
  "training_params": {
    "max_epochs": 500,
    "batch_size": 206,
    "learning_rate": 0.00041765493738170817,
    "weight_decay": 0.0002413075152595201,
    "checkpoint_interval": 10,
    "seed": 947
  },
  "data_csv": "data/time_aligned_data.csv",
  "timestamp_column": "Date, Time",
  "columns": [
    "TRC-DT",
    "TRC-RT",
    "TRC-PPL1",
    "TRC-PPL2",
    "pH-DT",
    "pH-RT",
    "pH-PPL1",
    "pH-PPL2",
    "cond-DT",
    "cond-PPL1",
    "cond-PPL2",
    "fDOM-RT",
    "fDOM-PPL1",
    "fDOM-PPL2",
    "DO-RT",
    "DO-PPL1",
    "DO-PPL2",
    "TOC-RT",
    "TOC-PPL1",
    "TOC-PPL2",
    "DOC-RT",
    "DOC-PPL1",
    "DOC-PPL2",
    "minutes_since_start"
  ],
  "feature_columns": [
    "TRC-DT",
    "TRC-RT",
    "pH-DT",
    "pH-RT",
    "cond-DT",
    "fDOM-RT",
    "DO-RT",
    "TOC-RT",
    "DOC-RT",
    "minutes_since_start"
  ],
  "target_columns": [
    "TRC-PPL1",
    "TRC-PPL2"
  ],
  "target_mode": "rate",
  "target_base_columns": [
    "TRC-RT",
    "TRC-RT"
  ],
  "split_boundaries": {
    "train_end": 7796,
    "val_end": 9466,
    "test_end": 11138
  },
  "dataset_sizes": {
    "train": 7664,
    "val": 1670,
    "test": 1672
  },
  "input_dim": 10,
  "sequence_length": 133,
  "training_history": {
    "epochs": [
      1,
      2,
      3,
      4,
      5,
      6,
      7,
      8,
      9,
      10,
      11,
      12,
      13,
      14,
      15,
      16,
      17,
      18,
      19,
      20,
      21,
      22,
      23,
      24,
      25,
      26,
      27,
      28,
      29,
      30,
      31,
      32,
      33,
      34,
      35,
      36,
      37,
      38,
      39,
      40,
      41,
      42,
      43,
      44,
      45,
      46,
      47,
      48,
      49,
      50,
      51,
      52,
      53,
      54,
      55,
      56,
      57,
      58,
      59,
      60,
      61,
      62,
      63,
      64,
      65,
      66,
      67,
      68,
      69,
      70,
      71,
      72,
      73,
      74,
      75,
      76,
      77,
      78,
      79,
      80
    ],
    "train_loss": [
      0.6739691328218436,
      0.16889661195491576,
      0.12042750473404479,
      0.08938058412445239,
      0.07103112091393927,
      0.056247342255409796,
      0.046428585884847634,
      0.037203354824194394,
      0.040014397926018075,
      0.03870377851706504,
      0.03354143106139465,
      0.032552153466557134,
      0.030549318555913602,
      0.029101192678999552,
      0.026927669513154003,
      0.025354662840594858,
      0.02742848742222472,
      0.024420189743157718,
      0.02618535354369882,
      0.02622357234971244,
      0.022216402604254372,
      0.025102685617831282,
      0.02310908396265592,
      0.021903976115120072,
      0.022775878943843156,
      0.024814630452726263,
      0.023471008793262294,
      0.02213384470531021,
      0.021562136551229155,
      0.021928976237917775,
      0.02339520581535186,
      0.021307299787077533,
      0.020425151451733858,
      0.021822669888440217,
      0.02131503769648621,
      0.02138729822104466,
      0.022069557766052884,
      0.020163340107848895,
      0.020726319922558138,
      0.019985963598706434,
      0.021524075510579166,
      0.02101881216457094,
      0.020157114879688975,
      0.020513901267286257,
      0.019141302064901104,
      0.018923750095213288,
      0.021151716730485444,
      0.022542882997966477,
      0.020669887771748302,
      0.021022134322706134,
      0.018889546336505043,
      0.019292992842529506,
      0.01863900141470671,
      0.02007631898132427,
      0.01950063298958002,
      0.021488732527085972,
      0.018858887262969026,
      0.018779713486949283,
      0.02138155448471151,
      0.020036597120320902,
      0.01983901772780309,
      0.020288537091639726,
      0.01929835091604577,
      0.018355010150754844,
      0.018623720211198548,
      0.01830552235617067,
      0.020879645585685207,
      0.018576277471205806,
      0.017893547395395896,
      0.018939879873576954,
      0.017845824746306138,
      0.020495825192924113,
      0.019237695290514566,
      0.01924823762801338,
      0.021352972662016082,
      0.018758885000758497,
      0.017490246452999715,
      0.01839185519423919,
      0.0184706884377008,
      0.03272533237045565
    ],
    "val_loss": [
      0.413632125907137,
      0.3458067748494848,
      0.17522524612214038,
      0.20035455505291144,
      0.22194095528545138,
      0.2853373152410199,
      0.2517963773788449,
      0.5073227842053968,
      1.5116443471325014,
      0.24596796051381592,
      0.4198842877778643,
      0.5151788774431644,
      0.5638828378148422,
      0.31291644715754213,
      0.6333527828471924,
      0.35905560670409375,
      0.33494743175893843,
      0.29833649827200853,
      0.3156671237914327,
      0.30283829518510197,
      0.28657256707013723,
      0.2853397543424975,
      0.29116286938552727,
      0.2784912336394637,
      0.2888310230733035,
      0.27850353556969565,
      0.2808855522847818,
      0.2868980442558577,
      0.28355685615254017,
      0.27549932223415663,
      0.2866374233079528,
      0.2825123884943788,
      0.28733862667026633,
      0.2860609308978219,
      0.2916295080797044,
      0.30192128366562065,
      0.2880006178968145,
      0.2942149334481198,
      0.28955484658122776,
      0.29273479544518594,
      0.2930522079997791,
      0.2896927925194809,
      0.2922221096243687,
      0.2976276162097197,
      0.29634604914013496,
      0.29794254520473007,
      0.31259068785581046,
      0.3036017453911419,
      0.2918896678589775,
      0.2957202663678609,
      0.3009047460859407,
      0.29795553050489126,
      0.31048373921277994,
      0.3021812382059361,
      0.30538448990506684,
      0.30357479599867754,
      0.3096449139901621,
      0.3417141805062751,
      0.34472437381610543,
      0.3162775392080852,
      0.3090250306032197,
      0.3272419404684605,
      0.30975818900826446,
      0.32621614889515016,
      0.3222113947757704,
      0.31522825663898163,
      0.3185822852402033,
      0.31274075900053905,
      0.31814074908455686,
      0.3139452222846225,
      0.3265193581603423,
      0.3239050672484372,
      0.3239823259056328,
      0.33607044705596867,
      0.32537445626974465,
      0.36934233397736166,
      0.3579968557787869,
      0.3420465187108267,
      0.32171067152239247,
      0.3311436848547644
    ],
    "best_epoch": 3,
    "best_val_loss": 0.17522524612214038,
    "best_val_abs_mse": 0.15562675893306732,
    "test_loss": 5.210001170350034,
    "test_abs_mse": 51.165924072265625,
    "tracker": {
      "initial_train_loss": 0.6739691328218436,
      "train_threshold": 0.2246563776072812,
      "best_tracking": true,
      "patience_active": true,
      "patience_best_train": null,
      "patience_best_val": 0.17522524612214038,
      "patience_no_improve_epochs": 77,
      "best_train_loss": Infinity,
      "forced_stop_due_to_threshold": false
    }
  },
  "model_files": {
    "best": "scripts/outputs/lstm-trc-rate/trial_78_307857/best_model.pt",
    "last": "scripts/outputs/lstm-trc-rate/trial_78_307857/last_model.pt"
  },
  "config_path": "/home/amoris/data-analysis-on-dbps/scripts/outputs/lstm-trc-rate/trial_78_307857/config.yaml"
}