{
  "model_name": "lstm-trc-rate/trial_3_adfd0c",
  "model_type": "LSTM",
  "model_format": "torch",
  "model_params": {
    "history_length": 152,
    "units": 247,
    "num_layers": 12,
    "dropout": 0.3397163951110608
  },
  "training_params": {
    "max_epochs": 500,
    "batch_size": 169,
    "learning_rate": 0.0006538908684217346,
    "weight_decay": 0.001156058921347824,
    "checkpoint_interval": 10,
    "seed": 947
  },
  "data_csv": "data/time_aligned_data.csv",
  "timestamp_column": "Date, Time",
  "columns": [
    "TRC-DT",
    "TRC-RT",
    "TRC-PPL1",
    "TRC-PPL2",
    "pH-DT",
    "pH-RT",
    "pH-PPL1",
    "pH-PPL2",
    "cond-DT",
    "cond-PPL1",
    "cond-PPL2",
    "fDOM-RT",
    "fDOM-PPL1",
    "fDOM-PPL2",
    "DO-RT",
    "DO-PPL1",
    "DO-PPL2",
    "TOC-RT",
    "TOC-PPL1",
    "TOC-PPL2",
    "DOC-RT",
    "DOC-PPL1",
    "DOC-PPL2",
    "minutes_since_start"
  ],
  "feature_columns": [
    "TRC-DT",
    "TRC-RT",
    "pH-DT",
    "pH-RT",
    "cond-DT",
    "fDOM-RT",
    "DO-RT",
    "TOC-RT",
    "DOC-RT",
    "minutes_since_start"
  ],
  "target_columns": [
    "TRC-PPL1",
    "TRC-PPL2"
  ],
  "target_mode": "rate",
  "target_base_columns": [
    "TRC-RT",
    "TRC-RT"
  ],
  "split_boundaries": {
    "train_end": 7796,
    "val_end": 9466,
    "test_end": 11138
  },
  "dataset_sizes": {
    "train": 7645,
    "val": 1670,
    "test": 1672
  },
  "input_dim": 10,
  "sequence_length": 152,
  "training_history": {
    "epochs": [
      1,
      2,
      3,
      4,
      5,
      6,
      7,
      8,
      9,
      10,
      11,
      12,
      13,
      14,
      15,
      16,
      17,
      18,
      19,
      20,
      21,
      22,
      23,
      24,
      25,
      26,
      27,
      28,
      29,
      30,
      31,
      32,
      33,
      34,
      35,
      36,
      37,
      38,
      39,
      40,
      41,
      42,
      43,
      44,
      45,
      46,
      47,
      48,
      49,
      50
    ],
    "train_loss": [
      1.0022804880859495,
      1.001861870405797,
      1.0016982746872736,
      1.0015939542793464,
      1.0020491590602791,
      1.0017539389309655,
      1.0018448571117193,
      1.0016165492112064,
      1.0014897458299146,
      1.0015484764265656,
      1.001622744648187,
      1.0016192202009822,
      1.0015649218353435,
      1.0014571574640243,
      1.0015447485205238,
      1.0014343619814412,
      1.0014526077077777,
      1.0014648658610232,
      1.0015514522303623,
      1.0015623496746688,
      1.0015877665219703,
      1.0014338514319894,
      1.0014185251481709,
      1.0014180129692396,
      1.0014543399848215,
      1.0014704030428625,
      1.0014311499343034,
      1.0015144386815433,
      1.0014749182759741,
      1.0014721312501058,
      1.0014733881713362,
      1.0014738606112388,
      1.001458554200833,
      1.001448910488967,
      1.0014276496642083,
      1.001421326730203,
      1.0014757688720684,
      1.00148120129163,
      1.001405037361629,
      1.0014725670150249,
      1.0014337635804345,
      1.0014535012706733,
      1.0014127132002242,
      1.0014059620327698,
      1.001423138329373,
      1.0014917763874684,
      1.001448251430781,
      1.0014142168979383,
      1.0014456529333515,
      1.0014224100455964
    ],
    "val_loss": [
      0.3454098829363813,
      0.3516717514034338,
      0.35084735598125144,
      0.3471738057601416,
      0.34304906420052766,
      0.34478699071723184,
      0.3445654343880579,
      0.34883147475426785,
      0.3493676056761941,
      0.34834869857096745,
      0.3472042723307888,
      0.3450231167080695,
      0.34714027105825035,
      0.3469651462209082,
      0.34843606123042675,
      0.34407616573759536,
      0.3475902941434862,
      0.34693534825956396,
      0.34763668234164485,
      0.35030501370212275,
      0.3506787614372676,
      0.3490096649300017,
      0.34753015355435674,
      0.3488741367096137,
      0.3501924909584358,
      0.3489723349692757,
      0.34893694543865267,
      0.3490479819141998,
      0.348653330932745,
      0.3495203590455526,
      0.34821888226011916,
      0.3479224141531005,
      0.34772171868669416,
      0.34954093643380496,
      0.3477641896885669,
      0.34951656924304136,
      0.3488926205873311,
      0.3481168534405931,
      0.34913427230796057,
      0.34986940937529426,
      0.34645891122430744,
      0.34805770217256987,
      0.3481702643998726,
      0.3481969929272365,
      0.34884098971229116,
      0.34941105838128905,
      0.3498049502311174,
      0.34855790177505175,
      0.34788169710712874,
      0.34787001804766543
    ],
    "best_epoch": 50,
    "best_val_loss": 0.34787001804766543,
    "best_val_abs_mse": 0.2704714238643646,
    "test_loss": 5.647256564438058,
    "test_abs_mse": 52.97264099121094,
    "tracker": {
      "initial_train_loss": 1.0022804880859495,
      "train_threshold": 0.33409349602864985,
      "best_tracking": false,
      "patience_active": true,
      "patience_best_train": null,
      "patience_best_val": 0.34645891122430744,
      "patience_no_improve_epochs": 9,
      "best_train_loss": Infinity,
      "forced_stop_due_to_threshold": true
    }
  },
  "model_files": {
    "best": "scripts/outputs/lstm-trc-rate/trial_3_adfd0c/best_model.pt",
    "last": "scripts/outputs/lstm-trc-rate/trial_3_adfd0c/last_model.pt"
  },
  "config_path": "/home/amoris/data-analysis-on-dbps/scripts/outputs/lstm-trc-rate/trial_3_adfd0c/config.yaml"
}