{
  "model_name": "rnn-other-value/trial_23_052995",
  "model_type": "RNN",
  "model_format": "torch",
  "model_params": {
    "history_length": 115,
    "units": 176,
    "num_layers": 5,
    "dropout": 0.3308579358691824
  },
  "training_params": {
    "max_epochs": 500,
    "batch_size": 190,
    "learning_rate": 0.0008197043936322396,
    "weight_decay": 0.00017342412314987155,
    "checkpoint_interval": 10,
    "seed": 947
  },
  "data_csv": "data/time_aligned_data.csv",
  "timestamp_column": "Date, Time",
  "columns": [
    "TRC-DT",
    "TRC-RT",
    "TRC-PPL1",
    "TRC-PPL2",
    "pH-DT",
    "pH-RT",
    "pH-PPL1",
    "pH-PPL2",
    "cond-DT",
    "cond-PPL1",
    "cond-PPL2",
    "fDOM-RT",
    "fDOM-PPL1",
    "fDOM-PPL2",
    "DO-RT",
    "DO-PPL1",
    "DO-PPL2",
    "TOC-RT",
    "TOC-PPL1",
    "TOC-PPL2",
    "DOC-RT",
    "DOC-PPL1",
    "DOC-PPL2",
    "minutes_since_start"
  ],
  "feature_columns": [
    "TRC-DT",
    "TRC-RT",
    "pH-DT",
    "pH-RT",
    "cond-DT",
    "fDOM-RT",
    "DO-RT",
    "TOC-RT",
    "DOC-RT",
    "minutes_since_start"
  ],
  "target_columns": [
    "TOC-PPL1",
    "TOC-PPL2",
    "DOC-PPL1",
    "DOC-PPL2",
    "pH-PPL1",
    "pH-PPL2"
  ],
  "split_boundaries": {
    "train_end": 7796,
    "val_end": 9466,
    "test_end": 11138
  },
  "dataset_sizes": {
    "train": 7682,
    "val": 1670,
    "test": 1672
  },
  "input_dim": 10,
  "sequence_length": 115,
  "training_history": {
    "epochs": [
      1,
      2,
      3,
      4,
      5,
      6,
      7,
      8,
      9,
      10,
      11,
      12,
      13,
      14,
      15,
      16,
      17,
      18,
      19,
      20,
      21,
      22,
      23,
      24,
      25,
      26,
      27,
      28,
      29,
      30,
      31,
      32,
      33,
      34,
      35,
      36,
      37,
      38,
      39,
      40,
      41,
      42,
      43,
      44,
      45,
      46,
      47,
      48,
      49,
      50,
      51,
      52,
      53,
      54,
      55,
      56,
      57,
      58,
      59,
      60,
      61,
      62,
      63,
      64,
      65,
      66,
      67,
      68,
      69,
      70,
      71,
      72,
      73,
      74,
      75,
      76,
      77,
      78,
      79,
      80,
      81,
      82,
      83,
      84
    ],
    "train_loss": [
      0.37348271376048175,
      0.23831563604526673,
      0.19208274856966256,
      0.16971991195075992,
      0.15657615511096476,
      0.1399628777028806,
      0.13199266402617746,
      0.12460191680549551,
      0.131624115532542,
      0.12095864463778903,
      0.10593641654677269,
      0.12495682188167885,
      0.10614810284228103,
      0.10390719318647491,
      0.17659847123319983,
      0.11857454076436497,
      0.11309951933309828,
      0.10581219380401875,
      0.09270458232220558,
      0.10184741847118156,
      0.08576046333465685,
      0.08312802074345658,
      0.09305582321119228,
      0.09428693996381089,
      0.09433766145456027,
      0.08992528517368528,
      0.08000478209368544,
      0.10799746539281763,
      0.09502307197966013,
      0.08605550537581742,
      0.08962993188796332,
      0.0678729220276247,
      0.06127722839519587,
      0.061038794402839054,
      0.07413840501922489,
      0.05937932756993958,
      0.06036741234918834,
      0.060185096220085936,
      0.05831954766727307,
      0.053939925546960824,
      0.10484709994917392,
      0.17537029515840336,
      0.1245722466906636,
      0.13337333970192788,
      0.08700637755621166,
      0.06634504161144693,
      0.06661628772119345,
      0.06179543293040732,
      0.060526189022590576,
      0.1692705470646725,
      0.12219013203497014,
      0.10336213174647758,
      0.09873098446130442,
      0.09837986957946192,
      0.09998022053614783,
      0.08660599257844527,
      0.07150655717386985,
      0.0764310011517502,
      0.11175730346128115,
      0.08017751861405353,
      0.10663753156316247,
      0.07710769432200426,
      0.23076436874053963,
      0.13974967792502171,
      0.10060705102939402,
      0.0919380238654557,
      0.09395294221963339,
      0.08713122627769898,
      0.0757508018858822,
      0.07944850186484924,
      0.0686138507276502,
      0.06583704039031595,
      0.06861676094848425,
      0.07371501539720125,
      0.06867522485331147,
      0.06197069000682617,
      0.06258934422109283,
      0.061649544459865355,
      0.06979021226535766,
      0.06356417872370515,
      0.07674909782744081,
      0.06308117456321014,
      0.058152114186388416,
      0.0576101028484328
    ],
    "val_loss": [
      0.5247313950411574,
      0.4222628417129288,
      0.37971738025456847,
      0.518312131037969,
      0.5907667554513423,
      0.5989625986197038,
      0.7260441766259913,
      0.6754657089442551,
      0.6107902838709112,
      0.6568947258199046,
      0.7239752441287755,
      0.6760628554010819,
      0.6817107572705446,
      0.7560340646141304,
      0.3975737183661518,
      0.4021022250641606,
      0.5754635182772568,
      0.5059732455693319,
      0.6645052714529865,
      0.533196236915931,
      0.7692763527442595,
      0.6998344301998972,
      0.7530464736555151,
      0.7377601004244682,
      0.7293359099212521,
      0.7777036238617883,
      0.7008485126638127,
      0.5765838222410864,
      0.6803132527156505,
      0.3926088654709433,
      0.5544482862610303,
      0.6872259895289372,
      0.5187472833800102,
      0.38069125889482613,
      0.6720930325636963,
      0.6319029270531888,
      0.5753355049221458,
      0.4417389053962902,
      0.4680512146410828,
      0.5253786715472529,
      0.5490731260555233,
      0.6665572208647956,
      0.7007295696321362,
      0.6198554642632336,
      0.6766439598655987,
      0.6032260688479075,
      0.5911201731619721,
      0.5999744649597271,
      0.6554517174463073,
      0.4452930760686983,
      0.5344287072737773,
      0.5749664731814476,
      0.46177287364077424,
      0.6473532474326517,
      0.6832374202723275,
      0.5800189498566581,
      0.6641523047924756,
      0.7213318198473154,
      0.48655410690935785,
      0.657607258169237,
      0.46497411441481756,
      0.6354436435385379,
      0.5016708064400507,
      0.44838998845951283,
      0.4148359506162341,
      0.43180572504768827,
      0.4989687634442381,
      0.46773964702012294,
      0.5201040906552783,
      0.5955164249607189,
      0.47343228583385843,
      0.6083606775560065,
      0.7159012756840197,
      0.4210591898885316,
      0.4965579814004327,
      0.49741156807470466,
      0.3962992317305354,
      0.39293921359641826,
      0.6383676415387385,
      0.608684909401718,
      0.6033272145840223,
      0.7114244508529137,
      0.7015063893384562,
      0.6332563166757543
    ],
    "best_epoch": 34,
    "best_val_loss": 0.38069125889482613,
    "test_loss": 0.6398441408845511,
    "tracker": {
      "initial_train_loss": 0.37348271376048175,
      "train_threshold": 0.12449423792016058,
      "best_tracking": true,
      "patience_active": true,
      "patience_best_train": null,
      "patience_best_val": 0.38069125889482613,
      "patience_no_improve_epochs": 50,
      "best_train_loss": Infinity,
      "forced_stop_due_to_threshold": false
    }
  },
  "model_files": {
    "best": "scripts/outputs/rnn-other-value/trial_23_052995/best_model.pt",
    "last": "scripts/outputs/rnn-other-value/trial_23_052995/last_model.pt"
  },
  "config_path": "/home/amoris/data-analysis-on-dbps/scripts/outputs/rnn-other-value/trial_23_052995/config.yaml"
}