{
  "model_name": "rnn-other-value/trial_58_441711",
  "model_type": "RNN",
  "model_format": "torch",
  "model_params": {
    "history_length": 66,
    "units": 369,
    "num_layers": 3,
    "dropout": 0.4577260512181793
  },
  "training_params": {
    "max_epochs": 500,
    "batch_size": 302,
    "learning_rate": 0.0007230128805162849,
    "weight_decay": 0.00014012209098789705,
    "checkpoint_interval": 10,
    "seed": 947
  },
  "data_csv": "data/time_aligned_data.csv",
  "timestamp_column": "Date, Time",
  "columns": [
    "TRC-DT",
    "TRC-RT",
    "TRC-PPL1",
    "TRC-PPL2",
    "pH-DT",
    "pH-RT",
    "pH-PPL1",
    "pH-PPL2",
    "cond-DT",
    "cond-PPL1",
    "cond-PPL2",
    "fDOM-RT",
    "fDOM-PPL1",
    "fDOM-PPL2",
    "DO-RT",
    "DO-PPL1",
    "DO-PPL2",
    "TOC-RT",
    "TOC-PPL1",
    "TOC-PPL2",
    "DOC-RT",
    "DOC-PPL1",
    "DOC-PPL2",
    "minutes_since_start"
  ],
  "feature_columns": [
    "TRC-DT",
    "TRC-RT",
    "pH-DT",
    "pH-RT",
    "cond-DT",
    "fDOM-RT",
    "DO-RT",
    "TOC-RT",
    "DOC-RT",
    "minutes_since_start"
  ],
  "target_columns": [
    "TOC-PPL1",
    "TOC-PPL2",
    "DOC-PPL1",
    "DOC-PPL2",
    "pH-PPL1",
    "pH-PPL2"
  ],
  "split_boundaries": {
    "train_end": 7796,
    "val_end": 9466,
    "test_end": 11138
  },
  "dataset_sizes": {
    "train": 7731,
    "val": 1670,
    "test": 1672
  },
  "input_dim": 10,
  "sequence_length": 66,
  "training_history": {
    "epochs": [
      1,
      2,
      3,
      4,
      5,
      6,
      7,
      8,
      9,
      10,
      11,
      12,
      13,
      14,
      15,
      16,
      17,
      18,
      19,
      20,
      21,
      22,
      23,
      24,
      25,
      26,
      27,
      28,
      29,
      30,
      31,
      32,
      33,
      34,
      35,
      36,
      37,
      38,
      39,
      40,
      41,
      42,
      43,
      44,
      45,
      46,
      47,
      48,
      49,
      50,
      51,
      52,
      53,
      54,
      55,
      56,
      57,
      58,
      59,
      60,
      61,
      62,
      63,
      64,
      65,
      66,
      67,
      68,
      69,
      70,
      71,
      72,
      73,
      74,
      75,
      76,
      77,
      78,
      79,
      80
    ],
    "train_loss": [
      0.40259874888972,
      0.254485319969787,
      0.23565510353848074,
      0.19595953399637603,
      0.18950649742829725,
      0.1701038831199469,
      0.15021051776592642,
      0.15129655978724682,
      0.1542274068292679,
      0.13150747437639634,
      0.11987536342058279,
      0.16309807380383573,
      0.12669117021315496,
      0.11695266198624678,
      0.10431316017414524,
      0.14816528222582778,
      0.2113664676992447,
      0.15904103911465775,
      0.1442748695214898,
      0.12620413930473007,
      0.11533976757766173,
      0.10820321137353714,
      0.12106950730066099,
      0.1440386905439334,
      0.12141913079499211,
      0.09259989386121571,
      0.10175649429135514,
      0.11175779232620622,
      0.13051909162231534,
      0.10739902646128195,
      0.08676922439279879,
      0.13045271054486565,
      0.11094057398831732,
      0.09732375108645228,
      0.11651095204983379,
      0.22446282755748803,
      0.24321706241083213,
      0.1526677401115015,
      0.1285702354050503,
      0.11152223963977109,
      0.10574535622782238,
      0.10621314694522624,
      0.09797166267853477,
      0.09557598112930442,
      0.08664066793114937,
      0.08432411215789813,
      0.16346769691353982,
      0.11737360987514008,
      0.10501386482538898,
      0.10531920699522915,
      0.0893512187079183,
      0.09299836047364768,
      0.0791961201216653,
      0.07362386971700548,
      0.06815031053462971,
      0.06365098935832507,
      0.08153487657331862,
      0.08034567893141224,
      0.07441279251533683,
      0.06322747617121532,
      0.08692130875678439,
      0.1094778316142935,
      0.09662421698011135,
      0.06708544486457325,
      0.05942733113607819,
      0.057580916930672854,
      0.05684677445534638,
      0.05497718676240459,
      0.059244893063854824,
      0.05814642321389222,
      0.053483721897605474,
      0.056252442333568284,
      0.05115089117671151,
      0.07271791327768334,
      0.1067431903975606,
      0.11819751167583398,
      0.15826395008283667,
      0.10169715337361791,
      0.0747112399356252,
      0.07174150778341842
    ],
    "val_loss": [
      0.3895447592535419,
      0.4266525039415873,
      0.35390013575910806,
      0.6455165720271493,
      0.41407944479745307,
      0.4464054731194845,
      0.42223966539263014,
      0.48839260988428207,
      0.49486333636823526,
      0.4118368050116979,
      0.4387547607907278,
      0.6467459826590772,
      0.3891839909785522,
      0.37903965522429184,
      0.42506250135912865,
      0.4544827836537789,
      0.6405853165837819,
      0.6437271971902447,
      0.5914471055843873,
      0.5976988877721889,
      0.5190037092852021,
      0.4909644790662977,
      0.5499680721652722,
      0.39315755797360474,
      0.4174391373902738,
      0.4639891858407837,
      0.4729023326478319,
      0.4881615039474236,
      0.47311916763554074,
      0.4278038883905211,
      0.43270218759596707,
      0.3946626676324599,
      0.4632036813361916,
      0.5813821985693035,
      0.4156358543716505,
      0.4864915685739346,
      0.4532569841710393,
      0.5288641365077681,
      0.6055749014823023,
      0.6184999626732158,
      0.6633725383324538,
      0.6101320334180387,
      0.667116593904124,
      0.6304749066244343,
      0.707027628714453,
      0.5314353423739622,
      0.8340732987590893,
      0.6697276763751835,
      0.6168617465003522,
      0.6637145424317457,
      0.6607148928556613,
      0.6479288224867004,
      0.6608450263024804,
      0.6571407419211136,
      0.6562948111823933,
      0.6586148139870095,
      0.6232069890299243,
      0.6258099836949816,
      0.666268341787561,
      0.6671036626942858,
      0.7758802073979806,
      0.592053367474122,
      0.6517132579744933,
      0.5999459635979402,
      0.693935881100015,
      0.6962027976434387,
      0.6235725361162316,
      0.663824232431229,
      0.679476948983655,
      0.594707930159426,
      0.6492726973787754,
      0.624231386327458,
      0.5943536819365924,
      0.6804831803915743,
      0.646045893475324,
      0.54592032244284,
      0.48270647982637327,
      0.43219844788134454,
      0.5722956438264447,
      0.5501723195710582
    ],
    "best_epoch": 14,
    "best_val_loss": 0.37903965522429184,
    "test_loss": 0.3847030427075174,
    "tracker": {
      "initial_train_loss": 0.40259874888972,
      "train_threshold": 0.13419958296324,
      "best_tracking": true,
      "patience_active": true,
      "patience_best_train": null,
      "patience_best_val": 0.37903965522429184,
      "patience_no_improve_epochs": 66,
      "best_train_loss": Infinity,
      "forced_stop_due_to_threshold": false
    }
  },
  "model_files": {
    "best": "scripts/outputs/rnn-other-value/trial_58_441711/best_model.pt",
    "last": "scripts/outputs/rnn-other-value/trial_58_441711/last_model.pt"
  },
  "config_path": "/home/amoris/data-analysis-on-dbps/scripts/outputs/rnn-other-value/trial_58_441711/config.yaml"
}