{
  "model_name": "lstm-trc-rate/trial_57_d2fc5c",
  "model_type": "LSTM",
  "model_format": "torch",
  "model_params": {
    "history_length": 117,
    "units": 285,
    "num_layers": 2,
    "dropout": 0.3487545165878713
  },
  "training_params": {
    "max_epochs": 500,
    "batch_size": 250,
    "learning_rate": 0.0004838805810123609,
    "weight_decay": 0.00010696610281441465,
    "checkpoint_interval": 10,
    "seed": 947
  },
  "data_csv": "data/time_aligned_data.csv",
  "timestamp_column": "Date, Time",
  "columns": [
    "TRC-DT",
    "TRC-RT",
    "TRC-PPL1",
    "TRC-PPL2",
    "pH-DT",
    "pH-RT",
    "pH-PPL1",
    "pH-PPL2",
    "cond-DT",
    "cond-PPL1",
    "cond-PPL2",
    "fDOM-RT",
    "fDOM-PPL1",
    "fDOM-PPL2",
    "DO-RT",
    "DO-PPL1",
    "DO-PPL2",
    "TOC-RT",
    "TOC-PPL1",
    "TOC-PPL2",
    "DOC-RT",
    "DOC-PPL1",
    "DOC-PPL2",
    "minutes_since_start"
  ],
  "feature_columns": [
    "TRC-DT",
    "TRC-RT",
    "pH-DT",
    "pH-RT",
    "cond-DT",
    "fDOM-RT",
    "DO-RT",
    "TOC-RT",
    "DOC-RT",
    "minutes_since_start"
  ],
  "target_columns": [
    "TRC-PPL1",
    "TRC-PPL2"
  ],
  "target_mode": "rate",
  "target_base_columns": [
    "TRC-RT",
    "TRC-RT"
  ],
  "split_boundaries": {
    "train_end": 7796,
    "val_end": 9466,
    "test_end": 11138
  },
  "dataset_sizes": {
    "train": 7680,
    "val": 1670,
    "test": 1672
  },
  "input_dim": 10,
  "sequence_length": 117,
  "training_history": {
    "epochs": [
      1,
      2,
      3,
      4,
      5,
      6,
      7,
      8,
      9,
      10,
      11,
      12,
      13,
      14,
      15,
      16,
      17,
      18,
      19,
      20,
      21,
      22,
      23,
      24,
      25,
      26,
      27,
      28,
      29,
      30,
      31,
      32,
      33,
      34,
      35,
      36,
      37,
      38,
      39,
      40,
      41,
      42,
      43,
      44,
      45,
      46,
      47,
      48,
      49,
      50,
      51,
      52,
      53,
      54,
      55,
      56,
      57,
      58,
      59,
      60,
      61,
      62,
      63,
      64,
      65,
      66,
      67,
      68,
      69,
      70,
      71,
      72,
      73,
      74,
      75,
      76,
      77,
      78,
      79,
      80
    ],
    "train_loss": [
      0.4411115078061509,
      0.12633065380699313,
      0.07457392106880434,
      0.045485680219523296,
      0.03517264422650138,
      0.03030129722659088,
      0.029917187195678707,
      0.030135841545416042,
      0.02725125500971141,
      0.026248177789966576,
      0.024604763469445363,
      0.024179178197906975,
      0.02325582958292216,
      0.023036859898032464,
      0.022565590816763386,
      0.023154864754663624,
      0.02230269683301837,
      0.0201749630238434,
      0.02056751340084399,
      0.02107379966279647,
      0.019237481050367933,
      0.018957626472304884,
      0.01849069016558739,
      0.01805735009596295,
      0.01868669486187476,
      0.020751178553230904,
      0.01857293359110675,
      0.017340037222311366,
      0.017395555468586583,
      0.017184262497418484,
      0.017541136983102962,
      0.016981979702298606,
      0.01657905546016991,
      0.01755336301236336,
      0.016700904807900468,
      0.016979739858167402,
      0.017476135459825553,
      0.019451613411850605,
      0.016769146162308363,
      0.01645992649476587,
      0.01665609270033504,
      0.016703131706890417,
      0.016337562223876983,
      0.016193609684705734,
      0.01623839285093709,
      0.015996388535616763,
      0.016491669112535117,
      0.016598855664293904,
      0.016172504463611403,
      0.016690630734956358,
      0.016102492922072997,
      0.01616606872145591,
      0.016533223997006036,
      0.0159475641521567,
      0.01642050702503184,
      0.01609307625767542,
      0.015916048948080668,
      0.015871078314376064,
      0.01601742894369333,
      0.015593597875219226,
      0.015902291147843545,
      0.0158296104685481,
      0.016739138628812118,
      0.01610247107722292,
      0.015331165013776626,
      0.015408241238522654,
      0.0156674347842151,
      0.01567033791676901,
      0.01630466895342882,
      0.015568220228791082,
      0.015708044216201717,
      0.01525153377224342,
      0.015501489620267725,
      0.015252178801650492,
      0.015265581787389237,
      0.015448674187306702,
      0.015619190300640184,
      0.015357122868105458,
      0.015781673545764836,
      0.015622423793198928
    ],
    "val_loss": [
      0.3124321758925558,
      0.24382995934543494,
      0.18646030554068302,
      0.21583577949263735,
      0.22759604060319727,
      0.23278364748833422,
      0.2372871214178151,
      0.24842163553450278,
      0.26032220587848187,
      0.26127165123195706,
      0.26329194182184285,
      0.2668516600872585,
      0.2710516590647355,
      0.27592014195676334,
      0.28464864281390956,
      0.28805580821089044,
      0.288807829596593,
      0.2905963936117952,
      0.2685355372994603,
      0.28104101796216235,
      0.2832349507573122,
      0.28903886335650963,
      0.2853824011758416,
      0.28497308023095486,
      0.2833406235353497,
      0.27717833736253356,
      0.2829167367723174,
      0.285106495502377,
      0.28102903904582927,
      0.2884522519314182,
      0.28842540307271625,
      0.28724468265197234,
      0.2886391098047802,
      0.2944695575017772,
      0.2929922121236781,
      0.29634662326090705,
      0.2928764279820248,
      0.28277584332638156,
      0.29818092036746935,
      0.29258052171570453,
      0.30034226955410964,
      0.29075512172888496,
      0.2910824347912016,
      0.294972956961322,
      0.3033999990069581,
      0.3023480739957558,
      0.3052915270680082,
      0.3060761936856601,
      0.29911657021252697,
      0.3089965743843667,
      0.3118234598217253,
      0.29726501991470416,
      0.3039311176823999,
      0.2980858831816983,
      0.30154600674788395,
      0.29731851225038486,
      0.30663270324825526,
      0.30831960731459235,
      0.2978479800868534,
      0.2945879235596,
      0.3071464886833094,
      0.308515749559431,
      0.29849149032445726,
      0.3088528424456805,
      0.2996904865621093,
      0.2958190304611971,
      0.30554031647607954,
      0.296268196018067,
      0.29631280990507075,
      0.3057218514338225,
      0.31103589060063846,
      0.3062711938278761,
      0.29818950523204074,
      0.299727504492966,
      0.3022165019845891,
      0.3051263100640503,
      0.30800207412082276,
      0.30487005582112753,
      0.29686831109627276,
      0.2999765093432751
    ],
    "best_epoch": 3,
    "best_val_loss": 0.18646030554068302,
    "best_val_abs_mse": 0.25558698177337646,
    "test_loss": 4.797932903732409,
    "test_abs_mse": 46.740055084228516,
    "tracker": {
      "initial_train_loss": 0.4411115078061509,
      "train_threshold": 0.14703716926871696,
      "best_tracking": true,
      "patience_active": true,
      "patience_best_train": null,
      "patience_best_val": 0.18646030554068302,
      "patience_no_improve_epochs": 77,
      "best_train_loss": Infinity,
      "forced_stop_due_to_threshold": false
    }
  },
  "model_files": {
    "best": "scripts/outputs/lstm-trc-rate/trial_57_d2fc5c/best_model.pt",
    "last": "scripts/outputs/lstm-trc-rate/trial_57_d2fc5c/last_model.pt"
  },
  "config_path": "/home/amoris/data-analysis-on-dbps/scripts/outputs/lstm-trc-rate/trial_57_d2fc5c/config.yaml"
}