{
  "model_name": "gru-other-value/trial_32_88fe1a",
  "model_type": "GRU",
  "model_format": "torch",
  "model_params": {
    "history_length": 133,
    "units": 354,
    "num_layers": 2,
    "dropout": 0.3722091653593962
  },
  "training_params": {
    "max_epochs": 500,
    "batch_size": 263,
    "learning_rate": 0.0019900890370846765,
    "weight_decay": 0.00041836786111011523,
    "checkpoint_interval": 10,
    "seed": 947
  },
  "data_csv": "data/time_aligned_data.csv",
  "timestamp_column": "Date, Time",
  "columns": [
    "TRC-DT",
    "TRC-RT",
    "TRC-PPL1",
    "TRC-PPL2",
    "pH-DT",
    "pH-RT",
    "pH-PPL1",
    "pH-PPL2",
    "cond-DT",
    "cond-PPL1",
    "cond-PPL2",
    "fDOM-RT",
    "fDOM-PPL1",
    "fDOM-PPL2",
    "DO-RT",
    "DO-PPL1",
    "DO-PPL2",
    "TOC-RT",
    "TOC-PPL1",
    "TOC-PPL2",
    "DOC-RT",
    "DOC-PPL1",
    "DOC-PPL2",
    "minutes_since_start"
  ],
  "feature_columns": [
    "TRC-DT",
    "TRC-RT",
    "pH-DT",
    "pH-RT",
    "cond-DT",
    "fDOM-RT",
    "DO-RT",
    "TOC-RT",
    "DOC-RT",
    "minutes_since_start"
  ],
  "target_columns": [
    "TOC-PPL1",
    "TOC-PPL2",
    "DOC-PPL1",
    "DOC-PPL2",
    "pH-PPL1",
    "pH-PPL2"
  ],
  "split_boundaries": {
    "train_end": 7796,
    "val_end": 9466,
    "test_end": 11138
  },
  "dataset_sizes": {
    "train": 7664,
    "val": 1670,
    "test": 1672
  },
  "input_dim": 10,
  "sequence_length": 133,
  "training_history": {
    "epochs": [
      1,
      2,
      3,
      4,
      5,
      6,
      7,
      8,
      9,
      10,
      11,
      12,
      13,
      14,
      15,
      16,
      17,
      18,
      19,
      20,
      21,
      22,
      23,
      24,
      25,
      26,
      27,
      28,
      29,
      30,
      31,
      32,
      33,
      34,
      35,
      36,
      37,
      38,
      39,
      40,
      41,
      42,
      43,
      44,
      45,
      46,
      47,
      48,
      49,
      50,
      51,
      52,
      53,
      54,
      55,
      56,
      57,
      58,
      59,
      60,
      61,
      62,
      63,
      64,
      65,
      66,
      67,
      68,
      69,
      70,
      71,
      72,
      73,
      74,
      75,
      76,
      77,
      78,
      79,
      80
    ],
    "train_loss": [
      0.37480469849077297,
      0.22644843638433232,
      0.2117199994592552,
      0.18599452110034626,
      0.16316293961211012,
      0.1485820411070637,
      0.12023098383581028,
      0.128267722423062,
      0.12276367540033786,
      0.10185940305183258,
      0.10205256011937833,
      0.08834115133887169,
      0.07643439165425403,
      0.10184918905633632,
      0.07393562521480242,
      0.11707433536046015,
      0.10036851815385492,
      0.07217952641094637,
      0.06249797238826378,
      0.05877005113755394,
      0.12479976185700528,
      0.07866391277092359,
      0.07003121929717618,
      0.06056096333629279,
      0.054707178278264275,
      0.04915820979095202,
      0.05268590010766772,
      0.051730806368650066,
      0.05087564235488983,
      0.0459270896749777,
      0.04710457244127724,
      0.0414945860607219,
      0.04099379222118733,
      0.044790016874157686,
      0.04182175208915546,
      0.0446997218413399,
      0.042704713752489375,
      0.03969801132837485,
      0.07094073118223947,
      0.043316801527266184,
      0.040343610617956285,
      0.05300413921625122,
      0.038881619697113935,
      0.03637605165214023,
      0.036130711579664236,
      0.037626170076425956,
      0.035595658127829,
      0.032690445048197916,
      0.03477418232375721,
      0.04392911542750436,
      0.047626287701183885,
      0.03871409317706021,
      0.03941988789073983,
      0.031917241819996174,
      0.05932217023708704,
      0.04022842265144457,
      0.03259688938505139,
      0.03319185633442728,
      0.03364088695490488,
      0.034371374651307476,
      0.03393539062303555,
      0.034435603602610464,
      0.03165676686397534,
      0.03283070499395333,
      0.032556145398251496,
      0.030063302448896267,
      0.03718617836806713,
      0.05168258172551283,
      0.036013320736812585,
      0.03060432061035816,
      0.029900880921282076,
      0.030897290220081666,
      0.03378656450420859,
      0.031572510965172364,
      0.03322272439582549,
      0.031059251580045157,
      0.04264884441969469,
      0.034043091187926325,
      0.030488490649316233,
      0.03654593906131046
    ],
    "val_loss": [
      0.37603679233325454,
      0.5590620399413708,
      0.9054411351903827,
      0.556885862288004,
      0.5727124966457933,
      0.6739334500210727,
      0.673735433085236,
      0.6893186189635785,
      0.715163408059203,
      0.728704937418064,
      0.4039835225411518,
      0.452015792475846,
      0.41245963406152353,
      0.4312495852748077,
      0.38216453808510376,
      0.34945868375950945,
      0.3688706961934438,
      0.4179861062256519,
      0.4643335606255931,
      0.4662316508992703,
      0.3259101722322538,
      0.3718664205850598,
      0.43549512944178664,
      0.39720968038379073,
      0.4311847423008102,
      0.40269379199978833,
      0.4224479261718824,
      0.42172355518012705,
      0.40494585354884943,
      0.4135900163275753,
      0.4133568952540438,
      0.4026034608929457,
      0.4236087737326137,
      0.3942979391374274,
      0.4245537193770894,
      0.3928212142811564,
      0.3857648844936651,
      0.409627696425615,
      0.424212859517443,
      0.4175835893093469,
      0.40746750382784597,
      0.40520198056083956,
      0.4185287993200525,
      0.4172687905188092,
      0.37744970035231756,
      0.4162376703616388,
      0.40276993798638533,
      0.392762701623811,
      0.40214273929595945,
      0.39412845191127527,
      0.4058127535674386,
      0.4470180522092802,
      0.45382154424211935,
      0.46066219084812493,
      0.3917428651077305,
      0.4231831313517993,
      0.4772362209098068,
      0.4483120556006175,
      0.44496547080085663,
      0.4648185581861142,
      0.42527388864291643,
      0.43806967136567226,
      0.4936777350788345,
      0.4433052285970328,
      0.4695400754402498,
      0.509276539060527,
      0.487551002873632,
      0.4581686556517721,
      0.41620461938088527,
      0.442604852695308,
      0.4578751525746848,
      0.4912819150679126,
      0.5069411289995301,
      0.46655187326634,
      0.4894384384066045,
      0.4669082617509865,
      0.4146187709566362,
      0.41974833347126395,
      0.4466534503295036,
      0.4588197890245272
    ],
    "best_epoch": 21,
    "best_val_loss": 0.3259101722322538,
    "test_loss": 0.3721045073362415,
    "tracker": {
      "initial_train_loss": 0.37480469849077297,
      "train_threshold": 0.12493489949692432,
      "best_tracking": true,
      "patience_active": true,
      "patience_best_train": null,
      "patience_best_val": 0.3259101722322538,
      "patience_no_improve_epochs": 59,
      "best_train_loss": Infinity,
      "forced_stop_due_to_threshold": false
    }
  },
  "model_files": {
    "best": "scripts/outputs/gru-other-value/trial_32_88fe1a/best_model.pt",
    "last": "scripts/outputs/gru-other-value/trial_32_88fe1a/last_model.pt"
  },
  "config_path": "/home/amoris/data-analysis-on-dbps/scripts/outputs/gru-other-value/trial_32_88fe1a/config.yaml"
}