{
  "model_name": "mlp_with_history-trc-value/trial_34_b0aea2",
  "model_type": "MLP_WITH_HISTORY",
  "model_format": "torch",
  "model_params": {
    "history_length": 111,
    "hidden_layers": [
      4096,
      3072,
      2048,
      1024,
      768,
      512,
      256,
      128
    ],
    "dropout": 0.29663965327106,
    "mid_layer_count": 8,
    "mid_layer_size": 788
  },
  "training_params": {
    "max_epochs": 500,
    "batch_size": 293,
    "learning_rate": 0.0016297913262567235,
    "weight_decay": 0.0004594165206191883,
    "checkpoint_interval": 10,
    "seed": 77
  },
  "data_csv": "data/time_aligned_data.csv",
  "timestamp_column": "Date, Time",
  "columns": [
    "TRC-DT",
    "TRC-RT",
    "TRC-PPL1",
    "TRC-PPL2",
    "pH-DT",
    "pH-RT",
    "pH-PPL1",
    "pH-PPL2",
    "cond-DT",
    "cond-PPL1",
    "cond-PPL2",
    "fDOM-RT",
    "fDOM-PPL1",
    "fDOM-PPL2",
    "DO-RT",
    "DO-PPL1",
    "DO-PPL2",
    "TOC-RT",
    "TOC-PPL1",
    "TOC-PPL2",
    "DOC-RT",
    "DOC-PPL1",
    "DOC-PPL2",
    "minutes_since_start"
  ],
  "feature_columns": [
    "TRC-DT",
    "TRC-RT",
    "pH-DT",
    "pH-RT",
    "cond-DT",
    "fDOM-RT",
    "DO-RT",
    "TOC-RT",
    "DOC-RT",
    "minutes_since_start"
  ],
  "target_columns": [
    "TRC-PPL1",
    "TRC-PPL2"
  ],
  "split_boundaries": {
    "train_end": 7796,
    "val_end": 9466,
    "test_end": 11138
  },
  "dataset_sizes": {
    "train": 7686,
    "val": 1670,
    "test": 1672
  },
  "input_dim": 1110,
  "sequence_length": null,
  "training_history": {
    "epochs": [
      1,
      2,
      3,
      4,
      5,
      6,
      7,
      8,
      9,
      10,
      11,
      12,
      13,
      14,
      15,
      16,
      17,
      18,
      19,
      20,
      21,
      22,
      23,
      24,
      25,
      26,
      27,
      28,
      29,
      30,
      31,
      32,
      33,
      34,
      35,
      36,
      37,
      38,
      39,
      40,
      41,
      42,
      43,
      44,
      45,
      46,
      47,
      48,
      49,
      50,
      51,
      52,
      53,
      54,
      55,
      56,
      57,
      58,
      59,
      60,
      61,
      62,
      63,
      64,
      65,
      66,
      67,
      68,
      69,
      70,
      71,
      72,
      73,
      74,
      75,
      76,
      77,
      78,
      79,
      80
    ],
    "train_loss": [
      0.7328026191063173,
      0.2097871786944574,
      0.15717022537684924,
      0.16324026123631474,
      0.14706904991138983,
      0.1377045009144653,
      0.1510950743157495,
      0.15016100318065664,
      0.1261016843729487,
      0.12210279334100962,
      0.10836395606662251,
      0.09104583694398667,
      0.10480773463775458,
      0.09374096704152081,
      0.09586067200327428,
      0.08420018298828195,
      0.0846257039052324,
      0.08281743897824526,
      0.07506715470157717,
      0.08160490135126923,
      0.23538487883066095,
      0.11759926925936529,
      0.093027090432276,
      0.08403029302273245,
      0.08120812152493226,
      0.08058290781645672,
      0.06833671206075746,
      0.07299091589871931,
      0.06741645039843684,
      0.06372851655740246,
      0.06099922091569514,
      0.0650742358144934,
      0.07370326109230518,
      0.06484367591218652,
      0.05719469757685198,
      0.057754302540352465,
      0.05770708499764701,
      0.0578231018641491,
      0.06071687832371955,
      0.060507525613562006,
      0.05681631547664715,
      0.06217059797641048,
      0.09941358906571951,
      0.08724919824022243,
      0.06100170480122782,
      0.05585310723164368,
      0.05603697452322909,
      0.05354814421101501,
      0.05844179497687124,
      0.05664138883185548,
      0.05069421646927999,
      0.052314408674580246,
      0.051996390669452254,
      0.056354360241998365,
      0.05078922844007941,
      0.054398290414073305,
      0.051687187080194236,
      0.05211734634465672,
      0.06385004883881677,
      0.05008677319962083,
      0.05036579107421235,
      0.04919110314308387,
      0.051661343968805624,
      0.05515860250758188,
      0.05256890689975003,
      0.04905770942442761,
      0.0620129710029895,
      0.05112276206555433,
      0.052450582434016374,
      0.052200769329447935,
      0.05139836756744687,
      0.04903492351328446,
      0.04924461174821236,
      0.049632949773498476,
      0.05177778343716358,
      0.04942174377067694,
      0.05149518040736113,
      0.10901966188883304,
      0.41797724320627644,
      2.7445154694795235
    ],
    "val_loss": [
      0.21709763312344244,
      0.2644304261091137,
      1.9211813096693175,
      0.6416075466814155,
      0.46147492296636816,
      0.2530539594981039,
      0.24787300159697404,
      0.2768838833972901,
      0.23131248643342964,
      0.38723154992177455,
      0.3785366906600441,
      0.34724948078304707,
      0.25821308283704125,
      0.27632551976886693,
      0.2896650652072119,
      0.24370704222983586,
      0.4226670736681202,
      0.3196900319888028,
      0.2396145658868694,
      0.25001096022120134,
      0.25632800299027364,
      0.3202348006409621,
      0.28166711438157244,
      0.3323839468067278,
      0.35428945124037786,
      0.3250339869677485,
      0.47212826914549944,
      0.27247164411592983,
      0.31090004622356265,
      0.343539500727268,
      0.28183549646466616,
      0.27734870840934756,
      0.27562635414257736,
      0.38597451182428055,
      0.2817328030968498,
      0.27769858413961473,
      0.40270344098014926,
      0.2861214981453415,
      0.2797668299799462,
      0.2854721114965167,
      0.33001267331022166,
      0.2645626751114865,
      0.2899749202285698,
      0.25723282698051125,
      0.293708575669743,
      0.3515101819695113,
      0.28174821354203416,
      0.2997953841273121,
      0.37465976569355425,
      0.3838282610507247,
      0.4640969749740855,
      0.27593645123307575,
      0.5620087146491348,
      0.26750117866489703,
      0.3139599535647713,
      0.39416376917461254,
      0.3772528683075202,
      1.0590347461536258,
      0.27167546451984054,
      0.2832886260705526,
      0.2831009799703777,
      0.2630020221048397,
      0.2698937032104074,
      0.29232902637944963,
      0.2760070167693817,
      0.2896984228250866,
      0.4666849781061986,
      0.2529713691262428,
      0.24429810086410203,
      0.48728326028714813,
      0.2801313323922411,
      0.31209331965798925,
      0.33641426984086903,
      0.2699010722785296,
      0.252377036239528,
      0.3184970206207412,
      0.3537837669487574,
      1.4501001344157194,
      0.3365331017239365,
      0.39197582680129717
    ],
    "best_epoch": 9,
    "best_val_loss": 0.23131248643342964,
    "test_loss": 4.267787137242595,
    "tracker": {
      "initial_train_loss": 0.7328026191063173,
      "train_threshold": 0.24426753970210577,
      "best_tracking": true,
      "patience_active": true,
      "patience_best_train": null,
      "patience_best_val": 0.23131248643342964,
      "patience_no_improve_epochs": 71,
      "best_train_loss": Infinity,
      "forced_stop_due_to_threshold": false
    }
  },
  "model_files": {
    "best": "scripts/outputs/mlp_with_history-trc-value/trial_34_b0aea2/best_model.pt",
    "last": "scripts/outputs/mlp_with_history-trc-value/trial_34_b0aea2/last_model.pt"
  },
  "config_path": "/home/amoris/data-analysis-on-dbps/scripts/outputs/mlp_with_history-trc-value/trial_34_b0aea2/config.yaml"
}