{
  "model_name": "lstm-trc-rate/trial_51_e11379",
  "model_type": "LSTM",
  "model_format": "torch",
  "model_params": {
    "history_length": 163,
    "units": 261,
    "num_layers": 2,
    "dropout": 0.39211696057295303
  },
  "training_params": {
    "max_epochs": 500,
    "batch_size": 224,
    "learning_rate": 0.0006155847522446,
    "weight_decay": 0.000408761155240591,
    "checkpoint_interval": 10,
    "seed": 947
  },
  "data_csv": "data/time_aligned_data.csv",
  "timestamp_column": "Date, Time",
  "columns": [
    "TRC-DT",
    "TRC-RT",
    "TRC-PPL1",
    "TRC-PPL2",
    "pH-DT",
    "pH-RT",
    "pH-PPL1",
    "pH-PPL2",
    "cond-DT",
    "cond-PPL1",
    "cond-PPL2",
    "fDOM-RT",
    "fDOM-PPL1",
    "fDOM-PPL2",
    "DO-RT",
    "DO-PPL1",
    "DO-PPL2",
    "TOC-RT",
    "TOC-PPL1",
    "TOC-PPL2",
    "DOC-RT",
    "DOC-PPL1",
    "DOC-PPL2",
    "minutes_since_start"
  ],
  "feature_columns": [
    "TRC-DT",
    "TRC-RT",
    "pH-DT",
    "pH-RT",
    "cond-DT",
    "fDOM-RT",
    "DO-RT",
    "TOC-RT",
    "DOC-RT",
    "minutes_since_start"
  ],
  "target_columns": [
    "TRC-PPL1",
    "TRC-PPL2"
  ],
  "target_mode": "rate",
  "target_base_columns": [
    "TRC-RT",
    "TRC-RT"
  ],
  "split_boundaries": {
    "train_end": 7796,
    "val_end": 9466,
    "test_end": 11138
  },
  "dataset_sizes": {
    "train": 7634,
    "val": 1670,
    "test": 1672
  },
  "input_dim": 10,
  "sequence_length": 163,
  "training_history": {
    "epochs": [
      1,
      2,
      3,
      4,
      5,
      6,
      7,
      8,
      9,
      10,
      11,
      12,
      13,
      14,
      15,
      16,
      17,
      18,
      19,
      20,
      21,
      22,
      23,
      24,
      25,
      26,
      27,
      28,
      29,
      30,
      31,
      32,
      33,
      34,
      35,
      36,
      37,
      38,
      39,
      40,
      41,
      42,
      43,
      44,
      45,
      46,
      47,
      48,
      49,
      50,
      51,
      52,
      53,
      54,
      55,
      56,
      57,
      58,
      59,
      60,
      61,
      62,
      63,
      64,
      65,
      66,
      67,
      68,
      69,
      70,
      71,
      72,
      73,
      74,
      75,
      76,
      77,
      78,
      79,
      80
    ],
    "train_loss": [
      0.41086029575809246,
      0.10365330202044822,
      0.05434575904612614,
      0.041372187372188715,
      0.03776799433493539,
      0.032532611397749656,
      0.0307442152602825,
      0.027830026248401144,
      0.027053708269145903,
      0.02869585601923773,
      0.02708157880013608,
      0.026046196629754655,
      0.024999369031956816,
      0.02240682169228972,
      0.022300410439436712,
      0.023273267349160433,
      0.022212057610847328,
      0.021395690414643675,
      0.02169433507491523,
      0.02029468508362614,
      0.02080675065058718,
      0.02047108744146907,
      0.021147477301703813,
      0.022689418990203058,
      0.02052831452731253,
      0.020510300599626136,
      0.01912558188660469,
      0.01994961897950187,
      0.02018042072558125,
      0.02017998064504358,
      0.019425228850529056,
      0.019570257855817882,
      0.019456379973706084,
      0.018470593936251414,
      0.019663968313810384,
      0.019444828626585312,
      0.017857651812538507,
      0.01939512918077903,
      0.018997794566912696,
      0.019667910629108,
      0.018581207024257064,
      0.01870286478549984,
      0.01916218624504677,
      0.01809633604231573,
      0.023905353899288776,
      0.02487695463809834,
      0.021950744485781708,
      0.02376876926556608,
      0.022662307030599654,
      0.020065433341099198,
      0.019906746677884512,
      0.018847045266377635,
      0.019010899687039,
      0.019293226964355984,
      0.019502472645806367,
      0.01913021643516013,
      0.018473742155708083,
      0.018444074211431825,
      0.017980665481852585,
      0.025227592621200647,
      0.020445378330351482,
      0.018754980781837568,
      0.023400730263360797,
      0.0246668848359627,
      0.018862354264389414,
      0.018394922481872723,
      0.01728931040046085,
      0.017938125816110168,
      0.018825049852459006,
      0.018548946498259063,
      0.01836133766982813,
      0.01806910501493891,
      0.01846971951853528,
      0.017967486656950443,
      0.01791894529820004,
      0.018407547190582407,
      0.01779579931715411,
      0.017544539255656855,
      0.017816880961866913,
      0.016804506478624755
    ],
    "val_loss": [
      0.5673877277774011,
      0.2294217857772005,
      0.25010952945954784,
      0.2761622765463983,
      0.27512293757792716,
      0.27516528111018107,
      0.2888494715719166,
      0.28038740675606416,
      0.28365146385695406,
      0.27514737580350773,
      0.2719539455311027,
      0.27591380616148076,
      0.27359780969020137,
      0.2727248201113261,
      0.27787648767768264,
      0.27763322234867577,
      0.2773445474530408,
      0.2683225755563039,
      0.27236630359809555,
      0.2762100461714282,
      0.2772371697568608,
      0.27716141821381574,
      0.2800217602781193,
      0.27785337024820067,
      0.2815472151347977,
      0.27940533375311755,
      0.28536485736955425,
      0.30451151839273416,
      0.28170644730151057,
      0.28735657020243344,
      0.2850182119243873,
      0.2882375656130785,
      0.2856823779508739,
      0.29241976595210456,
      0.2879369546910246,
      0.28544531114800964,
      0.28793049886555017,
      0.2908046876598975,
      0.28921375913534336,
      0.293443075411334,
      0.2891802447641681,
      0.2970590078188274,
      0.29042276086921465,
      0.2896225842173228,
      0.27405435053888194,
      0.2836459022796083,
      0.2898199623573326,
      0.2825029086566971,
      0.3022906991179118,
      0.2961974005142372,
      0.3013738115390618,
      0.3087732423208431,
      0.3024391958456553,
      0.3094624350170889,
      0.3016625457181188,
      0.31088877006205257,
      0.2991956737583983,
      0.30050510921164186,
      0.3088635854378432,
      0.30135453661044914,
      0.29219216315332286,
      0.29329153024507854,
      0.29879375296438526,
      0.30071586538217737,
      0.3009292641799607,
      0.3039639108195276,
      0.3072075701045419,
      0.3133033069664847,
      0.31423022672087847,
      0.30383206584496414,
      0.3107487730994196,
      0.3125575926489459,
      0.3082179992141838,
      0.31388114326728317,
      0.3166876659421864,
      0.31191680160111296,
      0.31304499674699976,
      0.3167975039539223,
      0.315123015892006,
      0.31460018168666404
    ],
    "best_epoch": 2,
    "best_val_loss": 0.2294217857772005,
    "best_val_abs_mse": 0.20978911221027374,
    "test_loss": 4.975092744142815,
    "test_abs_mse": 46.45662307739258,
    "tracker": {
      "initial_train_loss": 0.41086029575809246,
      "train_threshold": 0.13695343191936415,
      "best_tracking": true,
      "patience_active": true,
      "patience_best_train": null,
      "patience_best_val": 0.2294217857772005,
      "patience_no_improve_epochs": 79,
      "best_train_loss": Infinity,
      "forced_stop_due_to_threshold": false
    }
  },
  "model_files": {
    "best": "scripts/outputs/lstm-trc-rate/trial_51_e11379/best_model.pt",
    "last": "scripts/outputs/lstm-trc-rate/trial_51_e11379/last_model.pt"
  },
  "config_path": "/home/amoris/data-analysis-on-dbps/scripts/outputs/lstm-trc-rate/trial_51_e11379/config.yaml"
}