{
  "model_name": "lstm-trc-rate/trial_18_d3758e",
  "model_type": "LSTM",
  "model_format": "torch",
  "model_params": {
    "history_length": 228,
    "units": 276,
    "num_layers": 6,
    "dropout": 0.45307268462838
  },
  "training_params": {
    "max_epochs": 500,
    "batch_size": 98,
    "learning_rate": 0.0008927269125832986,
    "weight_decay": 0.000690160374233939,
    "checkpoint_interval": 10,
    "seed": 947
  },
  "data_csv": "data/time_aligned_data.csv",
  "timestamp_column": "Date, Time",
  "columns": [
    "TRC-DT",
    "TRC-RT",
    "TRC-PPL1",
    "TRC-PPL2",
    "pH-DT",
    "pH-RT",
    "pH-PPL1",
    "pH-PPL2",
    "cond-DT",
    "cond-PPL1",
    "cond-PPL2",
    "fDOM-RT",
    "fDOM-PPL1",
    "fDOM-PPL2",
    "DO-RT",
    "DO-PPL1",
    "DO-PPL2",
    "TOC-RT",
    "TOC-PPL1",
    "TOC-PPL2",
    "DOC-RT",
    "DOC-PPL1",
    "DOC-PPL2",
    "minutes_since_start"
  ],
  "feature_columns": [
    "TRC-DT",
    "TRC-RT",
    "pH-DT",
    "pH-RT",
    "cond-DT",
    "fDOM-RT",
    "DO-RT",
    "TOC-RT",
    "DOC-RT",
    "minutes_since_start"
  ],
  "target_columns": [
    "TRC-PPL1",
    "TRC-PPL2"
  ],
  "target_mode": "rate",
  "target_base_columns": [
    "TRC-RT",
    "TRC-RT"
  ],
  "split_boundaries": {
    "train_end": 7796,
    "val_end": 9466,
    "test_end": 11138
  },
  "dataset_sizes": {
    "train": 7569,
    "val": 1670,
    "test": 1672
  },
  "input_dim": 10,
  "sequence_length": 228,
  "training_history": {
    "epochs": [
      1,
      2,
      3,
      4,
      5,
      6,
      7,
      8,
      9,
      10,
      11,
      12,
      13,
      14,
      15,
      16,
      17,
      18,
      19,
      20,
      21,
      22,
      23,
      24,
      25,
      26,
      27,
      28,
      29,
      30,
      31,
      32,
      33,
      34,
      35,
      36,
      37,
      38,
      39,
      40,
      41,
      42,
      43,
      44,
      45,
      46,
      47,
      48,
      49,
      50,
      51,
      52,
      53,
      54,
      55,
      56,
      57,
      58,
      59,
      60,
      61,
      62,
      63,
      64,
      65,
      66,
      67,
      68,
      69,
      70,
      71,
      72,
      73,
      74,
      75,
      76,
      77,
      78,
      79,
      80
    ],
    "train_loss": [
      0.45484755518773,
      0.11812022605374178,
      0.09010197745614204,
      0.08611228969944786,
      0.08148619347428028,
      0.07531041602451147,
      0.08067596200073485,
      0.07223615183597482,
      0.07115301048346942,
      0.06779700377876054,
      0.07286437967818485,
      0.08837123954793408,
      0.07150479202553844,
      0.0692418563044446,
      0.0736426255070308,
      0.0712517028934599,
      0.06942285307382699,
      0.07261155126474858,
      0.06051024404626445,
      0.06856143579806373,
      0.06180467442749025,
      0.06544254553953523,
      0.0664483131440931,
      0.10442680134839719,
      0.08355032180224689,
      0.06816191630223135,
      0.08515001177661784,
      0.08051187785834267,
      0.0680363261268726,
      0.1064044169797137,
      0.07037400631072861,
      0.067275153288207,
      0.06841755600508083,
      0.0625958027723428,
      0.06479792136387413,
      0.06021156982680044,
      0.06002378242363749,
      0.06401622087188623,
      0.06219045481104283,
      0.060055913233090806,
      0.06097619177783192,
      0.07280298211994599,
      0.05963613298137274,
      0.06680387603299891,
      0.06124770901048887,
      0.06083431885715425,
      0.18414665040719902,
      0.06693989407403543,
      0.07087123962575716,
      0.06860508944325898,
      0.05753122936170866,
      0.0607906510298689,
      0.062421684769953176,
      0.06914119126637178,
      0.07401593853010181,
      0.06601861768206149,
      0.06337169604369806,
      0.08790987625586213,
      0.062270817213367795,
      0.05959800819607105,
      0.06558316285478454,
      0.06162991302282559,
      0.06415874106532155,
      0.06186852059654979,
      0.06233713902215108,
      0.06708624969032422,
      0.05592984988919289,
      0.06336722685737062,
      0.05457178517548061,
      0.06054502045289066,
      0.06166880047432355,
      0.05820776159129569,
      0.06098801332190859,
      0.058566386253429165,
      0.07550615115660407,
      0.05928562810401618,
      0.056619755072281217,
      0.057653959744561535,
      0.06804552469400091,
      0.06079689345142535
    ],
    "val_loss": [
      0.30804310975718996,
      0.21905261826015518,
      0.21813514086969954,
      0.22070085493747346,
      0.2035508519986611,
      0.20463819680902773,
      0.22443913529866827,
      0.19738463787529284,
      0.1849317901929517,
      0.16906489717612366,
      0.18681598350539536,
      0.16744434920970552,
      0.2124478251857315,
      0.21445296043808945,
      0.20250829246542054,
      0.20673507388658866,
      0.19552414280301084,
      0.19171047719072795,
      0.21118273060032708,
      0.1948978661152417,
      0.2675851412786695,
      0.23023272358371827,
      0.20987824987687037,
      0.20137954907502956,
      0.20290577170957705,
      0.4029192381923249,
      0.3121425325195946,
      0.21942873230192833,
      0.29766740108321527,
      0.7160138685055478,
      0.22972393535568328,
      0.21922769148995777,
      0.22562628681520502,
      0.2220868832314621,
      0.22785809600647694,
      0.2251808196886214,
      0.238939061966128,
      0.23360944239500753,
      0.28478907711447,
      0.35848622914336753,
      0.272687857903674,
      0.25036835379140104,
      0.30775004777231973,
      0.32871072593251033,
      0.3605236396795797,
      0.5390215987841526,
      0.2652858743131785,
      0.317248323474994,
      0.5255397854629391,
      0.44342602161010225,
      0.6436764943586316,
      0.556763874906712,
      0.5847500512097589,
      0.5380080620105752,
      0.5799636852263869,
      0.6275561687742879,
      0.6579765001323051,
      0.469528578725939,
      0.5020023830614225,
      0.47031449622692106,
      0.5735582158571767,
      0.6163140236617562,
      0.4764354813910887,
      0.5480007475543165,
      0.5534769112478474,
      0.5959782270480416,
      0.5702792206767969,
      0.5661118055487464,
      0.547412905172852,
      0.537706232418914,
      0.5256254284190918,
      0.5188376538254722,
      0.5636858235665424,
      0.47931402020468683,
      0.5350199736833215,
      0.624217151353013,
      0.3801600988976613,
      1.0898647545697446,
      0.42371214549475444,
      0.6329986661427214
    ],
    "best_epoch": 12,
    "best_val_loss": 0.16744434920970552,
    "best_val_abs_mse": 0.15147188305854797,
    "test_loss": 4.966648039350099,
    "test_abs_mse": 46.4193115234375,
    "tracker": {
      "initial_train_loss": 0.45484755518773,
      "train_threshold": 0.15161585172924333,
      "best_tracking": true,
      "patience_active": true,
      "patience_best_train": null,
      "patience_best_val": 0.16744434920970552,
      "patience_no_improve_epochs": 68,
      "best_train_loss": Infinity,
      "forced_stop_due_to_threshold": false
    }
  },
  "model_files": {
    "best": "scripts/outputs/lstm-trc-rate/trial_18_d3758e/best_model.pt",
    "last": "scripts/outputs/lstm-trc-rate/trial_18_d3758e/last_model.pt"
  },
  "config_path": "/home/amoris/data-analysis-on-dbps/scripts/outputs/lstm-trc-rate/trial_18_d3758e/config.yaml"
}