{
  "model_name": "rnn-trc-value/trial_33_df8965",
  "model_type": "RNN",
  "model_format": "torch",
  "model_params": {
    "history_length": 149,
    "units": 158,
    "num_layers": 5,
    "dropout": 0.2820480795634185
  },
  "training_params": {
    "max_epochs": 500,
    "batch_size": 165,
    "learning_rate": 0.0007103226213738819,
    "weight_decay": 0.00016712331267901376,
    "checkpoint_interval": 10,
    "seed": 947
  },
  "data_csv": "data/time_aligned_data.csv",
  "timestamp_column": "Date, Time",
  "columns": [
    "TRC-DT",
    "TRC-RT",
    "TRC-PPL1",
    "TRC-PPL2",
    "pH-DT",
    "pH-RT",
    "pH-PPL1",
    "pH-PPL2",
    "cond-DT",
    "cond-PPL1",
    "cond-PPL2",
    "fDOM-RT",
    "fDOM-PPL1",
    "fDOM-PPL2",
    "DO-RT",
    "DO-PPL1",
    "DO-PPL2",
    "TOC-RT",
    "TOC-PPL1",
    "TOC-PPL2",
    "DOC-RT",
    "DOC-PPL1",
    "DOC-PPL2",
    "minutes_since_start"
  ],
  "feature_columns": [
    "TRC-DT",
    "TRC-RT",
    "pH-DT",
    "pH-RT",
    "cond-DT",
    "fDOM-RT",
    "DO-RT",
    "TOC-RT",
    "DOC-RT",
    "minutes_since_start"
  ],
  "target_columns": [
    "TRC-PPL1",
    "TRC-PPL2"
  ],
  "split_boundaries": {
    "train_end": 7796,
    "val_end": 9466,
    "test_end": 11138
  },
  "dataset_sizes": {
    "train": 7648,
    "val": 1670,
    "test": 1672
  },
  "input_dim": 10,
  "sequence_length": 149,
  "training_history": {
    "epochs": [
      1,
      2,
      3,
      4,
      5,
      6,
      7,
      8,
      9,
      10,
      11,
      12,
      13,
      14,
      15,
      16,
      17,
      18,
      19,
      20,
      21,
      22,
      23,
      24,
      25,
      26,
      27,
      28,
      29,
      30,
      31,
      32,
      33,
      34,
      35,
      36,
      37,
      38,
      39,
      40,
      41,
      42,
      43,
      44,
      45,
      46,
      47,
      48,
      49,
      50,
      51,
      52,
      53,
      54,
      55,
      56,
      57,
      58,
      59,
      60,
      61,
      62,
      63,
      64,
      65,
      66,
      67,
      68,
      69,
      70,
      71,
      72,
      73,
      74,
      75,
      76,
      77,
      78,
      79,
      80
    ],
    "train_loss": [
      0.2893213765329397,
      0.10013096647485155,
      0.07119315069326625,
      0.05031734954996354,
      0.04299256099226288,
      0.04614226461415448,
      0.05154625635212248,
      0.03596346608044533,
      0.033766830866819315,
      0.03069350004164993,
      0.030660723307302462,
      0.031661866604648606,
      0.1206879209581895,
      0.13881797479586402,
      0.06552580323130687,
      0.07127233599673052,
      0.10022836349705803,
      0.05782554818806336,
      0.0461924696988017,
      0.03723100364884307,
      0.03653273547714124,
      0.03353686348552656,
      0.053570643031802104,
      0.23618473281604568,
      0.07413740991322502,
      0.048686829592377946,
      0.038733581819466345,
      0.036457631908937756,
      0.03433870233835996,
      0.03264477387558724,
      0.03445710100732338,
      0.03241872492004731,
      0.031555463216768255,
      0.02749570786600317,
      0.02794640083801173,
      0.027404353752241286,
      0.026416905980779316,
      0.02721206065891778,
      0.024697531952092105,
      0.026996826920336867,
      0.025109420143015232,
      0.02433188178403124,
      0.02338153366014073,
      0.025181929736006536,
      0.023872237278696026,
      0.022896461288890876,
      0.022773930627100605,
      0.02417895057804641,
      0.024050949791165763,
      0.027129091528218987,
      0.030625865033634833,
      0.023316056292239092,
      0.02326688377910477,
      0.02118049989036522,
      0.023658417521831756,
      0.021925491462783133,
      0.023311133381509256,
      0.021276174537899855,
      0.020755003831129146,
      0.021747653362843906,
      0.03992545447033678,
      0.02688351905418591,
      0.022991070004372963,
      0.02470306802256555,
      0.05104264518524672,
      0.15106504716229466,
      0.08328121528126861,
      0.043704157702480616,
      0.03602630806459449,
      0.03202555736840535,
      0.02960969583632105,
      0.030972163698287238,
      0.029240111607539948,
      0.027636397596123283,
      0.02753267708895962,
      0.026385372271274205,
      0.02505196036286769,
      0.027061112581608062,
      0.024822893691303746,
      0.02510803536425255
    ],
    "val_loss": [
      0.31599603233089346,
      0.31853549484676585,
      0.2954897672428699,
      0.29664359736384566,
      0.3036772112256128,
      0.2796641299445294,
      0.2804136782393841,
      0.2854790999805053,
      0.2806437361126621,
      0.29761594117334683,
      0.2865990093814399,
      0.3077540492226264,
      0.2928015148702139,
      0.42077213298239396,
      0.3680940030176126,
      0.296376656199956,
      0.32565110634097794,
      0.34760568658458796,
      0.3615068742213492,
      0.3649007172998554,
      0.33609609342107694,
      0.3351027362695533,
      0.3080547116752602,
      0.2924276678683515,
      0.35647043183691307,
      0.31493745050476696,
      0.33983199455089375,
      0.33285349883518356,
      0.34462479685438785,
      0.34906436095828425,
      0.3473170918585387,
      0.3458170684522944,
      0.34525188031846177,
      0.34635242301703034,
      0.3259619028379996,
      0.3373317615056555,
      0.3345881243219633,
      0.32679019694378275,
      0.32877488854246406,
      0.3290480485542895,
      0.3260307522758306,
      0.32671281813036,
      0.31586470080729195,
      0.33072545250018914,
      0.33102802931147063,
      0.3279112823709042,
      0.32362310777970416,
      0.31742896407864946,
      0.33030537987674424,
      0.31497008425412243,
      0.3068702478229464,
      0.3304466279613936,
      0.32819260910577225,
      0.3191051552919838,
      0.3186974575698465,
      0.3354314511675321,
      0.3054388618977841,
      0.30879547416293873,
      0.3159959774107455,
      0.31008668802678585,
      0.30278582492296746,
      0.3315833280933742,
      0.31526791121989134,
      0.2980745444185809,
      0.3689201391541851,
      0.294105240874394,
      0.30324522295442524,
      0.3091196918882385,
      0.32696967173791575,
      0.3904368554738289,
      0.35599500380880283,
      0.3918550402584101,
      0.37720099267198476,
      0.38739370976290305,
      0.36352334645002365,
      0.3487748976317262,
      0.34829635403961123,
      0.31829699811464296,
      0.3262250581979305,
      0.32603146095654206
    ],
    "best_epoch": 6,
    "best_val_loss": 0.2796641299445294,
    "test_loss": 4.372707381844521,
    "tracker": {
      "initial_train_loss": 0.2893213765329397,
      "train_threshold": 0.09644045884431324,
      "best_tracking": true,
      "patience_active": true,
      "patience_best_train": null,
      "patience_best_val": 0.2796641299445294,
      "patience_no_improve_epochs": 74,
      "best_train_loss": Infinity,
      "forced_stop_due_to_threshold": false
    }
  },
  "model_files": {
    "best": "scripts/outputs/rnn-trc-value/trial_33_df8965/best_model.pt",
    "last": "scripts/outputs/rnn-trc-value/trial_33_df8965/last_model.pt"
  },
  "config_path": "/home/amoris/data-analysis-on-dbps/scripts/outputs/rnn-trc-value/trial_33_df8965/config.yaml"
}