{
  "model_name": "lstm-trc-value/trial_32_675a50",
  "model_type": "LSTM",
  "model_format": "torch",
  "model_params": {
    "history_length": 129,
    "units": 349,
    "num_layers": 7,
    "dropout": 0.3072633382178756
  },
  "training_params": {
    "max_epochs": 500,
    "batch_size": 189,
    "learning_rate": 0.0004187564632724475,
    "weight_decay": 0.0004857425837853493,
    "checkpoint_interval": 10,
    "seed": 947
  },
  "data_csv": "data/time_aligned_data.csv",
  "timestamp_column": "Date, Time",
  "columns": [
    "TRC-DT",
    "TRC-RT",
    "TRC-PPL1",
    "TRC-PPL2",
    "pH-DT",
    "pH-RT",
    "pH-PPL1",
    "pH-PPL2",
    "cond-DT",
    "cond-PPL1",
    "cond-PPL2",
    "fDOM-RT",
    "fDOM-PPL1",
    "fDOM-PPL2",
    "DO-RT",
    "DO-PPL1",
    "DO-PPL2",
    "TOC-RT",
    "TOC-PPL1",
    "TOC-PPL2",
    "DOC-RT",
    "DOC-PPL1",
    "DOC-PPL2",
    "minutes_since_start"
  ],
  "feature_columns": [
    "TRC-DT",
    "TRC-RT",
    "pH-DT",
    "pH-RT",
    "cond-DT",
    "fDOM-RT",
    "DO-RT",
    "TOC-RT",
    "DOC-RT",
    "minutes_since_start"
  ],
  "target_columns": [
    "TRC-PPL1",
    "TRC-PPL2"
  ],
  "split_boundaries": {
    "train_end": 7796,
    "val_end": 9466,
    "test_end": 11138
  },
  "dataset_sizes": {
    "train": 7668,
    "val": 1670,
    "test": 1672
  },
  "input_dim": 10,
  "sequence_length": 129,
  "training_history": {
    "epochs": [
      1,
      2,
      3,
      4,
      5,
      6,
      7,
      8,
      9,
      10,
      11,
      12,
      13,
      14,
      15,
      16,
      17,
      18,
      19,
      20,
      21,
      22,
      23,
      24,
      25,
      26,
      27,
      28,
      29,
      30,
      31,
      32,
      33,
      34,
      35,
      36,
      37,
      38,
      39,
      40,
      41,
      42,
      43,
      44,
      45,
      46,
      47,
      48,
      49,
      50
    ],
    "train_loss": [
      1.0007921665067403,
      1.000654163075165,
      1.0007683473153852,
      1.0005401337230708,
      1.0006343057038078,
      1.000329967325842,
      1.0004813587161856,
      1.0003994373788296,
      1.0006085527195057,
      1.0003881370517569,
      1.0004281726941255,
      1.0004637344202525,
      1.0004291742200582,
      1.000446884355075,
      1.0003041410949869,
      1.0003217513292608,
      1.0003588650847826,
      1.0003635793084829,
      1.000333920540944,
      1.0003695108101403,
      1.0002789121698326,
      1.0003466881077054,
      1.0003497940553745,
      1.0005171311573244,
      1.0003294957355715,
      1.0006136787189563,
      1.0003884208034461,
      1.0004230280157547,
      1.0002607772467842,
      1.000274540462964,
      1.000283138432973,
      1.0003188021585976,
      1.0003466033179995,
      1.000463660963824,
      1.000334878622646,
      1.0002694553892377,
      1.000272896927847,
      1.000259788733133,
      1.000320540977196,
      1.0002812770470766,
      1.0003106524826775,
      1.000276667761131,
      1.0003353036205533,
      1.000332256438027,
      1.0002656071118905,
      1.0003135170735105,
      1.0002612364543995,
      1.0002825986331618,
      1.0002648452637901,
      1.000321282467372
    ],
    "val_loss": [
      0.34519737351484997,
      0.3472916553388099,
      0.3609801969195376,
      0.35391368981294646,
      0.3477336381523017,
      0.35416828999351596,
      0.3519934615220674,
      0.35537112728876624,
      0.3514930120195279,
      0.35104985040149644,
      0.353530797094642,
      0.34902569467569894,
      0.3520994824697514,
      0.3526378568997997,
      0.34930195946268694,
      0.34979851592979033,
      0.34974103298729764,
      0.34948098272486716,
      0.3527012071120525,
      0.3519013132944614,
      0.3473916526549234,
      0.350337190297014,
      0.3500286888665782,
      0.3461094220352922,
      0.34842076874867883,
      0.3499950592255521,
      0.35257222549822514,
      0.3479647397147324,
      0.3500440402212971,
      0.3506205723291921,
      0.3500554224509679,
      0.3508351198592764,
      0.34743186248812136,
      0.3516480343449794,
      0.3493738012154124,
      0.34913792090189316,
      0.35077860749767215,
      0.35035541812906007,
      0.3498017152157908,
      0.3475821516359459,
      0.34874004057781427,
      0.3508436710891609,
      0.3511140442447748,
      0.3492038712150858,
      0.3507345906341683,
      0.3502480761086691,
      0.3508042339547844,
      0.34976415560764823,
      0.3510378493118786,
      0.3490972687852775
    ],
    "best_epoch": 50,
    "best_val_loss": 0.3490972687852775,
    "test_loss": 5.652893878412589,
    "tracker": {
      "initial_train_loss": 1.0007921665067403,
      "train_threshold": 0.3335973888355801,
      "best_tracking": false,
      "patience_active": true,
      "patience_best_train": null,
      "patience_best_val": 0.34743186248812136,
      "patience_no_improve_epochs": 17,
      "best_train_loss": Infinity,
      "forced_stop_due_to_threshold": true
    }
  },
  "model_files": {
    "best": "scripts/outputs/lstm-trc-value/trial_32_675a50/best_model.pt",
    "last": "scripts/outputs/lstm-trc-value/trial_32_675a50/last_model.pt"
  },
  "config_path": "/home/amoris/data-analysis-on-dbps/scripts/outputs/lstm-trc-value/trial_32_675a50/config.yaml"
}