{
  "model_name": "mlp_with_history-trc-value/trial_18_26818e",
  "model_type": "MLP_WITH_HISTORY",
  "model_format": "torch",
  "model_params": {
    "history_length": 41,
    "hidden_layers": [
      4096,
      3072,
      2048,
      1024,
      768,
      512,
      256,
      128
    ],
    "dropout": 0.17254964956684912,
    "mid_layer_count": 3,
    "mid_layer_size": 840
  },
  "training_params": {
    "max_epochs": 500,
    "batch_size": 440,
    "learning_rate": 0.0013913081823389768,
    "weight_decay": 0.0028845457792673244,
    "checkpoint_interval": 10,
    "seed": 77
  },
  "data_csv": "data/time_aligned_data.csv",
  "timestamp_column": "Date, Time",
  "columns": [
    "TRC-DT",
    "TRC-RT",
    "TRC-PPL1",
    "TRC-PPL2",
    "pH-DT",
    "pH-RT",
    "pH-PPL1",
    "pH-PPL2",
    "cond-DT",
    "cond-PPL1",
    "cond-PPL2",
    "fDOM-RT",
    "fDOM-PPL1",
    "fDOM-PPL2",
    "DO-RT",
    "DO-PPL1",
    "DO-PPL2",
    "TOC-RT",
    "TOC-PPL1",
    "TOC-PPL2",
    "DOC-RT",
    "DOC-PPL1",
    "DOC-PPL2",
    "minutes_since_start"
  ],
  "feature_columns": [
    "TRC-DT",
    "TRC-RT",
    "pH-DT",
    "pH-RT",
    "cond-DT",
    "fDOM-RT",
    "DO-RT",
    "TOC-RT",
    "DOC-RT",
    "minutes_since_start"
  ],
  "target_columns": [
    "TRC-PPL1",
    "TRC-PPL2"
  ],
  "split_boundaries": {
    "train_end": 7796,
    "val_end": 9466,
    "test_end": 11138
  },
  "dataset_sizes": {
    "train": 7756,
    "val": 1670,
    "test": 1672
  },
  "input_dim": 410,
  "sequence_length": null,
  "training_history": {
    "epochs": [
      1,
      2,
      3,
      4,
      5,
      6,
      7,
      8,
      9,
      10,
      11,
      12,
      13,
      14,
      15,
      16,
      17,
      18,
      19,
      20,
      21,
      22,
      23,
      24,
      25,
      26,
      27,
      28,
      29,
      30,
      31,
      32,
      33,
      34,
      35,
      36,
      37,
      38,
      39,
      40,
      41,
      42,
      43,
      44,
      45,
      46,
      47,
      48,
      49,
      50,
      51,
      52,
      53,
      54,
      55,
      56,
      57,
      58,
      59,
      60,
      61,
      62,
      63,
      64,
      65,
      66,
      67,
      68,
      69,
      70,
      71,
      72,
      73,
      74,
      75,
      76,
      77,
      78,
      79,
      80
    ],
    "train_loss": [
      0.817316203617816,
      0.4188796156472678,
      0.16261052495889777,
      0.13323692929781608,
      0.12345961136661773,
      0.12153549643753114,
      0.11137347558898493,
      0.13841292189070095,
      0.1131466274227046,
      0.10464552855633041,
      0.10232261339295703,
      0.10534955078160535,
      0.1127391171523011,
      0.4056231838686064,
      0.3873665113618781,
      0.17172617554787573,
      0.1265345916282645,
      0.11499743026793156,
      0.12408462493397515,
      0.11120207318406919,
      0.11111446279819139,
      0.10392503979096651,
      0.11520824416542004,
      0.10731982139273978,
      0.1025319726289456,
      0.102652262648459,
      0.1012508307438096,
      0.10300299225547008,
      0.10114391114660733,
      0.10461545674117832,
      0.097808644859492,
      0.10381961272680741,
      0.1055350370201762,
      0.19790920582150848,
      0.988907679661824,
      0.9266311282838602,
      0.5318490091889958,
      0.29584049244803706,
      0.26206109262023036,
      0.1704879184246309,
      0.14718330482452294,
      0.13221926788130392,
      0.12477439706122033,
      0.12126673533628748,
      0.11597122862174254,
      0.11486209417938756,
      0.1080454997622272,
      0.10577947950704372,
      0.10360551505604622,
      0.10156943504191847,
      0.0918933947932296,
      0.08484951306812662,
      0.07590504459433484,
      0.08141408687771566,
      0.07958591081175133,
      0.07752709123370818,
      0.07622251606605421,
      0.06921220942371097,
      0.07133850048749087,
      0.07481199177486371,
      0.06817730611488954,
      0.062321675644516024,
      0.0658774266596797,
      0.0648082976583478,
      0.06935026228827505,
      0.07655331156974972,
      0.08119186071190039,
      0.06984784971305917,
      0.06897472619410948,
      0.06860307187548982,
      0.06168506362500911,
      0.06507845008539256,
      0.2857554193015502,
      0.3571763750571083,
      0.6089806829057077,
      0.45776919036135344,
      0.24517790020249933,
      0.1807250989242704,
      0.14564891554926276,
      0.12298358296720929
    ],
    "val_loss": [
      0.18696122032082724,
      0.1957685975079051,
      0.23819181715656898,
      0.17878161317217137,
      0.25916444229151675,
      0.4659369891275189,
      0.2606907093864001,
      0.26427586162518596,
      0.20791924347777566,
      0.43816179822305007,
      0.21426185233864242,
      0.22924139372959823,
      0.23201368079927867,
      0.36345709904939116,
      0.2823468914288961,
      0.21394698638580517,
      0.2094189069585172,
      0.22485805664233818,
      0.2549347997068645,
      0.26700496151597203,
      0.24743926208354755,
      0.2517983162563718,
      0.26521725484175596,
      0.2592381337088739,
      0.2812083530390334,
      0.28478748213031335,
      0.2962695124620449,
      0.3063244547494157,
      0.3455215048736441,
      0.293237162028958,
      0.2951526779257609,
      0.2894483169395767,
      0.2958984155497865,
      0.28989405198368484,
      0.2857992428683949,
      0.29419887351418683,
      0.26562116656474727,
      0.29813613238448866,
      0.6433434036677469,
      0.3468056276529849,
      0.27581016371350087,
      0.295759489347121,
      0.2821424769873391,
      0.27215487255664644,
      0.29246467597291853,
      0.8100153850224203,
      0.26638415723503706,
      0.30336850395281156,
      0.2776335452844997,
      0.40081964763338696,
      0.2837332697685607,
      0.28744521201727635,
      0.2780519491898086,
      0.28405269266602523,
      0.30126882081260226,
      0.28529742279809395,
      0.44228302361722477,
      0.2933438485432528,
      0.4038410065862947,
      0.34852783600548787,
      0.33266699447960196,
      0.4433080851585565,
      0.4358655320045477,
      0.4425267775704761,
      0.29404827390245336,
      0.2945393326129028,
      0.2877988636850597,
      0.611951716467292,
      0.3224646366998821,
      0.33378992689226916,
      0.35819407476636467,
      0.4121189802260456,
      0.28419183515859936,
      0.29552578292564,
      0.3143210918782,
      0.3482741327164416,
      0.34091570045419795,
      0.3803728140756756,
      0.3612620865335008,
      0.33671866517937826
    ],
    "best_epoch": 4,
    "best_val_loss": 0.17878161317217137,
    "test_loss": 4.31977135256717,
    "tracker": {
      "initial_train_loss": 0.817316203617816,
      "train_threshold": 0.272438734539272,
      "best_tracking": true,
      "patience_active": true,
      "patience_best_train": null,
      "patience_best_val": 0.17878161317217137,
      "patience_no_improve_epochs": 76,
      "best_train_loss": Infinity,
      "forced_stop_due_to_threshold": false
    }
  },
  "model_files": {
    "best": "scripts/outputs/mlp_with_history-trc-value/trial_18_26818e/best_model.pt",
    "last": "scripts/outputs/mlp_with_history-trc-value/trial_18_26818e/last_model.pt"
  },
  "config_path": "/home/amoris/data-analysis-on-dbps/scripts/outputs/mlp_with_history-trc-value/trial_18_26818e/config.yaml"
}