{
  "model_name": "lstm-trc-rate/trial_33_7f8c6b",
  "model_type": "LSTM",
  "model_format": "torch",
  "model_params": {
    "history_length": 186,
    "units": 309,
    "num_layers": 10,
    "dropout": 0.41752423169476527
  },
  "training_params": {
    "max_epochs": 500,
    "batch_size": 203,
    "learning_rate": 0.0007580101354451624,
    "weight_decay": 0.0005720852017236002,
    "checkpoint_interval": 10,
    "seed": 947
  },
  "data_csv": "data/time_aligned_data.csv",
  "timestamp_column": "Date, Time",
  "columns": [
    "TRC-DT",
    "TRC-RT",
    "TRC-PPL1",
    "TRC-PPL2",
    "pH-DT",
    "pH-RT",
    "pH-PPL1",
    "pH-PPL2",
    "cond-DT",
    "cond-PPL1",
    "cond-PPL2",
    "fDOM-RT",
    "fDOM-PPL1",
    "fDOM-PPL2",
    "DO-RT",
    "DO-PPL1",
    "DO-PPL2",
    "TOC-RT",
    "TOC-PPL1",
    "TOC-PPL2",
    "DOC-RT",
    "DOC-PPL1",
    "DOC-PPL2",
    "minutes_since_start"
  ],
  "feature_columns": [
    "TRC-DT",
    "TRC-RT",
    "pH-DT",
    "pH-RT",
    "cond-DT",
    "fDOM-RT",
    "DO-RT",
    "TOC-RT",
    "DOC-RT",
    "minutes_since_start"
  ],
  "target_columns": [
    "TRC-PPL1",
    "TRC-PPL2"
  ],
  "target_mode": "rate",
  "target_base_columns": [
    "TRC-RT",
    "TRC-RT"
  ],
  "split_boundaries": {
    "train_end": 7796,
    "val_end": 9466,
    "test_end": 11138
  },
  "dataset_sizes": {
    "train": 7611,
    "val": 1670,
    "test": 1672
  },
  "input_dim": 10,
  "sequence_length": 186,
  "training_history": {
    "epochs": [
      1,
      2,
      3,
      4,
      5,
      6,
      7,
      8,
      9,
      10,
      11,
      12,
      13,
      14,
      15,
      16,
      17,
      18,
      19,
      20,
      21,
      22,
      23,
      24,
      25,
      26,
      27,
      28,
      29,
      30,
      31,
      32,
      33,
      34,
      35,
      36,
      37,
      38,
      39,
      40,
      41,
      42,
      43,
      44,
      45,
      46,
      47,
      48,
      49,
      50
    ],
    "train_loss": [
      1.004048938421363,
      1.0030538963200213,
      1.0035416612078805,
      1.003070547865468,
      1.0034843908160076,
      1.0032292764441535,
      1.0030760456205996,
      1.003136696177703,
      1.0032072443010427,
      1.0031651403270871,
      1.003161251310011,
      1.0030798890981925,
      1.003144330740946,
      1.0031153225519704,
      1.0030781581044401,
      1.0031253844440853,
      1.0032072255997038,
      1.0030623926014988,
      1.0030480161115416,
      1.0033844381574732,
      1.0030817534055523,
      1.0030503127894754,
      1.002995255217103,
      1.0030326178377427,
      1.0029606908273954,
      1.00302927280409,
      1.0030253839436412,
      1.0030026403351817,
      1.0029832913721772,
      1.0029952936770177,
      1.0030678885867383,
      1.003010322709009,
      1.0030046721322983,
      1.0030037425551428,
      1.0030830371412744,
      1.0029877280221007,
      1.003022198419567,
      1.0030341888442018,
      1.0029849719709893,
      1.0030404682025351,
      1.002969815984472,
      1.0029794989473606,
      1.0029735281767849,
      1.0030176966986946,
      1.003037707805007,
      1.0029780009763656,
      1.0030040321909572,
      1.003071736888462,
      1.0030596678524195,
      1.0029812403960072
    ],
    "val_loss": [
      0.33859045337774085,
      0.35658607194255926,
      0.33666958232928895,
      0.35859968929724423,
      0.3431284934126153,
      0.34421809313004603,
      0.34536169325698635,
      0.34826984793215454,
      0.34551398771742503,
      0.344717571913393,
      0.3487359956063018,
      0.34402303808775847,
      0.34865613024748726,
      0.347092334502293,
      0.3470451867352881,
      0.3451309745160941,
      0.3449235931507306,
      0.34871852916336343,
      0.34786632744271956,
      0.34566240540209286,
      0.3474134595317398,
      0.34948479758274414,
      0.3470891282207773,
      0.3454059820153756,
      0.34787114885842013,
      0.3464399107335927,
      0.3467247315754969,
      0.3458266888616863,
      0.3460173814395766,
      0.3454978160917045,
      0.3472172961531285,
      0.3466339298484925,
      0.34770738266096146,
      0.3459323568949978,
      0.3471783307029637,
      0.34626731005926686,
      0.34585649666493523,
      0.3445275963311959,
      0.346029880774503,
      0.3480502487634292,
      0.3460616608289723,
      0.34727383592796185,
      0.34584602614541254,
      0.346923272206844,
      0.3453921796720542,
      0.3475219935223371,
      0.3478041154360343,
      0.34491347999362176,
      0.347114803180277,
      0.34638714104176993
    ],
    "best_epoch": 50,
    "best_val_loss": 0.34638714104176993,
    "best_val_abs_mse": 0.27061912417411804,
    "test_loss": 5.642949966865293,
    "test_abs_mse": 52.976104736328125,
    "tracker": {
      "initial_train_loss": 1.004048938421363,
      "train_threshold": 0.3346829794737876,
      "best_tracking": false,
      "patience_active": true,
      "patience_best_train": null,
      "patience_best_val": 0.3445275963311959,
      "patience_no_improve_epochs": 12,
      "best_train_loss": Infinity,
      "forced_stop_due_to_threshold": true
    }
  },
  "model_files": {
    "best": "scripts/outputs/lstm-trc-rate/trial_33_7f8c6b/best_model.pt",
    "last": "scripts/outputs/lstm-trc-rate/trial_33_7f8c6b/last_model.pt"
  },
  "config_path": "/home/amoris/data-analysis-on-dbps/scripts/outputs/lstm-trc-rate/trial_33_7f8c6b/config.yaml"
}