{
  "model_name": "lstm-other-value/trial_29_28070f",
  "model_type": "LSTM",
  "model_format": "torch",
  "model_params": {
    "history_length": 184,
    "units": 186,
    "num_layers": 5,
    "dropout": 0.4828484368985779
  },
  "training_params": {
    "max_epochs": 500,
    "batch_size": 243,
    "learning_rate": 0.0003754895884321761,
    "weight_decay": 0.00205856790187136,
    "checkpoint_interval": 10,
    "seed": 947
  },
  "data_csv": "data/time_aligned_data.csv",
  "timestamp_column": "Date, Time",
  "columns": [
    "TRC-DT",
    "TRC-RT",
    "TRC-PPL1",
    "TRC-PPL2",
    "pH-DT",
    "pH-RT",
    "pH-PPL1",
    "pH-PPL2",
    "cond-DT",
    "cond-PPL1",
    "cond-PPL2",
    "fDOM-RT",
    "fDOM-PPL1",
    "fDOM-PPL2",
    "DO-RT",
    "DO-PPL1",
    "DO-PPL2",
    "TOC-RT",
    "TOC-PPL1",
    "TOC-PPL2",
    "DOC-RT",
    "DOC-PPL1",
    "DOC-PPL2",
    "minutes_since_start"
  ],
  "feature_columns": [
    "TRC-DT",
    "TRC-RT",
    "pH-DT",
    "pH-RT",
    "cond-DT",
    "fDOM-RT",
    "DO-RT",
    "TOC-RT",
    "DOC-RT",
    "minutes_since_start"
  ],
  "target_columns": [
    "TOC-PPL1",
    "TOC-PPL2",
    "DOC-PPL1",
    "DOC-PPL2",
    "pH-PPL1",
    "pH-PPL2"
  ],
  "split_boundaries": {
    "train_end": 7796,
    "val_end": 9466,
    "test_end": 11138
  },
  "dataset_sizes": {
    "train": 7613,
    "val": 1670,
    "test": 1672
  },
  "input_dim": 10,
  "sequence_length": 184,
  "training_history": {
    "epochs": [
      1,
      2,
      3,
      4,
      5,
      6,
      7,
      8,
      9,
      10,
      11,
      12,
      13,
      14,
      15,
      16,
      17,
      18,
      19,
      20,
      21,
      22,
      23,
      24,
      25,
      26,
      27,
      28,
      29,
      30,
      31,
      32,
      33,
      34,
      35,
      36,
      37,
      38,
      39,
      40,
      41,
      42,
      43,
      44,
      45,
      46,
      47,
      48,
      49,
      50,
      51,
      52,
      53,
      54,
      55,
      56,
      57,
      58,
      59,
      60,
      61,
      62,
      63,
      64,
      65,
      66,
      67,
      68,
      69,
      70,
      71,
      72,
      73,
      74,
      75,
      76,
      77,
      78,
      79,
      80
    ],
    "train_loss": [
      0.9967104279461004,
      0.4698069051689064,
      0.36873304014385694,
      0.34054487433177355,
      0.32423950834905646,
      0.29472661542544837,
      0.27549818715989066,
      0.26226759087267426,
      0.2553694858162534,
      0.25705255721677983,
      0.24851550843772666,
      0.24475873978562632,
      0.24331027394241123,
      0.24223926035682677,
      0.24145023351928868,
      0.24392157645658016,
      0.24080750614533863,
      0.2392879795299227,
      0.23978303556261873,
      0.238059779327927,
      0.24071598999152338,
      0.2379224107939734,
      0.2357409611299319,
      0.23580418126460648,
      0.23244894382347028,
      0.23277980667187478,
      0.23032705970651668,
      0.2311048156897561,
      0.23283404814348294,
      0.23340881468392258,
      0.22807002114150396,
      0.2259961008931622,
      0.22491481675905012,
      0.2249284802998285,
      0.23014491836618817,
      0.22408867756663994,
      0.22243222476625574,
      0.22253288097291085,
      0.22570396588084482,
      0.22199577659575992,
      0.22818763311582907,
      0.22233787532487212,
      0.2210417235808164,
      0.220933571890433,
      0.21985130252004156,
      0.2223991452727668,
      0.22149936763823433,
      0.2177267278793308,
      0.2149863248563981,
      0.213051789694056,
      0.21638071980940501,
      0.2132994383064626,
      0.21535478267095945,
      0.21076872367027727,
      0.21064539092623355,
      0.20824858813236974,
      0.21642456563750156,
      0.20882576839864042,
      0.20929403569215108,
      0.2072071616664973,
      0.2080711891917977,
      0.20577513189803093,
      0.20312686900843244,
      0.2084757417389524,
      0.20694272175311854,
      0.20474154668428668,
      0.20348612993317522,
      0.20800711910569306,
      0.20756953157084257,
      0.20129720381849248,
      0.20633052243292918,
      0.2029113796405405,
      0.20377455467183783,
      0.20200204974120883,
      0.19991379381243948,
      0.2037979205636021,
      0.1991500787610186,
      0.20116487801521254,
      0.19647514755115486,
      0.19782207351342837
    ],
    "val_loss": [
      1.18119384437621,
      0.665123885200766,
      0.5689527754521299,
      0.5190996204218464,
      0.5081480900506059,
      0.5992781807027178,
      0.5955281549317394,
      0.5798392663637321,
      0.6131696642738973,
      0.6036890958062189,
      0.6531172863648324,
      0.6553547534890874,
      0.6375575126734322,
      0.6485005812998303,
      0.6665576712992377,
      0.6861756111199627,
      0.69583029523938,
      0.6202310069057042,
      0.674939492782076,
      0.6857543180802625,
      0.6634307344427366,
      0.6548861041531234,
      0.6637750791040009,
      0.6812942193430698,
      0.7543636547189629,
      0.713243908872326,
      0.6376749648840842,
      0.6704236250616119,
      0.5512893783118197,
      0.673535099621126,
      0.6563749391563282,
      0.6592426155141727,
      0.6540844134317186,
      0.6559323046780275,
      0.6382483629186353,
      0.651086170766168,
      0.6986662389230942,
      0.671390830239136,
      0.6734489926053379,
      0.6520166872102701,
      0.6565330947944504,
      0.6536963844147627,
      0.6394442888790975,
      0.6709843412398578,
      0.6923333797046167,
      0.6787365659089859,
      0.7085315876021356,
      0.6715682902780479,
      0.654921213814063,
      0.6646295678829719,
      0.6487956107421192,
      0.644952345626083,
      0.6466434556522412,
      0.6744407450367591,
      0.6695489423628339,
      0.6671613848450298,
      0.6799959017532671,
      0.6781365352164128,
      0.675050182854701,
      0.667395986464923,
      0.6766231218453296,
      0.6516877414089834,
      0.6558929257674846,
      0.6695165245208198,
      0.653898963466019,
      0.6879448449807967,
      0.670654081472915,
      0.6769294445296962,
      0.6979295787830909,
      0.6839042473517493,
      0.6601460955323216,
      0.6680023902681417,
      0.6373871947566192,
      0.687575383426365,
      0.7040756663920994,
      0.6660275741296257,
      0.7040137297646728,
      0.6898338776327179,
      0.7016182252389942,
      0.648628274431664
    ],
    "best_epoch": 5,
    "best_val_loss": 0.5081480900506059,
    "test_loss": 0.5714084321463649,
    "tracker": {
      "initial_train_loss": 0.9967104279461004,
      "train_threshold": 0.3322368093153668,
      "best_tracking": true,
      "patience_active": true,
      "patience_best_train": null,
      "patience_best_val": 0.5081480900506059,
      "patience_no_improve_epochs": 76,
      "best_train_loss": Infinity,
      "forced_stop_due_to_threshold": false
    }
  },
  "model_files": {
    "best": "scripts/outputs/lstm-other-value/trial_29_28070f/best_model.pt",
    "last": "scripts/outputs/lstm-other-value/trial_29_28070f/last_model.pt"
  },
  "config_path": "/home/amoris/data-analysis-on-dbps/scripts/outputs/lstm-other-value/trial_29_28070f/config.yaml"
}