{
  "model_name": "gru-trc-rate/trial_24_70773e",
  "model_type": "GRU",
  "model_format": "torch",
  "model_params": {
    "history_length": 126,
    "units": 124,
    "num_layers": 5,
    "dropout": 0.36405580865901543
  },
  "training_params": {
    "max_epochs": 500,
    "batch_size": 169,
    "learning_rate": 0.00034208239927209315,
    "weight_decay": 0.00010009683719846303,
    "checkpoint_interval": 10,
    "seed": 947
  },
  "data_csv": "data/time_aligned_data.csv",
  "timestamp_column": "Date, Time",
  "columns": [
    "TRC-DT",
    "TRC-RT",
    "TRC-PPL1",
    "TRC-PPL2",
    "pH-DT",
    "pH-RT",
    "pH-PPL1",
    "pH-PPL2",
    "cond-DT",
    "cond-PPL1",
    "cond-PPL2",
    "fDOM-RT",
    "fDOM-PPL1",
    "fDOM-PPL2",
    "DO-RT",
    "DO-PPL1",
    "DO-PPL2",
    "TOC-RT",
    "TOC-PPL1",
    "TOC-PPL2",
    "DOC-RT",
    "DOC-PPL1",
    "DOC-PPL2",
    "minutes_since_start"
  ],
  "feature_columns": [
    "TRC-DT",
    "TRC-RT",
    "pH-DT",
    "pH-RT",
    "cond-DT",
    "fDOM-RT",
    "DO-RT",
    "TOC-RT",
    "DOC-RT",
    "minutes_since_start"
  ],
  "target_columns": [
    "TRC-PPL1",
    "TRC-PPL2"
  ],
  "target_mode": "rate",
  "target_base_columns": [
    "TRC-RT",
    "TRC-RT"
  ],
  "split_boundaries": {
    "train_end": 7796,
    "val_end": 9466,
    "test_end": 11138
  },
  "dataset_sizes": {
    "train": 7671,
    "val": 1670,
    "test": 1672
  },
  "input_dim": 10,
  "sequence_length": 126,
  "training_history": {
    "epochs": [
      1,
      2,
      3,
      4,
      5,
      6,
      7,
      8,
      9,
      10,
      11,
      12,
      13,
      14,
      15,
      16,
      17,
      18,
      19,
      20,
      21,
      22,
      23,
      24,
      25,
      26,
      27,
      28,
      29,
      30,
      31,
      32,
      33,
      34,
      35,
      36,
      37,
      38,
      39,
      40,
      41,
      42,
      43,
      44,
      45,
      46,
      47,
      48,
      49,
      50,
      51,
      52,
      53,
      54,
      55,
      56,
      57,
      58,
      59,
      60,
      61,
      62,
      63,
      64,
      65,
      66,
      67,
      68,
      69,
      70,
      71,
      72,
      73,
      74,
      75,
      76,
      77,
      78,
      79,
      80
    ],
    "train_loss": [
      0.411190986648841,
      0.15451664207769084,
      0.1123760453866181,
      0.07431774834888946,
      0.05539017693111568,
      0.04860603639288033,
      0.044493311276267704,
      0.04118936317943094,
      0.03792687867838647,
      0.0356060668127763,
      0.03205194925177192,
      0.031195751028462008,
      0.03048267815854066,
      0.029934658947567198,
      0.028196921020410173,
      0.026770613785517944,
      0.027394253173203206,
      0.025954400068662526,
      0.02454362336991508,
      0.024882100954245843,
      0.02437475014863075,
      0.024051834816889398,
      0.022574127302945182,
      0.022854964956039014,
      0.02159123185848672,
      0.021378048447344034,
      0.020722304676624077,
      0.021014267814738655,
      0.020265587379109624,
      0.020736761090313263,
      0.019701023098397497,
      0.019922140607419248,
      0.01922139810212952,
      0.01953256905167273,
      0.01872293650776171,
      0.01900407749726803,
      0.019930499924773918,
      0.01911953453952137,
      0.019318291798220387,
      0.019080563475686357,
      0.01880436017745097,
      0.018742227291156797,
      0.018215088984268442,
      0.0185002845344989,
      0.01843167366716137,
      0.019102983527578023,
      0.0188108977218603,
      0.01765447610843766,
      0.018716312399280458,
      0.019195260651960335,
      0.018029946338260536,
      0.01747996201382989,
      0.01800236909944924,
      0.017892808233827388,
      0.01874392537994784,
      0.01743786833078454,
      0.01727347677189183,
      0.017674303659616836,
      0.017396812506768916,
      0.017229260124529362,
      0.017148083882274505,
      0.01716950748797121,
      0.017424035013297975,
      0.017296047551622253,
      0.017362328244900357,
      0.01704514669886959,
      0.01749484625739316,
      0.01701215360973629,
      0.016950151639156554,
      0.0171496969309098,
      0.01755474475089166,
      0.017346009933451034,
      0.017217219599963727,
      0.016788463182664807,
      0.016862023882218226,
      0.016432518703665615,
      0.016718169546434434,
      0.016625060320722203,
      0.016710902329909686,
      0.017677596985362348
    ],
    "val_loss": [
      0.3390796029282187,
      0.35574947927526374,
      0.21653536482307012,
      0.20285155668319343,
      0.1776535255377164,
      0.2083087753036065,
      0.2475450627873847,
      0.41395170471023124,
      0.5848080710323895,
      0.47701987896984566,
      0.7030902222858485,
      0.5685664853895317,
      0.4992388529769942,
      0.517597388249716,
      0.6206667013678276,
      0.5140011090361429,
      0.41358872756451187,
      0.5570464123754266,
      0.5337355375836441,
      0.5975798752638484,
      0.49801102539044834,
      0.5150503526436176,
      0.5529503569497677,
      0.4496085056176264,
      0.4576541013257232,
      0.39659339562616125,
      0.4192915668800295,
      0.44684349578208554,
      0.4018091080710292,
      0.4077384067911231,
      0.3786211372715627,
      0.41052094924927296,
      0.42278912479983655,
      0.39340016226323243,
      0.3909008273994271,
      0.41061779521238395,
      0.39654667980656655,
      0.40589011357929894,
      0.4029709720872566,
      0.4378336688258245,
      0.4599313078191644,
      0.4855358127236902,
      0.3888746702519363,
      0.45588461345139736,
      0.4784573537414659,
      0.42943346259368215,
      0.4209734290960931,
      0.4411458717497389,
      0.43143630169755864,
      0.4404664702323115,
      0.4494927689198873,
      0.41893267723770733,
      0.40088591273528285,
      0.4713561273999735,
      0.3754068934414424,
      0.4281905071363745,
      0.4543257169849323,
      0.4281175426380363,
      0.39241695640842894,
      0.4144773636230764,
      0.3891063781968223,
      0.4104111889053783,
      0.44391060100232593,
      0.4432047962272417,
      0.40142179650817805,
      0.4262755322509897,
      0.5237669690673847,
      0.46191800776757524,
      0.4522124304921327,
      0.44622471055439755,
      0.45859027489194437,
      0.42374315451674477,
      0.43401362199760124,
      0.39885147901218454,
      0.4044895347096249,
      0.40991663174134885,
      0.39878811419322463,
      0.4288353519793042,
      0.41749385291721647,
      0.46456959373512846
    ],
    "best_epoch": 5,
    "best_val_loss": 0.1776535255377164,
    "best_val_abs_mse": 0.15355338156223297,
    "test_loss": 4.7008728739319805,
    "test_abs_mse": 45.50843048095703,
    "tracker": {
      "initial_train_loss": 0.411190986648841,
      "train_threshold": 0.13706366221628033,
      "best_tracking": true,
      "patience_active": true,
      "patience_best_train": null,
      "patience_best_val": 0.1776535255377164,
      "patience_no_improve_epochs": 75,
      "best_train_loss": Infinity,
      "forced_stop_due_to_threshold": false
    }
  },
  "model_files": {
    "best": "scripts/outputs/gru-trc-rate/trial_24_70773e/best_model.pt",
    "last": "scripts/outputs/gru-trc-rate/trial_24_70773e/last_model.pt"
  },
  "config_path": "/home/amoris/data-analysis-on-dbps/scripts/outputs/gru-trc-rate/trial_24_70773e/config.yaml"
}