{
  "model_name": "lstm-other-value/trial_37_b984ee",
  "model_type": "LSTM",
  "model_format": "torch",
  "model_params": {
    "history_length": 237,
    "units": 322,
    "num_layers": 2,
    "dropout": 0.33182631062061835
  },
  "training_params": {
    "max_epochs": 500,
    "batch_size": 226,
    "learning_rate": 0.0008482221720825573,
    "weight_decay": 0.0005518655288654621,
    "checkpoint_interval": 10,
    "seed": 947
  },
  "data_csv": "data/time_aligned_data.csv",
  "timestamp_column": "Date, Time",
  "columns": [
    "TRC-DT",
    "TRC-RT",
    "TRC-PPL1",
    "TRC-PPL2",
    "pH-DT",
    "pH-RT",
    "pH-PPL1",
    "pH-PPL2",
    "cond-DT",
    "cond-PPL1",
    "cond-PPL2",
    "fDOM-RT",
    "fDOM-PPL1",
    "fDOM-PPL2",
    "DO-RT",
    "DO-PPL1",
    "DO-PPL2",
    "TOC-RT",
    "TOC-PPL1",
    "TOC-PPL2",
    "DOC-RT",
    "DOC-PPL1",
    "DOC-PPL2",
    "minutes_since_start"
  ],
  "feature_columns": [
    "TRC-DT",
    "TRC-RT",
    "pH-DT",
    "pH-RT",
    "cond-DT",
    "fDOM-RT",
    "DO-RT",
    "TOC-RT",
    "DOC-RT",
    "minutes_since_start"
  ],
  "target_columns": [
    "TOC-PPL1",
    "TOC-PPL2",
    "DOC-PPL1",
    "DOC-PPL2",
    "pH-PPL1",
    "pH-PPL2"
  ],
  "split_boundaries": {
    "train_end": 7796,
    "val_end": 9466,
    "test_end": 11138
  },
  "dataset_sizes": {
    "train": 7560,
    "val": 1670,
    "test": 1672
  },
  "input_dim": 10,
  "sequence_length": 237,
  "training_history": {
    "epochs": [
      1,
      2,
      3,
      4,
      5,
      6,
      7,
      8,
      9,
      10,
      11,
      12,
      13,
      14,
      15,
      16,
      17,
      18,
      19,
      20,
      21,
      22,
      23,
      24,
      25,
      26,
      27,
      28,
      29,
      30,
      31,
      32,
      33,
      34,
      35,
      36,
      37,
      38,
      39,
      40,
      41,
      42,
      43,
      44,
      45,
      46,
      47,
      48,
      49,
      50,
      51,
      52,
      53,
      54,
      55,
      56,
      57,
      58,
      59,
      60,
      61,
      62,
      63,
      64,
      65,
      66,
      67,
      68,
      69,
      70,
      71,
      72,
      73,
      74,
      75,
      76,
      77,
      78,
      79,
      80,
      81,
      82
    ],
    "train_loss": [
      0.4278770602017483,
      0.24518865024444286,
      0.20875870570855798,
      0.17348870526230525,
      0.1574780846320132,
      0.13969888899810415,
      0.12371131066213209,
      0.11846845148417054,
      0.10596760750092842,
      0.10195994098429327,
      0.10162928729421562,
      0.09150328556341784,
      0.11468158851146067,
      0.08979945580953012,
      0.0796698000459444,
      0.08693639013975385,
      0.07194664681813231,
      0.11648637292778523,
      0.08019085254165388,
      0.06695022241818527,
      0.12910268272041645,
      0.1027961721811345,
      0.10846352430957334,
      0.0917327374614105,
      0.0818913622645947,
      0.07251067010577393,
      0.07507018507236526,
      0.0696838163075939,
      0.07444055700507113,
      0.08968775946666639,
      0.06465133664508661,
      0.057695770740666716,
      0.05044829856959127,
      0.047999324909751374,
      0.048274331264907405,
      0.06074390861072711,
      0.09935082874048955,
      0.074709673535335,
      0.061873709410429,
      0.057868425705760874,
      0.04836217366139252,
      0.044752321235599024,
      0.04138647861896999,
      0.03874160677943596,
      0.0456119251521255,
      0.037263730378259745,
      0.03491668489579328,
      0.06999945687080818,
      0.11748599939284816,
      0.08704056984217709,
      0.06566116619244139,
      0.07030295126692013,
      0.06638943680300914,
      0.05417889744812061,
      0.0496026582730116,
      0.047182152715940326,
      0.04755996352544537,
      0.04257864787603024,
      0.03912967727593486,
      0.03766300450497992,
      0.04416136167963188,
      0.0377898218898625,
      0.034827765553854605,
      0.03610042811090511,
      0.041963659166284493,
      0.0718619672601264,
      0.06498155500444155,
      0.03990621907961747,
      0.03748639097742776,
      0.03444379620382158,
      0.03437314826265845,
      0.03248831045927194,
      0.031053610344136517,
      0.03489051582340998,
      0.04418809426918863,
      0.03599791822945157,
      0.030648184257741802,
      0.0300934311766276,
      0.029839457816409842,
      0.029939659938176787,
      0.03082524579333723,
      0.032256674049077214
    ],
    "val_loss": [
      0.4750786054187906,
      0.5307663009819871,
      0.5407122194945455,
      0.7045038939236167,
      0.49170149068632524,
      0.512149459444834,
      0.5137032808925577,
      0.5103581849686399,
      0.5133904078763402,
      0.5082230982844701,
      0.4613593969873326,
      0.4275218392203668,
      0.3988756940036477,
      0.4857174469503814,
      0.39651847902886167,
      0.42485856401349253,
      0.3660709689031104,
      0.4025825356027323,
      0.46223732945090995,
      0.44409018635392905,
      0.47664466982116244,
      0.44277592177341085,
      0.3583267254743747,
      0.31973053352561537,
      0.3439467021358941,
      0.9033023770697817,
      0.8167199332557039,
      0.3512344546214549,
      0.3772894254166209,
      0.38747020006001354,
      0.3399196982026814,
      0.3179038110161256,
      0.3572232973878969,
      0.33433957172635786,
      0.3537179563662963,
      0.3745903146302629,
      0.38533722195261255,
      0.35846579922530464,
      0.37444794283298677,
      0.37406584168979506,
      0.3755697028544135,
      0.3711586943554307,
      0.38062900966423713,
      0.3790535315960467,
      0.41242979436577437,
      0.37658549164405125,
      0.39317953011946766,
      0.40341225495773875,
      0.3948407680866961,
      0.4246827421698742,
      0.4408061049878597,
      0.48397552127431254,
      0.4536841455244732,
      0.4573125301988539,
      0.4642937685379725,
      0.434941566231365,
      0.432964714951144,
      0.4320349116436022,
      0.4060989013689007,
      0.4334995318494157,
      0.4069117138574937,
      0.43418787914121937,
      0.4138478302313182,
      0.4098918669505747,
      0.4506945324872068,
      0.3897347236375609,
      0.4887212419313585,
      0.40443995066745553,
      0.38873822989756474,
      0.39571511197589826,
      0.3906292183045856,
      0.38656432116459943,
      0.40615117535619677,
      0.3874543927386849,
      0.40823425185716083,
      0.43848273229456236,
      0.4039462216510744,
      0.4002793798278906,
      0.3984982447085266,
      0.40820614918620285,
      0.4036051507660015,
      0.4103991896270992
    ],
    "best_epoch": 32,
    "best_val_loss": 0.3179038110161256,
    "test_loss": 0.5501291191285592,
    "tracker": {
      "initial_train_loss": 0.4278770602017483,
      "train_threshold": 0.1426256867339161,
      "best_tracking": true,
      "patience_active": true,
      "patience_best_train": null,
      "patience_best_val": 0.3179038110161256,
      "patience_no_improve_epochs": 50,
      "best_train_loss": Infinity,
      "forced_stop_due_to_threshold": false
    }
  },
  "model_files": {
    "best": "scripts/outputs/lstm-other-value/trial_37_b984ee/best_model.pt",
    "last": "scripts/outputs/lstm-other-value/trial_37_b984ee/last_model.pt"
  },
  "config_path": "/home/amoris/data-analysis-on-dbps/scripts/outputs/lstm-other-value/trial_37_b984ee/config.yaml"
}