{
  "model_name": "lstm-trc-rate/trial_91_70d31d",
  "model_type": "LSTM",
  "model_format": "torch",
  "model_params": {
    "history_length": 166,
    "units": 345,
    "num_layers": 3,
    "dropout": 0.21820547484201055
  },
  "training_params": {
    "max_epochs": 500,
    "batch_size": 248,
    "learning_rate": 0.00031710690773093626,
    "weight_decay": 0.0003026373109322601,
    "checkpoint_interval": 10,
    "seed": 947
  },
  "data_csv": "data/time_aligned_data.csv",
  "timestamp_column": "Date, Time",
  "columns": [
    "TRC-DT",
    "TRC-RT",
    "TRC-PPL1",
    "TRC-PPL2",
    "pH-DT",
    "pH-RT",
    "pH-PPL1",
    "pH-PPL2",
    "cond-DT",
    "cond-PPL1",
    "cond-PPL2",
    "fDOM-RT",
    "fDOM-PPL1",
    "fDOM-PPL2",
    "DO-RT",
    "DO-PPL1",
    "DO-PPL2",
    "TOC-RT",
    "TOC-PPL1",
    "TOC-PPL2",
    "DOC-RT",
    "DOC-PPL1",
    "DOC-PPL2",
    "minutes_since_start"
  ],
  "feature_columns": [
    "TRC-DT",
    "TRC-RT",
    "pH-DT",
    "pH-RT",
    "cond-DT",
    "fDOM-RT",
    "DO-RT",
    "TOC-RT",
    "DOC-RT",
    "minutes_since_start"
  ],
  "target_columns": [
    "TRC-PPL1",
    "TRC-PPL2"
  ],
  "target_mode": "rate",
  "target_base_columns": [
    "TRC-RT",
    "TRC-RT"
  ],
  "split_boundaries": {
    "train_end": 7796,
    "val_end": 9466,
    "test_end": 11138
  },
  "dataset_sizes": {
    "train": 7631,
    "val": 1670,
    "test": 1672
  },
  "input_dim": 10,
  "sequence_length": 166,
  "training_history": {
    "epochs": [
      1,
      2,
      3,
      4,
      5,
      6,
      7,
      8,
      9,
      10,
      11,
      12,
      13,
      14,
      15,
      16,
      17,
      18,
      19,
      20,
      21,
      22,
      23,
      24,
      25,
      26,
      27,
      28,
      29,
      30,
      31,
      32,
      33,
      34,
      35,
      36,
      37,
      38,
      39,
      40,
      41,
      42,
      43,
      44,
      45,
      46,
      47,
      48,
      49,
      50,
      51,
      52,
      53,
      54,
      55,
      56,
      57,
      58,
      59,
      60,
      61,
      62,
      63,
      64,
      65,
      66,
      67,
      68,
      69,
      70,
      71,
      72,
      73,
      74,
      75,
      76,
      77,
      78,
      79,
      80
    ],
    "train_loss": [
      0.5253868986767158,
      0.143014008121946,
      0.0918382187882252,
      0.05736642385219203,
      0.046690920007805295,
      0.040606619910532424,
      0.035345911054576996,
      0.03367296015899157,
      0.0317968611016356,
      0.031133304982635425,
      0.028639964388822325,
      0.027011821432864895,
      0.027416295636176296,
      0.026441038299760536,
      0.025826569354422062,
      0.030464515549852876,
      0.03010466311855798,
      0.03512609650004646,
      0.0325790398758207,
      0.028783716747612677,
      0.027595212220776568,
      0.02795689039995576,
      0.025016016023075606,
      0.024454558933820845,
      0.022496688276209067,
      0.02212372749786111,
      0.02190630597198733,
      0.021759086549321127,
      0.021340115757151615,
      0.0216897723830425,
      0.02154677194488141,
      0.02014922473641644,
      0.020125079546340983,
      0.020181106771556646,
      0.019785666241734154,
      0.019047184454921796,
      0.019470140808304035,
      0.02006651913958817,
      0.019356919783777154,
      0.01911206818607411,
      0.018898791991747342,
      0.019497111293251337,
      0.01843745168750048,
      0.018678176835425372,
      0.018419450330786586,
      0.018294832914142085,
      0.018915809240119437,
      0.018241403832379446,
      0.01850598480695471,
      0.018586466985186796,
      0.01781448608701491,
      0.018629331127309016,
      0.018972020875992087,
      0.01832229781091846,
      0.018344128150466057,
      0.018121180553567737,
      0.018134741757717752,
      0.017683120280633107,
      0.017247844768863582,
      0.01810520465320137,
      0.017203587051585967,
      0.017182290195723596,
      0.018054085684682218,
      0.02136762020615181,
      0.02087542028918759,
      0.01837313687398321,
      0.01716319853768227,
      0.017461111484716175,
      0.017239541704326483,
      0.01723568965896306,
      0.01768483707414997,
      0.01771220151794377,
      0.017690222192657694,
      0.017352268954341353,
      0.016863195920762644,
      0.016910995448149994,
      0.016623328937711387,
      0.017105130532927556,
      0.017944179948840632,
      0.016854473569700983
    ],
    "val_loss": [
      0.24698678697654586,
      0.2361116542073781,
      0.1739938840716185,
      0.2124843751420518,
      0.22689840260915414,
      0.23295756498139775,
      0.24078598159872844,
      0.23315020951325308,
      0.2616333012898525,
      0.2946239925340978,
      0.38929162816908547,
      0.4297989042843887,
      0.33627451097893857,
      0.3166600891662215,
      0.3328611897672722,
      0.6668609374386821,
      0.2921220594180558,
      0.2894661259597647,
      0.2991438386861436,
      0.3169722408056259,
      0.3272697603006563,
      0.3496032737953934,
      0.3350117493889289,
      0.35702540748669004,
      0.3439615346446723,
      0.3452755870487162,
      0.34693295008051184,
      0.3471626492228337,
      0.3462075858148272,
      0.34094059554759615,
      0.3503896703977071,
      0.34394892554975554,
      0.3468519279432154,
      0.3419598657570913,
      0.35106470623237646,
      0.3392576968330823,
      0.3426592624294544,
      0.3538365775507367,
      0.3737478083925333,
      0.3667440464753591,
      0.3501782381249045,
      0.3507055598104785,
      0.35436665630804565,
      0.3566525130125577,
      0.34652481577888933,
      0.35224322396481106,
      0.34641583498545037,
      0.3669612814834018,
      0.36808177543257525,
      0.36178281693579906,
      0.3561258845700475,
      0.3625726026510764,
      0.35263436576741897,
      0.3663772345213833,
      0.36547656022681446,
      0.36042656733425793,
      0.35644726248201497,
      0.3587083358072235,
      0.37967172401572413,
      0.37963736531084885,
      0.3620361116474974,
      0.3741826982376818,
      0.38150375518434776,
      0.3883347232363181,
      0.37224259668303106,
      0.3955484464229224,
      0.37963058007156064,
      0.37339374423919325,
      0.39659614852088654,
      0.39006963289248014,
      0.37656442830840986,
      0.37826857665877145,
      0.37755743327611935,
      0.39401381429797877,
      0.3888165267909358,
      0.38801035346563706,
      0.4003971705358185,
      0.4173436496250644,
      0.38456090224717193,
      0.405091025265391
    ],
    "best_epoch": 3,
    "best_val_loss": 0.1739938840716185,
    "best_val_abs_mse": 0.3562304973602295,
    "test_loss": 4.153102181744917,
    "test_abs_mse": 41.30624771118164,
    "tracker": {
      "initial_train_loss": 0.5253868986767158,
      "train_threshold": 0.17512896622557195,
      "best_tracking": true,
      "patience_active": true,
      "patience_best_train": null,
      "patience_best_val": 0.1739938840716185,
      "patience_no_improve_epochs": 77,
      "best_train_loss": Infinity,
      "forced_stop_due_to_threshold": false
    }
  },
  "model_files": {
    "best": "scripts/outputs/lstm-trc-rate/trial_91_70d31d/best_model.pt",
    "last": "scripts/outputs/lstm-trc-rate/trial_91_70d31d/last_model.pt"
  },
  "config_path": "/home/amoris/data-analysis-on-dbps/scripts/outputs/lstm-trc-rate/trial_91_70d31d/config.yaml"
}