{
  "model_name": "gru-other-value/trial_62_1ae96d",
  "model_type": "GRU",
  "model_format": "torch",
  "model_params": {
    "history_length": 138,
    "units": 303,
    "num_layers": 3,
    "dropout": 0.27862693803378075
  },
  "training_params": {
    "max_epochs": 500,
    "batch_size": 162,
    "learning_rate": 0.0012916584343021173,
    "weight_decay": 0.001297196636122953,
    "checkpoint_interval": 10,
    "seed": 947
  },
  "data_csv": "data/time_aligned_data.csv",
  "timestamp_column": "Date, Time",
  "columns": [
    "TRC-DT",
    "TRC-RT",
    "TRC-PPL1",
    "TRC-PPL2",
    "pH-DT",
    "pH-RT",
    "pH-PPL1",
    "pH-PPL2",
    "cond-DT",
    "cond-PPL1",
    "cond-PPL2",
    "fDOM-RT",
    "fDOM-PPL1",
    "fDOM-PPL2",
    "DO-RT",
    "DO-PPL1",
    "DO-PPL2",
    "TOC-RT",
    "TOC-PPL1",
    "TOC-PPL2",
    "DOC-RT",
    "DOC-PPL1",
    "DOC-PPL2",
    "minutes_since_start"
  ],
  "feature_columns": [
    "TRC-DT",
    "TRC-RT",
    "pH-DT",
    "pH-RT",
    "cond-DT",
    "fDOM-RT",
    "DO-RT",
    "TOC-RT",
    "DOC-RT",
    "minutes_since_start"
  ],
  "target_columns": [
    "TOC-PPL1",
    "TOC-PPL2",
    "DOC-PPL1",
    "DOC-PPL2",
    "pH-PPL1",
    "pH-PPL2"
  ],
  "split_boundaries": {
    "train_end": 7796,
    "val_end": 9466,
    "test_end": 11138
  },
  "dataset_sizes": {
    "train": 7659,
    "val": 1670,
    "test": 1672
  },
  "input_dim": 10,
  "sequence_length": 138,
  "training_history": {
    "epochs": [
      1,
      2,
      3,
      4,
      5,
      6,
      7,
      8,
      9,
      10,
      11,
      12,
      13,
      14,
      15,
      16,
      17,
      18,
      19,
      20,
      21,
      22,
      23,
      24,
      25,
      26,
      27,
      28,
      29,
      30,
      31,
      32,
      33,
      34,
      35,
      36,
      37,
      38,
      39,
      40,
      41,
      42,
      43,
      44,
      45,
      46,
      47,
      48,
      49,
      50,
      51,
      52,
      53,
      54,
      55,
      56,
      57,
      58,
      59,
      60,
      61,
      62,
      63,
      64,
      65,
      66,
      67,
      68,
      69,
      70,
      71,
      72,
      73,
      74,
      75,
      76,
      77,
      78,
      79,
      80
    ],
    "train_loss": [
      0.3186598611004064,
      0.2285916330041112,
      0.2190894750674659,
      0.19793069275089492,
      0.1806198748837627,
      0.17387929341627764,
      0.1475121670267977,
      0.14386543990512293,
      0.12813529305676596,
      0.12009454746188905,
      0.12379124100494049,
      0.1139508809907456,
      0.11366516191481703,
      0.1044752210396157,
      0.10640797270275872,
      0.0925152902387424,
      0.0954351547829693,
      0.0925440046537917,
      0.08755821610344564,
      0.08096713871289084,
      0.08139082107399662,
      0.08225519095846265,
      0.07785742191464304,
      0.07125712095045175,
      0.07529001509645991,
      0.07316060360744332,
      0.06620327169655633,
      0.0699839811820261,
      0.06732998771722112,
      0.06396787644273105,
      0.06946646232162323,
      0.06129581902338111,
      0.06541681862693416,
      0.06698336994185711,
      0.07168681825457533,
      0.0614291887673452,
      0.060174162016982335,
      0.059352163439912044,
      0.06269351223573422,
      0.06279142813803026,
      0.06265585454559494,
      0.06441696860622856,
      0.06050830752480464,
      0.05753805075983323,
      0.05729992207485556,
      0.05508690449101664,
      0.05658805180783137,
      0.05605791636538001,
      0.0606463798677459,
      0.05896481148434582,
      0.06034012603738753,
      0.07738208810587607,
      0.05680457907526389,
      0.05394734059636657,
      0.052425250376013276,
      0.052684515513278345,
      0.05797759995092096,
      0.05285533190596538,
      0.05684688482455445,
      0.053562101528276146,
      0.0533997758601373,
      0.05365166172700399,
      0.051939731965018776,
      0.05289880480052581,
      0.05124309533806441,
      0.0526791879103971,
      0.05078522347517916,
      0.04942013413922207,
      0.05123591263692051,
      0.04931830144656951,
      0.05547980585526215,
      0.053424926603828,
      0.052692739798585624,
      0.05874245494744192,
      0.04709012312628548,
      0.0496785426873508,
      0.04630119645515004,
      0.04672396050812075,
      0.058265007660230655,
      0.04791529204359346
    ],
    "val_loss": [
      0.38944922366185103,
      0.38449049308271466,
      0.3536181425263068,
      0.423320892970719,
      0.5525432745407441,
      0.584522128497769,
      0.5392277313563638,
      0.4705128287126918,
      0.6010657660440056,
      0.38263160890626335,
      0.43830747067214487,
      0.4900868414672549,
      0.37763579353065546,
      0.41217328235953155,
      0.3767508698170057,
      0.37987295133981874,
      0.3803595829063547,
      0.45891125357436563,
      0.4334363447156495,
      0.48039264853842956,
      0.4158234266642325,
      0.4652142570047321,
      0.35575309017461215,
      0.5252957493602158,
      0.4616759333692625,
      0.469010579229115,
      0.4525183657596925,
      0.44988039744471364,
      0.43804287027099176,
      0.485741203916287,
      0.4950073573314501,
      0.5043213372369726,
      0.41685392623711487,
      0.4322636824971188,
      0.3711385467273746,
      0.4955603477572966,
      0.3993591245241508,
      0.3941657168333402,
      0.4263530486001226,
      0.42190030534824213,
      0.46933198011742383,
      0.3720049256782332,
      0.4264080494196115,
      0.4435548052637877,
      0.4769568739983136,
      0.441337534107134,
      0.4203894732062688,
      0.3883854608692809,
      0.40883898190752477,
      0.4243059119956936,
      0.39963686169978385,
      0.43955200257415544,
      0.4774251588268908,
      0.427716369355867,
      0.4009643391756241,
      0.42745707849720993,
      0.38822605389499376,
      0.40336633497726415,
      0.4253282177055667,
      0.4025242587941849,
      0.38820736105748993,
      0.3792935128518921,
      0.3952253888110201,
      0.39500265505142557,
      0.4047487714958048,
      0.4209842310515706,
      0.40587604631206947,
      0.40829590593804854,
      0.4125215206496016,
      0.46677838897633694,
      0.47599775486006707,
      0.3570803238870855,
      0.40750989346447103,
      0.3697640592912714,
      0.43598578604395516,
      0.4052087644795458,
      0.40853147151584396,
      0.38627037316739204,
      0.3608862853068078,
      0.36974331904314234
    ],
    "best_epoch": 23,
    "best_val_loss": 0.35575309017461215,
    "test_loss": 0.41146462363453856,
    "tracker": {
      "initial_train_loss": 0.3186598611004064,
      "train_threshold": 0.10621995370013547,
      "best_tracking": true,
      "patience_active": true,
      "patience_best_train": null,
      "patience_best_val": 0.35575309017461215,
      "patience_no_improve_epochs": 57,
      "best_train_loss": Infinity,
      "forced_stop_due_to_threshold": false
    }
  },
  "model_files": {
    "best": "scripts/outputs/gru-other-value/trial_62_1ae96d/best_model.pt",
    "last": "scripts/outputs/gru-other-value/trial_62_1ae96d/last_model.pt"
  },
  "config_path": "/home/amoris/data-analysis-on-dbps/scripts/outputs/gru-other-value/trial_62_1ae96d/config.yaml"
}