{
  "model_name": "gru-trc-value/trial_40_6e830b",
  "model_type": "GRU",
  "model_format": "torch",
  "model_params": {
    "history_length": 65,
    "units": 296,
    "num_layers": 7,
    "dropout": 0.2694701166099617
  },
  "training_params": {
    "max_epochs": 500,
    "batch_size": 354,
    "learning_rate": 0.0012712311187266024,
    "weight_decay": 0.0001531081441250527,
    "checkpoint_interval": 10,
    "seed": 947
  },
  "data_csv": "data/time_aligned_data.csv",
  "timestamp_column": "Date, Time",
  "columns": [
    "TRC-DT",
    "TRC-RT",
    "TRC-PPL1",
    "TRC-PPL2",
    "pH-DT",
    "pH-RT",
    "pH-PPL1",
    "pH-PPL2",
    "cond-DT",
    "cond-PPL1",
    "cond-PPL2",
    "fDOM-RT",
    "fDOM-PPL1",
    "fDOM-PPL2",
    "DO-RT",
    "DO-PPL1",
    "DO-PPL2",
    "TOC-RT",
    "TOC-PPL1",
    "TOC-PPL2",
    "DOC-RT",
    "DOC-PPL1",
    "DOC-PPL2",
    "minutes_since_start"
  ],
  "feature_columns": [
    "TRC-DT",
    "TRC-RT",
    "pH-DT",
    "pH-RT",
    "cond-DT",
    "fDOM-RT",
    "DO-RT",
    "TOC-RT",
    "DOC-RT",
    "minutes_since_start"
  ],
  "target_columns": [
    "TRC-PPL1",
    "TRC-PPL2"
  ],
  "split_boundaries": {
    "train_end": 7796,
    "val_end": 9466,
    "test_end": 11138
  },
  "dataset_sizes": {
    "train": 7732,
    "val": 1670,
    "test": 1672
  },
  "input_dim": 10,
  "sequence_length": 65,
  "training_history": {
    "epochs": [
      1,
      2,
      3,
      4,
      5,
      6,
      7,
      8,
      9,
      10,
      11,
      12,
      13,
      14,
      15,
      16,
      17,
      18,
      19,
      20,
      21,
      22,
      23,
      24,
      25,
      26,
      27,
      28,
      29,
      30,
      31,
      32,
      33,
      34,
      35,
      36,
      37,
      38,
      39,
      40,
      41,
      42,
      43,
      44,
      45,
      46,
      47,
      48,
      49,
      50,
      51,
      52,
      53,
      54,
      55,
      56,
      57,
      58,
      59,
      60,
      61,
      62,
      63,
      64,
      65,
      66,
      67,
      68,
      69,
      70,
      71,
      72,
      73,
      74,
      75,
      76,
      77,
      78,
      79,
      80
    ],
    "train_loss": [
      0.48828186485598385,
      0.17382788460410695,
      0.10977370743300097,
      0.0930249184539635,
      0.05980877851632766,
      0.051251110783163835,
      0.04768302782683932,
      0.04363045296826883,
      0.040401589358586815,
      0.05082022199629812,
      0.04461184782985419,
      0.037100553384414,
      0.03299007719393243,
      0.03835285369420508,
      0.034185087560751684,
      0.035946997342196634,
      0.03097698676500583,
      0.03141320672606981,
      0.034161679693379673,
      0.028982395104354703,
      0.02615395357877602,
      0.02632628690472583,
      0.026722087090246215,
      0.02743446384737267,
      0.028613436750323736,
      0.024705532650124578,
      0.02514630230360477,
      0.026822847094959197,
      0.026175471589323835,
      0.027898987890083864,
      0.023158209839237366,
      0.023358631087972967,
      0.02584510660102515,
      0.02580266368979626,
      0.023228127371078475,
      0.02515063014804577,
      0.022523131612755754,
      0.022070067222589078,
      0.021909998678272244,
      0.023093273535571255,
      0.02381936880960806,
      0.020773507964947157,
      0.022083753106110587,
      0.023331770708083923,
      0.02176693910265518,
      0.020055097608744667,
      0.02069221891894497,
      0.02274181608031651,
      0.021942740084147646,
      0.022748147521940803,
      0.022154593985263725,
      0.02215512773572273,
      0.020129909949445596,
      0.022386887373833445,
      0.020679091020986876,
      0.020321725046216856,
      0.022624838591369704,
      0.022654824075469746,
      0.020151381118274143,
      0.020117630932501296,
      0.018908491896333406,
      0.021251216736529167,
      0.021296186949354316,
      0.023544618550570467,
      0.023092431641163078,
      0.02082918171539124,
      0.02113274703948025,
      0.02022944274852298,
      0.019517585551351756,
      0.020476100973561367,
      0.020166554818275798,
      0.02119988599715998,
      0.018707263692481123,
      0.01929603689106878,
      0.01989165287025454,
      0.01948071227867139,
      0.01942587095378781,
      0.018429416471507365,
      0.01898609764056846,
      0.021679059123891162
    ],
    "val_loss": [
      0.32124384534573125,
      0.3091404356553169,
      0.43413687437594295,
      0.32186130505657484,
      0.26912760959860094,
      0.28186613892366785,
      0.2625864961301674,
      0.24872128219750828,
      0.2445519704750912,
      0.2637604053840487,
      0.25172216725162044,
      0.2692242984197097,
      0.2518113053978203,
      0.2661820613026262,
      0.250475336455121,
      0.26871764796178144,
      0.28250628999562677,
      0.2642334359223971,
      0.25726508157785066,
      0.2925472450626646,
      0.3194431665994807,
      0.34108712815952874,
      0.2746485806555448,
      0.3212449164113063,
      0.25239728974278813,
      0.2690293802316496,
      0.363029828440108,
      0.2683321958396606,
      0.2945180788569286,
      0.26118519637220633,
      0.278205303845559,
      0.2792266053086269,
      0.2975116879149468,
      0.2748021676556436,
      0.3470091744298171,
      0.295537051384499,
      0.32878805466531635,
      0.27196621161824214,
      0.4324288304716706,
      0.45407450048331016,
      0.32401246492734215,
      0.30000925683332774,
      0.31292557784406366,
      0.30369231463326307,
      0.29803333006308463,
      0.3763214758703273,
      0.34403768754424807,
      0.28697421641540743,
      0.27237352090413697,
      0.2956939605271031,
      0.2881710586612096,
      0.27059216930302316,
      0.28021969843633515,
      0.28741032647604714,
      0.2670701489387872,
      0.3291799542633538,
      0.30010760733021236,
      0.28975343211013044,
      0.4167380702107431,
      0.2633714135513156,
      0.27261884898438066,
      0.26752744890347924,
      0.32694006237887335,
      0.2946514965865962,
      0.32101750825336595,
      0.3558405049502136,
      0.43022012514491637,
      0.3388621799803958,
      0.32022889836016527,
      0.3341467056847261,
      0.39271133712710377,
      0.28551248808106977,
      0.2782072274516264,
      0.2836828591737026,
      0.31121456105998174,
      0.34565750206792784,
      0.3789038330048858,
      0.3173043261031191,
      0.3076884896968475,
      0.2993546229413527
    ],
    "best_epoch": 9,
    "best_val_loss": 0.2445519704750912,
    "test_loss": 4.760299892231608,
    "tracker": {
      "initial_train_loss": 0.48828186485598385,
      "train_threshold": 0.16276062161866128,
      "best_tracking": true,
      "patience_active": true,
      "patience_best_train": null,
      "patience_best_val": 0.2445519704750912,
      "patience_no_improve_epochs": 71,
      "best_train_loss": Infinity,
      "forced_stop_due_to_threshold": false
    }
  },
  "model_files": {
    "best": "scripts/outputs/gru-trc-value/trial_40_6e830b/best_model.pt",
    "last": "scripts/outputs/gru-trc-value/trial_40_6e830b/last_model.pt"
  },
  "config_path": "/home/amoris/data-analysis-on-dbps/scripts/outputs/gru-trc-value/trial_40_6e830b/config.yaml"
}