{
  "model_name": "rnn-trc-rate/trial_20_15242b",
  "model_type": "RNN",
  "model_format": "torch",
  "model_params": {
    "history_length": 81,
    "units": 199,
    "num_layers": 3,
    "dropout": 0.44194506683937734
  },
  "training_params": {
    "max_epochs": 500,
    "batch_size": 102,
    "learning_rate": 0.0015094623576228496,
    "weight_decay": 0.005072637062582124,
    "checkpoint_interval": 10,
    "seed": 947
  },
  "data_csv": "data/time_aligned_data.csv",
  "timestamp_column": "Date, Time",
  "columns": [
    "TRC-DT",
    "TRC-RT",
    "TRC-PPL1",
    "TRC-PPL2",
    "pH-DT",
    "pH-RT",
    "pH-PPL1",
    "pH-PPL2",
    "cond-DT",
    "cond-PPL1",
    "cond-PPL2",
    "fDOM-RT",
    "fDOM-PPL1",
    "fDOM-PPL2",
    "DO-RT",
    "DO-PPL1",
    "DO-PPL2",
    "TOC-RT",
    "TOC-PPL1",
    "TOC-PPL2",
    "DOC-RT",
    "DOC-PPL1",
    "DOC-PPL2",
    "minutes_since_start"
  ],
  "feature_columns": [
    "TRC-DT",
    "TRC-RT",
    "pH-DT",
    "pH-RT",
    "cond-DT",
    "fDOM-RT",
    "DO-RT",
    "TOC-RT",
    "DOC-RT",
    "minutes_since_start"
  ],
  "target_columns": [
    "TRC-PPL1",
    "TRC-PPL2"
  ],
  "target_mode": "rate",
  "target_base_columns": [
    "TRC-RT",
    "TRC-RT"
  ],
  "split_boundaries": {
    "train_end": 7796,
    "val_end": 9466,
    "test_end": 11138
  },
  "dataset_sizes": {
    "train": 7716,
    "val": 1670,
    "test": 1672
  },
  "input_dim": 10,
  "sequence_length": 81,
  "training_history": {
    "epochs": [
      1,
      2,
      3,
      4,
      5,
      6,
      7,
      8,
      9,
      10,
      11,
      12,
      13,
      14,
      15,
      16,
      17,
      18,
      19,
      20,
      21,
      22,
      23,
      24,
      25,
      26,
      27,
      28,
      29,
      30,
      31,
      32,
      33,
      34,
      35,
      36,
      37,
      38,
      39,
      40,
      41,
      42,
      43,
      44,
      45,
      46,
      47,
      48,
      49,
      50,
      51,
      52,
      53,
      54,
      55,
      56,
      57,
      58,
      59,
      60,
      61,
      62,
      63,
      64,
      65,
      66,
      67,
      68,
      69,
      70,
      71,
      72,
      73,
      74,
      75,
      76,
      77,
      78,
      79,
      80
    ],
    "train_loss": [
      0.23312831761584868,
      0.11823383412247127,
      0.08269476452277479,
      0.20222302928891375,
      0.08340998336927702,
      0.058925941713953836,
      0.05106866672275875,
      0.0500670551042859,
      0.06961173806658151,
      0.0736138087351159,
      0.06440379134847161,
      0.055172966213818654,
      0.046196264569672234,
      0.04703754792641703,
      0.04109520406040767,
      0.1256143170543606,
      0.13168767071437687,
      0.06585386323613661,
      0.05755718019363669,
      0.05289640088752492,
      0.04927070306767572,
      0.049002000413151406,
      0.046575562162310305,
      0.04807142209707763,
      0.04747948338296467,
      0.05018764299747547,
      0.04758552190721684,
      0.043289349029133235,
      0.05831488635257744,
      0.04374860968689896,
      0.04489563651742127,
      0.046235755127948794,
      0.04946477909631807,
      0.051942266361617,
      0.04174350699609722,
      0.04450335312767959,
      0.04518993008406731,
      0.04095146763189167,
      0.044508502161069476,
      0.045642162773115086,
      0.05440090600731399,
      0.044100107691753335,
      0.042064774277421585,
      0.04187415703453274,
      0.044083611272032114,
      0.04360174655792641,
      0.04065493725871734,
      0.04078182283626698,
      0.04379096873463776,
      0.03930565448330127,
      0.049981782586541186,
      0.041777599524723985,
      0.04212118341250006,
      0.039407666966689875,
      0.04003133113650985,
      0.04020592460660829,
      0.039812236036496994,
      0.03876982561803624,
      0.03875242827770128,
      0.03764301169124862,
      0.036856656308933325,
      0.03815832045247915,
      0.039881263148404573,
      0.04021765490266759,
      0.03733791920181196,
      0.04001610828230438,
      0.03572083614668106,
      0.035395759767613735,
      0.03768560848985313,
      0.03710424235238351,
      0.03286693552088914,
      0.03447759139726683,
      0.03787322873235166,
      0.03580360132534619,
      0.03957041809668484,
      0.03747654024621654,
      0.04080787118420028,
      0.0361631354273617,
      0.03893275031295618,
      0.03691595638805238
    ],
    "val_loss": [
      0.3585996907226697,
      0.30126407489537477,
      0.3419650683458337,
      0.3014730879914261,
      0.2949798290824105,
      0.3047400722804362,
      0.3142649324287376,
      0.3134029440314113,
      0.35973988464492523,
      0.3110597539893881,
      0.33681169307517433,
      0.3328708528535452,
      0.3357646083046576,
      0.4206896990426108,
      0.522877924960709,
      0.2955398529232619,
      0.26320892671000456,
      0.27691119359192734,
      0.2866428879385223,
      0.29114265440556103,
      0.2923060049665367,
      0.29935877942396494,
      0.297176335769856,
      0.297320568226947,
      0.30951289598813314,
      0.30686313783872626,
      0.29655388472546,
      0.3098438002659889,
      0.28858190254269245,
      0.2952262642854702,
      0.3007237354438462,
      0.28939190284533056,
      0.2884895640352886,
      0.28623098669473285,
      0.29201312264773305,
      0.3001468811161861,
      0.29680001291106206,
      0.2937066573895023,
      0.3005398369410973,
      0.29564884478103615,
      0.3025020182088107,
      0.3081811976535413,
      0.28869218469379904,
      0.3057128215576717,
      0.2853822690708016,
      0.29002238487947485,
      0.29331236674177075,
      0.3000693507470235,
      0.2915823724265852,
      0.28597425245819336,
      0.29051746816379936,
      0.31249313923770083,
      0.30904985304453414,
      0.3063626292022224,
      0.29989305440626457,
      0.2983941762267562,
      0.29330967421347864,
      0.29240379493438196,
      0.2936399867546237,
      0.313778678303261,
      0.2937225747920439,
      0.3372599831999776,
      0.3211565653152184,
      0.32887237568324557,
      0.30175500586294307,
      0.31224731860715826,
      0.2957420646809711,
      0.2958368959898006,
      0.30416661393856576,
      0.2981365756204207,
      0.29221132095167024,
      0.2862147935537878,
      0.30141103668528757,
      0.311668250834692,
      0.2956013323069957,
      0.29180568686636266,
      0.2920159960801373,
      0.29851639947915326,
      0.2973021037564306,
      0.292489193702217
    ],
    "best_epoch": 17,
    "best_val_loss": 0.26320892671000456,
    "best_val_abs_mse": 0.2989197075366974,
    "test_loss": 4.330534879314272,
    "test_abs_mse": 40.65193557739258,
    "tracker": {
      "initial_train_loss": 0.23312831761584868,
      "train_threshold": 0.07770943920528289,
      "best_tracking": true,
      "patience_active": true,
      "patience_best_train": null,
      "patience_best_val": 0.26320892671000456,
      "patience_no_improve_epochs": 63,
      "best_train_loss": Infinity,
      "forced_stop_due_to_threshold": false
    }
  },
  "model_files": {
    "best": "scripts/outputs/rnn-trc-rate/trial_20_15242b/best_model.pt",
    "last": "scripts/outputs/rnn-trc-rate/trial_20_15242b/last_model.pt"
  },
  "config_path": "/home/amoris/data-analysis-on-dbps/scripts/outputs/rnn-trc-rate/trial_20_15242b/config.yaml"
}