{
  "model_name": "lstm-trc-rate/trial_35_c73775",
  "model_type": "LSTM",
  "model_format": "torch",
  "model_params": {
    "history_length": 169,
    "units": 351,
    "num_layers": 4,
    "dropout": 0.4602638739154087
  },
  "training_params": {
    "max_epochs": 500,
    "batch_size": 149,
    "learning_rate": 0.0007825359018286935,
    "weight_decay": 0.0026450413269888226,
    "checkpoint_interval": 10,
    "seed": 947
  },
  "data_csv": "data/time_aligned_data.csv",
  "timestamp_column": "Date, Time",
  "columns": [
    "TRC-DT",
    "TRC-RT",
    "TRC-PPL1",
    "TRC-PPL2",
    "pH-DT",
    "pH-RT",
    "pH-PPL1",
    "pH-PPL2",
    "cond-DT",
    "cond-PPL1",
    "cond-PPL2",
    "fDOM-RT",
    "fDOM-PPL1",
    "fDOM-PPL2",
    "DO-RT",
    "DO-PPL1",
    "DO-PPL2",
    "TOC-RT",
    "TOC-PPL1",
    "TOC-PPL2",
    "DOC-RT",
    "DOC-PPL1",
    "DOC-PPL2",
    "minutes_since_start"
  ],
  "feature_columns": [
    "TRC-DT",
    "TRC-RT",
    "pH-DT",
    "pH-RT",
    "cond-DT",
    "fDOM-RT",
    "DO-RT",
    "TOC-RT",
    "DOC-RT",
    "minutes_since_start"
  ],
  "target_columns": [
    "TRC-PPL1",
    "TRC-PPL2"
  ],
  "target_mode": "rate",
  "target_base_columns": [
    "TRC-RT",
    "TRC-RT"
  ],
  "split_boundaries": {
    "train_end": 7796,
    "val_end": 9466,
    "test_end": 11138
  },
  "dataset_sizes": {
    "train": 7628,
    "val": 1670,
    "test": 1672
  },
  "input_dim": 10,
  "sequence_length": 169,
  "training_history": {
    "epochs": [
      1,
      2,
      3,
      4,
      5,
      6,
      7,
      8,
      9,
      10,
      11,
      12,
      13,
      14,
      15,
      16,
      17,
      18,
      19,
      20,
      21,
      22,
      23,
      24,
      25,
      26,
      27,
      28,
      29,
      30,
      31,
      32,
      33,
      34,
      35,
      36,
      37,
      38,
      39,
      40,
      41,
      42,
      43,
      44,
      45,
      46,
      47,
      48,
      49,
      50,
      51,
      52,
      53,
      54,
      55,
      56,
      57,
      58,
      59,
      60,
      61,
      62,
      63,
      64,
      65,
      66,
      67,
      68,
      69,
      70,
      71,
      72,
      73,
      74,
      75,
      76,
      77,
      78,
      79,
      80
    ],
    "train_loss": [
      0.3851741384744144,
      0.11489003519105173,
      0.0757030349300015,
      0.053604496883225494,
      0.056000862935754285,
      0.05249004527988956,
      0.04758339073151491,
      0.04333279329666103,
      0.04431108940723848,
      0.04083823509280891,
      0.044979172356829134,
      0.04204543057231376,
      0.040586284876766396,
      0.03431006622250184,
      0.03370937550080013,
      0.03285191857315088,
      0.0376728379312174,
      0.03394906371407012,
      0.031027912617161455,
      0.03380288306025932,
      0.03272534666830058,
      0.03126167533328287,
      0.03225031563954542,
      0.03447412554512614,
      0.03329641544897408,
      0.030060847806067884,
      0.03196746359350219,
      0.031060609311123262,
      0.028837386132171548,
      0.030070607548244553,
      0.031785185383627894,
      0.03746935189567315,
      0.030272131223147553,
      0.032699331050513064,
      0.029679998759850352,
      0.03726557460083667,
      0.03252955331278093,
      0.028531187680839523,
      0.029067484847029184,
      0.030353139262054532,
      0.03408092935069005,
      0.030286506961154012,
      0.028412771145078168,
      0.029129475735344763,
      0.029290590450161795,
      0.038702619138237734,
      0.03654483173068908,
      0.031808511201169204,
      0.032399411693188024,
      0.02848930971933344,
      0.02824511087690512,
      0.030258152443196726,
      0.028860428376151635,
      0.030527053043631104,
      0.031616413746054534,
      0.02934832970587821,
      0.026804227311863486,
      0.0271518740155424,
      0.028137839497196452,
      0.027270964739231785,
      0.0282022341889025,
      0.02732153378957399,
      0.03112880816325686,
      0.030822653464306835,
      0.02711840198406052,
      0.02922578295619546,
      0.028386372087086737,
      0.02830957021519315,
      0.02480567938843024,
      0.025412247223436723,
      0.02612295724899866,
      0.02725476431150007,
      0.03134852120365633,
      0.027062352407551758,
      0.02682065428881728,
      0.02604101129329417,
      0.026797386754390123,
      0.025738758673792776,
      0.026113969652108188,
      0.028171214854513703
    ],
    "val_loss": [
      0.2658473191057851,
      0.21539639770583122,
      0.22603887086789942,
      0.2539615026312674,
      0.23689437396155147,
      0.29939064608920296,
      0.26879667831573656,
      0.32074113738817905,
      0.35253572176896525,
      0.3849737731840261,
      0.4060936607018916,
      0.4352518313224176,
      0.36253460861497117,
      1.13552392420253,
      1.2883469334987556,
      1.3730302762976307,
      0.40173767381264064,
      0.7547156596812837,
      1.0320847624689786,
      1.4187158842264356,
      1.1042236718410503,
      1.4230276567537985,
      1.2507546216528305,
      1.3091108477579618,
      0.9996575892272734,
      0.9982295146100446,
      1.4610014979621608,
      1.1883805760143402,
      0.8702944349096028,
      1.13224038691957,
      0.49009958607574067,
      1.0794321214423297,
      0.9466577282075039,
      0.8680967388752692,
      0.31112481058536173,
      0.28133387440804414,
      0.2949798426719126,
      0.31964379229365353,
      0.30851427011058,
      0.3273879152516316,
      0.2755222214564324,
      0.293065894072775,
      0.29374560202934785,
      0.28950323916101706,
      0.28816649329452637,
      0.30544548431065627,
      0.35144988359760737,
      0.3199521477362085,
      0.3495403948747469,
      0.3536766801430972,
      0.3308521688229845,
      0.38983757144096726,
      0.4027761884390594,
      0.3519971066784716,
      0.3867141553518658,
      0.38660138147676776,
      0.3998032949574872,
      0.4078507780247998,
      0.37959476118226965,
      0.3663254313661667,
      0.3678818367934691,
      0.38661670759654865,
      0.3487123722199373,
      0.3683590532542613,
      0.3669744224661214,
      0.3619704754097376,
      0.3529594304452756,
      0.370224632215714,
      0.3616661500419953,
      0.36806550967746865,
      0.3700043980255277,
      0.38376811622770246,
      0.36024088768545026,
      0.3887782358391556,
      0.3594807535989913,
      0.3846268083989442,
      0.3516215885470727,
      0.38860807722200175,
      0.34114447668150155,
      0.37212409350106457
    ],
    "best_epoch": 2,
    "best_val_loss": 0.21539639770583122,
    "best_val_abs_mse": 0.49272841215133667,
    "test_loss": 3.9923631517867153,
    "test_abs_mse": 39.320735931396484,
    "tracker": {
      "initial_train_loss": 0.3851741384744144,
      "train_threshold": 0.12839137949147147,
      "best_tracking": true,
      "patience_active": true,
      "patience_best_train": null,
      "patience_best_val": 0.21539639770583122,
      "patience_no_improve_epochs": 79,
      "best_train_loss": Infinity,
      "forced_stop_due_to_threshold": false
    }
  },
  "model_files": {
    "best": "scripts/outputs/lstm-trc-rate/trial_35_c73775/best_model.pt",
    "last": "scripts/outputs/lstm-trc-rate/trial_35_c73775/last_model.pt"
  },
  "config_path": "/home/amoris/data-analysis-on-dbps/scripts/outputs/lstm-trc-rate/trial_35_c73775/config.yaml"
}