{
  "model_name": "lstm-trc-rate/trial_34_899bff",
  "model_type": "LSTM",
  "model_format": "torch",
  "model_params": {
    "history_length": 173,
    "units": 261,
    "num_layers": 2,
    "dropout": 0.4540529811339639
  },
  "training_params": {
    "max_epochs": 500,
    "batch_size": 179,
    "learning_rate": 0.0009624801274973854,
    "weight_decay": 0.0009724493844176134,
    "checkpoint_interval": 10,
    "seed": 947
  },
  "data_csv": "data/time_aligned_data.csv",
  "timestamp_column": "Date, Time",
  "columns": [
    "TRC-DT",
    "TRC-RT",
    "TRC-PPL1",
    "TRC-PPL2",
    "pH-DT",
    "pH-RT",
    "pH-PPL1",
    "pH-PPL2",
    "cond-DT",
    "cond-PPL1",
    "cond-PPL2",
    "fDOM-RT",
    "fDOM-PPL1",
    "fDOM-PPL2",
    "DO-RT",
    "DO-PPL1",
    "DO-PPL2",
    "TOC-RT",
    "TOC-PPL1",
    "TOC-PPL2",
    "DOC-RT",
    "DOC-PPL1",
    "DOC-PPL2",
    "minutes_since_start"
  ],
  "feature_columns": [
    "TRC-DT",
    "TRC-RT",
    "pH-DT",
    "pH-RT",
    "cond-DT",
    "fDOM-RT",
    "DO-RT",
    "TOC-RT",
    "DOC-RT",
    "minutes_since_start"
  ],
  "target_columns": [
    "TRC-PPL1",
    "TRC-PPL2"
  ],
  "target_mode": "rate",
  "target_base_columns": [
    "TRC-RT",
    "TRC-RT"
  ],
  "split_boundaries": {
    "train_end": 7796,
    "val_end": 9466,
    "test_end": 11138
  },
  "dataset_sizes": {
    "train": 7624,
    "val": 1670,
    "test": 1672
  },
  "input_dim": 10,
  "sequence_length": 173,
  "training_history": {
    "epochs": [
      1,
      2,
      3,
      4,
      5,
      6,
      7,
      8,
      9,
      10,
      11,
      12,
      13,
      14,
      15,
      16,
      17,
      18,
      19,
      20,
      21,
      22,
      23,
      24,
      25,
      26,
      27,
      28,
      29,
      30,
      31,
      32,
      33,
      34,
      35,
      36,
      37,
      38,
      39,
      40,
      41,
      42,
      43,
      44,
      45,
      46,
      47,
      48,
      49,
      50,
      51,
      52,
      53,
      54,
      55,
      56,
      57,
      58,
      59,
      60,
      61,
      62,
      63,
      64,
      65,
      66,
      67,
      68,
      69,
      70,
      71,
      72,
      73,
      74,
      75,
      76,
      77,
      78,
      79,
      80
    ],
    "train_loss": [
      0.297985587335521,
      0.06876757104782405,
      0.044819349961517554,
      0.0379802419844104,
      0.0341229853987428,
      0.031577324498139894,
      0.0286815362446917,
      0.027873441540310698,
      0.02730757495972786,
      0.026354525162782697,
      0.025084029329532184,
      0.03643948779659344,
      0.02507287441437198,
      0.025677141979735457,
      0.0238098284766637,
      0.02315905790288365,
      0.023007450603556516,
      0.023816502575370692,
      0.025917314386077358,
      0.028229805694869547,
      0.027013353000278708,
      0.02148677372756724,
      0.024373117234540276,
      0.025598703100319642,
      0.02733036863826731,
      0.02381570231446025,
      0.02253790834458332,
      0.02353387611604453,
      0.02344392374175496,
      0.021752333671884595,
      0.02103880472365935,
      0.023383795845655555,
      0.021342906577596667,
      0.020521639701387488,
      0.022248692498791568,
      0.020388439427895113,
      0.020208773202949826,
      0.021168681666604853,
      0.021013057997630046,
      0.020904985629070984,
      0.02033314318542739,
      0.021015629204818812,
      0.01977131483834022,
      0.019865954332425016,
      0.020083519626469405,
      0.02037825165067263,
      0.019870630602507704,
      0.020432609483523437,
      0.01905565052259037,
      0.02086268415491821,
      0.020643594309028946,
      0.019528958245653538,
      0.02025987849798511,
      0.01992082774833603,
      0.02171040398014,
      0.01889935271850624,
      0.019166642471372,
      0.019392034682178438,
      0.022337137736382056,
      0.021006754080345708,
      0.019751614860942096,
      0.019396735216732307,
      0.01946439969320151,
      0.01909367159372518,
      0.020099933036741804,
      0.022765432891718347,
      0.020187411316819996,
      0.018255185367146667,
      0.018879368732432206,
      0.01929387332471371,
      0.0192014383583829,
      0.019444069291288103,
      0.01875885553972684,
      0.01859419901243529,
      0.020287034136232413,
      0.020994529272219536,
      0.019354135589380938,
      0.019030586779479167,
      0.019805477038641526,
      0.018761661713591074
    ],
    "val_loss": [
      0.4532983157739133,
      0.24685865912787214,
      0.2373142820537581,
      0.25180486508026095,
      0.27189887185207384,
      0.3154070987773245,
      0.2978242365643382,
      0.30621043379881424,
      0.2951945029310659,
      0.2985646118047441,
      0.28525281705207634,
      0.303784803463938,
      0.2842893367053238,
      0.28538196390037407,
      0.2909295112418825,
      0.29381687893102804,
      0.30938113721277183,
      0.30641870504791685,
      0.279480453246011,
      0.28850300351637387,
      0.3030659925995651,
      0.31360646100034434,
      0.31422212223695245,
      0.32012343843896945,
      0.3186327357871268,
      0.34360805877824563,
      0.3208462538476476,
      0.33062477313138233,
      0.32856697375233657,
      0.34550355334548716,
      0.32928122725716963,
      0.34386210521448873,
      0.34311291213164075,
      0.3490469851045908,
      0.35052184442247813,
      0.3381559201064492,
      0.3504339749673883,
      0.36464294367051586,
      0.3607040980261957,
      0.3478364263454865,
      0.3531225539966972,
      0.34841468485440324,
      0.3606232981448491,
      0.352260848857507,
      0.35823878150344074,
      0.3551870895237355,
      0.3395805658125681,
      0.3573109391764431,
      0.3600608292654781,
      0.3758920152063766,
      0.33697685969067726,
      0.3427008155655272,
      0.35601869727635455,
      0.33618689382080724,
      0.3505809494656717,
      0.36022428920392147,
      0.3506534030404455,
      0.35114332521278524,
      0.3348559100582393,
      0.3524441944379471,
      0.3427781418869328,
      0.3576298611004374,
      0.3590419939211653,
      0.3545116960310829,
      0.35198485005401564,
      0.35668638077882414,
      0.3662784654122894,
      0.35616392923775547,
      0.3527582965088551,
      0.36282134974810354,
      0.35424683876670227,
      0.34553869659873004,
      0.3521830298162684,
      0.3464084467967738,
      0.3615316155818319,
      0.35273508611218835,
      0.3560297636683294,
      0.35505361472128216,
      0.3539275614857049,
      0.3480487797688135
    ],
    "best_epoch": 3,
    "best_val_loss": 0.2373142820537581,
    "best_val_abs_mse": 0.28127771615982056,
    "test_loss": 4.722844874816078,
    "test_abs_mse": 46.523681640625,
    "tracker": {
      "initial_train_loss": 0.297985587335521,
      "train_threshold": 0.09932852911184033,
      "best_tracking": true,
      "patience_active": true,
      "patience_best_train": null,
      "patience_best_val": 0.2373142820537581,
      "patience_no_improve_epochs": 77,
      "best_train_loss": Infinity,
      "forced_stop_due_to_threshold": false
    }
  },
  "model_files": {
    "best": "scripts/outputs/lstm-trc-rate/trial_34_899bff/best_model.pt",
    "last": "scripts/outputs/lstm-trc-rate/trial_34_899bff/last_model.pt"
  },
  "config_path": "/home/amoris/data-analysis-on-dbps/scripts/outputs/lstm-trc-rate/trial_34_899bff/config.yaml"
}