{
  "model_name": "lstm-trc-rate/trial_90_d41593",
  "model_type": "LSTM",
  "model_format": "torch",
  "model_params": {
    "history_length": 165,
    "units": 342,
    "num_layers": 4,
    "dropout": 0.2190170567259963
  },
  "training_params": {
    "max_epochs": 500,
    "batch_size": 249,
    "learning_rate": 0.00037991370969085703,
    "weight_decay": 0.00030634089395587525,
    "checkpoint_interval": 10,
    "seed": 947
  },
  "data_csv": "data/time_aligned_data.csv",
  "timestamp_column": "Date, Time",
  "columns": [
    "TRC-DT",
    "TRC-RT",
    "TRC-PPL1",
    "TRC-PPL2",
    "pH-DT",
    "pH-RT",
    "pH-PPL1",
    "pH-PPL2",
    "cond-DT",
    "cond-PPL1",
    "cond-PPL2",
    "fDOM-RT",
    "fDOM-PPL1",
    "fDOM-PPL2",
    "DO-RT",
    "DO-PPL1",
    "DO-PPL2",
    "TOC-RT",
    "TOC-PPL1",
    "TOC-PPL2",
    "DOC-RT",
    "DOC-PPL1",
    "DOC-PPL2",
    "minutes_since_start"
  ],
  "feature_columns": [
    "TRC-DT",
    "TRC-RT",
    "pH-DT",
    "pH-RT",
    "cond-DT",
    "fDOM-RT",
    "DO-RT",
    "TOC-RT",
    "DOC-RT",
    "minutes_since_start"
  ],
  "target_columns": [
    "TRC-PPL1",
    "TRC-PPL2"
  ],
  "target_mode": "rate",
  "target_base_columns": [
    "TRC-RT",
    "TRC-RT"
  ],
  "split_boundaries": {
    "train_end": 7796,
    "val_end": 9466,
    "test_end": 11138
  },
  "dataset_sizes": {
    "train": 7632,
    "val": 1670,
    "test": 1672
  },
  "input_dim": 10,
  "sequence_length": 165,
  "training_history": {
    "epochs": [
      1,
      2,
      3,
      4,
      5,
      6,
      7,
      8,
      9,
      10,
      11,
      12,
      13,
      14,
      15,
      16,
      17,
      18,
      19,
      20,
      21,
      22,
      23,
      24,
      25,
      26,
      27,
      28,
      29,
      30,
      31,
      32,
      33,
      34,
      35,
      36,
      37,
      38,
      39,
      40,
      41,
      42,
      43,
      44,
      45,
      46,
      47,
      48,
      49,
      50,
      51,
      52,
      53,
      54,
      55,
      56,
      57,
      58,
      59,
      60,
      61,
      62,
      63,
      64,
      65,
      66,
      67,
      68,
      69,
      70,
      71,
      72,
      73,
      74,
      75,
      76,
      77,
      78,
      79,
      80
    ],
    "train_loss": [
      0.5253377160725167,
      0.14572749019500875,
      0.0943523320551001,
      0.05976288390796889,
      0.04207398803646928,
      0.04221367456294221,
      0.03818526878622038,
      0.033281064124444044,
      0.032546150641597854,
      0.03157424465269905,
      0.02947985942903086,
      0.030509005846168682,
      0.03321242854204146,
      0.02888883807207311,
      0.02855489368377687,
      0.0269699484269492,
      0.027582153086345526,
      0.025404896278156893,
      0.024155271358922734,
      0.023218672081195522,
      0.026851277924347786,
      0.024923031590293226,
      0.022826732099700556,
      0.024425970575678507,
      0.02399124822113663,
      0.02199821199770759,
      0.024599471677873727,
      0.02238154126574291,
      0.02226338592070922,
      0.021775787682331068,
      0.02118520712283727,
      0.021373296677099786,
      0.023326116466877173,
      0.022306778214860167,
      0.020411521627614566,
      0.019466757063414174,
      0.01879354243521116,
      0.019143173939683154,
      0.019966855444564665,
      0.019856374566560413,
      0.01993447139422825,
      0.01837957878897271,
      0.02018136168030565,
      0.019608412590317148,
      0.018271787684782752,
      0.018440316850026638,
      0.01915320610179443,
      0.018061714426251187,
      0.01865205854659244,
      0.019108019677670264,
      0.01894670586012386,
      0.026147211171868228,
      0.022612428187199357,
      0.019689902532538224,
      0.017942924710699363,
      0.019558837662199104,
      0.017666594944630732,
      0.017981240391854267,
      0.017658763929378568,
      0.017773445113562047,
      0.018598990098268684,
      0.017342020524299628,
      0.018992009845052688,
      0.019158069808738975,
      0.01731930859386921,
      0.017423236165664293,
      0.018691243712187,
      0.017154390854488638,
      0.017691182292215876,
      0.017058064493734343,
      0.017653154892372496,
      0.018650781979371426,
      0.016981153875595227,
      0.017376889221358504,
      0.017098049147408926,
      0.017234374549746537,
      0.01853704325482835,
      0.019585272427589732,
      0.018705039310383278,
      0.017288628175602817
    ],
    "val_loss": [
      0.24311218673731397,
      0.2835636156494032,
      0.1722086750640127,
      0.1750273328854474,
      0.22344406180886808,
      0.21687380456348915,
      0.23127805594087184,
      0.9615810939038317,
      0.47183818132756,
      0.8581924767796686,
      0.934576379050484,
      1.018099470542532,
      0.7880639922063418,
      0.9138556110466312,
      1.1918044240364505,
      1.2141968503717089,
      0.8794632969870271,
      1.1476674444438097,
      1.2267834281448475,
      1.4077030244947015,
      1.1124965418408999,
      0.9044415525199767,
      0.6348679773007592,
      0.31670514243448566,
      0.2991328444064199,
      0.28892077663522997,
      0.2925568820864051,
      0.5197276994630605,
      0.29873699581774765,
      0.44205275985919784,
      0.2974984110985509,
      0.29488294986216074,
      0.3188381410198297,
      0.2900054610707981,
      0.2969814368306163,
      0.29608769106516936,
      0.2978117358530621,
      0.29577695310651186,
      0.2941384203520096,
      0.2980827263996987,
      0.29710962657599216,
      0.2953965787123331,
      0.297870256233135,
      0.29319240529045554,
      0.29623794826137984,
      0.3000938201858523,
      0.30032165526206084,
      0.3021467086741935,
      0.3009783997362156,
      0.2977126708376907,
      0.3036223942079319,
      0.2958715497488212,
      0.2874950513912889,
      0.29813821875674285,
      0.2945347177221657,
      0.30079244705932046,
      0.2998712398825648,
      0.2963668804638043,
      0.30176451780504276,
      0.30068925961762843,
      0.3000210581838103,
      0.3060546780863922,
      0.3000067118901068,
      0.3035752181800272,
      0.3053140122655355,
      0.301906187133027,
      0.3060829236579245,
      0.3070442334352853,
      0.3119757322159534,
      0.311978222172105,
      0.3110006875821395,
      0.31296754354042206,
      0.305276149948557,
      0.3124312962544803,
      0.306769328672595,
      0.3000483706359289,
      0.30350617223424825,
      0.2979049984187245,
      0.3013136541069357,
      0.3070684541764106
    ],
    "best_epoch": 3,
    "best_val_loss": 0.1722086750640127,
    "best_val_abs_mse": 0.32394152879714966,
    "test_loss": 4.394471874505139,
    "test_abs_mse": 42.51343536376953,
    "tracker": {
      "initial_train_loss": 0.5253377160725167,
      "train_threshold": 0.17511257202417221,
      "best_tracking": true,
      "patience_active": true,
      "patience_best_train": null,
      "patience_best_val": 0.1722086750640127,
      "patience_no_improve_epochs": 77,
      "best_train_loss": Infinity,
      "forced_stop_due_to_threshold": false
    }
  },
  "model_files": {
    "best": "scripts/outputs/lstm-trc-rate/trial_90_d41593/best_model.pt",
    "last": "scripts/outputs/lstm-trc-rate/trial_90_d41593/last_model.pt"
  },
  "config_path": "/home/amoris/data-analysis-on-dbps/scripts/outputs/lstm-trc-rate/trial_90_d41593/config.yaml"
}