{
  "model_name": "gru-trc-value/trial_43_4cc09f",
  "model_type": "GRU",
  "model_format": "torch",
  "model_params": {
    "history_length": 90,
    "units": 178,
    "num_layers": 6,
    "dropout": 0.30002772145090423
  },
  "training_params": {
    "max_epochs": 500,
    "batch_size": 302,
    "learning_rate": 0.00028751437592168565,
    "weight_decay": 0.0002960740829608791,
    "checkpoint_interval": 10,
    "seed": 947
  },
  "data_csv": "data/time_aligned_data.csv",
  "timestamp_column": "Date, Time",
  "columns": [
    "TRC-DT",
    "TRC-RT",
    "TRC-PPL1",
    "TRC-PPL2",
    "pH-DT",
    "pH-RT",
    "pH-PPL1",
    "pH-PPL2",
    "cond-DT",
    "cond-PPL1",
    "cond-PPL2",
    "fDOM-RT",
    "fDOM-PPL1",
    "fDOM-PPL2",
    "DO-RT",
    "DO-PPL1",
    "DO-PPL2",
    "TOC-RT",
    "TOC-PPL1",
    "TOC-PPL2",
    "DOC-RT",
    "DOC-PPL1",
    "DOC-PPL2",
    "minutes_since_start"
  ],
  "feature_columns": [
    "TRC-DT",
    "TRC-RT",
    "pH-DT",
    "pH-RT",
    "cond-DT",
    "fDOM-RT",
    "DO-RT",
    "TOC-RT",
    "DOC-RT",
    "minutes_since_start"
  ],
  "target_columns": [
    "TRC-PPL1",
    "TRC-PPL2"
  ],
  "split_boundaries": {
    "train_end": 7796,
    "val_end": 9466,
    "test_end": 11138
  },
  "dataset_sizes": {
    "train": 7707,
    "val": 1670,
    "test": 1672
  },
  "input_dim": 10,
  "sequence_length": 90,
  "training_history": {
    "epochs": [
      1,
      2,
      3,
      4,
      5,
      6,
      7,
      8,
      9,
      10,
      11,
      12,
      13,
      14,
      15,
      16,
      17,
      18,
      19,
      20,
      21,
      22,
      23,
      24,
      25,
      26,
      27,
      28,
      29,
      30,
      31,
      32,
      33,
      34,
      35,
      36,
      37,
      38,
      39,
      40,
      41,
      42,
      43,
      44,
      45,
      46,
      47,
      48,
      49,
      50,
      51,
      52,
      53,
      54,
      55,
      56,
      57,
      58,
      59,
      60,
      61,
      62,
      63,
      64,
      65,
      66,
      67,
      68,
      69,
      70,
      71,
      72,
      73,
      74,
      75,
      76,
      77,
      78,
      79,
      80
    ],
    "train_loss": [
      0.5605654857247445,
      0.2034746174166078,
      0.15165421851409522,
      0.12915756379593604,
      0.10424710826522199,
      0.08125449641156601,
      0.06701656926408327,
      0.057941540951965166,
      0.052234848199693304,
      0.047745472398097524,
      0.04560943412571175,
      0.04355128039657273,
      0.03988585572782094,
      0.037323516509934936,
      0.03733512243990445,
      0.036199814354196294,
      0.03349646292863706,
      0.03554736973556607,
      0.03306081671999078,
      0.0317120941715206,
      0.029732560405399653,
      0.029422538697456625,
      0.02927437924023607,
      0.027970251189217317,
      0.028571753160994435,
      0.03016084887351262,
      0.02935110473773568,
      0.028365913024978196,
      0.027456614492765364,
      0.027143071629024827,
      0.025920374125369842,
      0.02609566673617102,
      0.025211233002802765,
      0.028218472815360773,
      0.025054027374862342,
      0.025621731127164576,
      0.023862761401478166,
      0.023429956175971777,
      0.02391434854627104,
      0.023723276750372745,
      0.02337089696454603,
      0.023333679426442606,
      0.024433571878886878,
      0.02374741061410196,
      0.02199806552247398,
      0.023171963877091382,
      0.024394744901058814,
      0.02353638227155573,
      0.02129157569171916,
      0.021445984100584344,
      0.020787852033112352,
      0.02077534047888421,
      0.020833640451060516,
      0.02170656374215198,
      0.02119535013943412,
      0.021195365619424315,
      0.02095625274157894,
      0.02033039954502681,
      0.020482471077160967,
      0.01982168626705813,
      0.02033182490528581,
      0.019681328810936084,
      0.020575113317080784,
      0.022561834610547168,
      0.020629684229440472,
      0.019738795814098698,
      0.019547303667744185,
      0.019841491709850837,
      0.019623631361808638,
      0.019305598288262123,
      0.019209841484755213,
      0.01944659265760969,
      0.01954352607257182,
      0.019671040722348432,
      0.020549808426206562,
      0.020570987054651095,
      0.018857872322398942,
      0.020013203135332322,
      0.019162424199212554,
      0.018998452599410635
    ],
    "val_loss": [
      0.34319060852606137,
      0.36452935827884847,
      0.3720299453792458,
      0.29631793266998796,
      0.267708545566319,
      0.16862317738151122,
      0.21185978406560635,
      0.22000357810251728,
      0.16848432151768022,
      0.18798515199722643,
      0.16008920148907307,
      0.17160455248803794,
      0.19308752010905458,
      0.22362964569763866,
      0.2372192940423767,
      0.22557739613209657,
      0.2523942739061431,
      0.23775300835956356,
      0.27838438187619885,
      0.2725101276317578,
      0.29621850193706817,
      0.3247377638242202,
      0.31581627374102256,
      0.3383199097666733,
      0.3693193371379804,
      0.328011004338989,
      0.43077188397417526,
      0.3608386007433166,
      0.4345644427630716,
      0.45305931304698577,
      0.39517507855362166,
      0.3883327453101645,
      0.31748665540875076,
      0.38401629092495243,
      0.4120994003656917,
      0.4050193936346534,
      0.3831500669684774,
      0.3981507401311112,
      0.3373842103841776,
      0.3117397132502523,
      0.3456517561266344,
      0.4166588645606876,
      0.3515266667962253,
      0.35167038573654824,
      0.31784166757931964,
      0.3380926488558511,
      0.3284792391059106,
      0.38208091048423404,
      0.3352472710172216,
      0.35381455635373105,
      0.3185233270715989,
      0.36500404398152214,
      0.33296132545449775,
      0.326139912515611,
      0.3149047705696193,
      0.2940773491619411,
      0.2916780414985504,
      0.34337391779049786,
      0.34987846402797157,
      0.35788553669647183,
      0.305799211521527,
      0.31907669273232986,
      0.46143330638994,
      0.3679348531708924,
      0.332492440927796,
      0.3438338839097651,
      0.3986078942763413,
      0.41926577115977953,
      0.43956591122655453,
      0.440007809899792,
      0.5064504454949659,
      0.3897817607478289,
      0.4234096975985937,
      0.42698220045132906,
      0.4530589689193907,
      0.47636779240237737,
      0.4246348479863055,
      0.5168006941609219,
      0.4575538704517537,
      0.5391251118284857
    ],
    "best_epoch": 11,
    "best_val_loss": 0.16008920148907307,
    "test_loss": 4.470267318082198,
    "tracker": {
      "initial_train_loss": 0.5605654857247445,
      "train_threshold": 0.18685516190824816,
      "best_tracking": true,
      "patience_active": true,
      "patience_best_train": null,
      "patience_best_val": 0.16008920148907307,
      "patience_no_improve_epochs": 69,
      "best_train_loss": Infinity,
      "forced_stop_due_to_threshold": false
    }
  },
  "model_files": {
    "best": "scripts/outputs/gru-trc-value/trial_43_4cc09f/best_model.pt",
    "last": "scripts/outputs/gru-trc-value/trial_43_4cc09f/last_model.pt"
  },
  "config_path": "/home/amoris/data-analysis-on-dbps/scripts/outputs/gru-trc-value/trial_43_4cc09f/config.yaml"
}