{
  "model_name": "lstm-other-value/trial_31_a3aa95",
  "model_type": "LSTM",
  "model_format": "torch",
  "model_params": {
    "history_length": 229,
    "units": 327,
    "num_layers": 2,
    "dropout": 0.3698580988334664
  },
  "training_params": {
    "max_epochs": 500,
    "batch_size": 199,
    "learning_rate": 0.0016240208130115026,
    "weight_decay": 0.0015945920650784961,
    "checkpoint_interval": 10,
    "seed": 947
  },
  "data_csv": "data/time_aligned_data.csv",
  "timestamp_column": "Date, Time",
  "columns": [
    "TRC-DT",
    "TRC-RT",
    "TRC-PPL1",
    "TRC-PPL2",
    "pH-DT",
    "pH-RT",
    "pH-PPL1",
    "pH-PPL2",
    "cond-DT",
    "cond-PPL1",
    "cond-PPL2",
    "fDOM-RT",
    "fDOM-PPL1",
    "fDOM-PPL2",
    "DO-RT",
    "DO-PPL1",
    "DO-PPL2",
    "TOC-RT",
    "TOC-PPL1",
    "TOC-PPL2",
    "DOC-RT",
    "DOC-PPL1",
    "DOC-PPL2",
    "minutes_since_start"
  ],
  "feature_columns": [
    "TRC-DT",
    "TRC-RT",
    "pH-DT",
    "pH-RT",
    "cond-DT",
    "fDOM-RT",
    "DO-RT",
    "TOC-RT",
    "DOC-RT",
    "minutes_since_start"
  ],
  "target_columns": [
    "TOC-PPL1",
    "TOC-PPL2",
    "DOC-PPL1",
    "DOC-PPL2",
    "pH-PPL1",
    "pH-PPL2"
  ],
  "split_boundaries": {
    "train_end": 7796,
    "val_end": 9466,
    "test_end": 11138
  },
  "dataset_sizes": {
    "train": 7568,
    "val": 1670,
    "test": 1672
  },
  "input_dim": 10,
  "sequence_length": 229,
  "training_history": {
    "epochs": [
      1,
      2,
      3,
      4,
      5,
      6,
      7,
      8,
      9,
      10,
      11,
      12,
      13,
      14,
      15,
      16,
      17,
      18,
      19,
      20,
      21,
      22,
      23,
      24,
      25,
      26,
      27,
      28,
      29,
      30,
      31,
      32,
      33,
      34,
      35,
      36,
      37,
      38,
      39,
      40,
      41,
      42,
      43,
      44,
      45,
      46,
      47,
      48,
      49,
      50,
      51,
      52,
      53,
      54,
      55,
      56,
      57,
      58,
      59,
      60,
      61,
      62,
      63,
      64,
      65,
      66,
      67,
      68,
      69,
      70,
      71,
      72,
      73,
      74,
      75,
      76,
      77,
      78,
      79,
      80,
      81,
      82
    ],
    "train_loss": [
      0.3700762129256829,
      0.2281569300010706,
      0.1900316411511181,
      0.1947267866766289,
      0.1719515639540383,
      0.15598831960762088,
      0.17609996049336096,
      0.15303977308046648,
      0.15138185619973196,
      0.15101068170670318,
      0.1336569988245566,
      0.12058193886349368,
      0.13236310741673155,
      0.12719794825885058,
      0.11776390014291124,
      0.11970201058187237,
      0.13103999624847892,
      0.1143916390568459,
      0.11559394893510146,
      0.09993182142298614,
      0.15264805406824258,
      0.14650232292392762,
      0.10819116696798052,
      0.1310673417094268,
      0.11090451748411606,
      0.09721898604834149,
      0.09127280024622604,
      0.09674764575680864,
      0.08390620532376696,
      0.09401487132305984,
      0.09597954470526435,
      0.0983493392942493,
      0.09338359026943213,
      0.08080926353218187,
      0.10061958742014922,
      0.08247322935943766,
      0.07186120054605821,
      0.07867586942897602,
      0.06897023202749028,
      0.07532944868763723,
      0.09248621540191342,
      0.0877262836412761,
      0.07246684770682633,
      0.06684148668047694,
      0.06303124405526365,
      0.06101914922693,
      0.0716294594065741,
      0.06305588994925374,
      0.11238402717827523,
      0.09790566458955534,
      0.07552158865481064,
      0.06519076102669204,
      0.07286637648989311,
      0.06359177859338595,
      0.0670730966924991,
      0.0685415137692081,
      0.06519239530682044,
      0.05543979215455373,
      0.055677436703686106,
      0.06296139182896997,
      0.054891780066553965,
      0.054011905308907364,
      0.050481821976436685,
      0.05462028421205616,
      0.05437424368408152,
      0.05175456929465571,
      0.054014570565094844,
      0.050113175905567554,
      0.046740432419512916,
      0.04693452182696467,
      0.047083010717864145,
      0.04388341588513575,
      0.04859116279281849,
      0.04396994332792769,
      0.04088116928110053,
      0.055524286190855136,
      0.050340179154594246,
      0.07152162867019358,
      0.07238314817580799,
      0.05398398312399396,
      0.0456705377200898,
      0.04650991341989117
    ],
    "val_loss": [
      0.45903224308869084,
      0.42999051087452267,
      0.6144148745579634,
      0.8814568604894741,
      0.6235974025315867,
      0.5698875959449542,
      0.5025648380467992,
      0.5116916688527176,
      0.39510734375722395,
      0.6462469225693606,
      0.5652409604031169,
      0.5966566113476268,
      0.4906940931197769,
      0.5315605646925058,
      0.5352183375239907,
      0.5591991053414559,
      0.5042442009209873,
      0.459372309894262,
      0.4591928483126406,
      0.4280452051919377,
      0.5442578861567967,
      0.5471924398473637,
      0.5230715298188661,
      0.39821675175321314,
      0.39167905740306047,
      0.3569440109599493,
      0.3663468352535706,
      0.3505522917242286,
      0.3852068724121876,
      0.3910888939292845,
      0.37803933457164707,
      0.32765851433048704,
      0.37020020699518885,
      0.35104621874536585,
      0.3464460401388699,
      0.36751307679150635,
      0.35845632105173464,
      0.39299439322538005,
      0.3977864672591586,
      0.42007305304670406,
      0.46548805421519424,
      0.43869587593449805,
      0.39524190945628873,
      0.3995357110114868,
      0.38666657673830757,
      0.43916136781255644,
      0.39392346198151923,
      0.49286982475551305,
      0.46024822211729555,
      0.34548729296305225,
      0.3711616632913401,
      0.40515910892964835,
      0.3728278256952763,
      0.34615541409009587,
      0.333272866862352,
      0.4126148689471319,
      0.4187061224824297,
      0.4222520071321619,
      0.4723169229433922,
      0.44108924656927945,
      0.39797149828808037,
      0.4210113497819015,
      0.46588958718641077,
      0.4123232150863031,
      0.4291968574156304,
      0.4970832074652175,
      0.46284483701526047,
      0.43799729511409463,
      0.520146292501581,
      0.4478245378522102,
      0.4436833561626737,
      0.4300054034876252,
      0.46759765558613986,
      0.46553511228746997,
      0.5144595462761953,
      0.4381337414690834,
      0.3660033745680027,
      0.39460898439684317,
      0.4277557463569199,
      0.49153936123419667,
      0.4776520241877276,
      0.49079758266132034
    ],
    "best_epoch": 32,
    "best_val_loss": 0.32765851433048704,
    "test_loss": 0.3805233982957579,
    "tracker": {
      "initial_train_loss": 0.3700762129256829,
      "train_threshold": 0.1233587376418943,
      "best_tracking": true,
      "patience_active": true,
      "patience_best_train": null,
      "patience_best_val": 0.32765851433048704,
      "patience_no_improve_epochs": 50,
      "best_train_loss": Infinity,
      "forced_stop_due_to_threshold": false
    }
  },
  "model_files": {
    "best": "scripts/outputs/lstm-other-value/trial_31_a3aa95/best_model.pt",
    "last": "scripts/outputs/lstm-other-value/trial_31_a3aa95/last_model.pt"
  },
  "config_path": "/home/amoris/data-analysis-on-dbps/scripts/outputs/lstm-other-value/trial_31_a3aa95/config.yaml"
}