{
  "model_name": "rnn-trc-value/trial_51_6c7fe5",
  "model_type": "RNN",
  "model_format": "torch",
  "model_params": {
    "history_length": 133,
    "units": 152,
    "num_layers": 5,
    "dropout": 0.2113563101299729
  },
  "training_params": {
    "max_epochs": 500,
    "batch_size": 163,
    "learning_rate": 0.0003627825999141578,
    "weight_decay": 0.0006549949338211873,
    "checkpoint_interval": 10,
    "seed": 947
  },
  "data_csv": "data/time_aligned_data.csv",
  "timestamp_column": "Date, Time",
  "columns": [
    "TRC-DT",
    "TRC-RT",
    "TRC-PPL1",
    "TRC-PPL2",
    "pH-DT",
    "pH-RT",
    "pH-PPL1",
    "pH-PPL2",
    "cond-DT",
    "cond-PPL1",
    "cond-PPL2",
    "fDOM-RT",
    "fDOM-PPL1",
    "fDOM-PPL2",
    "DO-RT",
    "DO-PPL1",
    "DO-PPL2",
    "TOC-RT",
    "TOC-PPL1",
    "TOC-PPL2",
    "DOC-RT",
    "DOC-PPL1",
    "DOC-PPL2",
    "minutes_since_start"
  ],
  "feature_columns": [
    "TRC-DT",
    "TRC-RT",
    "pH-DT",
    "pH-RT",
    "cond-DT",
    "fDOM-RT",
    "DO-RT",
    "TOC-RT",
    "DOC-RT",
    "minutes_since_start"
  ],
  "target_columns": [
    "TRC-PPL1",
    "TRC-PPL2"
  ],
  "split_boundaries": {
    "train_end": 7796,
    "val_end": 9466,
    "test_end": 11138
  },
  "dataset_sizes": {
    "train": 7664,
    "val": 1670,
    "test": 1672
  },
  "input_dim": 10,
  "sequence_length": 133,
  "training_history": {
    "epochs": [
      1,
      2,
      3,
      4,
      5,
      6,
      7,
      8,
      9,
      10,
      11,
      12,
      13,
      14,
      15,
      16,
      17,
      18,
      19,
      20,
      21,
      22,
      23,
      24,
      25,
      26,
      27,
      28,
      29,
      30,
      31,
      32,
      33,
      34,
      35,
      36,
      37,
      38,
      39,
      40,
      41,
      42,
      43,
      44,
      45,
      46,
      47,
      48,
      49,
      50,
      51,
      52,
      53,
      54,
      55,
      56,
      57,
      58,
      59,
      60,
      61,
      62,
      63,
      64,
      65,
      66,
      67,
      68,
      69,
      70,
      71,
      72,
      73,
      74,
      75,
      76,
      77,
      78,
      79,
      80
    ],
    "train_loss": [
      0.3451610602203189,
      0.1384481593134321,
      0.0817802452957666,
      0.06447313553342568,
      0.052551331405507475,
      0.05225546315549591,
      0.04404772797284457,
      0.04383176588963733,
      0.0408449784151642,
      0.036057431215084,
      0.037802350316303614,
      0.0336312151089649,
      0.036446177497377816,
      0.034938658192940446,
      0.03079249748900836,
      0.03320406142710698,
      0.032524061503373905,
      0.0270439321260281,
      0.027946086092715955,
      0.026468987973301918,
      0.026423827261374273,
      0.026104465178029303,
      0.028278355853921792,
      0.02598152266638373,
      0.02744489737508317,
      0.028067052979479177,
      0.02656450130299146,
      0.02915303798373944,
      0.028020671755707355,
      0.02405854988413511,
      0.02559043042238273,
      0.025062039060205113,
      0.023679355656810053,
      0.024267323259609345,
      0.02255112908528787,
      0.02283441617847702,
      0.024616392011441182,
      0.027783513017385686,
      0.0289488222837907,
      0.025832368270202397,
      0.03205418657771038,
      0.023662427980316675,
      0.025291758512889496,
      0.02409744335679699,
      0.025235529552628956,
      0.022784232903236185,
      0.021938603515138884,
      0.02706374148928146,
      0.02458689637270237,
      0.02884014484804077,
      0.023735723573916703,
      0.024063812223426406,
      0.020376669285752828,
      0.02056994068165094,
      0.02209313817605151,
      0.02075812837003491,
      0.023113621813429828,
      0.021789287938906506,
      0.020003119622851045,
      0.02218734866201621,
      0.048478184794299384,
      0.1977864037491945,
      0.06030455972617278,
      0.04158239927636712,
      0.03993437090637804,
      0.03446965828554468,
      0.035108730499292404,
      0.048500419679653906,
      0.029760376568485073,
      0.032183634329418065,
      0.03124041777222742,
      0.034549656207308696,
      0.027072546504912334,
      0.025777445034277556,
      0.031601775981756106,
      0.028799181688860805,
      0.03322170716299654,
      0.025211890126320403,
      0.024201446698175547,
      0.024491776450000516
    ],
    "val_loss": [
      0.3157883952500042,
      0.41251063468213567,
      0.3452516068509239,
      0.28809967378299395,
      0.2982840048048846,
      0.29240632802694144,
      0.2897841788560687,
      0.31641330091940784,
      0.29390305037872344,
      0.3172385532219342,
      0.29810981684013044,
      0.30106403130569503,
      0.3042041547540687,
      0.29331162933505583,
      0.31454125584220277,
      0.28797058658283986,
      0.2829528879753487,
      0.29401067523564584,
      0.30923352590957265,
      0.31081149050865525,
      0.29094538494141514,
      0.27210141646781727,
      0.3084196908644841,
      0.29283730131155716,
      0.2995493864908279,
      0.30878177036916066,
      0.29290215589864527,
      0.2942003387690126,
      0.28608509316973524,
      0.2891162399001821,
      0.29096362071702936,
      0.29377922900578757,
      0.2869424037311873,
      0.2946097047319134,
      0.28941601700411584,
      0.2814189385923886,
      0.29136170984251414,
      0.29954008089188866,
      0.29667289418330095,
      0.2965668499090536,
      0.2947419874872009,
      0.29519490485308236,
      0.2751664110877646,
      0.2821839788415564,
      0.28472624078928355,
      0.286426352653764,
      0.2831715597520153,
      0.27393022297998654,
      0.27979447475584324,
      0.2785626759696863,
      0.28661384241108945,
      0.27947196623834664,
      0.27658214804097386,
      0.2825196102573843,
      0.27644005285765594,
      0.28211483845409163,
      0.28467530871735897,
      0.28036586947872966,
      0.28780317354813484,
      0.27642283307243426,
      0.47071735118989816,
      0.3158560736673678,
      0.3229281780538623,
      0.29604364689774143,
      0.3369361249261541,
      0.33257836387855205,
      0.3231012470652154,
      0.30220757040144974,
      0.3058032549538477,
      0.3061295882168555,
      0.3172475270659267,
      0.3127704345559824,
      0.31137834730095226,
      0.3181707412026778,
      0.30431447207459256,
      0.30884954035059065,
      0.30027087531805396,
      0.3111844182739447,
      0.3124773416657023,
      0.33116549804003653
    ],
    "best_epoch": 22,
    "best_val_loss": 0.27210141646781727,
    "test_loss": 4.784374522178937,
    "tracker": {
      "initial_train_loss": 0.3451610602203189,
      "train_threshold": 0.1150536867401063,
      "best_tracking": true,
      "patience_active": true,
      "patience_best_train": null,
      "patience_best_val": 0.27210141646781727,
      "patience_no_improve_epochs": 58,
      "best_train_loss": Infinity,
      "forced_stop_due_to_threshold": false
    }
  },
  "model_files": {
    "best": "scripts/outputs/rnn-trc-value/trial_51_6c7fe5/best_model.pt",
    "last": "scripts/outputs/rnn-trc-value/trial_51_6c7fe5/last_model.pt"
  },
  "config_path": "/home/amoris/data-analysis-on-dbps/scripts/outputs/rnn-trc-value/trial_51_6c7fe5/config.yaml"
}