{
  "model_name": "gru-trc-value/trial_25_db5d44",
  "model_type": "GRU",
  "model_format": "torch",
  "model_params": {
    "history_length": 129,
    "units": 275,
    "num_layers": 7,
    "dropout": 0.3646856150449474
  },
  "training_params": {
    "max_epochs": 500,
    "batch_size": 206,
    "learning_rate": 0.00022841152411854114,
    "weight_decay": 0.0002433482733817047,
    "checkpoint_interval": 10,
    "seed": 947
  },
  "data_csv": "data/time_aligned_data.csv",
  "timestamp_column": "Date, Time",
  "columns": [
    "TRC-DT",
    "TRC-RT",
    "TRC-PPL1",
    "TRC-PPL2",
    "pH-DT",
    "pH-RT",
    "pH-PPL1",
    "pH-PPL2",
    "cond-DT",
    "cond-PPL1",
    "cond-PPL2",
    "fDOM-RT",
    "fDOM-PPL1",
    "fDOM-PPL2",
    "DO-RT",
    "DO-PPL1",
    "DO-PPL2",
    "TOC-RT",
    "TOC-PPL1",
    "TOC-PPL2",
    "DOC-RT",
    "DOC-PPL1",
    "DOC-PPL2",
    "minutes_since_start"
  ],
  "feature_columns": [
    "TRC-DT",
    "TRC-RT",
    "pH-DT",
    "pH-RT",
    "cond-DT",
    "fDOM-RT",
    "DO-RT",
    "TOC-RT",
    "DOC-RT",
    "minutes_since_start"
  ],
  "target_columns": [
    "TRC-PPL1",
    "TRC-PPL2"
  ],
  "split_boundaries": {
    "train_end": 7796,
    "val_end": 9466,
    "test_end": 11138
  },
  "dataset_sizes": {
    "train": 7668,
    "val": 1670,
    "test": 1672
  },
  "input_dim": 10,
  "sequence_length": 129,
  "training_history": {
    "epochs": [
      1,
      2,
      3,
      4,
      5,
      6,
      7,
      8,
      9,
      10,
      11,
      12,
      13,
      14,
      15,
      16,
      17,
      18,
      19,
      20,
      21,
      22,
      23,
      24,
      25,
      26,
      27,
      28,
      29,
      30,
      31,
      32,
      33,
      34,
      35,
      36,
      37,
      38,
      39,
      40,
      41,
      42,
      43,
      44,
      45,
      46,
      47,
      48,
      49,
      50,
      51,
      52,
      53,
      54,
      55,
      56,
      57,
      58,
      59,
      60,
      61,
      62,
      63,
      64,
      65,
      66,
      67,
      68,
      69,
      70,
      71,
      72,
      73,
      74,
      75,
      76,
      77,
      78,
      79,
      80
    ],
    "train_loss": [
      0.4266046033234539,
      0.16264477450678483,
      0.12197939340699508,
      0.08637188630344722,
      0.06488833783692877,
      0.05863237080159881,
      0.05237321022472378,
      0.046842123807860216,
      0.04351794824925294,
      0.04501418278095432,
      0.03911476398550506,
      0.03610137560204192,
      0.03591006845828529,
      0.034256441617286415,
      0.040111276019417066,
      0.037943527854038483,
      0.032663087132709934,
      0.029329840621940623,
      0.02933047634360454,
      0.02875694098124979,
      0.027999298607694432,
      0.02891625466926075,
      0.026843076474171754,
      0.025490687375457788,
      0.026032601182441818,
      0.030156703918480476,
      0.025920746580784557,
      0.026627071709000447,
      0.024802284568342214,
      0.024620117685705593,
      0.02394346992184501,
      0.028020448489605325,
      0.027488549148112957,
      0.023929041964825423,
      0.0229616721739325,
      0.024108696410730754,
      0.02280081026586444,
      0.021941968450205178,
      0.02183362681624646,
      0.021302639520846125,
      0.023261471416842025,
      0.021920057686009815,
      0.021294122278091805,
      0.02474966185943777,
      0.020685701196198048,
      0.02091868207670931,
      0.02083190391714654,
      0.020385968379859013,
      0.02047275782338828,
      0.020900638245462004,
      0.022901105746941666,
      0.019342586162986394,
      0.019993434185001865,
      0.01971776064448389,
      0.019540706989255793,
      0.019869356317543774,
      0.019326439834198388,
      0.019745653665230557,
      0.019539172005687583,
      0.019374506027244876,
      0.020070970046781413,
      0.019196225542052376,
      0.018180959328939098,
      0.018651030093905636,
      0.020293386637033523,
      0.019378925931635597,
      0.020299550988767286,
      0.020465819460976756,
      0.01932906756983039,
      0.01895463035889378,
      0.018919401004401325,
      0.018527103444181448,
      0.01864225833628659,
      0.017903177065937064,
      0.018065576150578078,
      0.020118051713811556,
      0.019278634930574606,
      0.018644192817401827,
      0.018536385035566913,
      0.018355388423631012
    ],
    "val_loss": [
      0.371817968442233,
      0.36729557335733654,
      0.24644667655229568,
      0.2504693330226544,
      0.3782358666469237,
      0.29243303829146,
      0.44401364757450756,
      0.3144328120047461,
      0.23285139883885125,
      0.3090354142297885,
      0.5818085308471126,
      0.7503969551114265,
      0.3591398225260709,
      0.7166348656672917,
      0.3646204055716356,
      0.7354860686836485,
      0.49540582588779,
      0.8677618231178222,
      0.5905433069200752,
      0.8896055330929463,
      0.7589128933177737,
      1.0759128021712074,
      0.8988089024485229,
      0.7773950148976134,
      1.295441897251381,
      0.48287478810968154,
      0.394825389086754,
      0.5572919624695878,
      0.5753418982028962,
      0.5844730494198149,
      0.6628015787190128,
      0.29480623663765587,
      0.38095063996573764,
      0.4241927703786753,
      0.39853098308611773,
      0.3829490548167043,
      0.5017302624725117,
      0.4535834364146886,
      0.45726131655855806,
      0.44803851129944455,
      0.5170612518190445,
      0.4332334089845776,
      0.3900383356021728,
      0.3584320641585631,
      0.449025545307173,
      0.37492224676478764,
      0.44627735421373815,
      0.43307949537020957,
      0.43407258722641157,
      0.5133360269362341,
      0.38486820716120884,
      0.4414231570850232,
      0.37655696893211255,
      0.41312479090815535,
      0.5034266681014421,
      0.41405835496540555,
      0.43771380822949424,
      0.4214692072485557,
      0.41353639367811695,
      0.4230565714421208,
      0.3709281608261569,
      0.42888394884631303,
      0.4329774198953263,
      0.4507329473037741,
      0.4544508130830562,
      0.4362007826700539,
      0.4702948243184361,
      0.41202047473031606,
      0.3806393762258534,
      0.39311828967295365,
      0.3855995260736721,
      0.4149110972412867,
      0.38391877658397494,
      0.43379493280129877,
      0.4024626991438295,
      0.43465061494021,
      0.4262709402797108,
      0.4590746019080192,
      0.43727043284449035,
      0.4031629392263775
    ],
    "best_epoch": 9,
    "best_val_loss": 0.23285139883885125,
    "test_loss": 5.402140166770899,
    "tracker": {
      "initial_train_loss": 0.4266046033234539,
      "train_threshold": 0.1422015344411513,
      "best_tracking": true,
      "patience_active": true,
      "patience_best_train": null,
      "patience_best_val": 0.23285139883885125,
      "patience_no_improve_epochs": 71,
      "best_train_loss": Infinity,
      "forced_stop_due_to_threshold": false
    }
  },
  "model_files": {
    "best": "scripts/outputs/gru-trc-value/trial_25_db5d44/best_model.pt",
    "last": "scripts/outputs/gru-trc-value/trial_25_db5d44/last_model.pt"
  },
  "config_path": "/home/amoris/data-analysis-on-dbps/scripts/outputs/gru-trc-value/trial_25_db5d44/config.yaml"
}