{
  "model_name": "lstm-trc-value/trial_3_9c6326",
  "model_type": "LSTM",
  "model_format": "torch",
  "model_params": {
    "history_length": 190,
    "units": 137,
    "num_layers": 15,
    "dropout": 0.44329427609750455
  },
  "training_params": {
    "max_epochs": 500,
    "batch_size": 253,
    "learning_rate": 0.0008664586519956841,
    "weight_decay": 0.0009258673744875987,
    "checkpoint_interval": 10,
    "seed": 947
  },
  "data_csv": "data/time_aligned_data.csv",
  "timestamp_column": "Date, Time",
  "columns": [
    "TRC-DT",
    "TRC-RT",
    "TRC-PPL1",
    "TRC-PPL2",
    "pH-DT",
    "pH-RT",
    "pH-PPL1",
    "pH-PPL2",
    "cond-DT",
    "cond-PPL1",
    "cond-PPL2",
    "fDOM-RT",
    "fDOM-PPL1",
    "fDOM-PPL2",
    "DO-RT",
    "DO-PPL1",
    "DO-PPL2",
    "TOC-RT",
    "TOC-PPL1",
    "TOC-PPL2",
    "DOC-RT",
    "DOC-PPL1",
    "DOC-PPL2",
    "minutes_since_start"
  ],
  "feature_columns": [
    "TRC-DT",
    "TRC-RT",
    "pH-DT",
    "pH-RT",
    "cond-DT",
    "fDOM-RT",
    "DO-RT",
    "TOC-RT",
    "DOC-RT",
    "minutes_since_start"
  ],
  "target_columns": [
    "TRC-PPL1",
    "TRC-PPL2"
  ],
  "split_boundaries": {
    "train_end": 7796,
    "val_end": 9466,
    "test_end": 11138
  },
  "dataset_sizes": {
    "train": 7607,
    "val": 1670,
    "test": 1672
  },
  "input_dim": 10,
  "sequence_length": 190,
  "training_history": {
    "epochs": [
      1,
      2,
      3,
      4,
      5,
      6,
      7,
      8,
      9,
      10,
      11,
      12,
      13,
      14,
      15,
      16,
      17,
      18,
      19,
      20,
      21,
      22,
      23,
      24,
      25,
      26,
      27,
      28,
      29,
      30,
      31,
      32,
      33,
      34,
      35,
      36,
      37,
      38,
      39,
      40,
      41,
      42,
      43,
      44,
      45,
      46,
      47,
      48,
      49,
      50
    ],
    "train_loss": [
      1.0047018310079379,
      1.0038244809053787,
      1.0034197522193855,
      1.0042138497361188,
      1.0036758219300956,
      1.003409472326106,
      1.0035331493234516,
      1.0034771148456731,
      1.0033881991329872,
      1.0032603989469249,
      1.0035533239325258,
      1.003450657176771,
      1.0032999923214487,
      1.0033542156313509,
      1.0033611254371135,
      1.0033424542331657,
      1.0034647050912455,
      1.0034438822121192,
      1.0033217036835356,
      1.0033021021315534,
      1.0035722434042755,
      1.0034923344807445,
      1.0033481563142115,
      1.003286761727928,
      1.003291289110887,
      1.0032943208145222,
      1.0033395738486972,
      1.0032955025488872,
      1.0033233811307771,
      1.0032808996538178,
      1.0033645501929105,
      1.003258100724399,
      1.0033906250819906,
      1.003272822499667,
      1.0032696365072111,
      1.0033012087984186,
      1.0034511140334053,
      1.0032856768951852,
      1.0033273255447372,
      1.0034630162511875,
      1.0033344891971776,
      1.0033152273767831,
      1.0033836466372523,
      1.0032654780430754,
      1.0032945637071715,
      1.0032514904697825,
      1.0032987166394445,
      1.003285946146455,
      1.0034087622026209,
      1.0036071922002743
    ],
    "val_loss": [
      0.360544452901015,
      0.34446299860398927,
      0.34469553346405485,
      0.35389950114809826,
      0.347194737970026,
      0.3463637942794019,
      0.3451650756651056,
      0.3456151827054466,
      0.3487823413071518,
      0.34315442727979073,
      0.3460062693336053,
      0.3431793162744202,
      0.3506090798175442,
      0.3485695038749251,
      0.34565527993672623,
      0.34766269195267185,
      0.35080506240580966,
      0.34853498901346486,
      0.3443712357364729,
      0.34586519933121646,
      0.34579808204741536,
      0.34697092415285324,
      0.34642757967917504,
      0.34677570664552515,
      0.3478153205783424,
      0.3449686622570553,
      0.3443543577466361,
      0.34940372453835195,
      0.3461288525918108,
      0.3459803896325969,
      0.347209754483607,
      0.3450866880263397,
      0.34660054641569443,
      0.3454919130368504,
      0.3477954775652664,
      0.3491851805480654,
      0.3460990536467222,
      0.34825381907874237,
      0.34755914939600907,
      0.3488257402699151,
      0.34784945028940006,
      0.34793191385081784,
      0.3452982881669691,
      0.34715557673020275,
      0.34550876794996377,
      0.34678797113547427,
      0.34754511127750315,
      0.3446453216011653,
      0.34228226706430226,
      0.347617886793203
    ],
    "best_epoch": 50,
    "best_val_loss": 0.347617886793203,
    "test_loss": 5.647674534665911,
    "tracker": {
      "initial_train_loss": 1.0047018310079379,
      "train_threshold": 0.3349006103359793,
      "best_tracking": false,
      "patience_active": true,
      "patience_best_train": null,
      "patience_best_val": 0.34228226706430226,
      "patience_no_improve_epochs": 1,
      "best_train_loss": Infinity,
      "forced_stop_due_to_threshold": true
    }
  },
  "model_files": {
    "best": "scripts/outputs/lstm-trc-value/trial_3_9c6326/best_model.pt",
    "last": "scripts/outputs/lstm-trc-value/trial_3_9c6326/last_model.pt"
  },
  "config_path": "/home/amoris/data-analysis-on-dbps/scripts/outputs/lstm-trc-value/trial_3_9c6326/config.yaml"
}