{
  "model_name": "rnn-other-value/trial_1_687d58",
  "model_type": "RNN",
  "model_format": "torch",
  "model_params": {
    "history_length": 49,
    "units": 106,
    "num_layers": 2,
    "dropout": 0.47873095970515644
  },
  "training_params": {
    "max_epochs": 500,
    "batch_size": 221,
    "learning_rate": 0.00030858795908963766,
    "weight_decay": 0.0006442384675303703,
    "checkpoint_interval": 10,
    "seed": 947
  },
  "data_csv": "data/time_aligned_data.csv",
  "timestamp_column": "Date, Time",
  "columns": [
    "TRC-DT",
    "TRC-RT",
    "TRC-PPL1",
    "TRC-PPL2",
    "pH-DT",
    "pH-RT",
    "pH-PPL1",
    "pH-PPL2",
    "cond-DT",
    "cond-PPL1",
    "cond-PPL2",
    "fDOM-RT",
    "fDOM-PPL1",
    "fDOM-PPL2",
    "DO-RT",
    "DO-PPL1",
    "DO-PPL2",
    "TOC-RT",
    "TOC-PPL1",
    "TOC-PPL2",
    "DOC-RT",
    "DOC-PPL1",
    "DOC-PPL2",
    "minutes_since_start"
  ],
  "feature_columns": [
    "TRC-DT",
    "TRC-RT",
    "pH-DT",
    "pH-RT",
    "cond-DT",
    "fDOM-RT",
    "DO-RT",
    "TOC-RT",
    "DOC-RT",
    "minutes_since_start"
  ],
  "target_columns": [
    "TOC-PPL1",
    "TOC-PPL2",
    "DOC-PPL1",
    "DOC-PPL2",
    "pH-PPL1",
    "pH-PPL2"
  ],
  "split_boundaries": {
    "train_end": 7796,
    "val_end": 9466,
    "test_end": 11138
  },
  "dataset_sizes": {
    "train": 7748,
    "val": 1670,
    "test": 1672
  },
  "input_dim": 10,
  "sequence_length": 49,
  "training_history": {
    "epochs": [
      1,
      2,
      3,
      4,
      5,
      6,
      7,
      8,
      9,
      10,
      11,
      12,
      13,
      14,
      15,
      16,
      17,
      18,
      19,
      20,
      21,
      22,
      23,
      24,
      25,
      26,
      27,
      28,
      29,
      30,
      31,
      32,
      33,
      34,
      35,
      36,
      37,
      38,
      39,
      40,
      41,
      42,
      43,
      44,
      45,
      46,
      47,
      48,
      49,
      50,
      51,
      52,
      53,
      54,
      55,
      56,
      57,
      58,
      59,
      60,
      61,
      62,
      63,
      64,
      65,
      66,
      67,
      68,
      69,
      70,
      71,
      72,
      73,
      74,
      75,
      76,
      77,
      78,
      79,
      80
    ],
    "train_loss": [
      0.5938005438887033,
      0.3118544319932093,
      0.26559667359262507,
      0.24892304512678376,
      0.2359211586615783,
      0.21911734947622222,
      0.20258536382309542,
      0.19551115521798598,
      0.18604018841713868,
      0.17881054243685415,
      0.18214182170645501,
      0.1680211917115938,
      0.1623832800194321,
      0.15924186209504237,
      0.15086085459329937,
      0.1417714828787834,
      0.14170167151363505,
      0.12728446343251124,
      0.1341888981077495,
      0.11928753908598583,
      0.11675526341735917,
      0.11373471672452937,
      0.11360736806320663,
      0.11165172927981655,
      0.1066259605397514,
      0.11117270402610302,
      0.10261488259588712,
      0.10256152160015682,
      0.10297165014749805,
      0.09892227831952924,
      0.10006492998726016,
      0.09378079632484673,
      0.09727674996442842,
      0.08818947023793355,
      0.08617680949227721,
      0.08616127145020354,
      0.08163869054675502,
      0.0832432855245651,
      0.08868702551687524,
      0.07977910005431248,
      0.07910973346173364,
      0.07759208651572067,
      0.07400987158535711,
      0.07785515340307615,
      0.07435391455788741,
      0.07630851307271311,
      0.07168485171117839,
      0.07710638134771546,
      0.07937743446020872,
      0.0795440970288727,
      0.07130739631618829,
      0.06685651415621474,
      0.06888467774745202,
      0.07093890959509468,
      0.06809205650008165,
      0.06517912821231672,
      0.06449516225081162,
      0.06547754051026282,
      0.06600062405353024,
      0.06197928070346981,
      0.06199329126401235,
      0.06572456255355137,
      0.06626094831466275,
      0.0648457067424819,
      0.06360331083329132,
      0.05950204844292778,
      0.05946574972679951,
      0.05754948969330364,
      0.06314629326330735,
      0.06014645123391744,
      0.05816536227978716,
      0.06047958166857294,
      0.059057634261330504,
      0.05512445545661569,
      0.05900841527587215,
      0.06354145000644978,
      0.0601704654802612,
      0.05483279574737453,
      0.054235339771031135,
      0.05535786530790513
    ],
    "val_loss": [
      0.4577823697539147,
      0.3870264605579976,
      0.3836763435495114,
      0.4069882180787132,
      0.34787916451871037,
      0.3916640880222092,
      0.46373979352905365,
      0.486818631965957,
      0.6301700939095306,
      0.5945633203371199,
      0.6347413428975437,
      0.673880622442254,
      0.6539787177241848,
      0.7050580840423971,
      0.7031854258058314,
      0.7561522472025213,
      0.7420035709030257,
      0.7810147781571942,
      0.7543637023402189,
      0.7593363124475686,
      0.7871347291673907,
      0.7738502492447813,
      0.8238088459401074,
      0.7885371652370441,
      0.8343725516366031,
      0.8711227645372559,
      0.8784884280073428,
      0.8841382963750177,
      0.8449290329512364,
      0.8546111371613548,
      0.8674881070361523,
      0.8773673017314094,
      0.8858375264632845,
      0.9099464980651162,
      0.9355294774927779,
      0.9060081158926387,
      0.9167042765967146,
      0.9384507581457764,
      0.9126901239692095,
      0.9565992450642729,
      0.9257092794436894,
      0.9580933431397655,
      1.012612206734226,
      0.8839504263402816,
      0.9454851850778043,
      0.914869044631898,
      1.019104936848322,
      0.8587703614891646,
      0.8497623508740328,
      0.8663930025286304,
      0.8736756067165358,
      0.9351597798887841,
      0.8836533439373542,
      0.9074310545971294,
      0.9519054464505105,
      0.9693476219109433,
      0.998683335980077,
      0.9487274799518243,
      0.8759242317767557,
      0.939522651243888,
      0.8457829752591198,
      0.849270148481616,
      0.9659181572363048,
      0.9077230148642006,
      0.822047538778739,
      0.8936441634452629,
      0.8845508011069126,
      0.946492808138182,
      0.8842848398862128,
      0.9835807838215086,
      0.9093072113519657,
      0.9591204524441751,
      0.8743267393754628,
      0.8242048008802408,
      0.9350119791300354,
      0.9533391491872465,
      0.9491470565740576,
      0.9178517787934777,
      0.9312928359308642,
      0.8710642850193792
    ],
    "best_epoch": 8,
    "best_val_loss": 0.486818631965957,
    "test_loss": 0.47804282707246865,
    "tracker": {
      "initial_train_loss": 0.5938005438887033,
      "train_threshold": 0.19793351462956776,
      "best_tracking": true,
      "patience_active": true,
      "patience_best_train": null,
      "patience_best_val": 0.486818631965957,
      "patience_no_improve_epochs": 73,
      "best_train_loss": Infinity,
      "forced_stop_due_to_threshold": false
    }
  },
  "model_files": {
    "best": "scripts/outputs/rnn-other-value/trial_1_687d58/best_model.pt",
    "last": "scripts/outputs/rnn-other-value/trial_1_687d58/last_model.pt"
  },
  "config_path": "/home/amoris/data-analysis-on-dbps/scripts/outputs/rnn-other-value/trial_1_687d58/config.yaml"
}