{
  "model_name": "mlp_with_history-trc-value/trial_31_9a12fb",
  "model_type": "MLP_WITH_HISTORY",
  "model_format": "torch",
  "model_params": {
    "history_length": 49,
    "hidden_layers": [
      4096,
      3072,
      2048,
      1024,
      768,
      512,
      256,
      128
    ],
    "dropout": 0.31389347855453503,
    "mid_layer_count": 4,
    "mid_layer_size": 880
  },
  "training_params": {
    "max_epochs": 500,
    "batch_size": 463,
    "learning_rate": 0.0014572808902591652,
    "weight_decay": 0.0006510161421121642,
    "checkpoint_interval": 10,
    "seed": 77
  },
  "data_csv": "data/time_aligned_data.csv",
  "timestamp_column": "Date, Time",
  "columns": [
    "TRC-DT",
    "TRC-RT",
    "TRC-PPL1",
    "TRC-PPL2",
    "pH-DT",
    "pH-RT",
    "pH-PPL1",
    "pH-PPL2",
    "cond-DT",
    "cond-PPL1",
    "cond-PPL2",
    "fDOM-RT",
    "fDOM-PPL1",
    "fDOM-PPL2",
    "DO-RT",
    "DO-PPL1",
    "DO-PPL2",
    "TOC-RT",
    "TOC-PPL1",
    "TOC-PPL2",
    "DOC-RT",
    "DOC-PPL1",
    "DOC-PPL2",
    "minutes_since_start"
  ],
  "feature_columns": [
    "TRC-DT",
    "TRC-RT",
    "pH-DT",
    "pH-RT",
    "cond-DT",
    "fDOM-RT",
    "DO-RT",
    "TOC-RT",
    "DOC-RT",
    "minutes_since_start"
  ],
  "target_columns": [
    "TRC-PPL1",
    "TRC-PPL2"
  ],
  "split_boundaries": {
    "train_end": 7796,
    "val_end": 9466,
    "test_end": 11138
  },
  "dataset_sizes": {
    "train": 7748,
    "val": 1670,
    "test": 1672
  },
  "input_dim": 490,
  "sequence_length": null,
  "training_history": {
    "epochs": [
      1,
      2,
      3,
      4,
      5,
      6,
      7,
      8,
      9,
      10,
      11,
      12,
      13,
      14,
      15,
      16,
      17,
      18,
      19,
      20,
      21,
      22,
      23,
      24,
      25,
      26,
      27,
      28,
      29,
      30,
      31,
      32,
      33,
      34,
      35,
      36,
      37,
      38,
      39,
      40,
      41,
      42,
      43,
      44,
      45,
      46,
      47,
      48,
      49,
      50,
      51,
      52,
      53,
      54,
      55,
      56,
      57,
      58,
      59,
      60,
      61,
      62,
      63,
      64,
      65,
      66,
      67,
      68,
      69,
      70,
      71,
      72,
      73,
      74,
      75,
      76,
      77,
      78,
      79,
      80
    ],
    "train_loss": [
      0.9667549686882382,
      0.508183949861135,
      0.26005309774787017,
      0.184238723614318,
      0.1823291222117245,
      0.1578477737933751,
      0.14934136998725725,
      0.14663226540052804,
      0.13690144966789664,
      0.13145196759687697,
      0.13042358769258705,
      0.126774265440003,
      0.12465186504513472,
      0.12829428635610707,
      0.13898721658401134,
      0.12368627307791345,
      0.12108399727846705,
      0.12476147871289477,
      0.11787088131209933,
      0.11923230402402399,
      0.10765170902552282,
      0.09826544367996269,
      0.09719707844726007,
      0.10016457531668503,
      0.09479580815760327,
      0.08181466505308402,
      0.08305319252187866,
      0.08271867243374016,
      0.07748786567926222,
      0.07998851382269279,
      0.07197107409334284,
      0.07142621575805196,
      0.07058999949713296,
      0.08456561816726448,
      0.0763799923351424,
      0.07491620317838074,
      0.07102834841714394,
      0.06466840131513132,
      0.06493970512224494,
      0.06512307762382306,
      0.066083134799161,
      0.06544260254728852,
      0.06816429865369107,
      0.08652325927063045,
      0.07517677537662255,
      0.06657368228297197,
      0.06393652835069441,
      0.06728174663920515,
      0.06287917598580031,
      0.06514806721444114,
      0.06009430807395408,
      0.06365802582203342,
      0.06338975502579065,
      0.06277178403972872,
      0.05740567242364155,
      0.06606140434472722,
      0.07153352521596477,
      0.06482114815275787,
      0.06444228360564994,
      0.06059024377284157,
      0.05783679566712003,
      0.060848526409012206,
      0.06328404996261408,
      0.06155507857288644,
      0.05682376384106212,
      0.05756255323197125,
      0.05733115539997124,
      0.058544275100368415,
      0.05443883379637641,
      0.055993118854677115,
      0.05807087426283,
      0.055849751281115925,
      0.05509229089437792,
      0.05467986951884561,
      0.05420142434975907,
      0.055238495125047284,
      0.055208856917852336,
      0.054092189472574485,
      0.05718045635317165,
      0.05749304166999316
    ],
    "val_loss": [
      0.31852248309258213,
      0.3430119105709527,
      0.27484370389295193,
      0.1412614214696927,
      0.2196154626833643,
      0.21915790184350784,
      0.6202704662959019,
      0.24342011730047222,
      0.25588566937935564,
      0.36336867438328124,
      0.3021130912686269,
      0.282927016485594,
      0.27642051016543795,
      0.29476452651851903,
      0.26855055853992166,
      0.36836003259962014,
      0.28685997838522503,
      0.27043725824552384,
      0.28111267204948526,
      0.25185757460529934,
      0.2605366189311632,
      0.2622435776137574,
      0.30463742444927466,
      0.30250223390869574,
      0.28646032101848345,
      0.3986191996066513,
      0.32032235096917,
      0.38246453730333707,
      0.46642812042424603,
      0.41506577167035397,
      0.4068953137398658,
      0.45698172198998893,
      0.4916302714797997,
      0.33746435500257566,
      0.5249463490729114,
      0.48540766453537754,
      0.5902401563304359,
      0.4470374069974094,
      0.5445706016590406,
      0.6371005041435539,
      0.5202950611454017,
      0.4962644146130738,
      0.4276625995975947,
      0.4076944902851553,
      0.5093307264729174,
      0.6401583161338896,
      0.4397190585988992,
      0.7554965144681359,
      0.4924886042307951,
      0.522796987167777,
      0.49543073270135296,
      0.4871049320938701,
      0.4925715304777294,
      0.6883936732048225,
      0.5359376739364808,
      0.5522613751406441,
      0.46188484778415834,
      0.5105763883625497,
      0.6177283125567044,
      0.5921338642517964,
      0.4598626641969302,
      0.7610719752157787,
      0.2688268841673693,
      0.5743785661349664,
      0.5369368062560965,
      0.45695503706525187,
      0.40197183368671796,
      0.6039117623722838,
      0.4686343684759058,
      0.3905817040537824,
      0.37169348965594157,
      0.41278684705629676,
      0.5944608035837551,
      0.5727986179459506,
      0.4317901896948586,
      0.3666141534212999,
      0.46829042200244475,
      0.6938445397859027,
      0.4101003776767297,
      0.4551510742201866
    ],
    "best_epoch": 4,
    "best_val_loss": 0.1412614214696927,
    "test_loss": 4.764930731657019,
    "tracker": {
      "initial_train_loss": 0.9667549686882382,
      "train_threshold": 0.3222516562294127,
      "best_tracking": true,
      "patience_active": true,
      "patience_best_train": null,
      "patience_best_val": 0.1412614214696927,
      "patience_no_improve_epochs": 76,
      "best_train_loss": Infinity,
      "forced_stop_due_to_threshold": false
    }
  },
  "model_files": {
    "best": "scripts/outputs/mlp_with_history-trc-value/trial_31_9a12fb/best_model.pt",
    "last": "scripts/outputs/mlp_with_history-trc-value/trial_31_9a12fb/last_model.pt"
  },
  "config_path": "/home/amoris/data-analysis-on-dbps/scripts/outputs/mlp_with_history-trc-value/trial_31_9a12fb/config.yaml"
}