{
  "model_name": "gru-other-value/trial_31_e89f29",
  "model_type": "GRU",
  "model_format": "torch",
  "model_params": {
    "history_length": 122,
    "units": 328,
    "num_layers": 4,
    "dropout": 0.4011480134890358
  },
  "training_params": {
    "max_epochs": 500,
    "batch_size": 279,
    "learning_rate": 0.00123743269000535,
    "weight_decay": 0.0006137476605266687,
    "checkpoint_interval": 10,
    "seed": 947
  },
  "data_csv": "data/time_aligned_data.csv",
  "timestamp_column": "Date, Time",
  "columns": [
    "TRC-DT",
    "TRC-RT",
    "TRC-PPL1",
    "TRC-PPL2",
    "pH-DT",
    "pH-RT",
    "pH-PPL1",
    "pH-PPL2",
    "cond-DT",
    "cond-PPL1",
    "cond-PPL2",
    "fDOM-RT",
    "fDOM-PPL1",
    "fDOM-PPL2",
    "DO-RT",
    "DO-PPL1",
    "DO-PPL2",
    "TOC-RT",
    "TOC-PPL1",
    "TOC-PPL2",
    "DOC-RT",
    "DOC-PPL1",
    "DOC-PPL2",
    "minutes_since_start"
  ],
  "feature_columns": [
    "TRC-DT",
    "TRC-RT",
    "pH-DT",
    "pH-RT",
    "cond-DT",
    "fDOM-RT",
    "DO-RT",
    "TOC-RT",
    "DOC-RT",
    "minutes_since_start"
  ],
  "target_columns": [
    "TOC-PPL1",
    "TOC-PPL2",
    "DOC-PPL1",
    "DOC-PPL2",
    "pH-PPL1",
    "pH-PPL2"
  ],
  "split_boundaries": {
    "train_end": 7796,
    "val_end": 9466,
    "test_end": 11138
  },
  "dataset_sizes": {
    "train": 7675,
    "val": 1670,
    "test": 1672
  },
  "input_dim": 10,
  "sequence_length": 122,
  "training_history": {
    "epochs": [
      1,
      2,
      3,
      4,
      5,
      6,
      7,
      8,
      9,
      10,
      11,
      12,
      13,
      14,
      15,
      16,
      17,
      18,
      19,
      20,
      21,
      22,
      23,
      24,
      25,
      26,
      27,
      28,
      29,
      30,
      31,
      32,
      33,
      34,
      35,
      36,
      37,
      38,
      39,
      40,
      41,
      42,
      43,
      44,
      45,
      46,
      47,
      48,
      49,
      50,
      51,
      52,
      53,
      54,
      55,
      56,
      57,
      58,
      59,
      60,
      61,
      62,
      63,
      64,
      65,
      66,
      67,
      68,
      69,
      70,
      71,
      72,
      73,
      74,
      75,
      76,
      77,
      78,
      79,
      80
    ],
    "train_loss": [
      0.4424155047312622,
      0.24774893391598318,
      0.22276203661283375,
      0.20484711214074872,
      0.18812112543015994,
      0.15211135910271822,
      0.1445251391881452,
      0.12942978422785426,
      0.11859765191225742,
      0.11294787967826334,
      0.10409522807559284,
      0.09930982320432942,
      0.0897828854275837,
      0.07751607664342035,
      0.07581623350952658,
      0.07354643613439818,
      0.06743419889033035,
      0.07229110265399423,
      0.07311249772189883,
      0.07245321597746218,
      0.058373919323038204,
      0.06461449029439824,
      0.05244918559341167,
      0.05122660148852423,
      0.05063658533247752,
      0.05186445698821583,
      0.06136528107164737,
      0.05836449570686887,
      0.048661625640594224,
      0.04489169092830695,
      0.05259509339394709,
      0.0479095413135395,
      0.05410227085557745,
      0.05054549850159437,
      0.04670504196264845,
      0.040767381426662884,
      0.043422724643437015,
      0.04920206942416558,
      0.042649456256763946,
      0.041482578257299015,
      0.049770747774587,
      0.04327833373985384,
      0.03962502462467852,
      0.05060561462557277,
      0.07727516832491474,
      0.05205478357035873,
      0.03999019741817872,
      0.04157967537690063,
      0.03975854023271741,
      0.04112173846082501,
      0.03779201322541563,
      0.0362601541710793,
      0.03942999206362019,
      0.03886931415926362,
      0.03682127379390626,
      0.038314036497366935,
      0.039780811072852015,
      0.03640375946505839,
      0.03543551642993762,
      0.03370915973977662,
      0.047014761009414346,
      0.04069237162993086,
      0.03462302591566736,
      0.040468927519911664,
      0.05275067780227537,
      0.0414371594810913,
      0.03565137334556261,
      0.033598187511198294,
      0.033789228750605145,
      0.03490899674424519,
      0.03560901131954178,
      0.0323975407305486,
      0.036766341003416414,
      0.03851532146625876,
      0.03917743717614525,
      0.03776982889113287,
      0.03270160761373633,
      0.03342183505163713,
      0.033813689450584716,
      0.043752530798655764
    ],
    "val_loss": [
      0.4936000283963666,
      0.4063495085446421,
      0.39948639502960764,
      0.5324738525523397,
      0.4563304638077399,
      0.49277875557274164,
      0.5754637599972907,
      0.6183663909975997,
      0.5501492572134127,
      0.46494107253983347,
      0.49641611458744833,
      0.5584392521954226,
      0.4930918849513916,
      0.5481283040683783,
      0.40178764652081594,
      0.45563761271580966,
      0.4532976642786386,
      0.39417401434418686,
      0.3995740012271319,
      0.47031475488921837,
      0.498255176101616,
      0.45803142209609826,
      0.42588183043335015,
      0.40934594076372194,
      0.40245536013902306,
      0.3989201191344304,
      0.39942286534312954,
      0.4937895838595079,
      0.37008731333973877,
      0.4082977109906559,
      0.4097464893214003,
      0.37764448709562864,
      0.482378603170018,
      0.4213113073415742,
      0.4318182946277593,
      0.4333932222229635,
      0.41423576272533325,
      0.4285114954197835,
      0.4007501349522325,
      0.40733842022583155,
      0.4177560183370185,
      0.41251792682859,
      0.399647720764854,
      0.42147396707427714,
      0.48970949510614314,
      0.42629903813232917,
      0.399768588294883,
      0.42906061199878504,
      0.44921549323968546,
      0.4055866727215087,
      0.43218236426839574,
      0.4247275043479697,
      0.4420971091680541,
      0.418457034216848,
      0.41238583624362946,
      0.4291600276520866,
      0.43217770888241464,
      0.42659201080838366,
      0.4337811065291216,
      0.4214277319610119,
      0.38068002362451153,
      0.4173161951412341,
      0.43099142415170183,
      0.42191620568136967,
      0.39650558384949575,
      0.4520092455346784,
      0.42564687025315034,
      0.4772371789563202,
      0.4532167090448791,
      0.44425030219519207,
      0.41706230143854717,
      0.48886147050443524,
      0.4365465092400234,
      0.43755831645723586,
      0.4655100720817457,
      0.4180289362897416,
      0.434158812824659,
      0.4531850166306524,
      0.4295341453777102,
      0.4256658773846969
    ],
    "best_epoch": 29,
    "best_val_loss": 0.37008731333973877,
    "test_loss": 0.3838144665824597,
    "tracker": {
      "initial_train_loss": 0.4424155047312622,
      "train_threshold": 0.14747183491042073,
      "best_tracking": true,
      "patience_active": true,
      "patience_best_train": null,
      "patience_best_val": 0.37008731333973877,
      "patience_no_improve_epochs": 51,
      "best_train_loss": Infinity,
      "forced_stop_due_to_threshold": false
    }
  },
  "model_files": {
    "best": "scripts/outputs/gru-other-value/trial_31_e89f29/best_model.pt",
    "last": "scripts/outputs/gru-other-value/trial_31_e89f29/last_model.pt"
  },
  "config_path": "/home/amoris/data-analysis-on-dbps/scripts/outputs/gru-other-value/trial_31_e89f29/config.yaml"
}