{
  "model_name": "lstm-trc-rate/trial_55_20aed2",
  "model_type": "LSTM",
  "model_format": "torch",
  "model_params": {
    "history_length": 127,
    "units": 248,
    "num_layers": 2,
    "dropout": 0.3644786564361529
  },
  "training_params": {
    "max_epochs": 500,
    "batch_size": 240,
    "learning_rate": 0.0005489283637602243,
    "weight_decay": 0.00018009107552536692,
    "checkpoint_interval": 10,
    "seed": 947
  },
  "data_csv": "data/time_aligned_data.csv",
  "timestamp_column": "Date, Time",
  "columns": [
    "TRC-DT",
    "TRC-RT",
    "TRC-PPL1",
    "TRC-PPL2",
    "pH-DT",
    "pH-RT",
    "pH-PPL1",
    "pH-PPL2",
    "cond-DT",
    "cond-PPL1",
    "cond-PPL2",
    "fDOM-RT",
    "fDOM-PPL1",
    "fDOM-PPL2",
    "DO-RT",
    "DO-PPL1",
    "DO-PPL2",
    "TOC-RT",
    "TOC-PPL1",
    "TOC-PPL2",
    "DOC-RT",
    "DOC-PPL1",
    "DOC-PPL2",
    "minutes_since_start"
  ],
  "feature_columns": [
    "TRC-DT",
    "TRC-RT",
    "pH-DT",
    "pH-RT",
    "cond-DT",
    "fDOM-RT",
    "DO-RT",
    "TOC-RT",
    "DOC-RT",
    "minutes_since_start"
  ],
  "target_columns": [
    "TRC-PPL1",
    "TRC-PPL2"
  ],
  "target_mode": "rate",
  "target_base_columns": [
    "TRC-RT",
    "TRC-RT"
  ],
  "split_boundaries": {
    "train_end": 7796,
    "val_end": 9466,
    "test_end": 11138
  },
  "dataset_sizes": {
    "train": 7670,
    "val": 1670,
    "test": 1672
  },
  "input_dim": 10,
  "sequence_length": 127,
  "training_history": {
    "epochs": [
      1,
      2,
      3,
      4,
      5,
      6,
      7,
      8,
      9,
      10,
      11,
      12,
      13,
      14,
      15,
      16,
      17,
      18,
      19,
      20,
      21,
      22,
      23,
      24,
      25,
      26,
      27,
      28,
      29,
      30,
      31,
      32,
      33,
      34,
      35,
      36,
      37,
      38,
      39,
      40,
      41,
      42,
      43,
      44,
      45,
      46,
      47,
      48,
      49,
      50,
      51,
      52,
      53,
      54,
      55,
      56,
      57,
      58,
      59,
      60,
      61,
      62,
      63,
      64,
      65,
      66,
      67,
      68,
      69,
      70,
      71,
      72,
      73,
      74,
      75,
      76,
      77,
      78,
      79,
      80
    ],
    "train_loss": [
      0.45427897689084495,
      0.11439883548674093,
      0.05886658785726288,
      0.0425099378119003,
      0.041060099152379424,
      0.0333612863013261,
      0.031084220076885653,
      0.027699675148709968,
      0.0277468353762465,
      0.028989244371438898,
      0.026809516662763336,
      0.025202380896411167,
      0.02338413798251472,
      0.022330713935555815,
      0.021417415561215198,
      0.020908824902761247,
      0.020854104217991835,
      0.02075823672076947,
      0.021473888336951606,
      0.019533385293172112,
      0.02088590627572605,
      0.02281082389970957,
      0.019307349880154315,
      0.018928959703429893,
      0.018048748871823957,
      0.01804522621886127,
      0.017922642338423563,
      0.018438876119613493,
      0.017487688252345368,
      0.01766138335124066,
      0.017863353248078476,
      0.0174072315986845,
      0.0179630175398024,
      0.017582312663422105,
      0.016803640777529296,
      0.01680466458152839,
      0.016709795505818675,
      0.01762396116853926,
      0.017491559661934553,
      0.016973106377555308,
      0.016526454369958875,
      0.016755906359876616,
      0.01626146035183906,
      0.016945899084132684,
      0.017073696029932278,
      0.01679322236816179,
      0.01731969320337923,
      0.016413175349149274,
      0.016585292248480325,
      0.01676272054966612,
      0.017142838703752574,
      0.0161372636562648,
      0.01613378088867882,
      0.01696830865534841,
      0.02030041269870594,
      0.022917392776582047,
      0.016485053589361122,
      0.01619520818394508,
      0.0161809785949671,
      0.016167825736309434,
      0.01644317049537986,
      0.0156598505982947,
      0.015994742760408034,
      0.016209081298583023,
      0.016068224791519956,
      0.017309866233630473,
      0.016016877914452256,
      0.016049445988039694,
      0.015870330736254774,
      0.01710622758887504,
      0.01567503819035699,
      0.015814479923718445,
      0.016190617924466282,
      0.016733588169983344,
      0.016306915166247465,
      0.015979803637194666,
      0.016333963176796536,
      0.016107231259559714,
      0.015817264796779862,
      0.01544494356722067
    ],
    "val_loss": [
      0.34000805948308843,
      0.22455305378594084,
      0.21950250382194975,
      0.21811318932893034,
      0.23475716338900035,
      0.22995966333829002,
      0.23775143038013025,
      0.25153221609349735,
      0.25296996025268187,
      0.271581469895597,
      0.27416005721706116,
      0.27711374709706105,
      0.28987214361836094,
      0.3044450723839377,
      0.28562863768931634,
      0.29334482675540946,
      0.2889698002331271,
      0.2920849443731194,
      0.2943747988539542,
      0.2916003846658204,
      0.2915361778821774,
      0.29408646183099574,
      0.30212166182652206,
      0.2913062102245,
      0.29398432338309144,
      0.29621394103515647,
      0.2982475125861025,
      0.3053086512459966,
      0.3005838461086422,
      0.3145351585692274,
      0.3062447478135903,
      0.30542445807399865,
      0.3061567413771224,
      0.30936065655268596,
      0.31189014499415896,
      0.3098001921783664,
      0.31231010317088603,
      0.3129187075499289,
      0.30985694668607083,
      0.31107017067735065,
      0.31814791226458405,
      0.3235730080904361,
      0.3170214190989911,
      0.3126903862474921,
      0.32227202188112064,
      0.316593225844606,
      0.3191186653639742,
      0.3157477214664756,
      0.3194416070769647,
      0.31751810389007634,
      0.3203846796187098,
      0.3203808444881154,
      0.31880727999224634,
      0.31084190014593616,
      0.32880348011762084,
      0.3187797996633781,
      0.3212915921282625,
      0.32364822201386184,
      0.32234331635300983,
      0.3236999782081136,
      0.3187523496722033,
      0.33002604249708667,
      0.32934700711044723,
      0.3393025314379595,
      0.34005101408787114,
      0.33898169881926327,
      0.33803224072841825,
      0.3368672600941744,
      0.3324406887599808,
      0.3260255826269081,
      0.329954493277801,
      0.3324918000105612,
      0.3352274880437794,
      0.3276614835876191,
      0.32772312835305034,
      0.33110225450492903,
      0.33570383694357503,
      0.34104350485844526,
      0.32928396118972114,
      0.3389008914282222
    ],
    "best_epoch": 4,
    "best_val_loss": 0.21811318932893034,
    "best_val_abs_mse": 0.30621713399887085,
    "test_loss": 4.532727183337417,
    "test_abs_mse": 44.60678482055664,
    "tracker": {
      "initial_train_loss": 0.45427897689084495,
      "train_threshold": 0.15142632563028166,
      "best_tracking": true,
      "patience_active": true,
      "patience_best_train": null,
      "patience_best_val": 0.21811318932893034,
      "patience_no_improve_epochs": 76,
      "best_train_loss": Infinity,
      "forced_stop_due_to_threshold": false
    }
  },
  "model_files": {
    "best": "scripts/outputs/lstm-trc-rate/trial_55_20aed2/best_model.pt",
    "last": "scripts/outputs/lstm-trc-rate/trial_55_20aed2/last_model.pt"
  },
  "config_path": "/home/amoris/data-analysis-on-dbps/scripts/outputs/lstm-trc-rate/trial_55_20aed2/config.yaml"
}