{
  "model_name": "gru-other-value/trial_21_fc1a5a",
  "model_type": "GRU",
  "model_format": "torch",
  "model_params": {
    "history_length": 131,
    "units": 291,
    "num_layers": 3,
    "dropout": 0.24993319689581572
  },
  "training_params": {
    "max_epochs": 500,
    "batch_size": 312,
    "learning_rate": 0.0013288017830637537,
    "weight_decay": 0.0008703077808262213,
    "checkpoint_interval": 10,
    "seed": 947
  },
  "data_csv": "data/time_aligned_data.csv",
  "timestamp_column": "Date, Time",
  "columns": [
    "TRC-DT",
    "TRC-RT",
    "TRC-PPL1",
    "TRC-PPL2",
    "pH-DT",
    "pH-RT",
    "pH-PPL1",
    "pH-PPL2",
    "cond-DT",
    "cond-PPL1",
    "cond-PPL2",
    "fDOM-RT",
    "fDOM-PPL1",
    "fDOM-PPL2",
    "DO-RT",
    "DO-PPL1",
    "DO-PPL2",
    "TOC-RT",
    "TOC-PPL1",
    "TOC-PPL2",
    "DOC-RT",
    "DOC-PPL1",
    "DOC-PPL2",
    "minutes_since_start"
  ],
  "feature_columns": [
    "TRC-DT",
    "TRC-RT",
    "pH-DT",
    "pH-RT",
    "cond-DT",
    "fDOM-RT",
    "DO-RT",
    "TOC-RT",
    "DOC-RT",
    "minutes_since_start"
  ],
  "target_columns": [
    "TOC-PPL1",
    "TOC-PPL2",
    "DOC-PPL1",
    "DOC-PPL2",
    "pH-PPL1",
    "pH-PPL2"
  ],
  "split_boundaries": {
    "train_end": 7796,
    "val_end": 9466,
    "test_end": 11138
  },
  "dataset_sizes": {
    "train": 7666,
    "val": 1670,
    "test": 1672
  },
  "input_dim": 10,
  "sequence_length": 131,
  "training_history": {
    "epochs": [
      1,
      2,
      3,
      4,
      5,
      6,
      7,
      8,
      9,
      10,
      11,
      12,
      13,
      14,
      15,
      16,
      17,
      18,
      19,
      20,
      21,
      22,
      23,
      24,
      25,
      26,
      27,
      28,
      29,
      30,
      31,
      32,
      33,
      34,
      35,
      36,
      37,
      38,
      39,
      40,
      41,
      42,
      43,
      44,
      45,
      46,
      47,
      48,
      49,
      50,
      51,
      52,
      53,
      54,
      55,
      56,
      57,
      58,
      59,
      60,
      61,
      62,
      63,
      64,
      65,
      66,
      67,
      68,
      69,
      70,
      71,
      72,
      73,
      74,
      75,
      76,
      77,
      78,
      79,
      80,
      81,
      82,
      83,
      84,
      85,
      86,
      87,
      88,
      89,
      90,
      91
    ],
    "train_loss": [
      0.3689653263401805,
      0.24065223710206665,
      0.22436500674450394,
      0.20889127065548846,
      0.192128282799411,
      0.1773211757484566,
      0.15694926067226522,
      0.13608973618900996,
      0.1675386610033927,
      0.14231031184528628,
      0.12087851821279949,
      0.11025770533389657,
      0.09910684862477083,
      0.09547622387749141,
      0.08805593925786025,
      0.09568151683898188,
      0.08630811035469808,
      0.08012833006771371,
      0.07161350163978353,
      0.07325651932642847,
      0.06806389077965286,
      0.06704192071717681,
      0.07393584483998766,
      0.06385450922934342,
      0.062344388982357384,
      0.05888901569460442,
      0.05479510288569904,
      0.05268808731266453,
      0.057913587536267255,
      0.059415409171858065,
      0.05819904805007256,
      0.055856650246673176,
      0.05357864105861616,
      0.058477832384926515,
      0.055295291371563846,
      0.0501570090507671,
      0.04826147066506523,
      0.04626215127715391,
      0.05044807233995163,
      0.05246022864962383,
      0.05753588009243717,
      0.05347136575354473,
      0.04425488542614735,
      0.04590576244024922,
      0.052242853477336766,
      0.04893451880691818,
      0.05334030253680978,
      0.04406048340575676,
      0.040905769377900206,
      0.04110352117582833,
      0.042639090141396656,
      0.04666633345526875,
      0.0438307680417034,
      0.04180355811481404,
      0.04018449285032386,
      0.04109420503146836,
      0.038891082780691776,
      0.03754320421139254,
      0.04008875372840255,
      0.03807243324005663,
      0.038751617460828704,
      0.03918726753930401,
      0.04492193713352695,
      0.04198291238437208,
      0.041175499846131,
      0.03632601504689124,
      0.03901536130396654,
      0.04170577758629174,
      0.03880243435572029,
      0.03938450046834173,
      0.03716796051497998,
      0.039087187359826296,
      0.03862882828101333,
      0.037861198830271774,
      0.041758769405376435,
      0.05705645863922153,
      0.04401329918595664,
      0.0386427796078652,
      0.037741571506390584,
      0.03751745238946836,
      0.037539808455239444,
      0.03848412398228501,
      0.03697146009094965,
      0.037342154830810825,
      0.03887536724265923,
      0.036864633742159106,
      0.04435511828810093,
      0.0454381284489353,
      0.03873836674707819,
      0.05979549290479676,
      0.04040821829746107
    ],
    "val_loss": [
      0.41491049927865675,
      0.44114833499143224,
      0.4998416612248221,
      0.5027622746136374,
      0.7247926694190431,
      0.5788400606480901,
      0.5356694928186382,
      0.7211780464577817,
      0.5584758413052131,
      0.5435911480181231,
      0.6019986848631305,
      0.6355451033500854,
      0.5579216304296505,
      0.5771092829233158,
      0.6215939979710264,
      0.6633977802927623,
      0.7429680886739742,
      0.585579665906415,
      0.6186093032360077,
      0.4826644092262862,
      0.6408889625957626,
      0.43044359048683484,
      0.4837125697178755,
      0.5010345278742785,
      0.5053452674500243,
      0.46609541195595333,
      0.533019188064301,
      0.6713478200449915,
      0.44359549473145765,
      0.5574983863773461,
      0.5250814943613407,
      0.5367196182647865,
      0.5855369790228541,
      0.556788363785087,
      0.47678051155484363,
      0.5529306904641454,
      0.5062189656460356,
      0.5071816212402847,
      0.5245155774904582,
      0.5080847962530787,
      0.4278253768732448,
      0.5303189892611818,
      0.5903058735553376,
      0.5173473977043244,
      0.48986394237615394,
      0.5644540533334196,
      0.5462725226036803,
      0.5560896404489072,
      0.5875783356363902,
      0.5314580709277513,
      0.5079319988182205,
      0.5519432235977607,
      0.4982003573529021,
      0.5595532220994641,
      0.5648034054362131,
      0.5402416646837475,
      0.5217917824933629,
      0.54307151037062,
      0.5478568374039884,
      0.5247257214106485,
      0.5718042498934055,
      0.5920346908940527,
      0.48328094507405855,
      0.616942133054048,
      0.588356030843929,
      0.5822817897725248,
      0.5779939189285576,
      0.5608019757413578,
      0.561558982783449,
      0.5252605830124039,
      0.5976732407144444,
      0.5286375418037712,
      0.5217874884783865,
      0.5821172105338045,
      0.48410142760076924,
      0.5299158472857789,
      0.5206417382477286,
      0.5377723990800138,
      0.5780790385371911,
      0.6064586600143752,
      0.548480573350084,
      0.5742936182521774,
      0.5684185215812957,
      0.5138743638278481,
      0.5119610646884598,
      0.5692966552194721,
      0.5404417796763118,
      0.5072352744861991,
      0.48609567773556284,
      0.5658711582243799,
      0.5829834950005937
    ],
    "best_epoch": 41,
    "best_val_loss": 0.4278253768732448,
    "test_loss": 0.4385288611553502,
    "tracker": {
      "initial_train_loss": 0.3689653263401805,
      "train_threshold": 0.12298844211339349,
      "best_tracking": true,
      "patience_active": true,
      "patience_best_train": null,
      "patience_best_val": 0.4278253768732448,
      "patience_no_improve_epochs": 50,
      "best_train_loss": Infinity,
      "forced_stop_due_to_threshold": false
    }
  },
  "model_files": {
    "best": "scripts/outputs/gru-other-value/trial_21_fc1a5a/best_model.pt",
    "last": "scripts/outputs/gru-other-value/trial_21_fc1a5a/last_model.pt"
  },