{
  "model_name": "rnn-trc-value/trial_32_0e31a6",
  "model_type": "RNN",
  "model_format": "torch",
  "model_params": {
    "history_length": 117,
    "units": 263,
    "num_layers": 6,
    "dropout": 0.313818232182486
  },
  "training_params": {
    "max_epochs": 500,
    "batch_size": 100,
    "learning_rate": 0.0005029166779935063,
    "weight_decay": 0.0001046225301248494,
    "checkpoint_interval": 10,
    "seed": 947
  },
  "data_csv": "data/time_aligned_data.csv",
  "timestamp_column": "Date, Time",
  "columns": [
    "TRC-DT",
    "TRC-RT",
    "TRC-PPL1",
    "TRC-PPL2",
    "pH-DT",
    "pH-RT",
    "pH-PPL1",
    "pH-PPL2",
    "cond-DT",
    "cond-PPL1",
    "cond-PPL2",
    "fDOM-RT",
    "fDOM-PPL1",
    "fDOM-PPL2",
    "DO-RT",
    "DO-PPL1",
    "DO-PPL2",
    "TOC-RT",
    "TOC-PPL1",
    "TOC-PPL2",
    "DOC-RT",
    "DOC-PPL1",
    "DOC-PPL2",
    "minutes_since_start"
  ],
  "feature_columns": [
    "TRC-DT",
    "TRC-RT",
    "pH-DT",
    "pH-RT",
    "cond-DT",
    "fDOM-RT",
    "DO-RT",
    "TOC-RT",
    "DOC-RT",
    "minutes_since_start"
  ],
  "target_columns": [
    "TRC-PPL1",
    "TRC-PPL2"
  ],
  "split_boundaries": {
    "train_end": 7796,
    "val_end": 9466,
    "test_end": 11138
  },
  "dataset_sizes": {
    "train": 7680,
    "val": 1670,
    "test": 1672
  },
  "input_dim": 10,
  "sequence_length": 117,
  "training_history": {
    "epochs": [
      1,
      2,
      3,
      4,
      5,
      6,
      7,
      8,
      9,
      10,
      11,
      12,
      13,
      14,
      15,
      16,
      17,
      18,
      19,
      20,
      21,
      22,
      23,
      24,
      25,
      26,
      27,
      28,
      29,
      30,
      31,
      32,
      33,
      34,
      35,
      36,
      37,
      38,
      39,
      40,
      41,
      42,
      43,
      44,
      45,
      46,
      47,
      48,
      49,
      50,
      51,
      52,
      53,
      54,
      55,
      56,
      57,
      58,
      59,
      60,
      61,
      62,
      63,
      64,
      65,
      66,
      67,
      68,
      69,
      70,
      71,
      72,
      73,
      74,
      75,
      76,
      77,
      78,
      79,
      80
    ],
    "train_loss": [
      0.24751776965179792,
      0.10041450939024799,
      0.05958412296604365,
      0.04880576270322005,
      0.04574221702932846,
      0.042503226689101815,
      0.03733712910616305,
      0.040746085253582955,
      0.03559148836454066,
      0.028391895306413062,
      0.0322468107866977,
      0.03150041032252678,
      0.031185311988034908,
      0.03050736383011099,
      0.026489368775704254,
      0.027812935780578602,
      0.029393902640246477,
      0.035798610066801,
      0.02561038173250078,
      0.024607797555897076,
      0.029516013858180184,
      0.024572832548680406,
      0.02660836908520044,
      0.20729960111202672,
      0.20982607502567893,
      0.3773529744357802,
      1.005314168985933,
      0.9860695159683625,
      0.986412396809707,
      0.9849569307019314,
      0.9830950085694591,
      0.9846621910110116,
      0.9889841087472936,
      0.9877581048446397,
      0.9885287106347581,
      0.9851337634027004,
      0.9828942171297967,
      0.9895267561078072,
      0.9927462638976673,
      0.9883876917883754,
      0.9860446856667598,
      0.983630069065839,
      0.9846082961497208,
      0.9904979849234223,
      0.9829060430638492,
      0.9907442309583226,
      0.9837918346747756,
      0.9842518664275607,
      0.985212768583248,
      0.9871131679974496,
      0.9844484630351266,
      0.9858059488857785,
      0.9857109817676246,
      0.9867930005614957,
      0.9851693849389752,
      0.9856212947828075,
      0.9884361255293092,
      0.989133660060664,
      0.9847354552087685,
      0.9860209988740584,
      0.9832445035378138,
      0.987343264122804,
      0.9898053294358155,
      0.9841354365150133,
      0.9845908953187367,
      0.9845725361568233,
      0.9840262558621665,
      0.9874191544950008,
      0.9827553372209271,
      0.9832468453484277,
      0.9888495576257507,
      0.9845530154804388,
      0.983934227998058,
      0.9852859947519997,
      0.9885092391632497,
      0.9832207369618118,
      0.9831931223161519,
      0.9823343362659216,
      0.983472014622142,
      0.9836481905852755
    ],
    "val_loss": [
      0.3082828322302795,
      0.2721228136229301,
      0.32305811762720527,
      0.3661019333197685,
      0.3594205997616588,
      0.3092768670556074,
      0.31174891227912044,
      0.2989894609206808,
      0.2971652341549268,
      0.2928929794914351,
      0.2809446767017156,
      0.2737432386793062,
      0.26074326836955763,
      0.2911471084072561,
      0.26373228502130797,
      0.2675791507932597,
      0.27696113109945536,
      0.2568269460545686,
      0.2713981322765707,
      0.2880729637638538,
      0.2576259314166215,
      0.2666468237286913,
      0.25846869723793275,
      0.32613243327704733,
      0.2908084013326439,
      0.727334271112602,
      0.484684213906705,
      0.5216765412224267,
      0.5006133178304769,
      0.42054199971660167,
      0.37226909162577043,
      0.38502542384548816,
      0.4938358745710579,
      0.41291309116843217,
      0.5151612448567402,
      0.3896496353481344,
      0.41696593205550475,
      0.4583727405545954,
      0.3444073962237307,
      0.38513787530228766,
      0.4583533077004427,
      0.3600235602143639,
      0.5202358930767653,
      0.35057292356640996,
      0.4633954188334728,
      0.3717148665584133,
      0.40135029734608657,
      0.4303881169971592,
      0.4683280901280706,
      0.40226618396843267,
      0.3922601451506158,
      0.39868149696709865,
      0.3637745581834973,
      0.40526587355458094,
      0.4230351597962979,
      0.5131379953044617,
      0.4190674380449478,
      0.41279602452309544,
      0.4291808124252422,
      0.475226368197424,
      0.4725772449356353,
      0.500104182896143,
      0.47400702179192067,
      0.415369642574987,
      0.38193845454447284,
      0.43920641138168154,
      0.38329611727577484,
      0.38644259806700093,
      0.4124112658782633,
      0.3815371747056167,
      0.36165792269710295,
      0.3746034381855391,
      0.42264495986307454,
      0.505641527206241,
      0.44301904126734076,
      0.4229816877377961,
      0.3938304972862769,
      0.4166228540107876,
      0.4078630619866405,
      0.3870212629348218
    ],
    "best_epoch": 18,
    "best_val_loss": 0.2568269460545686,
    "test_loss": 4.470381570061998,
    "tracker": {
      "initial_train_loss": 0.24751776965179792,
      "train_threshold": 0.08250592321726598,
      "best_tracking": true,
      "patience_active": true,
      "patience_best_train": null,
      "patience_best_val": 0.2568269460545686,
      "patience_no_improve_epochs": 62,
      "best_train_loss": Infinity,
      "forced_stop_due_to_threshold": false
    }
  },
  "model_files": {
    "best": "scripts/outputs/rnn-trc-value/trial_32_0e31a6/best_model.pt",
    "last": "scripts/outputs/rnn-trc-value/trial_32_0e31a6/last_model.pt"
  },
  "config_path": "/home/amoris/data-analysis-on-dbps/scripts/outputs/rnn-trc-value/trial_32_0e31a6/config.yaml"
}