{
  "model_name": "mlp-trc-value/trial_21_cb724b",
  "model_type": "MLP",
  "model_format": "torch",
  "model_params": {
    "history_length": 1,
    "hidden_layers": [
      512,
      256,
      128
    ],
    "dropout": 0.24646241411690156,
    "mid_layer_count": 14,
    "mid_layer_size": 388
  },
  "training_params": {
    "max_epochs": 400,
    "batch_size": 353,
    "learning_rate": 0.00046445655858425136,
    "weight_decay": 0.00318928204911284,
    "checkpoint_interval": 10,
    "seed": 42
  },
  "data_csv": "data/time_aligned_data.csv",
  "timestamp_column": "Date, Time",
  "columns": [
    "TRC-DT",
    "TRC-RT",
    "TRC-PPL1",
    "TRC-PPL2",
    "pH-DT",
    "pH-RT",
    "pH-PPL1",
    "pH-PPL2",
    "cond-DT",
    "cond-PPL1",
    "cond-PPL2",
    "fDOM-RT",
    "fDOM-PPL1",
    "fDOM-PPL2",
    "DO-RT",
    "DO-PPL1",
    "DO-PPL2",
    "TOC-RT",
    "TOC-PPL1",
    "TOC-PPL2",
    "DOC-RT",
    "DOC-PPL1",
    "DOC-PPL2",
    "minutes_since_start"
  ],
  "feature_columns": [
    "TRC-DT",
    "TRC-RT",
    "pH-DT",
    "pH-RT",
    "cond-DT",
    "fDOM-RT",
    "DO-RT",
    "TOC-RT",
    "DOC-RT",
    "minutes_since_start"
  ],
  "target_columns": [
    "TRC-PPL1",
    "TRC-PPL2"
  ],
  "split_boundaries": {
    "train_end": 7796,
    "val_end": 9466,
    "test_end": 11138
  },
  "dataset_sizes": {
    "train": 7796,
    "val": 1670,
    "test": 1672
  },
  "input_dim": 10,
  "sequence_length": null,
  "training_history": {
    "epochs": [
      1,
      2,
      3,
      4,
      5,
      6,
      7,
      8,
      9,
      10,
      11,
      12,
      13,
      14,
      15,
      16,
      17,
      18,
      19,
      20,
      21,
      22,
      23,
      24,
      25,
      26,
      27,
      28,
      29,
      30,
      31,
      32,
      33,
      34,
      35,
      36,
      37,
      38,
      39,
      40,
      41,
      42,
      43,
      44,
      45,
      46,
      47,
      48,
      49,
      50,
      51,
      52,
      53,
      54,
      55,
      56,
      57,
      58,
      59,
      60,
      61,
      62,
      63,
      64,
      65,
      66,
      67,
      68,
      69,
      70,
      71,
      72,
      73,
      74,
      75,
      76,
      77,
      78,
      79,
      80
    ],
    "train_loss": [
      0.5549497072622677,
      0.18188755051364283,
      0.13065875289802095,
      0.10557147233879309,
      0.09342436454502083,
      0.08622267504359833,
      0.08015512538000583,
      0.0757618544106226,
      0.07396635839122115,
      0.07132856108596106,
      0.07318895460924027,
      0.0679402380795617,
      0.06632729863634226,
      0.06382546019671115,
      0.06388987186558358,
      0.0644390295905225,
      0.0620234692827624,
      0.06141623333258972,
      0.06182261826991347,
      0.06130189997831664,
      0.05987666004369386,
      0.05967888019581432,
      0.059120383280868896,
      0.05715526362451959,
      0.059810488949266535,
      0.057765145275288816,
      0.05505754786847936,
      0.05460652423494057,
      0.055640159962290735,
      0.05571045740204111,
      0.05527134917928752,
      0.05410912624579888,
      0.055717603097540286,
      0.055889508380182376,
      0.05393869926548038,
      0.054157709969009815,
      0.05345721774829648,
      0.05245145349134966,
      0.05237705239585542,
      0.05180178141233828,
      0.05366016134405638,
      0.051807781396144136,
      0.052569219281561504,
      0.051549510034962366,
      0.051317699907730795,
      0.05265620255985203,
      0.05255686391093384,
      0.050639534571240076,
      0.05096767195717854,
      0.05219016925098729,
      0.050719976843286475,
      0.05103022958930408,
      0.05177916162501564,
      0.04996241136511865,
      0.0497489711370084,
      0.05034910207599967,
      0.05060674514518281,
      0.04990295129180673,
      0.05051367220279114,
      0.052052976524389484,
      0.049204566170499224,
      0.05050281603357589,
      0.04997956616351961,
      0.049788467276873895,
      0.0488341452679064,
      0.04926441990846377,
      0.04817730824000992,
      0.05013930706260463,
      0.04811202924652718,
      0.04956837343850033,
      0.04857537627560381,
      0.048684937247252424,
      0.049472163780174265,
      0.04777365211175689,
      0.04878707793328611,
      0.04840532623818206,
      0.04920843397465469,
      0.04925723019280132,
      0.048383755334631455,
      0.04795719069233303
    ],
    "val_loss": [
      0.41058298376149044,
      0.3644889659331944,
      0.2492963049360021,
      0.2234716335724214,
      0.2099774428113492,
      0.2147795062935995,
      0.21457519377442355,
      0.2105591896006804,
      0.2463465414707086,
      0.2535415093051995,
      0.2769953386166585,
      0.22766378529169068,
      0.2477047950542437,
      0.2807947459045106,
      0.295980721288277,
      0.23593825826945597,
      0.25830631241380814,
      0.2631397751667453,
      0.252773778873334,
      0.26714842589962445,
      0.2629652450229236,
      0.31613344126631937,
      0.2773830587568576,
      0.25322810109972416,
      0.27677932916443326,
      0.2874870240911395,
      0.28847600513745747,
      0.3056996938075402,
      0.30660711571708055,
      0.31127716961935786,
      0.31868150950615814,
      0.3328583198237027,
      0.38108510522138395,
      0.3260152369023797,
      0.33012750477245645,
      0.346132797067483,
      0.31172160674221144,
      0.35904259219832585,
      0.31875654737838727,
      0.30725918202633096,
      0.3215900211968643,
      0.3094212828315571,
      0.32593040931077594,
      0.3422207988040176,
      0.35576029241553503,
      0.3467939961735092,
      0.35721799032818413,
      0.2787637088436656,
      0.29088450014078154,
      0.30588035851850837,
      0.3670753892723047,
      0.32215458989634127,
      0.33188226667796067,
      0.36074550513311954,
      0.36140752808374915,
      0.3316228646640024,
      0.378255418162726,
      0.3610695241587962,
      0.3150702188527602,
      0.36633350174918683,
      0.364058338257367,
      0.3174369724846618,
      0.3240208887433756,
      0.32035896075320636,
      0.32728581266355017,
      0.3296359037221995,
      0.33880437773814104,
      0.33157536754061184,
      0.3308089805276183,
      0.33503151353515553,
      0.3293814208570444,
      0.30431071547847127,
      0.3094194094276803,
      0.35023526736942234,
      0.34306100400577405,
      0.36069552592018583,
      0.315419764785531,
      0.3156818640022399,
      0.2996866701761941,
      0.2948463559373767
    ],
    "best_epoch": 5,
    "best_val_loss": 0.2099774428113492,
    "test_loss": 5.286226793481973,
    "tracker": {
      "initial_train_loss": 0.5549497072622677,
      "train_threshold": 0.18498323575408923,
      "best_tracking": true,
      "patience_active": true,
      "patience_best_train": null,
      "patience_best_val": 0.2099774428113492,
      "patience_no_improve_epochs": 75,
      "best_train_loss": Infinity,
      "forced_stop_due_to_threshold": false
    }
  },
  "model_files": {
    "best": "scripts/outputs/mlp-trc-value/trial_21_cb724b/best_model.pt",
    "last": "scripts/outputs/mlp-trc-value/trial_21_cb724b/last_model.pt"
  },
  "config_path": "/home/amoris/data-analysis-on-dbps/scripts/outputs/mlp-trc-value/trial_21_cb724b/config.yaml"
}