{
  "model_name": "lstm-trc-value/trial_17_5a2f8b",
  "model_type": "LSTM",
  "model_format": "torch",
  "model_params": {
    "history_length": 225,
    "units": 312,
    "num_layers": 7,
    "dropout": 0.2945008492760756
  },
  "training_params": {
    "max_epochs": 500,
    "batch_size": 137,
    "learning_rate": 0.0017302905311174146,
    "weight_decay": 0.0004324247084165942,
    "checkpoint_interval": 10,
    "seed": 947
  },
  "data_csv": "data/time_aligned_data.csv",
  "timestamp_column": "Date, Time",
  "columns": [
    "TRC-DT",
    "TRC-RT",
    "TRC-PPL1",
    "TRC-PPL2",
    "pH-DT",
    "pH-RT",
    "pH-PPL1",
    "pH-PPL2",
    "cond-DT",
    "cond-PPL1",
    "cond-PPL2",
    "fDOM-RT",
    "fDOM-PPL1",
    "fDOM-PPL2",
    "DO-RT",
    "DO-PPL1",
    "DO-PPL2",
    "TOC-RT",
    "TOC-PPL1",
    "TOC-PPL2",
    "DOC-RT",
    "DOC-PPL1",
    "DOC-PPL2",
    "minutes_since_start"
  ],
  "feature_columns": [
    "TRC-DT",
    "TRC-RT",
    "pH-DT",
    "pH-RT",
    "cond-DT",
    "fDOM-RT",
    "DO-RT",
    "TOC-RT",
    "DOC-RT",
    "minutes_since_start"
  ],
  "target_columns": [
    "TRC-PPL1",
    "TRC-PPL2"
  ],
  "split_boundaries": {
    "train_end": 7796,
    "val_end": 9466,
    "test_end": 11138
  },
  "dataset_sizes": {
    "train": 7572,
    "val": 1670,
    "test": 1672
  },
  "input_dim": 10,
  "sequence_length": 225,
  "training_history": {
    "epochs": [
      1,
      2,
      3,
      4,
      5,
      6,
      7,
      8,
      9,
      10,
      11,
      12,
      13,
      14,
      15,
      16,
      17,
      18,
      19,
      20,
      21,
      22,
      23,
      24,
      25,
      26,
      27,
      28,
      29,
      30,
      31,
      32,
      33,
      34,
      35,
      36,
      37,
      38,
      39,
      40,
      41,
      42,
      43,
      44,
      45,
      46,
      47,
      48,
      49,
      50
    ],
    "train_loss": [
      1.006115436553955,
      1.0057784150469196,
      1.0056015973722752,
      1.005428556870419,
      1.0059860540535233,
      1.0060919271895197,
      1.0058540082125833,
      1.0055226454077357,
      1.0055201933126379,
      1.0054383633143675,
      1.005409149953882,
      1.0054101006133305,
      1.0055634480538471,
      1.0054603201635792,
      1.005364904572771,
      1.0054223595931928,
      1.0054689366006373,
      1.0054030974217967,
      1.005376734252777,
      1.0055411201554887,
      1.0053920925875788,
      1.0054613661967569,
      1.0054503127704268,
      1.0054688577181563,
      1.0054824271736735,
      1.0054951443662103,
      1.0053719183832517,
      1.0054110590579077,
      1.0053434584091028,
      1.0053941012767025,
      1.0053778041215151,
      1.0053574589041259,
      1.0053469598828582,
      1.0053721102484936,
      1.0053654483352712,
      1.005341836512561,
      1.0053828462005858,
      1.0054397264124537,
      1.0056666028417738,
      1.0056317529458567,
      1.0056110398122637,
      1.005420725219979,
      1.0054601072257496,
      1.0054405659468666,
      1.0054446086405575,
      1.005568370482812,
      1.0054215243095075,
      1.0053823668838366,
      1.0054283327153921,
      1.0053653434839944
    ],
    "val_loss": [
      0.34488359509470934,
      0.3472001511670515,
      0.3575128801457004,
      0.33835489553828796,
      0.3514381115776515,
      0.33837050813623887,
      0.34980277944646193,
      0.34108255947242955,
      0.34330810211643487,
      0.34582511226083346,
      0.3453226637072906,
      0.34558535859568745,
      0.3434550239520516,
      0.34648648271348303,
      0.3439965535802934,
      0.3457885164299054,
      0.3493738281289617,
      0.34382732850527337,
      0.34389106561680755,
      0.34390798370147535,
      0.34149476950932406,
      0.3450196082475121,
      0.3431004254337021,
      0.34220375224814087,
      0.34358195621230286,
      0.3420606065519199,
      0.3451175143908776,
      0.3459230841946102,
      0.34308107224722467,
      0.3443399738252698,
      0.3446589254958187,
      0.3457250016423578,
      0.343489224225015,
      0.3445732273473711,
      0.3446084704919311,
      0.34327687462959106,
      0.34586910158395767,
      0.3433858244718906,
      0.34866182471508395,
      0.34433627523660304,
      0.33938676681882607,
      0.3492692996864904,
      0.3469830402624821,
      0.34734758991681175,
      0.34184800356760353,
      0.3460159400979916,
      0.3453239443282524,
      0.3427548713424427,
      0.3452956047221394,
      0.34610854005831443
    ],
    "best_epoch": 50,
    "best_val_loss": 0.34610854005831443,
    "test_loss": 5.642097021475363,
    "tracker": {
      "initial_train_loss": 1.006115436553955,
      "train_threshold": 0.3353718121846517,
      "best_tracking": false,
      "patience_active": true,
      "patience_best_train": null,
      "patience_best_val": 0.33938676681882607,
      "patience_no_improve_epochs": 9,
      "best_train_loss": Infinity,
      "forced_stop_due_to_threshold": true
    }
  },
  "model_files": {
    "best": "scripts/outputs/lstm-trc-value/trial_17_5a2f8b/best_model.pt",
    "last": "scripts/outputs/lstm-trc-value/trial_17_5a2f8b/last_model.pt"
  },
  "config_path": "/home/amoris/data-analysis-on-dbps/scripts/outputs/lstm-trc-value/trial_17_5a2f8b/config.yaml"
}