{
  "model_name": "gru-trc-value/trial_24_9b69aa",
  "model_type": "GRU",
  "model_format": "torch",
  "model_params": {
    "history_length": 115,
    "units": 292,
    "num_layers": 6,
    "dropout": 0.3110254225487863
  },
  "training_params": {
    "max_epochs": 500,
    "batch_size": 237,
    "learning_rate": 0.0002494126951946052,
    "weight_decay": 0.0005181053365166803,
    "checkpoint_interval": 10,
    "seed": 947
  },
  "data_csv": "data/time_aligned_data.csv",
  "timestamp_column": "Date, Time",
  "columns": [
    "TRC-DT",
    "TRC-RT",
    "TRC-PPL1",
    "TRC-PPL2",
    "pH-DT",
    "pH-RT",
    "pH-PPL1",
    "pH-PPL2",
    "cond-DT",
    "cond-PPL1",
    "cond-PPL2",
    "fDOM-RT",
    "fDOM-PPL1",
    "fDOM-PPL2",
    "DO-RT",
    "DO-PPL1",
    "DO-PPL2",
    "TOC-RT",
    "TOC-PPL1",
    "TOC-PPL2",
    "DOC-RT",
    "DOC-PPL1",
    "DOC-PPL2",
    "minutes_since_start"
  ],
  "feature_columns": [
    "TRC-DT",
    "TRC-RT",
    "pH-DT",
    "pH-RT",
    "cond-DT",
    "fDOM-RT",
    "DO-RT",
    "TOC-RT",
    "DOC-RT",
    "minutes_since_start"
  ],
  "target_columns": [
    "TRC-PPL1",
    "TRC-PPL2"
  ],
  "split_boundaries": {
    "train_end": 7796,
    "val_end": 9466,
    "test_end": 11138
  },
  "dataset_sizes": {
    "train": 7682,
    "val": 1670,
    "test": 1672
  },
  "input_dim": 10,
  "sequence_length": 115,
  "training_history": {
    "epochs": [
      1,
      2,
      3,
      4,
      5,
      6,
      7,
      8,
      9,
      10,
      11,
      12,
      13,
      14,
      15,
      16,
      17,
      18,
      19,
      20,
      21,
      22,
      23,
      24,
      25,
      26,
      27,
      28,
      29,
      30,
      31,
      32,
      33,
      34,
      35,
      36,
      37,
      38,
      39,
      40,
      41,
      42,
      43,
      44,
      45,
      46,
      47,
      48,
      49,
      50,
      51,
      52,
      53,
      54,
      55,
      56,
      57,
      58,
      59,
      60,
      61,
      62,
      63,
      64,
      65,
      66,
      67,
      68,
      69,
      70,
      71,
      72,
      73,
      74,
      75,
      76,
      77,
      78,
      79,
      80
    ],
    "train_loss": [
      0.425443883192893,
      0.17777738660046347,
      0.1447034665703215,
      0.10354655557907332,
      0.06617308527171084,
      0.05429450561217547,
      0.0504090389359497,
      0.04543224560177844,
      0.04173035613816174,
      0.03977476909419144,
      0.03679741161398491,
      0.03622524189648568,
      0.04525860817339179,
      0.03538876925652085,
      0.033005558938007204,
      0.033739605222883724,
      0.03166203447771558,
      0.03047545175525134,
      0.0312028495021178,
      0.03090834886755089,
      0.029714456378474766,
      0.02945313760799818,
      0.027748776232182158,
      0.02931802240203978,
      0.028086743489212355,
      0.027051582311024752,
      0.026465895848066988,
      0.0284716018876393,
      0.028729443269350417,
      0.0264899195250695,
      0.02583276718516418,
      0.025847560964937913,
      0.02570915319713158,
      0.026405474031865363,
      0.025915012873109818,
      0.02633796737133386,
      0.024325000841594384,
      0.024678397786470633,
      0.03177376742023985,
      0.025301643333256445,
      0.024388765022245913,
      0.02791864310716883,
      0.026498191967651158,
      0.024622465940412987,
      0.024524359769131858,
      0.023185805916840507,
      0.023361110668440283,
      0.024801375707371398,
      0.02660926313844355,
      0.023132027301911155,
      0.024404964519122,
      0.02324113547239444,
      0.02173868070539127,
      0.024331818521459242,
      0.024125068400960063,
      0.022410639372102158,
      0.021818314787350544,
      0.02233589173747293,
      0.022617650115986147,
      0.023823437767830236,
      0.021381620485970858,
      0.021093593800255668,
      0.02181346641174054,
      0.022444641702041995,
      0.021916388045919808,
      0.020582593983028107,
      0.022520158723078183,
      0.021785234279573677,
      0.020155854833299482,
      0.020156629278817482,
      0.022414979248496045,
      0.020346269600939097,
      0.020294757759932256,
      0.02034231948971058,
      0.021695481949582582,
      0.022486434534892335,
      0.020298135856036032,
      0.02104938011791046,
      0.021467704646458106,
      0.02058646550503397
    ],
    "val_loss": [
      0.3751821931607709,
      0.29288630441812696,
      0.3013668612448755,
      0.18135095082981859,
      0.20647850965489883,
      0.219612896103345,
      0.1742609074841181,
      0.22400793172642142,
      0.21517704119180847,
      0.3716644004377687,
      0.37706558571871884,
      0.9788014445453882,
      0.6231243178493784,
      0.6291776712816544,
      0.5574619549767165,
      0.780238916871032,
      0.5810648848598232,
      0.6295221204651955,
      0.6937387081008114,
      0.4895907213799878,
      0.6927765470254653,
      0.7399835038729413,
      0.6502117624383665,
      0.6051772660994066,
      0.5168265559537683,
      0.4609482973267486,
      0.3578834574558064,
      0.5479637663499145,
      0.4360166812828647,
      0.39627936766510774,
      0.48420645739593193,
      0.3860708960315246,
      0.3883504754791181,
      0.3557423932901667,
      0.3565205657888137,
      0.33815344517526336,
      0.35035140746590976,
      0.38572764434478063,
      0.36188333394106276,
      0.31009281989588533,
      0.32579794891044767,
      0.3051081533504728,
      0.29556103099672915,
      0.29631320155242424,
      0.3078888249734115,
      0.28377931003910517,
      0.30274366523490515,
      0.2935800508858112,
      0.2967944516594003,
      0.30899467856963414,
      0.290373791088378,
      0.27963499330251873,
      0.3014990516620393,
      0.3125124019687761,
      0.29720421422852905,
      0.2883626677608954,
      0.2933517757200909,
      0.28774393268241855,
      0.28773732575626965,
      0.28785317863845183,
      0.2949918210584514,
      0.2834427420049906,
      0.2897095506609289,
      0.290446511903655,
      0.28958378508017807,
      0.290391334264489,
      0.2965658056555305,
      0.28320073948581953,
      0.2935547379252618,
      0.29585050430795745,
      0.3000570051706658,
      0.29265532032949126,
      0.29800929806591153,
      0.30715524769293334,
      0.3014347274815608,
      0.30537716538316295,
      0.3021665785807425,
      0.282526542228496,
      0.29847725569242667,
      0.2968007597269234
    ],
    "best_epoch": 7,
    "best_val_loss": 0.1742609074841181,
    "test_loss": 4.9480002674332075,
    "tracker": {
      "initial_train_loss": 0.425443883192893,
      "train_threshold": 0.14181462773096434,
      "best_tracking": true,
      "patience_active": true,
      "patience_best_train": null,
      "patience_best_val": 0.1742609074841181,
      "patience_no_improve_epochs": 73,
      "best_train_loss": Infinity,
      "forced_stop_due_to_threshold": false
    }
  },
  "model_files": {
    "best": "scripts/outputs/gru-trc-value/trial_24_9b69aa/best_model.pt",
    "last": "scripts/outputs/gru-trc-value/trial_24_9b69aa/last_model.pt"
  },
  "config_path": "/home/amoris/data-analysis-on-dbps/scripts/outputs/gru-trc-value/trial_24_9b69aa/config.yaml"
}