{
  "model_name": "mlp-trc-value/trial_34_bfe8b8",
  "model_type": "MLP",
  "model_format": "torch",
  "model_params": {
    "history_length": 1,
    "hidden_layers": [
      512,
      256,
      128
    ],
    "dropout": 0.2917959263348837,
    "mid_layer_count": 12,
    "mid_layer_size": 172
  },
  "training_params": {
    "max_epochs": 400,
    "batch_size": 365,
    "learning_rate": 0.000536484979439177,
    "weight_decay": 0.0011910367534184521,
    "checkpoint_interval": 10,
    "seed": 42
  },
  "data_csv": "data/time_aligned_data.csv",
  "timestamp_column": "Date, Time",
  "columns": [
    "TRC-DT",
    "TRC-RT",
    "TRC-PPL1",
    "TRC-PPL2",
    "pH-DT",
    "pH-RT",
    "pH-PPL1",
    "pH-PPL2",
    "cond-DT",
    "cond-PPL1",
    "cond-PPL2",
    "fDOM-RT",
    "fDOM-PPL1",
    "fDOM-PPL2",
    "DO-RT",
    "DO-PPL1",
    "DO-PPL2",
    "TOC-RT",
    "TOC-PPL1",
    "TOC-PPL2",
    "DOC-RT",
    "DOC-PPL1",
    "DOC-PPL2",
    "minutes_since_start"
  ],
  "feature_columns": [
    "TRC-DT",
    "TRC-RT",
    "pH-DT",
    "pH-RT",
    "cond-DT",
    "fDOM-RT",
    "DO-RT",
    "TOC-RT",
    "DOC-RT",
    "minutes_since_start"
  ],
  "target_columns": [
    "TRC-PPL1",
    "TRC-PPL2"
  ],
  "split_boundaries": {
    "train_end": 7796,
    "val_end": 9466,
    "test_end": 11138
  },
  "dataset_sizes": {
    "train": 7796,
    "val": 1670,
    "test": 1672
  },
  "input_dim": 10,
  "sequence_length": null,
  "training_history": {
    "epochs": [
      1,
      2,
      3,
      4,
      5,
      6,
      7,
      8,
      9,
      10,
      11,
      12,
      13,
      14,
      15,
      16,
      17,
      18,
      19,
      20,
      21,
      22,
      23,
      24,
      25,
      26,
      27,
      28,
      29,
      30,
      31,
      32,
      33,
      34,
      35,
      36,
      37,
      38,
      39,
      40,
      41,
      42,
      43,
      44,
      45,
      46,
      47,
      48,
      49,
      50,
      51,
      52,
      53,
      54,
      55,
      56,
      57,
      58,
      59,
      60,
      61,
      62,
      63,
      64,
      65,
      66,
      67,
      68,
      69,
      70,
      71,
      72,
      73,
      74,
      75,
      76,
      77,
      78,
      79,
      80
    ],
    "train_loss": [
      0.539974044849776,
      0.17943529371055594,
      0.1305419401924631,
      0.10475791474013925,
      0.09131799845752225,
      0.08597094581781166,
      0.07907354472450656,
      0.0776154208180995,
      0.07436059307729422,
      0.07272964858451429,
      0.07188436152483253,
      0.06804564746556419,
      0.06836098343900392,
      0.06439621181056676,
      0.06458184044815794,
      0.06447277232486584,
      0.06227309320632343,
      0.06175192170277077,
      0.06049620458046753,
      0.060374029178560364,
      0.05870457190165861,
      0.05846989124329075,
      0.05812102340433217,
      0.05832465158669367,
      0.0556652117812057,
      0.055142433361545506,
      0.05609283754205462,
      0.0547364188870439,
      0.05384552344133176,
      0.05486850724629618,
      0.053072401714258435,
      0.0523586133977598,
      0.05199885470224014,
      0.05224571755397711,
      0.053683080626369714,
      0.0535386473369551,
      0.04989033378326187,
      0.050832251894869306,
      0.05053166914951073,
      0.05027285055245434,
      0.0510440353608058,
      0.04968596663060342,
      0.04820895568587616,
      0.04922419287438283,
      0.04831834867302273,
      0.04925500975874921,
      0.0485731247046044,
      0.047718908858527094,
      0.04901278380012133,
      0.048827853447553624,
      0.04786369611694071,
      0.047978755780493314,
      0.04684651749932029,
      0.04704105363477341,
      0.048158540638434146,
      0.046666658891048596,
      0.0474772905905073,
      0.04630857699380097,
      0.04732500723901928,
      0.045415929391532904,
      0.04614646593514943,
      0.04738154170462234,
      0.04545134893322737,
      0.045355576640993676,
      0.045916985513488565,
      0.04638395534437427,
      0.04710300812156553,
      0.045715950043817524,
      0.045159156783065806,
      0.04476300347739761,
      0.04558018477525602,
      0.04559683661693836,
      0.045084159044771546,
      0.045497483287146145,
      0.04564216575480658,
      0.043125054358445936,
      0.04500958527662453,
      0.04509279297415326,
      0.04448929670892308,
      0.044554004406488636
    ],
    "val_loss": [
      0.39388326745101077,
      0.28438565012312933,
      0.20270823179827835,
      0.20938228618375912,
      0.19671341386473107,
      0.19891500468561035,
      0.1977626550440749,
      0.20265000784200823,
      0.21023206241585002,
      0.21295508529857068,
      0.2238621796330738,
      0.22251636701117375,
      0.23221657734118892,
      0.23484127273682706,
      0.23934125865692507,
      0.24014500674127998,
      0.2378359837067163,
      0.23909541335469947,
      0.24309458478192192,
      0.24435585900628104,
      0.24894308706488974,
      0.25926793127426667,
      0.24736650188838294,
      0.2554759881096686,
      0.26269954679991137,
      0.26384107692691383,
      0.2708956307235235,
      0.2717634351020623,
      0.27986950843321706,
      0.27783199934523084,
      0.2684499063991947,
      0.2752616439895805,
      0.27780110778811273,
      0.29119949749933033,
      0.2694712160266713,
      0.2773462582580344,
      0.27369579743638545,
      0.283552831975732,
      0.2806304300672369,
      0.27390189240770246,
      0.27601839003604867,
      0.2784120615092134,
      0.28469625646861907,
      0.2822512800018944,
      0.2883846541967042,
      0.29343387984230135,
      0.3242817959207261,
      0.28074659185740586,
      0.2845034288788984,
      0.298107140541389,
      0.2946185391942809,
      0.29342486316193184,
      0.2918957685772887,
      0.30325564401904626,
      0.29366505090258793,
      0.3006637575171754,
      0.304048735230135,
      0.3060994548611566,
      0.3114518950341972,
      0.3044099811364166,
      0.32186261171887737,
      0.3099207257249666,
      0.3035579351708293,
      0.29582151011591723,
      0.31004958128010085,
      0.29963363824178,
      0.3015196549867888,
      0.29996105206539175,
      0.30090161624314365,
      0.31562824444678017,
      0.30364500091015223,
      0.3032802224583076,
      0.316824384875774,
      0.30673412090825464,
      0.30302839146224325,
      0.31547580232208006,
      0.32816133926438534,
      0.3126798226124423,
      0.32266139603794336,
      0.3074408331495559
    ],
    "best_epoch": 5,
    "best_val_loss": 0.19671341386473107,
    "test_loss": 4.950241230606462,
    "tracker": {
      "initial_train_loss": 0.539974044849776,
      "train_threshold": 0.17999134828325866,
      "best_tracking": true,
      "patience_active": true,
      "patience_best_train": null,
      "patience_best_val": 0.19671341386473107,
      "patience_no_improve_epochs": 75,
      "best_train_loss": Infinity,
      "forced_stop_due_to_threshold": false
    }
  },
  "model_files": {
    "best": "scripts/outputs/mlp-trc-value/trial_34_bfe8b8/best_model.pt",
    "last": "scripts/outputs/mlp-trc-value/trial_34_bfe8b8/last_model.pt"
  },
  "config_path": "/home/amoris/data-analysis-on-dbps/scripts/outputs/mlp-trc-value/trial_34_bfe8b8/config.yaml"
}