{
  "model_name": "gru-trc-rate/trial_36_a5f2b1",
  "model_type": "GRU",
  "model_format": "torch",
  "model_params": {
    "history_length": 96,
    "units": 201,
    "num_layers": 4,
    "dropout": 0.33704454749089213
  },
  "training_params": {
    "max_epochs": 500,
    "batch_size": 153,
    "learning_rate": 0.00028224795579661455,
    "weight_decay": 0.00023203903221312832,
    "checkpoint_interval": 10,
    "seed": 947
  },
  "data_csv": "data/time_aligned_data.csv",
  "timestamp_column": "Date, Time",
  "columns": [
    "TRC-DT",
    "TRC-RT",
    "TRC-PPL1",
    "TRC-PPL2",
    "pH-DT",
    "pH-RT",
    "pH-PPL1",
    "pH-PPL2",
    "cond-DT",
    "cond-PPL1",
    "cond-PPL2",
    "fDOM-RT",
    "fDOM-PPL1",
    "fDOM-PPL2",
    "DO-RT",
    "DO-PPL1",
    "DO-PPL2",
    "TOC-RT",
    "TOC-PPL1",
    "TOC-PPL2",
    "DOC-RT",
    "DOC-PPL1",
    "DOC-PPL2",
    "minutes_since_start"
  ],
  "feature_columns": [
    "TRC-DT",
    "TRC-RT",
    "pH-DT",
    "pH-RT",
    "cond-DT",
    "fDOM-RT",
    "DO-RT",
    "TOC-RT",
    "DOC-RT",
    "minutes_since_start"
  ],
  "target_columns": [
    "TRC-PPL1",
    "TRC-PPL2"
  ],
  "target_mode": "rate",
  "target_base_columns": [
    "TRC-RT",
    "TRC-RT"
  ],
  "split_boundaries": {
    "train_end": 7796,
    "val_end": 9466,
    "test_end": 11138
  },
  "dataset_sizes": {
    "train": 7701,
    "val": 1670,
    "test": 1672
  },
  "input_dim": 10,
  "sequence_length": 96,
  "training_history": {
    "epochs": [
      1,
      2,
      3,
      4,
      5,
      6,
      7,
      8,
      9,
      10,
      11,
      12,
      13,
      14,
      15,
      16,
      17,
      18,
      19,
      20,
      21,
      22,
      23,
      24,
      25,
      26,
      27,
      28,
      29,
      30,
      31,
      32,
      33,
      34,
      35,
      36,
      37,
      38,
      39,
      40,
      41,
      42,
      43,
      44,
      45,
      46,
      47,
      48,
      49,
      50,
      51,
      52,
      53,
      54,
      55,
      56,
      57,
      58,
      59,
      60,
      61,
      62,
      63,
      64,
      65,
      66,
      67,
      68,
      69,
      70,
      71,
      72,
      73,
      74,
      75,
      76,
      77,
      78,
      79,
      80
    ],
    "train_loss": [
      0.37175944753435275,
      0.1482974804987181,
      0.086432544921605,
      0.05960088701832374,
      0.05284034132661409,
      0.0432286092037002,
      0.039324067829065765,
      0.037972467291532766,
      0.03468338229897006,
      0.03290425655462884,
      0.032172859973268006,
      0.031612707894073416,
      0.028933739943417493,
      0.02820681876792813,
      0.028108417778121713,
      0.0261572983782023,
      0.024704288703617672,
      0.024953221211468937,
      0.02466883695382156,
      0.02407589881674738,
      0.023900985187351308,
      0.02306096101586787,
      0.022643919775126784,
      0.021966068111113367,
      0.023172915191543814,
      0.022748982126744376,
      0.02153845876455307,
      0.021707132322997445,
      0.022591397203258333,
      0.020769650609978776,
      0.022324689004002817,
      0.02021824283562354,
      0.0203796492285089,
      0.02129401441737516,
      0.021486918238417203,
      0.020310051332147704,
      0.019737823779959945,
      0.019197230208788486,
      0.020329230329305524,
      0.01913266469853998,
      0.019853110875416274,
      0.020433328342654846,
      0.019141387619966307,
      0.020133653396604865,
      0.01856776061683696,
      0.018766674330297686,
      0.020108483892106854,
      0.019084263395592077,
      0.01941914555450149,
      0.018429712762451724,
      0.018286465531498784,
      0.020463787771712077,
      0.019352649838127046,
      0.019564083160598152,
      0.018702767906550146,
      0.018170620024895036,
      0.01873480501455187,
      0.018489305534406215,
      0.018079120875490424,
      0.018474693237402976,
      0.021341961635807098,
      0.019228069136375623,
      0.017483335802491926,
      0.01814818980530003,
      0.017708189649791116,
      0.018523326889913996,
      0.017941455504801494,
      0.017696427095015316,
      0.01755953815130406,
      0.019185019410307834,
      0.018538828390274223,
      0.01830048458218969,
      0.017617639222040477,
      0.017433387498735197,
      0.017928970299217084,
      0.019009666831929558,
      0.01725897736946084,
      0.01746228106615954,
      0.017957960662512196,
      0.017782572447168115
    ],
    "val_loss": [
      0.29251633276549466,
      0.22643962359267794,
      0.188421955735919,
      0.274815800719097,
      0.21180184534276852,
      0.27619507630651224,
      0.36513023574775205,
      0.3995699973096569,
      0.3678805357313709,
      0.415647286732129,
      0.4067815514504463,
      0.48542464184546896,
      0.5198505711948086,
      0.5200654283645535,
      0.7772902153030841,
      0.6401573081818704,
      0.6148973795490529,
      0.6894027561796996,
      0.7826520590948131,
      0.47685316982428116,
      0.5205922271186363,
      0.46160566890444943,
      0.5384893467092139,
      0.46642884465191,
      0.4477312991005218,
      0.42140128911545355,
      0.46651306639754486,
      0.40262305505941814,
      0.45725451819152535,
      0.39998552800228676,
      0.38178455944613604,
      0.4192174664034904,
      0.3940160922226524,
      0.3838791830677115,
      0.3912206421344134,
      0.3442475703606259,
      0.40900769748329047,
      0.3742219295386158,
      0.33865751375215586,
      0.3616910382056843,
      0.33870127708121334,
      0.3503901788027968,
      0.34701208535046457,
      0.33367665398330565,
      0.3426482411190689,
      0.358794959354588,
      0.32839646208027523,
      0.3393770076239671,
      0.33374286569699557,
      0.3683951613342691,
      0.374073095192497,
      0.32106998573018314,
      0.3100014338520785,
      0.34435298207834986,
      0.3365519564643413,
      0.32293988359132836,
      0.3196948524252205,
      0.3205445550482519,
      0.328166466296656,
      0.3173110111499439,
      0.31331010667640646,
      0.3264860299326658,
      0.32205139158103996,
      0.3222060590569755,
      0.32709874180508053,
      0.3184142766035201,
      0.31160377053666616,
      0.3145219734853167,
      0.3208168408353841,
      0.33645872896102197,
      0.3314186979207896,
      0.31640109171209757,
      0.3066720944812555,
      0.29523490937370916,
      0.3070102911297522,
      0.2956129490336526,
      0.3094995763967048,
      0.3036473071046486,
      0.30727161901841266,
      0.3111798094072474
    ],
    "best_epoch": 3,
    "best_val_loss": 0.188421955735919,
    "best_val_abs_mse": 0.2562310993671417,
    "test_loss": 4.650054491093854,
    "test_abs_mse": 45.07780838012695,
    "tracker": {
      "initial_train_loss": 0.37175944753435275,
      "train_threshold": 0.12391981584478425,
      "best_tracking": true,
      "patience_active": true,
      "patience_best_train": null,
      "patience_best_val": 0.188421955735919,
      "patience_no_improve_epochs": 78,
      "best_train_loss": Infinity,
      "forced_stop_due_to_threshold": false
    }
  },
  "model_files": {
    "best": "scripts/outputs/gru-trc-rate/trial_36_a5f2b1/best_model.pt",
    "last": "scripts/outputs/gru-trc-rate/trial_36_a5f2b1/last_model.pt"
  },
  "config_path": "/home/amoris/data-analysis-on-dbps/scripts/outputs/gru-trc-rate/trial_36_a5f2b1/config.yaml"
}