{
  "model_name": "rnn-other-value/trial_8_c2ac7b",
  "model_type": "RNN",
  "model_format": "torch",
  "model_params": {
    "history_length": 126,
    "units": 177,
    "num_layers": 5,
    "dropout": 0.27764687499543644
  },
  "training_params": {
    "max_epochs": 500,
    "batch_size": 147,
    "learning_rate": 0.00048748562242450155,
    "weight_decay": 0.007726131148747163,
    "checkpoint_interval": 10,
    "seed": 947
  },
  "data_csv": "data/time_aligned_data.csv",
  "timestamp_column": "Date, Time",
  "columns": [
    "TRC-DT",
    "TRC-RT",
    "TRC-PPL1",
    "TRC-PPL2",
    "pH-DT",
    "pH-RT",
    "pH-PPL1",
    "pH-PPL2",
    "cond-DT",
    "cond-PPL1",
    "cond-PPL2",
    "fDOM-RT",
    "fDOM-PPL1",
    "fDOM-PPL2",
    "DO-RT",
    "DO-PPL1",
    "DO-PPL2",
    "TOC-RT",
    "TOC-PPL1",
    "TOC-PPL2",
    "DOC-RT",
    "DOC-PPL1",
    "DOC-PPL2",
    "minutes_since_start"
  ],
  "feature_columns": [
    "TRC-DT",
    "TRC-RT",
    "pH-DT",
    "pH-RT",
    "cond-DT",
    "fDOM-RT",
    "DO-RT",
    "TOC-RT",
    "DOC-RT",
    "minutes_since_start"
  ],
  "target_columns": [
    "TOC-PPL1",
    "TOC-PPL2",
    "DOC-PPL1",
    "DOC-PPL2",
    "pH-PPL1",
    "pH-PPL2"
  ],
  "split_boundaries": {
    "train_end": 7796,
    "val_end": 9466,
    "test_end": 11138
  },
  "dataset_sizes": {
    "train": 7671,
    "val": 1670,
    "test": 1672
  },
  "input_dim": 10,
  "sequence_length": 126,
  "training_history": {
    "epochs": [
      1,
      2,
      3,
      4,
      5,
      6,
      7,
      8,
      9,
      10,
      11,
      12,
      13,
      14,
      15,
      16,
      17,
      18,
      19,
      20,
      21,
      22,
      23,
      24,
      25,
      26,
      27,
      28,
      29,
      30,
      31,
      32,
      33,
      34,
      35,
      36,
      37,
      38,
      39,
      40,
      41,
      42,
      43,
      44,
      45,
      46,
      47,
      48,
      49,
      50,
      51,
      52,
      53,
      54,
      55,
      56,
      57,
      58,
      59,
      60,
      61,
      62,
      63,
      64,
      65,
      66,
      67,
      68,
      69,
      70,
      71,
      72,
      73,
      74,
      75,
      76,
      77,
      78,
      79,
      80,
      81,
      82,
      83,
      84,
      85,
      86,
      87
    ],
    "train_loss": [
      0.3824489839581899,
      0.2559230618344931,
      0.241551929495509,
      0.24081698597339993,
      0.23593200614991297,
      0.22848103283134158,
      0.22509212315805172,
      0.20979462524363898,
      0.21115092643546463,
      0.1970308664071639,
      0.19284601408753677,
      0.19639214783568937,
      0.19603925280194287,
      0.19104732283983653,
      0.18707681333338044,
      0.1875963452438568,
      0.18767524860569124,
      0.18648044052280668,
      0.18270350844658675,
      0.18273865925435867,
      0.18150071676210075,
      0.18285493499945046,
      0.17970726395147502,
      0.18121225212321507,
      0.1832940494659873,
      0.18339962581894478,
      0.18012073409944296,
      0.17580069364352668,
      0.17463125280910607,
      0.1755585059156444,
      0.18666369234578517,
      0.17699187412409284,
      0.17428996424144444,
      0.1781484270275315,
      0.17187369987514273,
      0.17340239053202366,
      0.18378385299460515,
      0.17520249674900185,
      0.1719510621060885,
      0.17408163349027972,
      0.17386187096102704,
      0.16391143823420576,
      0.1608625462815591,
      0.16101737472523364,
      0.17034422346027653,
      0.16411011214129478,
      0.1576344173286499,
      0.15657571784199148,
      0.15565871256471006,
      0.15648566852813592,
      0.15502827768685717,
      0.15872346906164078,
      0.15720311044993976,
      0.15986271809216912,
      0.15061106732698637,
      0.15142874420854696,
      0.2055812428239551,
      0.1788874640157552,
      0.1641624586559806,
      0.160993406155005,
      0.15300139786561207,
      0.15357590914005687,
      0.14897451717311813,
      0.1518026959263211,
      0.14933085997541948,
      0.1496596828242928,
      0.14749427914829238,
      0.1484096559477729,
      0.14394297548975848,
      0.15115133408088446,
      0.14410695606404839,
      0.14495248226889607,
      0.14544908246364172,
      0.1468929350434405,
      0.14854724367510122,
      0.14633089272209943,
      0.14995692487358814,
      0.14204278292253142,
      0.14241879575878183,
      0.13984795261464364,
      0.14077989668772936,
      0.14245102693547856,
      0.15384362746972705,
      0.14454040832243537,
      0.1371363710304653,
      0.13979859060091016,
      0.13972720753228146
    ],
    "val_loss": [
      0.3857553729397094,
      0.3956603314749852,
      0.39057309589833916,
      0.37250772247503616,
      0.380534353316901,
      0.4228215606225108,
      0.42133205422384296,
      0.6813434306286766,
      0.5556927676775498,
      0.610145908442443,
      0.6278120990151059,
      0.4554034712785732,
      0.5862825781151563,
      0.5557660202423256,
      0.6533223857668167,
      0.5981546495020568,
      0.5467026726214471,
      0.5578839064358238,
      0.4961445381987595,
      0.6675018182883184,
      0.6311386165839291,
      0.5343384812513511,
      0.5224120262407971,
      0.5356336389606942,
      0.5285536683292803,
      0.5400812027518621,
      0.4855395436420769,
      0.5555409315549685,
      0.5244791505490235,
      0.5507043525442749,
      0.5460116148173452,
      0.6344867773130982,
      0.5474671775263227,
      0.5468081045516594,
      0.5365994535431177,
      0.5609978338781588,
      0.5108749143020835,
      0.5616828604283447,
      0.5449294557649932,
      0.5635917904580424,
      0.5603306573776606,
      0.5629412892268981,
      0.6279481474243238,
      0.6116671010093417,
      0.5964227225876854,
      0.5794219103848149,
      0.5572762155738062,
      0.5890189782008083,
      0.591879725657002,
      0.5978452974807716,
      0.6047772539545319,
      0.6008399203910442,
      0.5941535572002747,
      0.6105666480824619,
      0.5881632142616603,
      0.6260913847136997,
      0.5571483763615172,
      0.5718618805447738,
      0.5853669583752841,
      0.5641928786512264,
      0.6052650262250336,
      0.6160832835550972,
      0.5822885345266072,
      0.5969975221478296,
      0.6383566174544617,
      0.6234321594952109,
      0.5899163722813486,
      0.6628261452886516,
      0.5847590585222501,
      0.6123913840351705,
      0.5733145016619189,
      0.6054569659252723,
      0.6032359617065169,
      0.6011820361464323,
      0.6073129800934635,
      0.6200888728600241,
      0.5935276315017731,
      0.6175141142826237,
      0.6014363056706811,
      0.612514368988975,
      0.6052369266480743,
      0.6261309026422615,
      0.5669851880989032,
      0.6171438817403274,
      0.6317164237270813,
      0.6365383300595655,
      0.6339375313817562
    ],
    "best_epoch": 87,
    "best_val_loss": 0.6339375313817562,
    "test_loss": 0.4922937647858412,
    "tracker": {
      "initial_train_loss": 0.3824489839581899,
      "train_threshold": 0.12748299465272997,
      "best_tracking": false,
      "patience_active": true,
      "patience_best_train": null,
      "patience_best_val": 0.5108749143020835,
      "patience_no_improve_epochs": 50,
      "best_train_loss": Infinity,
      "forced_stop_due_to_threshold": false
    }
  },
  "model_files": {
    "best": "scripts/outputs/rnn-other-value/trial_8_c2ac7b/best_model.pt",
    "last": "scripts/outputs/rnn-other-value/trial_8_c2ac7b/last_model.pt"
  },
  "config_path": "/home/amoris/data-analysis-on-dbps/scripts/outputs/rnn-other-value/trial_8_c2ac7b/config.yaml"
}