{
  "model_name": "lstm-trc-value/trial_48_d82f29",
  "model_type": "LSTM",
  "model_format": "torch",
  "model_params": {
    "history_length": 102,
    "units": 294,
    "num_layers": 7,
    "dropout": 0.35663347373804083
  },
  "training_params": {
    "max_epochs": 500,
    "batch_size": 181,
    "learning_rate": 0.0011651688783905429,
    "weight_decay": 0.0024757625541099184,
    "checkpoint_interval": 10,
    "seed": 947
  },
  "data_csv": "data/time_aligned_data.csv",
  "timestamp_column": "Date, Time",
  "columns": [
    "TRC-DT",
    "TRC-RT",
    "TRC-PPL1",
    "TRC-PPL2",
    "pH-DT",
    "pH-RT",
    "pH-PPL1",
    "pH-PPL2",
    "cond-DT",
    "cond-PPL1",
    "cond-PPL2",
    "fDOM-RT",
    "fDOM-PPL1",
    "fDOM-PPL2",
    "DO-RT",
    "DO-PPL1",
    "DO-PPL2",
    "TOC-RT",
    "TOC-PPL1",
    "TOC-PPL2",
    "DOC-RT",
    "DOC-PPL1",
    "DOC-PPL2",
    "minutes_since_start"
  ],
  "feature_columns": [
    "TRC-DT",
    "TRC-RT",
    "pH-DT",
    "pH-RT",
    "cond-DT",
    "fDOM-RT",
    "DO-RT",
    "TOC-RT",
    "DOC-RT",
    "minutes_since_start"
  ],
  "target_columns": [
    "TRC-PPL1",
    "TRC-PPL2"
  ],
  "split_boundaries": {
    "train_end": 7796,
    "val_end": 9466,
    "test_end": 11138
  },
  "dataset_sizes": {
    "train": 7695,
    "val": 1670,
    "test": 1672
  },
  "input_dim": 10,
  "sequence_length": 102,
  "training_history": {
    "epochs": [
      1,
      2,
      3,
      4,
      5,
      6,
      7,
      8,
      9,
      10,
      11,
      12,
      13,
      14,
      15,
      16,
      17,
      18,
      19,
      20,
      21,
      22,
      23,
      24,
      25,
      26,
      27,
      28,
      29,
      30,
      31,
      32,
      33,
      34,
      35,
      36,
      37,
      38,
      39,
      40,
      41,
      42,
      43,
      44,
      45,
      46,
      47,
      48,
      49,
      50
    ],
    "train_loss": [
      1.000563852503518,
      0.9998409636226702,
      0.9994693728218301,
      0.9996494323189495,
      0.9993239826084035,
      0.9993323092494715,
      0.9993087974517976,
      0.9993213573704299,
      0.99933126247727,
      0.9992540298459436,
      0.9993996936830318,
      0.9992341478045998,
      0.999205122883247,
      0.9992205206413716,
      0.9992178918712707,
      0.9992020951919234,
      0.9992476269593094,
      0.999230361720662,
      0.9992245045244268,
      0.9992746644859736,
      0.9993714393230907,
      0.9992566672682065,
      0.9992531118259715,
      0.9992245084825779,
      0.9991962357958545,
      0.9992011157857512,
      0.999252296981291,
      0.9992551945338705,
      0.9992049657655583,
      0.9992527518975727,
      0.9992075630873345,
      0.9992856053116261,
      0.999251977517436,
      0.999191082337214,
      0.9992288127435036,
      0.9992827281927117,
      0.999243067571914,
      0.9992239680284025,
      0.9991903246184926,
      0.9992190628798462,
      0.9992121488185112,
      0.999186138087391,
      0.9992573083027994,
      0.9992055781171103,
      0.9992253788653096,
      0.9991813266951206,
      0.9991991094833383,
      0.9991982714164714,
      0.9991958358831573,
      0.9992057071636837
    ],
    "val_loss": [
      0.34571638647578434,
      0.3537314893287456,
      0.3479427344294008,
      0.34641774856000246,
      0.34897952082449807,
      0.35308584857308223,
      0.3533309703257805,
      0.35302567253346573,
      0.3536416228012946,
      0.3527829215465905,
      0.351908955468746,
      0.35027316216669396,
      0.3512253861718192,
      0.35183116023144323,
      0.35182269880336203,
      0.3524370442897438,
      0.35158829866813684,
      0.35208200653736105,
      0.3522098090945782,
      0.3517621002734421,
      0.35090341482779935,
      0.35212057333908037,
      0.35156739912704077,
      0.3512007705554991,
      0.3509568590336217,
      0.35295613399388903,
      0.3523444885042256,
      0.3514399145846952,
      0.35156325818580425,
      0.3506817247361659,
      0.35059019719323,
      0.3495545826540022,
      0.3523240799742366,
      0.3515795735051175,
      0.35183631328051673,
      0.35058418168145383,
      0.35200507396798647,
      0.3515506394118249,
      0.35042215167449975,
      0.3505984105102852,
      0.3507865669150017,
      0.35008372438703467,
      0.3515254713661835,
      0.350680176628207,
      0.350637139839505,
      0.3511142723150774,
      0.35052036843792406,
      0.3518526129424572,
      0.3506728435972494,
      0.35155786905816927
    ],
    "best_epoch": 50,
    "best_val_loss": 0.35155786905816927,
    "test_loss": 5.674881146142357,
    "tracker": {
      "initial_train_loss": 1.000563852503518,
      "train_threshold": 0.3335212841678394,
      "best_tracking": false,
      "patience_active": true,
      "patience_best_train": null,
      "patience_best_val": 0.3495545826540022,
      "patience_no_improve_epochs": 18,
      "best_train_loss": Infinity,
      "forced_stop_due_to_threshold": true
    }
  },
  "model_files": {
    "best": "scripts/outputs/lstm-trc-value/trial_48_d82f29/best_model.pt",
    "last": "scripts/outputs/lstm-trc-value/trial_48_d82f29/last_model.pt"
  },
  "config_path": "/home/amoris/data-analysis-on-dbps/scripts/outputs/lstm-trc-value/trial_48_d82f29/config.yaml"
}