{
  "model_name": "lstm-trc-value/trial_11_e3ac25",
  "model_type": "LSTM",
  "model_format": "torch",
  "model_params": {
    "history_length": 122,
    "units": 277,
    "num_layers": 2,
    "dropout": 0.2636378780685975
  },
  "training_params": {
    "max_epochs": 500,
    "batch_size": 195,
    "learning_rate": 0.0019873415267432338,
    "weight_decay": 0.00028430606401200984,
    "checkpoint_interval": 10,
    "seed": 947
  },
  "data_csv": "data/time_aligned_data.csv",
  "timestamp_column": "Date, Time",
  "columns": [
    "TRC-DT",
    "TRC-RT",
    "TRC-PPL1",
    "TRC-PPL2",
    "pH-DT",
    "pH-RT",
    "pH-PPL1",
    "pH-PPL2",
    "cond-DT",
    "cond-PPL1",
    "cond-PPL2",
    "fDOM-RT",
    "fDOM-PPL1",
    "fDOM-PPL2",
    "DO-RT",
    "DO-PPL1",
    "DO-PPL2",
    "TOC-RT",
    "TOC-PPL1",
    "TOC-PPL2",
    "DOC-RT",
    "DOC-PPL1",
    "DOC-PPL2",
    "minutes_since_start"
  ],
  "feature_columns": [
    "TRC-DT",
    "TRC-RT",
    "pH-DT",
    "pH-RT",
    "cond-DT",
    "fDOM-RT",
    "DO-RT",
    "TOC-RT",
    "DOC-RT",
    "minutes_since_start"
  ],
  "target_columns": [
    "TRC-PPL1",
    "TRC-PPL2"
  ],
  "split_boundaries": {
    "train_end": 7796,
    "val_end": 9466,
    "test_end": 11138
  },
  "dataset_sizes": {
    "train": 7675,
    "val": 1670,
    "test": 1672
  },
  "input_dim": 10,
  "sequence_length": 122,
  "training_history": {
    "epochs": [
      1,
      2,
      3,
      4,
      5,
      6,
      7,
      8,
      9,
      10,
      11,
      12,
      13,
      14,
      15,
      16,
      17,
      18,
      19,
      20,
      21,
      22,
      23,
      24,
      25,
      26,
      27,
      28,
      29,
      30,
      31,
      32,
      33,
      34,
      35,
      36,
      37,
      38,
      39,
      40,
      41,
      42,
      43,
      44,
      45,
      46,
      47,
      48,
      49,
      50,
      51,
      52,
      53,
      54,
      55,
      56,
      57,
      58,
      59,
      60,
      61,
      62,
      63,
      64,
      65,
      66,
      67,
      68,
      69,
      70,
      71,
      72,
      73,
      74,
      75,
      76,
      77,
      78,
      79,
      80
    ],
    "train_loss": [
      0.2377000043805725,
      0.05796639692123239,
      0.04081038334058046,
      0.03385265909062535,
      0.03441321705422495,
      0.027415599374264382,
      0.02629446011485611,
      0.026179263485953553,
      0.025272278662419087,
      0.025844577703540022,
      0.02481668996912843,
      0.020433119893171113,
      0.021030572155059744,
      0.02203207325906241,
      0.023713157683950683,
      0.020297483734616626,
      0.01902434983888356,
      0.02158761615789092,
      0.019915907611578996,
      0.029593932110488608,
      0.02720495239870944,
      0.020155593896048075,
      0.01903863573986855,
      0.02288795630007691,
      0.024693600866179125,
      0.02488642868855877,
      0.021463279500118296,
      0.020277182868278378,
      0.019059393622879096,
      0.01841324278265723,
      0.017910487329775425,
      0.01836233472190676,
      0.01835157251294933,
      0.017767297405543274,
      0.017656439505760173,
      0.01788916492391778,
      0.019989511067296472,
      0.019709234772074105,
      0.017722263823017625,
      0.016690083872830247,
      0.01692521412969121,
      0.020279730745994696,
      0.023003177267138266,
      0.01822712103008059,
      0.017454551523156975,
      0.017538358015690834,
      0.017416689174814023,
      0.018999555646305365,
      0.018660684292134903,
      0.016641941840126382,
      0.017691613796867844,
      0.016859534308192977,
      0.017718062679668592,
      0.017115813707902494,
      0.016395804239892026,
      0.016113515653881073,
      0.016555414240843697,
      0.018231281126069712,
      0.017062815296363557,
      0.016959699553343487,
      0.01597722326359842,
      0.016798638446857177,
      0.017145148911043177,
      0.01661797497324427,
      0.016543354314876302,
      0.01670357826793815,
      0.017007922923574618,
      0.025789801182425565,
      0.01839965660222093,
      0.0492239466367793,
      0.031096941391643172,
      0.03074481406337081,
      0.02048788168846784,
      0.0189907916873111,
      0.019021898391580735,
      0.017456966900063455,
      0.017283467248883036,
      0.018173367392380967,
      0.0171758525971481,
      0.01664752045870798
    ],
    "val_loss": [
      0.3830087698639153,
      0.21887653536849214,
      0.2437611866831601,
      0.31628488728631576,
      0.34566586198630983,
      0.31953289803162127,
      0.3474907974941199,
      0.3440963097953957,
      0.31941281948907824,
      0.2892947707737902,
      0.30467529532438264,
      0.3099559707912856,
      0.3254877378338736,
      0.3343185782488324,
      0.3264842794895797,
      0.3324418577315386,
      0.35242227110230995,
      0.34535831708773346,
      0.3663213941140357,
      0.328120178676874,
      0.300691715854326,
      0.31381969448335156,
      0.31282473120191495,
      0.3033533097874975,
      0.32849302048053214,
      0.3019094799483518,
      0.3095532827648128,
      0.311917647418237,
      0.313369984297963,
      0.3168048670314654,
      0.3440047465376333,
      0.33008752251322754,
      0.32112879156620205,
      0.3152608833593612,
      0.3130838236977865,
      0.3144707603736998,
      0.30088443383239877,
      0.3120597843471134,
      0.317420338152233,
      0.3184394535614166,
      0.3190197467658959,
      0.3904171320860704,
      0.3113779224689581,
      0.3026949375990533,
      0.31439970560304953,
      0.32459451529214123,
      0.303230010385731,
      0.292804314303184,
      0.3077178334281919,
      0.3092101021407696,
      0.3015461407579526,
      0.29602185473916776,
      0.30463922001466065,
      0.30385704092614485,
      0.29897602936977935,
      0.3132268326568925,
      0.30454563578133453,
      0.2898494728065715,
      0.29375712700121237,
      0.30323390746321865,
      0.29674614587809867,
      0.2897177277590165,
      0.2920965783599162,
      0.296511482313543,
      0.29943590534817494,
      0.29866463621844075,
      0.29845760267473265,
      0.3318229262454959,
      0.29333202896673166,
      0.8703675221785635,
      0.6495916240787256,
      0.5268632636411105,
      0.5663048432426092,
      0.498900465661671,
      0.5259913246587901,
      0.6191215238026427,
      0.65074255160742,
      0.6668805177741779,
      0.6564550756359707,
      0.7736883027490206
    ],
    "best_epoch": 2,
    "best_val_loss": 0.21887653536849214,
    "test_loss": 4.626417614697839,
    "tracker": {
      "initial_train_loss": 0.2377000043805725,
      "train_threshold": 0.07923333479352417,
      "best_tracking": true,
      "patience_active": true,
      "patience_best_train": null,
      "patience_best_val": 0.21887653536849214,
      "patience_no_improve_epochs": 79,
      "best_train_loss": Infinity,
      "forced_stop_due_to_threshold": false
    }
  },
  "model_files": {
    "best": "scripts/outputs/lstm-trc-value/trial_11_e3ac25/best_model.pt",
    "last": "scripts/outputs/lstm-trc-value/trial_11_e3ac25/last_model.pt"
  },
  "config_path": "/home/amoris/data-analysis-on-dbps/scripts/outputs/lstm-trc-value/trial_11_e3ac25/config.yaml"
}