{
  "model_name": "gru-trc-rate/trial_40_090629",
  "model_type": "GRU",
  "model_format": "torch",
  "model_params": {
    "history_length": 121,
    "units": 167,
    "num_layers": 6,
    "dropout": 0.44467062596652124
  },
  "training_params": {
    "max_epochs": 500,
    "batch_size": 329,
    "learning_rate": 0.0011303031691601983,
    "weight_decay": 0.00040687258311100384,
    "checkpoint_interval": 10,
    "seed": 947
  },
  "data_csv": "data/time_aligned_data.csv",
  "timestamp_column": "Date, Time",
  "columns": [
    "TRC-DT",
    "TRC-RT",
    "TRC-PPL1",
    "TRC-PPL2",
    "pH-DT",
    "pH-RT",
    "pH-PPL1",
    "pH-PPL2",
    "cond-DT",
    "cond-PPL1",
    "cond-PPL2",
    "fDOM-RT",
    "fDOM-PPL1",
    "fDOM-PPL2",
    "DO-RT",
    "DO-PPL1",
    "DO-PPL2",
    "TOC-RT",
    "TOC-PPL1",
    "TOC-PPL2",
    "DOC-RT",
    "DOC-PPL1",
    "DOC-PPL2",
    "minutes_since_start"
  ],
  "feature_columns": [
    "TRC-DT",
    "TRC-RT",
    "pH-DT",
    "pH-RT",
    "cond-DT",
    "fDOM-RT",
    "DO-RT",
    "TOC-RT",
    "DOC-RT",
    "minutes_since_start"
  ],
  "target_columns": [
    "TRC-PPL1",
    "TRC-PPL2"
  ],
  "target_mode": "rate",
  "target_base_columns": [
    "TRC-RT",
    "TRC-RT"
  ],
  "split_boundaries": {
    "train_end": 7796,
    "val_end": 9466,
    "test_end": 11138
  },
  "dataset_sizes": {
    "train": 7676,
    "val": 1670,
    "test": 1672
  },
  "input_dim": 10,
  "sequence_length": 121,
  "training_history": {
    "epochs": [
      1,
      2,
      3,
      4,
      5,
      6,
      7,
      8,
      9,
      10,
      11,
      12,
      13,
      14,
      15,
      16,
      17,
      18,
      19,
      20,
      21,
      22,
      23,
      24,
      25,
      26,
      27,
      28,
      29,
      30,
      31,
      32,
      33,
      34,
      35,
      36,
      37,
      38,
      39,
      40,
      41,
      42,
      43,
      44,
      45,
      46,
      47,
      48,
      49,
      50,
      51,
      52,
      53,
      54,
      55,
      56,
      57,
      58,
      59,
      60,
      61,
      62,
      63,
      64,
      65,
      66,
      67,
      68,
      69,
      70,
      71,
      72,
      73,
      74,
      75,
      76,
      77,
      78,
      79,
      80
    ],
    "train_loss": [
      0.387158395212926,
      0.15181913015438964,
      0.10647443703018078,
      0.07252766935221769,
      0.05892894543035693,
      0.04851986428673237,
      0.046372870871444864,
      0.04485696762724507,
      0.04047071277210028,
      0.04123088453860915,
      0.0371561626451883,
      0.03221752942812014,
      0.03324782275781618,
      0.046866812507868,
      0.03425068709486829,
      0.029501067054685574,
      0.03016474099204705,
      0.02592065162886829,
      0.024996819781938323,
      0.027126209017368827,
      0.026357505226157384,
      0.026344540593985503,
      0.02624687414476575,
      0.022930504057028366,
      0.023721066709033223,
      0.024901142008767627,
      0.024927707548180925,
      0.024380466268398352,
      0.022817178035068553,
      0.10060582121998196,
      0.06811176715860334,
      0.040424806038194365,
      0.0333505092854085,
      0.02800234365425014,
      0.026189074487827715,
      0.0253157283052309,
      0.02499973187985024,
      0.025155137345212287,
      0.023981555295625723,
      0.023277629531071622,
      0.023867302965867823,
      0.026855335367281512,
      0.024813381195992402,
      0.02270793410308306,
      0.02415870751825478,
      0.022589060921491808,
      0.02256003741530188,
      0.023175506675426633,
      0.02284493550989212,
      0.022434234969781877,
      0.023816563088811814,
      0.02197563665404085,
      0.021974862488874813,
      0.025368676950631896,
      0.023504828014559054,
      0.023051496159087297,
      0.020922182745398754,
      0.022198577823991917,
      0.020715010291282834,
      0.02123594996017084,
      0.02295369969864355,
      0.022099139942210546,
      0.021572563894541468,
      0.020893342215703718,
      0.020676592587910245,
      0.021773900307953713,
      0.020146253180737185,
      0.0210631327514807,
      0.023345936888099928,
      0.021112622827856396,
      0.020646125925321435,
      0.019896796310719427,
      0.020343089653125666,
      0.019874156324349152,
      0.020621177356024315,
      0.024272631858186743,
      0.021764803682407824,
      0.021108740602181705,
      0.020578019213467184,
      0.02175379485118049
    ],
    "val_loss": [
      0.31348681185773747,
      0.31540749726627404,
      0.19322872277862296,
      0.1753877263070045,
      0.19401981823904785,
      0.22326642368323432,
      0.20288352098784404,
      0.28167567996609355,
      0.27304114256901835,
      0.37564350584309975,
      0.45684207072871885,
      0.4918237518429935,
      0.8914969627684105,
      0.5017947881610808,
      0.6249299120425642,
      0.8179438260924852,
      0.6004931757828879,
      0.78363332560364,
      0.7495861483057459,
      0.656463263887622,
      0.6178838981638947,
      0.5712203132802854,
      0.3957743785483484,
      0.418527942447516,
      0.4318241937007911,
      0.46890065120365804,
      0.5107537823857483,
      0.3431440475201625,
      0.40802851495762427,
      1.172037885660406,
      0.4814132758867955,
      0.8294053919011068,
      0.5979495150276911,
      0.670355750353795,
      0.6760499014178971,
      0.7974795419232039,
      0.6638525851360874,
      0.5482759011005927,
      0.9487017594601312,
      1.01539509104799,
      0.5204054201445626,
      0.4371204534947069,
      0.6170000554045696,
      0.49538838189362944,
      0.5807863111367929,
      0.7437186941961774,
      0.5035087720608105,
      0.49561441235556575,
      0.3754778376395652,
      0.3539354884985857,
      0.5130199914853908,
      0.5024922279652185,
      0.6580359093532591,
      0.3963611251947855,
      0.39461250933456027,
      0.3244330884888768,
      0.3348514930495691,
      0.307030354395598,
      0.31380232361753185,
      0.33330374067303487,
      0.3676353307998555,
      0.3756504110679655,
      0.28864329593468036,
      0.3155095601889366,
      0.2907295009455906,
      0.3127241127951416,
      0.3222769104211987,
      0.29236094121692957,
      0.2925949402978856,
      0.3000006750839467,
      0.29774128881444833,
      0.2876311339159123,
      0.31706090609537446,
      0.2995511704386619,
      0.32431266136400533,
      0.29384701372107525,
      0.3189472891948002,
      0.35379249377365773,
      0.29477333814731077,
      0.3013888608764656
    ],
    "best_epoch": 4,
    "best_val_loss": 0.1753877263070045,
    "best_val_abs_mse": 0.28244927525520325,
    "test_loss": 4.628202341532593,
    "test_abs_mse": 44.681270599365234,
    "tracker": {
      "initial_train_loss": 0.387158395212926,
      "train_threshold": 0.12905279840430867,
      "best_tracking": true,
      "patience_active": true,
      "patience_best_train": null,
      "patience_best_val": 0.1753877263070045,
      "patience_no_improve_epochs": 76,
      "best_train_loss": Infinity,
      "forced_stop_due_to_threshold": false
    }
  },
  "model_files": {
    "best": "scripts/outputs/gru-trc-rate/trial_40_090629/best_model.pt",
    "last": "scripts/outputs/gru-trc-rate/trial_40_090629/last_model.pt"
  },
  "config_path": "/home/amoris/data-analysis-on-dbps/scripts/outputs/gru-trc-rate/trial_40_090629/config.yaml"
}