{
  "model_name": "lstm-trc-rate/trial_31_44932d",
  "model_type": "LSTM",
  "model_format": "torch",
  "model_params": {
    "history_length": 207,
    "units": 269,
    "num_layers": 3,
    "dropout": 0.4252323136037814
  },
  "training_params": {
    "max_epochs": 500,
    "batch_size": 195,
    "learning_rate": 0.000879701068939987,
    "weight_decay": 0.0006063359961306474,
    "checkpoint_interval": 10,
    "seed": 947
  },
  "data_csv": "data/time_aligned_data.csv",
  "timestamp_column": "Date, Time",
  "columns": [
    "TRC-DT",
    "TRC-RT",
    "TRC-PPL1",
    "TRC-PPL2",
    "pH-DT",
    "pH-RT",
    "pH-PPL1",
    "pH-PPL2",
    "cond-DT",
    "cond-PPL1",
    "cond-PPL2",
    "fDOM-RT",
    "fDOM-PPL1",
    "fDOM-PPL2",
    "DO-RT",
    "DO-PPL1",
    "DO-PPL2",
    "TOC-RT",
    "TOC-PPL1",
    "TOC-PPL2",
    "DOC-RT",
    "DOC-PPL1",
    "DOC-PPL2",
    "minutes_since_start"
  ],
  "feature_columns": [
    "TRC-DT",
    "TRC-RT",
    "pH-DT",
    "pH-RT",
    "cond-DT",
    "fDOM-RT",
    "DO-RT",
    "TOC-RT",
    "DOC-RT",
    "minutes_since_start"
  ],
  "target_columns": [
    "TRC-PPL1",
    "TRC-PPL2"
  ],
  "target_mode": "rate",
  "target_base_columns": [
    "TRC-RT",
    "TRC-RT"
  ],
  "split_boundaries": {
    "train_end": 7796,
    "val_end": 9466,
    "test_end": 11138
  },
  "dataset_sizes": {
    "train": 7590,
    "val": 1670,
    "test": 1672
  },
  "input_dim": 10,
  "sequence_length": 207,
  "training_history": {
    "epochs": [
      1,
      2,
      3,
      4,
      5,
      6,
      7,
      8,
      9,
      10,
      11,
      12,
      13,
      14,
      15,
      16,
      17,
      18,
      19,
      20,
      21,
      22,
      23,
      24,
      25,
      26,
      27,
      28,
      29,
      30,
      31,
      32,
      33,
      34,
      35,
      36,
      37,
      38,
      39,
      40,
      41,
      42,
      43,
      44,
      45,
      46,
      47,
      48,
      49,
      50,
      51,
      52,
      53,
      54,
      55,
      56,
      57,
      58,
      59,
      60,
      61,
      62,
      63,
      64,
      65,
      66,
      67,
      68,
      69,
      70,
      71,
      72,
      73,
      74,
      75,
      76,
      77,
      78,
      79,
      80
    ],
    "train_loss": [
      0.3262378564582983,
      0.08846820546350931,
      0.05295269472502437,
      0.04182991645346753,
      0.03704494482325942,
      0.03186443088421591,
      0.030143141993155827,
      0.034188897205376816,
      0.029720594219333332,
      0.027007546699182552,
      0.031155567266518185,
      0.04840741503851216,
      0.031246609658208996,
      0.028973956507715313,
      0.05315951649983056,
      0.034226034782650204,
      0.032092666522169064,
      0.028668834901462666,
      0.030296037419010765,
      0.027742721040994518,
      0.02564711476355909,
      0.04072254174296917,
      0.029683676629286747,
      0.025973753712835754,
      0.028175253958511257,
      0.02505428812985599,
      0.021987055667598728,
      0.02283893852115502,
      0.02269460727633695,
      0.022515329808409035,
      0.023239193889109985,
      0.022925095721019115,
      0.022098896351344738,
      0.021352850254109726,
      0.021611743680249325,
      0.020236433078737362,
      0.01990156712768813,
      0.021635760347038624,
      0.022540238811063908,
      0.02226063074256945,
      0.02006765475621808,
      0.021610018094125473,
      0.021642127022765606,
      0.020909128151097786,
      0.019297701921387623,
      0.019904907719184288,
      0.02130475371207291,
      0.02210150945107103,
      0.021223727598963047,
      0.01991385351056638,
      0.021506023405509975,
      0.020090050951176483,
      0.020511271546156746,
      0.020045285241994934,
      0.019997918065416485,
      0.022452581795337406,
      0.019542954449832676,
      0.022314584063064205,
      0.020061341250543537,
      0.019881994540806816,
      0.019396573290405537,
      0.01876656950742242,
      0.01843602794476531,
      0.018972658577997223,
      0.018841870176962948,
      0.021887286897498394,
      0.021358047074568367,
      0.018747679521090427,
      0.01917345950328432,
      0.02001283261483248,
      0.01975271959785416,
      0.018458045621516678,
      0.021850101778600292,
      0.01919052066472856,
      0.0186740858093817,
      0.01903790509578562,
      0.020451469477560564,
      0.022018186376234997,
      0.02006591170687567,
      0.01861506188288331
    ],
    "val_loss": [
      0.4657952315480766,
      0.1840573355310156,
      0.20329065040356206,
      0.21479365768323758,
      0.22822315125408288,
      0.2589720849081606,
      0.2901008977236862,
      0.28098727470475754,
      0.28694677288214604,
      0.2849429397715512,
      0.2751960378240593,
      0.28751957253692395,
      0.2760274370150741,
      0.2868558989982762,
      0.3241948001867461,
      0.27172699061495637,
      0.2825325908094734,
      0.27993157012443876,
      0.2998296627830602,
      0.31008609784711266,
      0.3161791624211355,
      0.303647873014167,
      0.30689542102041895,
      0.31374359130859375,
      0.31184574385023045,
      0.3085884212064529,
      0.303944306498293,
      0.3074468618180759,
      0.3055187079520104,
      0.3051011053187226,
      0.2987820698048719,
      0.30648369321454605,
      0.3008360208185044,
      0.2992586651816964,
      0.3191688016369314,
      0.31302494317583157,
      0.32246391218668685,
      0.3172276452696787,
      0.3114072298129162,
      0.3000430854003943,
      0.3183883515515638,
      0.3031741904072508,
      0.3109864403164672,
      0.3206773117117718,
      0.32073554088233297,
      0.3259348432661709,
      0.31434249367654143,
      0.3168957469271061,
      0.319373497566554,
      0.3184543921316634,
      0.3150917596356598,
      0.3312004200701496,
      0.32493328158102347,
      0.31002131062643434,
      0.3171739442173592,
      0.31852145447858615,
      0.3148999624902349,
      0.3237477017923476,
      0.32288975624401056,
      0.32038974871267817,
      0.32772602797848377,
      0.3258336987513714,
      0.32114777011339535,
      0.32197959340194204,
      0.33152076833418564,
      0.3259159412937696,
      0.32264964201649327,
      0.3231389075573422,
      0.3293097127162054,
      0.33057261405590765,
      0.3279406198183309,
      0.3309079761042477,
      0.31967233911625104,
      0.3306275780206758,
      0.33436844027238694,
      0.3336621281763394,
      0.3300875536707079,
      0.3409497972667039,
      0.3359084250349663,
      0.3261083425775527
    ],
    "best_epoch": 2,
    "best_val_loss": 0.1840573355310156,
    "best_val_abs_mse": 0.3628080487251282,
    "test_loss": 4.55138228676821,
    "test_abs_mse": 42.79920959472656,
    "tracker": {
      "initial_train_loss": 0.3262378564582983,
      "train_threshold": 0.1087459521527661,
      "best_tracking": true,
      "patience_active": true,
      "patience_best_train": null,
      "patience_best_val": 0.1840573355310156,
      "patience_no_improve_epochs": 79,
      "best_train_loss": Infinity,
      "forced_stop_due_to_threshold": false
    }
  },
  "model_files": {
    "best": "scripts/outputs/lstm-trc-rate/trial_31_44932d/best_model.pt",
    "last": "scripts/outputs/lstm-trc-rate/trial_31_44932d/last_model.pt"
  },
  "config_path": "/home/amoris/data-analysis-on-dbps/scripts/outputs/lstm-trc-rate/trial_31_44932d/config.yaml"
}