{
  "model_name": "lstm-trc-rate/trial_45_639ad4",
  "model_type": "LSTM",
  "model_format": "torch",
  "model_params": {
    "history_length": 209,
    "units": 258,
    "num_layers": 6,
    "dropout": 0.44690322022436985
  },
  "training_params": {
    "max_epochs": 500,
    "batch_size": 255,
    "learning_rate": 0.0007501624276688633,
    "weight_decay": 0.000465686768657802,
    "checkpoint_interval": 10,
    "seed": 947
  },
  "data_csv": "data/time_aligned_data.csv",
  "timestamp_column": "Date, Time",
  "columns": [
    "TRC-DT",
    "TRC-RT",
    "TRC-PPL1",
    "TRC-PPL2",
    "pH-DT",
    "pH-RT",
    "pH-PPL1",
    "pH-PPL2",
    "cond-DT",
    "cond-PPL1",
    "cond-PPL2",
    "fDOM-RT",
    "fDOM-PPL1",
    "fDOM-PPL2",
    "DO-RT",
    "DO-PPL1",
    "DO-PPL2",
    "TOC-RT",
    "TOC-PPL1",
    "TOC-PPL2",
    "DOC-RT",
    "DOC-PPL1",
    "DOC-PPL2",
    "minutes_since_start"
  ],
  "feature_columns": [
    "TRC-DT",
    "TRC-RT",
    "pH-DT",
    "pH-RT",
    "cond-DT",
    "fDOM-RT",
    "DO-RT",
    "TOC-RT",
    "DOC-RT",
    "minutes_since_start"
  ],
  "target_columns": [
    "TRC-PPL1",
    "TRC-PPL2"
  ],
  "target_mode": "rate",
  "target_base_columns": [
    "TRC-RT",
    "TRC-RT"
  ],
  "split_boundaries": {
    "train_end": 7796,
    "val_end": 9466,
    "test_end": 11138
  },
  "dataset_sizes": {
    "train": 7588,
    "val": 1670,
    "test": 1672
  },
  "input_dim": 10,
  "sequence_length": 209,
  "training_history": {
    "epochs": [
      1,
      2,
      3,
      4,
      5,
      6,
      7,
      8,
      9,
      10,
      11,
      12,
      13,
      14,
      15,
      16,
      17,
      18,
      19,
      20,
      21,
      22,
      23,
      24,
      25,
      26,
      27,
      28,
      29,
      30,
      31,
      32,
      33,
      34,
      35,
      36,
      37,
      38,
      39,
      40,
      41,
      42,
      43,
      44,
      45,
      46,
      47,
      48,
      49,
      50,
      51,
      52,
      53,
      54,
      55,
      56,
      57,
      58,
      59,
      60,
      61,
      62,
      63,
      64,
      65,
      66,
      67,
      68,
      69,
      70,
      71,
      72,
      73,
      74,
      75,
      76,
      77,
      78,
      79,
      80
    ],
    "train_loss": [
      0.8708507669996323,
      0.24347340021209773,
      0.1371988943931644,
      0.09966181452215724,
      0.07781302423447638,
      0.07423916075459171,
      0.0706800470481154,
      0.16715414657340466,
      0.10990718738252025,
      0.06948987417596622,
      0.06878035976593204,
      0.0629212655648432,
      0.060948105135703784,
      0.06692604740819431,
      0.06610867343980448,
      0.07264258791670462,
      0.058482107080413154,
      0.05796028565935512,
      0.05414807201796651,
      0.055026162427034606,
      0.05887855275725071,
      0.07608904628673226,
      0.09843646914835157,
      0.06401244211651318,
      0.06056713068324623,
      0.08978370933719353,
      0.06948471441717684,
      0.061518226488521364,
      0.059561717849269974,
      0.060354759697210776,
      0.0598588475626616,
      0.058647277494465355,
      0.06540441326649725,
      0.055661388149050015,
      0.06321265788785191,
      0.057940590524781864,
      0.05684304089198536,
      0.06693080087714232,
      0.057676959987071924,
      0.05118737704992986,
      0.06090724849204484,
      0.057730186004024714,
      0.05934353261983781,
      0.05872695554837262,
      0.07533832848942007,
      0.10290496686348789,
      0.05561432844733856,
      0.051860075677672875,
      0.051973726779112515,
      0.05160719005741536,
      0.04960406374070414,
      0.05486565272131828,
      0.054903077890013446,
      0.05864426820957714,
      0.05479082589773643,
      0.051949797704831574,
      0.04963609976492701,
      0.05162375121002818,
      0.053316300671545684,
      0.054306977183514356,
      0.04954101668369333,
      0.05057899777384246,
      0.05337359703012875,
      0.05927923203308016,
      0.05652569392111798,
      0.04932398116486083,
      0.04711105620697667,
      0.04385301916289075,
      0.1019381426866856,
      0.10970003589198316,
      0.059722165307093907,
      0.05082001422596216,
      0.054826568766474,
      0.04968625007410331,
      0.04586572679909487,
      0.051335308128358126,
      0.07154847803914946,
      0.0838103449746817,
      0.049912471222579795,
      0.042627609083031315
    ],
    "val_loss": [
      0.3142986469818446,
      0.37352443515451367,
      0.22433346314746105,
      0.25886638435774934,
      0.2680616162237739,
      0.26696384104225274,
      0.2824305774320564,
      0.7516692474618286,
      0.4466003506126518,
      0.23323821529612213,
      0.2384091187380031,
      0.23239920673679984,
      0.21672642841645165,
      0.22909602151436362,
      0.23948612987080556,
      0.25387401810797033,
      0.24172453098222166,
      0.22326923674251326,
      0.2254822103384726,
      0.4934526072580836,
      0.25170894332430854,
      0.19125619460410342,
      0.20288001700767322,
      0.4914696685590608,
      0.35184596878794316,
      0.21346170340335655,
      0.24628223544600125,
      0.26720940857612624,
      0.25979800134183406,
      0.2914374586540514,
      0.35695153463096496,
      0.31866610022317504,
      0.257939958426276,
      0.3784658292944203,
      0.7693422741150695,
      0.3031684401539896,
      0.2577330880982433,
      0.5393916849760774,
      0.32155088810975146,
      0.41754761785491856,
      0.3410413868747607,
      0.2704220422471087,
      0.36200150371177825,
      0.3349812329763513,
      0.35777473352671024,
      0.32487821831050034,
      0.3495463541357549,
      0.34153062553552094,
      0.33260611816125357,
      0.34179983632694816,
      0.3332356732048674,
      0.33406999515380686,
      0.4295064604556757,
      0.31551152488361756,
      0.3417024991313319,
      0.3242421640127808,
      0.31156547696602915,
      0.33051589232295037,
      0.29441530912735325,
      0.32380631909577434,
      0.2968795965453554,
      0.3000682918299101,
      0.8349177445212524,
      0.3815038448344626,
      0.26238544281951326,
      0.2583652258053154,
      0.259520141419001,
      0.2351736374768222,
      0.2758793394544167,
      0.473773115933566,
      0.4529238570659996,
      0.5971774366756756,
      0.3326379659580078,
      0.5960484941874793,
      0.241151680288736,
      0.5393799853226738,
      1.0376095905409244,
      0.2465320707181703,
      0.2538837622404991,
      0.2613506061220151
    ],
    "best_epoch": 22,
    "best_val_loss": 0.19125619460410342,
    "best_val_abs_mse": 0.17082513868808746,
    "test_loss": 4.540797303880801,
    "test_abs_mse": 43.20219421386719,
    "tracker": {
      "initial_train_loss": 0.8708507669996323,
      "train_threshold": 0.29028358899987744,
      "best_tracking": true,
      "patience_active": true,
      "patience_best_train": null,
      "patience_best_val": 0.19125619460410342,
      "patience_no_improve_epochs": 58,
      "best_train_loss": Infinity,
      "forced_stop_due_to_threshold": false
    }
  },
  "model_files": {
    "best": "scripts/outputs/lstm-trc-rate/trial_45_639ad4/best_model.pt",
    "last": "scripts/outputs/lstm-trc-rate/trial_45_639ad4/last_model.pt"
  },
  "config_path": "/home/amoris/data-analysis-on-dbps/scripts/outputs/lstm-trc-rate/trial_45_639ad4/config.yaml"
}