{
  "model_name": "mlp_with_history-trc-value/trial_53_195a07",
  "model_type": "MLP_WITH_HISTORY",
  "model_format": "torch",
  "model_params": {
    "history_length": 18,
    "hidden_layers": [
      4096,
      3072,
      2048,
      1024,
      768,
      512,
      256,
      128
    ],
    "dropout": 0.15854922801970078,
    "mid_layer_count": 2,
    "mid_layer_size": 654
  },
  "training_params": {
    "max_epochs": 500,
    "batch_size": 475,
    "learning_rate": 0.0011127910142135348,
    "weight_decay": 0.00018161334361118251,
    "checkpoint_interval": 10,
    "seed": 77
  },
  "data_csv": "data/time_aligned_data.csv",
  "timestamp_column": "Date, Time",
  "columns": [
    "TRC-DT",
    "TRC-RT",
    "TRC-PPL1",
    "TRC-PPL2",
    "pH-DT",
    "pH-RT",
    "pH-PPL1",
    "pH-PPL2",
    "cond-DT",
    "cond-PPL1",
    "cond-PPL2",
    "fDOM-RT",
    "fDOM-PPL1",
    "fDOM-PPL2",
    "DO-RT",
    "DO-PPL1",
    "DO-PPL2",
    "TOC-RT",
    "TOC-PPL1",
    "TOC-PPL2",
    "DOC-RT",
    "DOC-PPL1",
    "DOC-PPL2",
    "minutes_since_start"
  ],
  "feature_columns": [
    "TRC-DT",
    "TRC-RT",
    "pH-DT",
    "pH-RT",
    "cond-DT",
    "fDOM-RT",
    "DO-RT",
    "TOC-RT",
    "DOC-RT",
    "minutes_since_start"
  ],
  "target_columns": [
    "TRC-PPL1",
    "TRC-PPL2"
  ],
  "split_boundaries": {
    "train_end": 7796,
    "val_end": 9466,
    "test_end": 11138
  },
  "dataset_sizes": {
    "train": 7779,
    "val": 1670,
    "test": 1672
  },
  "input_dim": 180,
  "sequence_length": null,
  "training_history": {
    "epochs": [
      1,
      2,
      3,
      4,
      5,
      6,
      7,
      8,
      9,
      10,
      11,
      12,
      13,
      14,
      15,
      16,
      17,
      18,
      19,
      20,
      21,
      22,
      23,
      24,
      25,
      26,
      27,
      28,
      29,
      30,
      31,
      32,
      33,
      34,
      35,
      36,
      37,
      38,
      39,
      40,
      41,
      42,
      43,
      44,
      45,
      46,
      47,
      48,
      49,
      50,
      51,
      52,
      53,
      54,
      55,
      56,
      57,
      58,
      59,
      60,
      61,
      62,
      63,
      64,
      65,
      66,
      67,
      68,
      69,
      70,
      71,
      72,
      73,
      74,
      75,
      76,
      77,
      78,
      79,
      80
    ],
    "train_loss": [
      0.9596530994698971,
      0.2620538625588897,
      0.13906782528289502,
      0.12127331192511215,
      0.10706721971570289,
      0.1091711319880523,
      0.10023544664967718,
      0.10089067903662544,
      0.1039763936072086,
      0.0991825649457567,
      0.09695129898841406,
      0.09839890257667677,
      0.11266200245480287,
      0.10104708238595217,
      0.09620095631494392,
      0.09080804090911954,
      0.08819298854193262,
      0.08757037931277645,
      0.08345906487109958,
      0.0830258065103136,
      0.07648027951271587,
      0.05794730642146003,
      0.050411663024751766,
      0.0512087262227321,
      0.04594858923381254,
      0.06480954955822245,
      0.05511065751653218,
      0.04257812043061706,
      0.0394772404867321,
      0.043009493278028464,
      0.03956787447467962,
      0.03736102170567001,
      0.043905256749222375,
      0.04176724562858429,
      0.03645960998131547,
      0.041672446699038405,
      0.04243275336514158,
      0.04120343645955821,
      0.03596788324795923,
      0.03562950113983874,
      0.03490450666186083,
      0.036425447127377025,
      0.04142090082187735,
      0.044647889999309534,
      0.038254421396842576,
      0.03679286653990303,
      0.03858879223266701,
      0.03597471016783735,
      0.034125991988132647,
      0.0350207814575391,
      0.03585605016010542,
      0.035367601663774534,
      0.03751717288938291,
      0.03500361384581839,
      0.03610005033318481,
      0.035963937473536184,
      0.03364974449923005,
      0.034815792972227956,
      0.03732326417023548,
      0.03273245056190563,
      0.032792089563253406,
      0.031306316023724814,
      0.03324803120637058,
      0.0313836112611263,
      0.03320690696963975,
      0.03328007865931323,
      0.03562467390421631,
      0.03369948255724995,
      0.03128318599724443,
      0.03306128800265862,
      0.031190252251207622,
      0.03267484693557526,
      0.03319357082473771,
      0.032372374526235925,
      0.03855782661762753,
      0.03464693189752464,
      0.03214589896492027,
      0.03488043613893726,
      0.030502131693893646,
      0.034990039128373895
    ],
    "val_loss": [
      0.3396037288991634,
      0.1889218746901986,
      0.25710534634525906,
      0.18574293424559388,
      0.19883087686748205,
      0.21867029006386587,
      0.24058226420694662,
      0.2372978539958953,
      0.26295282833367406,
      0.2604147665548378,
      0.3035473066666526,
      0.24173322359579588,
      0.28896996667218244,
      0.2668106355843787,
      0.3236913237564578,
      0.33653599379617655,
      0.37719499449173133,
      0.3288148664004967,
      0.463042522172728,
      0.41517045053313234,
      0.3380821465464409,
      0.47874582909092217,
      0.4885191124289514,
      0.388748194910809,
      0.4631428171094217,
      0.45808822581332603,
      0.4923479567912078,
      0.48949099777121385,
      0.4952357061497287,
      0.5046402159186002,
      0.5380135453835933,
      0.5379698906361521,
      0.5203888533514238,
      0.6435471580860144,
      0.48141758696003234,
      0.4507749436847018,
      0.4048931796527551,
      0.45244459416940364,
      0.5201473491165988,
      0.5472632588227531,
      0.4410831298021053,
      0.4350244665440328,
      0.5211418488503484,
      0.3547214765079364,
      0.5081692171299796,
      0.4570971536868347,
      0.5989299883095626,
      0.37919249366076585,
      0.43044612513754715,
      0.4152353381526149,
      0.37468535346564596,
      0.4752014870392884,
      0.3615160463545137,
      0.3559332832047147,
      0.4539496685952662,
      0.3621865081137972,
      0.42530082644682804,
      0.3954925102120388,
      0.35278127721683705,
      0.3787167212161832,
      0.4501298151709541,
      0.4691727974836876,
      0.38919521163323684,
      0.35517987824173386,
      0.34561668417254787,
      0.48058304684738556,
      0.375112595800645,
      0.3796270350217373,
      0.3590473847541802,
      0.3409055244389498,
      0.4167909879003189,
      0.4183573769126645,
      0.39158107553368915,
      0.36767914301219456,
      0.4500350812282748,
      0.34696863334023664,
      0.34587697160547365,
      0.4142532177258305,
      0.4496132847546282,
      0.40801197627258157
    ],
    "best_epoch": 4,
    "best_val_loss": 0.18574293424559388,
    "test_loss": 4.280524704944003,
    "tracker": {
      "initial_train_loss": 0.9596530994698971,
      "train_threshold": 0.3198843664899657,
      "best_tracking": true,
      "patience_active": true,
      "patience_best_train": null,
      "patience_best_val": 0.18574293424559388,
      "patience_no_improve_epochs": 76,
      "best_train_loss": Infinity,
      "forced_stop_due_to_threshold": false
    }
  },
  "model_files": {
    "best": "scripts/outputs/mlp_with_history-trc-value/trial_53_195a07/best_model.pt",
    "last": "scripts/outputs/mlp_with_history-trc-value/trial_53_195a07/last_model.pt"
  },
  "config_path": "/home/amoris/data-analysis-on-dbps/scripts/outputs/mlp_with_history-trc-value/trial_53_195a07/config.yaml"
}