{
  "model_name": "rnn-trc-rate/trial_16_ec10a8",
  "model_type": "RNN",
  "model_format": "torch",
  "model_params": {
    "history_length": 49,
    "units": 197,
    "num_layers": 5,
    "dropout": 0.43427407519327277
  },
  "training_params": {
    "max_epochs": 500,
    "batch_size": 107,
    "learning_rate": 0.0011565882403668404,
    "weight_decay": 0.000745607729288793,
    "checkpoint_interval": 10,
    "seed": 947
  },
  "data_csv": "data/time_aligned_data.csv",
  "timestamp_column": "Date, Time",
  "columns": [
    "TRC-DT",
    "TRC-RT",
    "TRC-PPL1",
    "TRC-PPL2",
    "pH-DT",
    "pH-RT",
    "pH-PPL1",
    "pH-PPL2",
    "cond-DT",
    "cond-PPL1",
    "cond-PPL2",
    "fDOM-RT",
    "fDOM-PPL1",
    "fDOM-PPL2",
    "DO-RT",
    "DO-PPL1",
    "DO-PPL2",
    "TOC-RT",
    "TOC-PPL1",
    "TOC-PPL2",
    "DOC-RT",
    "DOC-PPL1",
    "DOC-PPL2",
    "minutes_since_start"
  ],
  "feature_columns": [
    "TRC-DT",
    "TRC-RT",
    "pH-DT",
    "pH-RT",
    "cond-DT",
    "fDOM-RT",
    "DO-RT",
    "TOC-RT",
    "DOC-RT",
    "minutes_since_start"
  ],
  "target_columns": [
    "TRC-PPL1",
    "TRC-PPL2"
  ],
  "target_mode": "rate",
  "target_base_columns": [
    "TRC-RT",
    "TRC-RT"
  ],
  "split_boundaries": {
    "train_end": 7796,
    "val_end": 9466,
    "test_end": 11138
  },
  "dataset_sizes": {
    "train": 7748,
    "val": 1670,
    "test": 1672
  },
  "input_dim": 10,
  "sequence_length": 49,
  "training_history": {
    "epochs": [
      1,
      2,
      3,
      4,
      5,
      6,
      7,
      8,
      9,
      10,
      11,
      12,
      13,
      14,
      15,
      16,
      17,
      18,
      19,
      20,
      21,
      22,
      23,
      24,
      25,
      26,
      27,
      28,
      29,
      30,
      31,
      32,
      33,
      34,
      35,
      36,
      37,
      38,
      39,
      40,
      41,
      42,
      43,
      44,
      45,
      46,
      47,
      48,
      49,
      50,
      51,
      52,
      53,
      54,
      55,
      56,
      57,
      58,
      59,
      60,
      61,
      62,
      63,
      64,
      65,
      66,
      67,
      68,
      69,
      70,
      71,
      72,
      73,
      74,
      75,
      76,
      77,
      78,
      79,
      80
    ],
    "train_loss": [
      0.2856825590845261,
      0.1026296950819016,
      0.06327166706256311,
      0.05457263885601532,
      0.043908493389953916,
      0.05149234457554033,
      0.4311365546138402,
      0.44354607639896787,
      0.16440716882899334,
      0.1161538842944337,
      0.08884427868451002,
      0.09203915810909663,
      0.0879494931859435,
      0.0810606889340163,
      0.06454128210967004,
      0.05475371970882121,
      0.05723827910572521,
      0.05359732079289365,
      0.04936640556693985,
      0.44827563006759735,
      0.5107777513328999,
      0.5149472573859579,
      0.5123143998899286,
      0.5112338155838836,
      0.5119295542887577,
      0.5133031696258098,
      0.48222894002681055,
      0.4000735110096022,
      0.3725520543673325,
      0.5858173662461014,
      0.2238392600800244,
      0.16792237953843994,
      0.12474218202071148,
      0.13601286679979416,
      0.24211528388111167,
      0.1177382525018136,
      0.1111427303192061,
      0.09959502260705046,
      0.09193105041157602,
      0.09363833671098187,
      0.07981401260569115,
      0.08907351638808285,
      0.0841450914639593,
      0.10064900644021624,
      0.07922259442581303,
      0.07125183309692357,
      0.11062731118137127,
      0.09958180402649329,
      0.08629695763623954,
      0.0758846536188333,
      0.07320803976591309,
      0.9310396909545463,
      0.518437136922399,
      0.24393409193542948,
      0.281426162700802,
      0.31126946432609254,
      0.42834714763193443,
      0.43680808818372613,
      0.28010492362601275,
      0.18103415682761861,
      0.14477169331092007,
      0.1400080940940513,
      0.11679427606035861,
      0.1586209277415174,
      0.1274472918884543,
      0.1284466235925841,
      0.10578485054219268,
      0.0916891246755205,
      0.09312148057751331,
      0.10831252733513783,
      0.13249680654049134,
      0.27788023392356853,
      0.14428410601692065,
      0.135444143011966,
      0.16602123588146656,
      0.12727061574571855,
      0.12482496481206101,
      0.19238738832484678,
      0.21554865934835554,
      0.4103513613023983
    ],
    "val_loss": [
      0.31697421129904463,
      0.3091244235835568,
      0.30642732045763804,
      0.3362413379324678,
      0.3969263440343791,
      0.33562090869011457,
      0.49011858032269034,
      0.29376518451078926,
      0.27959416768106515,
      0.3002094412791336,
      0.29767181738028803,
      0.30732191235808554,
      0.29875619772732437,
      0.29659364496631,
      0.3003476941734999,
      0.2955148364601289,
      0.2977221439960608,
      0.31366837461239205,
      0.3052131211173213,
      0.49210818221536046,
      0.5793086533351037,
      0.5958835665582718,
      0.515074344240352,
      0.6419943983348723,
      0.5810987160256701,
      0.47972945295898856,
      0.6258377027190374,
      0.34972213589904194,
      0.45441842567019475,
      0.19371170400234752,
      0.42299241764905926,
      0.27024858632532067,
      0.2748314811875988,
      0.4900650575310884,
      0.29838522111182797,
      0.3238273078040359,
      0.475568736204041,
      0.3002767487267356,
      0.28835305746109363,
      0.2959712636974936,
      0.3059180938688938,
      0.3200279915047263,
      0.3102945645925349,
      0.2937417285494551,
      0.30884101121814667,
      0.3103763146381714,
      0.30129675327794636,
      0.3109905640477549,
      0.3005215451054409,
      0.29407263169745484,
      0.2854520406819389,
      0.3105137036477556,
      0.2886315294691992,
      0.30395182475313814,
      0.3214737736536357,
      0.41666029460036647,
      0.29108602296850994,
      0.3382027012502362,
      0.452629207549784,
      0.2954267390295417,
      0.38448201323786896,
      0.3550274055116548,
      0.3069526317233811,
      0.32335289458627114,
      0.3587074136216483,
      0.4346997067655721,
      0.28906554908430326,
      0.3151166456221731,
      0.34318821001463307,
      0.3530571549417016,
      0.27798521249571784,
      0.6732363024693049,
      0.28341524634666426,
      0.3184905403762119,
      0.3631899811885136,
      0.3583033212488461,
      0.35289205727641454,
      0.40616870910643105,
      0.46355191848636745,
      1.0599328393707732
    ],
    "best_epoch": 30,
    "best_val_loss": 0.19371170400234752,
    "best_val_abs_mse": 0.2847931683063507,
    "test_loss": 3.8732426417144863,
    "test_abs_mse": 38.41773223876953,
    "tracker": {
      "initial_train_loss": 0.2856825590845261,
      "train_threshold": 0.09522751969484204,
      "best_tracking": true,
      "patience_active": true,
      "patience_best_train": null,
      "patience_best_val": 0.19371170400234752,
      "patience_no_improve_epochs": 50,
      "best_train_loss": Infinity,
      "forced_stop_due_to_threshold": false
    }
  },
  "model_files": {
    "best": "scripts/outputs/rnn-trc-rate/trial_16_ec10a8/best_model.pt",
    "last": "scripts/outputs/rnn-trc-rate/trial_16_ec10a8/last_model.pt"
  },
  "config_path": "/home/amoris/data-analysis-on-dbps/scripts/outputs/rnn-trc-rate/trial_16_ec10a8/config.yaml"
}