{
  "model_name": "gru-other-value/trial_6_dfac5f",
  "model_type": "GRU",
  "model_format": "torch",
  "model_params": {
    "history_length": 47,
    "units": 349,
    "num_layers": 8,
    "dropout": 0.31684338721857297
  },
  "training_params": {
    "max_epochs": 500,
    "batch_size": 336,
    "learning_rate": 0.0002870412040814102,
    "weight_decay": 0.008342896907525764,
    "checkpoint_interval": 10,
    "seed": 947
  },
  "data_csv": "data/time_aligned_data.csv",
  "timestamp_column": "Date, Time",
  "columns": [
    "TRC-DT",
    "TRC-RT",
    "TRC-PPL1",
    "TRC-PPL2",
    "pH-DT",
    "pH-RT",
    "pH-PPL1",
    "pH-PPL2",
    "cond-DT",
    "cond-PPL1",
    "cond-PPL2",
    "fDOM-RT",
    "fDOM-PPL1",
    "fDOM-PPL2",
    "DO-RT",
    "DO-PPL1",
    "DO-PPL2",
    "TOC-RT",
    "TOC-PPL1",
    "TOC-PPL2",
    "DOC-RT",
    "DOC-PPL1",
    "DOC-PPL2",
    "minutes_since_start"
  ],
  "feature_columns": [
    "TRC-DT",
    "TRC-RT",
    "pH-DT",
    "pH-RT",
    "cond-DT",
    "fDOM-RT",
    "DO-RT",
    "TOC-RT",
    "DOC-RT",
    "minutes_since_start"
  ],
  "target_columns": [
    "TOC-PPL1",
    "TOC-PPL2",
    "DOC-PPL1",
    "DOC-PPL2",
    "pH-PPL1",
    "pH-PPL2"
  ],
  "split_boundaries": {
    "train_end": 7796,
    "val_end": 9466,
    "test_end": 11138
  },
  "dataset_sizes": {
    "train": 7750,
    "val": 1670,
    "test": 1672
  },
  "input_dim": 10,
  "sequence_length": 47,
  "training_history": {
    "epochs": [
      1,
      2,
      3,
      4,
      5,
      6,
      7,
      8,
      9,
      10,
      11,
      12,
      13,
      14,
      15,
      16,
      17,
      18,
      19,
      20,
      21,
      22,
      23,
      24,
      25,
      26,
      27,
      28,
      29,
      30,
      31,
      32,
      33,
      34,
      35,
      36,
      37,
      38,
      39,
      40,
      41,
      42,
      43,
      44,
      45,
      46,
      47,
      48,
      49,
      50,
      51,
      52,
      53,
      54,
      55,
      56,
      57,
      58,
      59,
      60,
      61,
      62,
      63,
      64,
      65,
      66,
      67,
      68,
      69,
      70,
      71,
      72,
      73,
      74,
      75,
      76,
      77,
      78,
      79,
      80,
      81,
      82,
      83,
      84,
      85,
      86,
      87,
      88,
      89,
      90
    ],
    "train_loss": [
      0.7335953551569293,
      0.36397488421778523,
      0.3433426041064724,
      0.33791966490591724,
      0.33704888703746183,
      0.3356651277080659,
      0.3342015452846404,
      0.33415912079042004,
      0.333229797978555,
      0.3343921360584997,
      0.33337700468494047,
      0.33287509793619957,
      0.33203801188161297,
      0.3312937986389283,
      0.32964149025947814,
      0.3300021649176075,
      0.32761642898282695,
      0.3251389212416064,
      0.31926697744861726,
      0.3161187082952069,
      0.30544261995438604,
      0.2970444962363089,
      0.28675035199042287,
      0.2863070342002376,
      0.27760080421355465,
      0.29312474490750223,
      0.2819879312976714,
      0.2730322087810885,
      0.27213604834771926,
      0.2713974680669846,
      0.2728614873424653,
      0.2697169384840996,
      0.2663753538823897,
      0.269158318350392,
      0.27139477679806373,
      0.2668820072604764,
      0.26660099740182197,
      0.2665367361114871,
      0.27473120792065897,
      0.26783951701656467,
      0.26383544729601954,
      0.2642694096719065,
      0.26590547423208916,
      0.26514520214449977,
      0.264147178538384,
      0.2639198357597474,
      0.265344227252468,
      0.2666771534104501,
      0.26240245749104407,
      0.26629524903143603,
      0.26499246308111374,
      0.26783380762992365,
      0.2637710168438573,
      0.26550838763867657,
      0.262745662981464,
      0.27212022900196814,
      0.26811202717596483,
      0.26619075697468175,
      0.264269001606972,
      0.2653929130492672,
      0.26356014702397007,
      0.26456796753021977,
      0.26587997681863845,
      0.26427072450037925,
      0.26698266187790903,
      0.2660485921059885,
      0.2627098404053719,
      0.2627928319823357,
      0.26345491295476114,
      0.2607967911766421,
      0.2603415253008566,
      0.26062180879423696,
      0.2596859156239417,
      0.25938130111848157,
      0.2618800034830647,
      0.2622136171479379,
      0.2673269074962985,
      0.2666529065332105,
      0.25971478418380983,
      0.27028822880406533,
      0.26351903443951763,
      0.2620180871102118,
      0.26046910032918374,
      0.2591628164091418,
      0.26446682047843934,
      0.26166356046738165,
      0.26127260605750546,
      0.25973459339910937,
      0.2618316654774451,
      0.2609772863464971
    ],
    "val_loss": [
      0.49935438775730706,
      0.46915301712687146,
      0.45586501902448917,
      0.4477366249718352,
      0.45368660331486227,
      0.4509670325382027,
      0.4473132321220672,
      0.4620083512660272,
      0.4565137346347649,
      0.4504956676574524,
      0.44971126689168506,
      0.4520298107655462,
      0.45029777067150184,
      0.4596485526261929,
      0.4785775450889222,
      0.4747621722564012,
      0.4748575243407381,
      0.47532119094254727,
      0.49044225922601664,
      0.5091329505343637,
      0.5747624821291712,
      0.5659542748314178,
      0.5696408344600015,
      0.6381170651156032,
      0.6023089493106225,
      0.6021915864087865,
      0.5764372897005366,
      0.6211271266737384,
      0.5684980833601809,
      0.5815148679082265,
      0.6146576686533626,
      0.6031171322582725,
      0.6123551555736336,
      0.6591072011850552,
      0.58025798990341,
      0.5886209974745791,
      0.5972181221682155,
      0.6840925682090714,
      0.5816867210194022,
      0.5556560547765858,
      0.6106450956738637,
      0.6273715925787737,
      0.6054363277857889,
      0.5597961850508958,
      0.5843029670372695,
      0.5864856612182663,
      0.5827079885734056,
      0.5720928312775617,
      0.6278177903083983,
      0.6415041808596628,
      0.5772241539583949,
      0.5911696616760985,
      0.6747308476956305,
      0.5823823892427775,
      0.5640919828129386,
      0.6013914614380477,
      0.5643419983144292,
      0.5753872945637046,
      0.5785038657531053,
      0.5994997908969125,
      0.6208157453708306,
      0.60733667947575,
      0.5816179899398438,
      0.5826358713789614,
      0.6371788944312913,
      0.5725284208080725,
      0.5972515898550342,
      0.573733774416461,
      0.5764666266783983,
      0.6137987403812523,
      0.596378582965828,
      0.5987408204706843,
      0.6057293988273529,
      0.5984142645390448,
      0.5760544487816132,
      0.653056840553969,
      0.636339425469587,
      0.575320436640414,
      0.5681235914458772,
      0.5616926717900944,
      0.5976346237216881,
      0.5708168011939454,
      0.6075416023145893,
      0.6052135383297583,
      0.5904081640843146,
      0.6549388013200131,
      0.6633671592095655,
      0.5954677267702754,
      0.6066678830963409,
      0.5747803264035436
    ],
    "best_epoch": 90,
    "best_val_loss": 0.5747803264035436,
    "test_loss": 0.6630388551066366,
    "tracker": {
      "initial_train_loss": 0.7335953551569293,
      "train_threshold": 0.24453178505230977,
      "best_tracking": false,
      "patience_active": true,
      "patience_best_train": null,
      "patience_best_val": 0.5556560547765858,
      "patience_no_improve_epochs": 50,
      "best_train_loss": Infinity,
      "forced_stop_due_to_threshold": false
    }
  },
  "model_files": {
    "best": "scripts/outputs/gru-other-value/trial_6_dfac5f/best_model.pt",
    "last": "scripts/outputs/gru-other-value/trial_6_dfac5f/last_model.pt"
  },
  "config_path": "/home/amoris/data-analysis-on-dbps/scripts/outputs/gru-other-value/trial_6_dfac5f/config.yaml"
}