{
  "model_name": "gru-trc-rate/trial_35_6c36fe",
  "model_type": "GRU",
  "model_format": "torch",
  "model_params": {
    "history_length": 112,
    "units": 181,
    "num_layers": 7,
    "dropout": 0.4023197249117271
  },
  "training_params": {
    "max_epochs": 500,
    "batch_size": 184,
    "learning_rate": 0.0003309238657709554,
    "weight_decay": 0.000191046777963292,
    "checkpoint_interval": 10,
    "seed": 947
  },
  "data_csv": "data/time_aligned_data.csv",
  "timestamp_column": "Date, Time",
  "columns": [
    "TRC-DT",
    "TRC-RT",
    "TRC-PPL1",
    "TRC-PPL2",
    "pH-DT",
    "pH-RT",
    "pH-PPL1",
    "pH-PPL2",
    "cond-DT",
    "cond-PPL1",
    "cond-PPL2",
    "fDOM-RT",
    "fDOM-PPL1",
    "fDOM-PPL2",
    "DO-RT",
    "DO-PPL1",
    "DO-PPL2",
    "TOC-RT",
    "TOC-PPL1",
    "TOC-PPL2",
    "DOC-RT",
    "DOC-PPL1",
    "DOC-PPL2",
    "minutes_since_start"
  ],
  "feature_columns": [
    "TRC-DT",
    "TRC-RT",
    "pH-DT",
    "pH-RT",
    "cond-DT",
    "fDOM-RT",
    "DO-RT",
    "TOC-RT",
    "DOC-RT",
    "minutes_since_start"
  ],
  "target_columns": [
    "TRC-PPL1",
    "TRC-PPL2"
  ],
  "target_mode": "rate",
  "target_base_columns": [
    "TRC-RT",
    "TRC-RT"
  ],
  "split_boundaries": {
    "train_end": 7796,
    "val_end": 9466,
    "test_end": 11138
  },
  "dataset_sizes": {
    "train": 7685,
    "val": 1670,
    "test": 1672
  },
  "input_dim": 10,
  "sequence_length": 112,
  "training_history": {
    "epochs": [
      1,
      2,
      3,
      4,
      5,
      6,
      7,
      8,
      9,
      10,
      11,
      12,
      13,
      14,
      15,
      16,
      17,
      18,
      19,
      20,
      21,
      22,
      23,
      24,
      25,
      26,
      27,
      28,
      29,
      30,
      31,
      32,
      33,
      34,
      35,
      36,
      37,
      38,
      39,
      40,
      41,
      42,
      43,
      44,
      45,
      46,
      47,
      48,
      49,
      50,
      51,
      52,
      53,
      54,
      55,
      56,
      57,
      58,
      59,
      60,
      61,
      62,
      63,
      64,
      65,
      66,
      67,
      68,
      69,
      70,
      71,
      72,
      73,
      74,
      75,
      76,
      77,
      78,
      79,
      80
    ],
    "train_loss": [
      0.4187000220424569,
      0.1515810884355956,
      0.10262007933490526,
      0.07284550073961973,
      0.061244491702969694,
      0.05431126730253577,
      0.04995810737567981,
      0.04587267088760163,
      0.04138160330342176,
      0.04037873388626161,
      0.036909582970509995,
      0.037656806061309736,
      0.03536344971035158,
      0.03195944025812013,
      0.03149376187131788,
      0.03153568198813505,
      0.029865473504472103,
      0.02861485232053132,
      0.027578057683931595,
      0.02792831914003747,
      0.027493006919274955,
      0.026855784058134588,
      0.026370071168206076,
      0.025255939097337005,
      0.025286024720174737,
      0.02591780282329179,
      0.024762026271701015,
      0.025964759494054992,
      0.026574388543894018,
      0.022589455734000397,
      0.02422263586073241,
      0.02352127415008683,
      0.022750966320457828,
      0.022690545814566282,
      0.023918540872483185,
      0.0224732536180266,
      0.022229959625719272,
      0.02109353577641791,
      0.0218346905149883,
      0.021323193647767247,
      0.020954535723886246,
      0.02200423983291092,
      0.021852714739735046,
      0.020795750031920322,
      0.021479670792362408,
      0.02011634754544159,
      0.02000306986572879,
      0.020741903153414763,
      0.02205242665657845,
      0.022453529238652393,
      0.020212021714867752,
      0.019186959981860166,
      0.01983415162967604,
      0.02033847098783502,
      0.020323846931039086,
      0.01964234115365619,
      0.0198668798292389,
      0.020092126410321206,
      0.019403195138305677,
      0.019069128113670945,
      0.019663172602779538,
      0.021001272015734082,
      0.019331188709096392,
      0.018406697933937174,
      0.020398594423033,
      0.019549136926833886,
      0.01825241283837781,
      0.018352897519278464,
      0.019965519604110145,
      0.01970187485940323,
      0.018586793754712744,
      0.01807691224535022,
      0.0183671899590697,
      0.01943391754025946,
      0.017809788215234053,
      0.017547107166528856,
      0.018262890374400667,
      0.018639941739915792,
      0.017935530501784407,
      0.01802393341450313
    ],
    "val_loss": [
      0.30025944740115523,
      0.32800174166342455,
      0.26663865482735777,
      0.26098426376988076,
      0.20332731021021655,
      0.1958808237920978,
      0.22674057969076192,
      0.20969020834939922,
      0.2588418775868273,
      0.22963078491345137,
      0.2706616786425699,
      0.29969069051171493,
      0.27903513490796805,
      0.26884769971320727,
      0.2854706480563758,
      0.33665393508836894,
      0.39384748700136196,
      0.3208888913878424,
      0.3018020045257614,
      0.3273809571733732,
      0.3820201417732382,
      0.7122008969773076,
      0.9617739412152838,
      0.959507672809912,
      0.42911800080966095,
      1.0726183212178195,
      0.7132882522787163,
      1.2696078335275194,
      1.4959619435453844,
      1.2341489641163164,
      1.2156967111154944,
      1.57769441387789,
      1.0961920122008124,
      1.6191811461023942,
      1.92368227479879,
      1.6928768913635237,
      1.7559228602462187,
      1.7895338533881182,
      1.6188041148874575,
      1.806165366972278,
      1.7229574076162126,
      1.6812600078072377,
      1.7263790366981557,
      1.5559147059203622,
      1.9885074380361392,
      1.699159792324383,
      2.1620699316887797,
      1.8768504101626888,
      1.241438382346473,
      2.0043540250755356,
      2.043257928804723,
      1.7866645167687696,
      2.0556569530310744,
      1.9452961746982471,
      1.7681373620372332,
      2.0045996938636916,
      1.7458113140420999,
      1.6929209589065906,
      2.1613851838572296,
      2.052562246244111,
      1.6829699382096708,
      1.6311165145771231,
      1.6975787258790638,
      1.757733582941715,
      2.0321207183920693,
      1.4279977203843122,
      1.7106564642515725,
      1.6033485756216648,
      1.7885994162120504,
      1.394883102455182,
      1.1854420670135293,
      1.5386643481379498,
      1.6271272915833725,
      1.1672024447939353,
      1.7407265398852125,
      1.610912385877378,
      1.5247351987454705,
      1.5053125483636371,
      1.8404930410627833,
      1.4723746771762471
    ],
    "best_epoch": 6,
    "best_val_loss": 0.1958808237920978,
    "best_val_abs_mse": 0.3986738622188568,
    "test_loss": 3.9459138121901516,
    "test_abs_mse": 39.18571472167969,
    "tracker": {
      "initial_train_loss": 0.4187000220424569,
      "train_threshold": 0.1395666740141523,
      "best_tracking": true,
      "patience_active": true,
      "patience_best_train": null,
      "patience_best_val": 0.1958808237920978,
      "patience_no_improve_epochs": 74,
      "best_train_loss": Infinity,
      "forced_stop_due_to_threshold": false
    }
  },
  "model_files": {
    "best": "scripts/outputs/gru-trc-rate/trial_35_6c36fe/best_model.pt",
    "last": "scripts/outputs/gru-trc-rate/trial_35_6c36fe/last_model.pt"
  },
  "config_path": "/home/amoris/data-analysis-on-dbps/scripts/outputs/gru-trc-rate/trial_35_6c36fe/config.yaml"
}