{
  "model_name": "rnn-trc-value/trial_34_25ed70",
  "model_type": "RNN",
  "model_format": "torch",
  "model_params": {
    "history_length": 100,
    "units": 209,
    "num_layers": 4,
    "dropout": 0.22064861479594194
  },
  "training_params": {
    "max_epochs": 500,
    "batch_size": 126,
    "learning_rate": 0.0008847233332567572,
    "weight_decay": 0.0002405870540116797,
    "checkpoint_interval": 10,
    "seed": 947
  },
  "data_csv": "data/time_aligned_data.csv",
  "timestamp_column": "Date, Time",
  "columns": [
    "TRC-DT",
    "TRC-RT",
    "TRC-PPL1",
    "TRC-PPL2",
    "pH-DT",
    "pH-RT",
    "pH-PPL1",
    "pH-PPL2",
    "cond-DT",
    "cond-PPL1",
    "cond-PPL2",
    "fDOM-RT",
    "fDOM-PPL1",
    "fDOM-PPL2",
    "DO-RT",
    "DO-PPL1",
    "DO-PPL2",
    "TOC-RT",
    "TOC-PPL1",
    "TOC-PPL2",
    "DOC-RT",
    "DOC-PPL1",
    "DOC-PPL2",
    "minutes_since_start"
  ],
  "feature_columns": [
    "TRC-DT",
    "TRC-RT",
    "pH-DT",
    "pH-RT",
    "cond-DT",
    "fDOM-RT",
    "DO-RT",
    "TOC-RT",
    "DOC-RT",
    "minutes_since_start"
  ],
  "target_columns": [
    "TRC-PPL1",
    "TRC-PPL2"
  ],
  "split_boundaries": {
    "train_end": 7796,
    "val_end": 9466,
    "test_end": 11138
  },
  "dataset_sizes": {
    "train": 7697,
    "val": 1670,
    "test": 1672
  },
  "input_dim": 10,
  "sequence_length": 100,
  "training_history": {
    "epochs": [
      1,
      2,
      3,
      4,
      5,
      6,
      7,
      8,
      9,
      10,
      11,
      12,
      13,
      14,
      15,
      16,
      17,
      18,
      19,
      20,
      21,
      22,
      23,
      24,
      25,
      26,
      27,
      28,
      29,
      30,
      31,
      32,
      33,
      34,
      35,
      36,
      37,
      38,
      39,
      40,
      41,
      42,
      43,
      44,
      45,
      46,
      47,
      48,
      49,
      50,
      51,
      52,
      53,
      54,
      55,
      56,
      57,
      58,
      59,
      60,
      61,
      62,
      63,
      64,
      65,
      66,
      67,
      68,
      69,
      70,
      71,
      72,
      73,
      74,
      75,
      76,
      77,
      78,
      79,
      80
    ],
    "train_loss": [
      0.23399592181688256,
      0.07123674179333069,
      0.05037941556093336,
      0.044920496556438906,
      0.03788653291361129,
      0.038763785145511806,
      0.05104069432614685,
      0.031981136331137965,
      0.038152015591213284,
      0.03007041994006514,
      0.02793483319538041,
      0.02954818983038974,
      0.03084492283027846,
      0.02601302734059383,
      0.0254534701599546,
      0.036982004669512715,
      0.025217421575257866,
      0.024199764999286708,
      0.0951348736667317,
      0.8080512275630133,
      0.7834567902064005,
      0.7728274189854375,
      0.7807670528894588,
      0.7814601510240456,
      0.7838475869563674,
      0.7749144220810611,
      0.7791368469133212,
      0.7744651458333711,
      0.7728951601946804,
      0.7698618802557181,
      0.7651885609139215,
      0.7778504718444991,
      0.8235353766841921,
      0.8144271526845288,
      0.8058867463666587,
      0.8114339536206202,
      0.8112631778028145,
      0.8066613751215425,
      0.8240829582909446,
      0.8232707222344056,
      0.8212687772977844,
      0.6069255618014799,
      0.4218437250665338,
      0.22928098777454983,
      0.20112120470389525,
      0.1664012869418527,
      0.14459782487055658,
      0.1371154069234539,
      0.3141742093161637,
      0.21055495332429452,
      0.15854546545820916,
      0.15096662835020422,
      0.1989193880596346,
      0.14366023807970443,
      0.1414925357409386,
      0.33161477053244426,
      0.2716778050975024,
      0.17582251658892808,
      0.17608837414147158,
      0.16377184521060834,
      0.16799033804808372,
      0.18574649206853555,
      0.1573337786682739,
      0.15571526899823465,
      0.15805683292838618,
      0.1361287684342343,
      0.14233720317488757,
      0.14438169782457838,
      0.8985168138726805,
      0.862909061003927,
      0.8453408809734719,
      0.8497958000107092,
      0.8494059056124935,
      0.844749501282106,
      0.8450310680794069,
      0.8603185440667871,
      0.6153884060710874,
      0.5802509261250914,
      0.559894336711064,
      0.55655980242976
    ],
    "val_loss": [
      0.3033012995016789,
      0.2972128846554342,
      0.2985824566022186,
      0.334413293088803,
      0.3530431722675612,
      0.29525918599418893,
      0.2837891867440082,
      0.29578456648898693,
      0.32158111011732127,
      0.30312864193748573,
      0.28670920838049785,
      0.29426974769525543,
      0.30704151067414326,
      0.2771213448065484,
      0.29793240494446127,
      0.28937102984525487,
      0.2960313781069781,
      0.3059193808920012,
      1.4436590830009142,
      0.7805296976944643,
      1.127034073497007,
      1.5072871379509658,
      1.2396877627529783,
      1.131070400230185,
      1.0293759720768043,
      1.6326271465795483,
      1.2052013252488154,
      1.2581093222081303,
      1.3237358364159475,
      1.5014876125101557,
      1.5140195175202307,
      0.2955274936324822,
      0.30322722157764576,
      0.31155217766851007,
      0.3072562361414918,
      0.32797275721402225,
      0.36462573485817024,
      0.8217521084550612,
      0.8374177827628073,
      0.9626443056646221,
      0.8131990155773963,
      0.32750538282408687,
      0.3718655749753921,
      0.3012028376320879,
      0.3273178594064213,
      0.3174781857002638,
      0.3085373334675849,
      0.3167187933124111,
      0.37470737684540406,
      0.3148482017575981,
      0.30496716377085553,
      0.32046662385681435,
      0.30490487315608356,
      0.3197119812587064,
      0.3136844145011402,
      0.38871866348617806,
      0.34625117705164554,
      0.31922967060061985,
      0.3147416149427791,
      0.31593754176429645,
      0.3104316755103137,
      0.3078941572948309,
      0.3214881083922472,
      0.3315995482449046,
      0.3214737428028783,
      0.3159885951055738,
      0.3178340785696121,
      0.6866641578827789,
      0.35826251632171474,
      0.2955414866905905,
      0.3280970132993367,
      0.3300560624344263,
      0.30443692924733645,
      0.3330292394529738,
      0.2844206027329682,
      0.35090598288231983,
      0.4510410142605176,
      0.3692793186107082,
      0.38575054801509767,
      0.39835947021217405
    ],
    "best_epoch": 14,
    "best_val_loss": 0.2771213448065484,
    "test_loss": 4.69474858516141,
    "tracker": {
      "initial_train_loss": 0.23399592181688256,
      "train_threshold": 0.07799864060562751,
      "best_tracking": true,
      "patience_active": true,
      "patience_best_train": null,
      "patience_best_val": 0.2771213448065484,
      "patience_no_improve_epochs": 66,
      "best_train_loss": Infinity,
      "forced_stop_due_to_threshold": false
    }
  },
  "model_files": {
    "best": "scripts/outputs/rnn-trc-value/trial_34_25ed70/best_model.pt",
    "last": "scripts/outputs/rnn-trc-value/trial_34_25ed70/last_model.pt"
  },
  "config_path": "/home/amoris/data-analysis-on-dbps/scripts/outputs/rnn-trc-value/trial_34_25ed70/config.yaml"
}