{
  "model_name": "gru-other-value/trial_18_4b3430",
  "model_type": "GRU",
  "model_format": "torch",
  "model_params": {
    "history_length": 143,
    "units": 378,
    "num_layers": 6,
    "dropout": 0.38472231871467755
  },
  "training_params": {
    "max_epochs": 500,
    "batch_size": 214,
    "learning_rate": 0.0007992283807323332,
    "weight_decay": 0.003936615736685028,
    "checkpoint_interval": 10,
    "seed": 947
  },
  "data_csv": "data/time_aligned_data.csv",
  "timestamp_column": "Date, Time",
  "columns": [
    "TRC-DT",
    "TRC-RT",
    "TRC-PPL1",
    "TRC-PPL2",
    "pH-DT",
    "pH-RT",
    "pH-PPL1",
    "pH-PPL2",
    "cond-DT",
    "cond-PPL1",
    "cond-PPL2",
    "fDOM-RT",
    "fDOM-PPL1",
    "fDOM-PPL2",
    "DO-RT",
    "DO-PPL1",
    "DO-PPL2",
    "TOC-RT",
    "TOC-PPL1",
    "TOC-PPL2",
    "DOC-RT",
    "DOC-PPL1",
    "DOC-PPL2",
    "minutes_since_start"
  ],
  "feature_columns": [
    "TRC-DT",
    "TRC-RT",
    "pH-DT",
    "pH-RT",
    "cond-DT",
    "fDOM-RT",
    "DO-RT",
    "TOC-RT",
    "DOC-RT",
    "minutes_since_start"
  ],
  "target_columns": [
    "TOC-PPL1",
    "TOC-PPL2",
    "DOC-PPL1",
    "DOC-PPL2",
    "pH-PPL1",
    "pH-PPL2"
  ],
  "split_boundaries": {
    "train_end": 7796,
    "val_end": 9466,
    "test_end": 11138
  },
  "dataset_sizes": {
    "train": 7654,
    "val": 1670,
    "test": 1672
  },
  "input_dim": 10,
  "sequence_length": 143,
  "training_history": {
    "epochs": [
      1,
      2,
      3,
      4,
      5,
      6,
      7,
      8,
      9,
      10,
      11,
      12,
      13,
      14,
      15,
      16,
      17,
      18,
      19,
      20,
      21,
      22,
      23,
      24,
      25,
      26,
      27,
      28,
      29,
      30,
      31,
      32,
      33,
      34,
      35,
      36,
      37,
      38,
      39,
      40,
      41,
      42,
      43,
      44,
      45,
      46,
      47,
      48,
      49,
      50,
      51,
      52,
      53,
      54,
      55,
      56,
      57,
      58,
      59,
      60,
      61,
      62,
      63,
      64,
      65,
      66,
      67,
      68,
      69,
      70,
      71,
      72,
      73,
      74,
      75,
      76,
      77,
      78,
      79,
      80,
      81,
      82,
      83,
      84
    ],
    "train_loss": [
      0.4140860820162349,
      0.2685520765221957,
      0.25314293003577554,
      0.24319770199404642,
      0.2490081693076701,
      0.23912261081857036,
      0.24418127136891463,
      0.2333358109098581,
      0.22515634036746324,
      0.21783841944313997,
      0.21197960708170607,
      0.21182547527970613,
      0.2128879723246427,
      0.2076345911054347,
      0.20792062489473076,
      0.2035066850010334,
      0.20342166242507284,
      0.20081155184341967,
      0.2027506242502069,
      0.20081313237886625,
      0.2034333149423355,
      0.20136764798209222,
      0.19848609128726005,
      0.19572013119726728,
      0.19378800657077716,
      0.19451114208650924,
      0.1945356240947221,
      0.19260764794060603,
      0.1923520502188762,
      0.19519733120294286,
      0.19408126663283265,
      0.19389055127305713,
      0.19748706711874264,
      0.19588198060150835,
      0.19231633914803475,
      0.192403717929712,
      0.18844505260266053,
      0.19114799630495535,
      0.18908578086559724,
      0.18693896868785242,
      0.19067829196699798,
      0.18620285038260279,
      0.1872930275668106,
      0.18557956359593278,
      0.18641764597603694,
      0.19016263034532485,
      0.18288804098928693,
      0.18351063045456728,
      0.18818395451073364,
      0.18703483512733635,
      0.18476978410449077,
      0.18543672204983275,
      0.18037989746895042,
      0.18058044042293228,
      0.18171349093064895,
      0.1798583303734189,
      0.18267409933712953,
      0.18140155566028368,
      0.18676914254055965,
      0.17829417757181826,
      0.17922911910777745,
      0.17727142066612298,
      0.17742490811652603,
      0.17868500022032194,
      0.17786192685669386,
      0.18043008658510293,
      0.17983636297022731,
      0.1775663875477539,
      0.17603384133166483,
      0.18055100174806185,
      0.17569844233933646,
      0.17208381647427587,
      0.17365363960185748,
      0.17515854614192772,
      0.18173717991051053,
      0.1745291741913842,
      0.17508056968925576,
      0.18890039720515342,
      0.18174703590920366,
      0.17683348578294078,
      0.17051899526973976,
      0.17010557092385534,
      0.18634055256609947,
      0.16966993296492153
    ],
    "val_loss": [
      0.405448900921616,
      0.3476130423074711,
      0.3826027536998966,
      0.3759350041607897,
      0.37759146160351303,
      0.43755795065157427,
      0.3754685562527822,
      0.45161921497947444,
      0.4966022604418372,
      0.5351900054666097,
      0.4598122612891083,
      0.4552219226331768,
      0.5104026030369861,
      0.47950107251812596,
      0.4892394482554076,
      0.4158510530155576,
      0.4889211452828196,
      0.5035228089836543,
      0.4900907745885992,
      0.5011388589343625,
      0.5082064953928223,
      0.47123280742211254,
      0.4791953780783151,
      0.4698673879761182,
      0.5159707268465779,
      0.566709781960099,
      0.5148521729393634,
      0.5654909589154992,
      0.4748945072650196,
      0.4468519977466789,
      0.5054531703273694,
      0.5115005115013637,
      0.5574741058096201,
      0.44722886692264124,
      0.5841390915973458,
      0.5058513191824188,
      0.5149640543018272,
      0.5138891246504412,
      0.5259604372931812,
      0.607329515122368,
      0.5136389536861174,
      0.5000743154280199,
      0.5001631598986551,
      0.5596029060686419,
      0.6274124838367193,
      0.5339039879287788,
      0.5910155782977978,
      0.5893100327092731,
      0.4877198083315067,
      0.5006453913485932,
      0.5934455530104523,
      0.5934511691956463,
      0.5403390625636735,
      0.5467107145996865,
      0.5825756288574128,
      0.5650867545497632,
      0.4985804563154004,
      0.6326174014610445,
      0.6044131371967807,
      0.6277159303515971,
      0.5320292414394682,
      0.5932005114094939,
      0.6076509041165163,
      0.5821835696518778,
      0.5553209597032941,
      0.5629617159595033,
      0.6321594554774775,
      0.6273284312226102,
      0.6234236011694292,
      0.5815279265809916,
      0.564528624347584,
      0.5922401608821161,
      0.5746539423030294,
      0.6432813804038985,
      0.5636813597764797,
      0.5758681417493049,
      0.5828838944256662,
      0.5099969898779949,
      0.6071750669243807,
      0.5815837767131314,
      0.5429063073978453,
      0.6042315456413937,
      0.5959518366677319,
      0.6248768895775259
    ],
    "best_epoch": 84,
    "best_val_loss": 0.6248768895775259,
    "test_loss": 0.5545741721060857,
    "tracker": {
      "initial_train_loss": 0.4140860820162349,
      "train_threshold": 0.13802869400541165,
      "best_tracking": false,
      "patience_active": true,
      "patience_best_train": null,
      "patience_best_val": 0.44722886692264124,
      "patience_no_improve_epochs": 50,
      "best_train_loss": Infinity,
      "forced_stop_due_to_threshold": false
    }
  },
  "model_files": {
    "best": "scripts/outputs/gru-other-value/trial_18_4b3430/best_model.pt",
    "last": "scripts/outputs/gru-other-value/trial_18_4b3430/last_model.pt"
  },
  "config_path": "/home/amoris/data-analysis-on-dbps/scripts/outputs/gru-other-value/trial_18_4b3430/config.yaml"
}