{
  "model_name": "lstm-trc-value/trial_68_14638f",
  "model_type": "LSTM",
  "model_format": "torch",
  "model_params": {
    "history_length": 127,
    "units": 366,
    "num_layers": 4,
    "dropout": 0.3333383365729501
  },
  "training_params": {
    "max_epochs": 500,
    "batch_size": 218,
    "learning_rate": 0.00028592508041109876,
    "weight_decay": 0.0006246273653006728,
    "checkpoint_interval": 10,
    "seed": 947
  },
  "data_csv": "data/time_aligned_data.csv",
  "timestamp_column": "Date, Time",
  "columns": [
    "TRC-DT",
    "TRC-RT",
    "TRC-PPL1",
    "TRC-PPL2",
    "pH-DT",
    "pH-RT",
    "pH-PPL1",
    "pH-PPL2",
    "cond-DT",
    "cond-PPL1",
    "cond-PPL2",
    "fDOM-RT",
    "fDOM-PPL1",
    "fDOM-PPL2",
    "DO-RT",
    "DO-PPL1",
    "DO-PPL2",
    "TOC-RT",
    "TOC-PPL1",
    "TOC-PPL2",
    "DOC-RT",
    "DOC-PPL1",
    "DOC-PPL2",
    "minutes_since_start"
  ],
  "feature_columns": [
    "TRC-DT",
    "TRC-RT",
    "pH-DT",
    "pH-RT",
    "cond-DT",
    "fDOM-RT",
    "DO-RT",
    "TOC-RT",
    "DOC-RT",
    "minutes_since_start"
  ],
  "target_columns": [
    "TRC-PPL1",
    "TRC-PPL2"
  ],
  "split_boundaries": {
    "train_end": 7796,
    "val_end": 9466,
    "test_end": 11138
  },
  "dataset_sizes": {
    "train": 7670,
    "val": 1670,
    "test": 1672
  },
  "input_dim": 10,
  "sequence_length": 127,
  "training_history": {
    "epochs": [
      1,
      2,
      3,
      4,
      5,
      6,
      7,
      8,
      9,
      10,
      11,
      12,
      13,
      14,
      15,
      16,
      17,
      18,
      19,
      20,
      21,
      22,
      23,
      24,
      25,
      26,
      27,
      28,
      29,
      30,
      31,
      32,
      33,
      34,
      35,
      36,
      37,
      38,
      39,
      40,
      41,
      42,
      43,
      44,
      45,
      46,
      47,
      48,
      49,
      50,
      51,
      52,
      53,
      54,
      55,
      56,
      57,
      58,
      59,
      60,
      61,
      62,
      63,
      64,
      65,
      66,
      67,
      68,
      69,
      70,
      71,
      72,
      73,
      74,
      75,
      76,
      77,
      78,
      79,
      80
    ],
    "train_loss": [
      0.5728303835048514,
      0.15708329676804672,
      0.10473832552171904,
      0.06914152061321434,
      0.05370090010987578,
      0.043163955432145504,
      0.041651914199763204,
      0.03790929029456484,
      0.039544553930884546,
      0.03306303187485935,
      0.033642320655470875,
      0.031535465812317864,
      0.03142349806649433,
      0.03306442167333083,
      0.02958172343894742,
      0.029580203759953905,
      0.029384532444072204,
      0.027982526960281227,
      0.026435873547697625,
      0.026994309336860145,
      0.026504074655366378,
      0.025086757480476483,
      0.02588119636953965,
      0.024723751808491182,
      0.025001812248334115,
      0.024637957232988488,
      0.023533653333841432,
      0.02343371406955234,
      0.023921901999816125,
      0.029271143626766534,
      0.024791403477610788,
      0.023799704329500453,
      0.024012436932426388,
      0.023178779158979226,
      0.02446185131077661,
      0.027227960851388306,
      0.023010998644721555,
      0.02322809710574119,
      0.023823798299224312,
      0.023104563745945654,
      0.023012847216336015,
      0.03584708045182126,
      0.037041652276917726,
      0.02481380568858542,
      0.022335793245996615,
      0.0238803820900687,
      0.02278906363493616,
      0.02239048167227766,
      0.02136111526350543,
      0.021234531061434837,
      0.02033092213364748,
      0.02115273407698066,
      0.021172597712437676,
      0.020473412448610756,
      0.019941766433310942,
      0.020690608611803944,
      0.020814274725500577,
      0.020140968073242026,
      0.02045771125971183,
      0.020760448292538893,
      0.022236206391741276,
      0.019584280561359486,
      0.019502476131181674,
      0.01939347642127818,
      0.021855378388931108,
      0.03589403012468731,
      0.03360239345060644,
      0.0229515131460952,
      0.022622559482360447,
      0.021169507775499426,
      0.0188033913673816,
      0.018865719617063948,
      0.01893921555973094,
      0.018906831344033467,
      0.02041652623024882,
      0.0195572146992873,
      0.018778584221914665,
      0.01885160340149213,
      0.019342211382815704,
      0.018832069426541843
    ],
    "val_loss": [
      0.24268572988981257,
      0.3082165505893216,
      0.18867775021555894,
      0.17025723765174786,
      0.18456315978201562,
      0.2044352802643162,
      0.22419172681555777,
      0.21184038509151892,
      0.21881649142610812,
      0.2403588582343327,
      0.26313055943987684,
      0.27248233897823415,
      0.29487643636049266,
      0.28761669332886525,
      0.27346329482238807,
      0.32920312158495724,
      0.2986115208709847,
      0.31240862013917126,
      0.4334687622989009,
      0.3296392774912055,
      0.29532794426613584,
      0.3067537438793632,
      0.2854352161667483,
      0.2945765572795254,
      0.30898426424288106,
      0.3095544271728771,
      0.2975460745907294,
      0.2955591144965973,
      0.29055845087204507,
      0.24302658464335752,
      0.2771275235931138,
      0.28307632458156456,
      0.28598030456927365,
      0.29413711334506193,
      0.34081631450506744,
      0.29284339380523045,
      0.2918560329244701,
      0.2850088771254181,
      0.2919288703602945,
      0.2972313505089925,
      0.29295216210543396,
      0.25296661267558973,
      0.2637127369954557,
      0.2803104437843054,
      0.2874184635986468,
      0.30042942982100085,
      0.2941269590156878,
      0.3008459211243484,
      0.29025717382347155,
      0.289466219970923,
      0.3086473155320583,
      0.2915149641184214,
      0.29963869105600666,
      0.2901247916486627,
      0.30030919530256067,
      0.2954320663954326,
      0.29929915476969615,
      0.2905010865008581,
      0.30028298679449245,
      0.3020466396328575,
      0.29367317886811173,
      0.2980448226528075,
      0.2933950385045327,
      0.29910234362779264,
      0.3013416505926205,
      0.29576910008302704,
      0.2927223228029684,
      0.29134778435269515,
      0.2966186051173303,
      0.3014633020397253,
      0.30245943252822594,
      0.2986248128874573,
      0.30161219737130013,
      0.30178744196445645,
      0.3054322616068903,
      0.3035933780835239,
      0.30884934469700576,
      0.3040877478052221,
      0.3134072933435262,
      0.30558999728656816
    ],
    "best_epoch": 4,
    "best_val_loss": 0.17025723765174786,
    "test_loss": 4.587508382409383,
    "tracker": {
      "initial_train_loss": 0.5728303835048514,
      "train_threshold": 0.19094346116828378,
      "best_tracking": true,
      "patience_active": true,
      "patience_best_train": null,
      "patience_best_val": 0.17025723765174786,
      "patience_no_improve_epochs": 76,
      "best_train_loss": Infinity,
      "forced_stop_due_to_threshold": false
    }
  },
  "model_files": {
    "best": "scripts/outputs/lstm-trc-value/trial_68_14638f/best_model.pt",
    "last": "scripts/outputs/lstm-trc-value/trial_68_14638f/last_model.pt"
  },
  "config_path": "/home/amoris/data-analysis-on-dbps/scripts/outputs/lstm-trc-value/trial_68_14638f/config.yaml"
}