{
  "model_name": "gru-trc-value/trial_30_d1dcdb",
  "model_type": "GRU",
  "model_format": "torch",
  "model_params": {
    "history_length": 65,
    "units": 351,
    "num_layers": 4,
    "dropout": 0.42080753500478923
  },
  "training_params": {
    "max_epochs": 500,
    "batch_size": 372,
    "learning_rate": 0.0005190792620782626,
    "weight_decay": 0.000320318372518129,
    "checkpoint_interval": 10,
    "seed": 947
  },
  "data_csv": "data/time_aligned_data.csv",
  "timestamp_column": "Date, Time",
  "columns": [
    "TRC-DT",
    "TRC-RT",
    "TRC-PPL1",
    "TRC-PPL2",
    "pH-DT",
    "pH-RT",
    "pH-PPL1",
    "pH-PPL2",
    "cond-DT",
    "cond-PPL1",
    "cond-PPL2",
    "fDOM-RT",
    "fDOM-PPL1",
    "fDOM-PPL2",
    "DO-RT",
    "DO-PPL1",
    "DO-PPL2",
    "TOC-RT",
    "TOC-PPL1",
    "TOC-PPL2",
    "DOC-RT",
    "DOC-PPL1",
    "DOC-PPL2",
    "minutes_since_start"
  ],
  "feature_columns": [
    "TRC-DT",
    "TRC-RT",
    "pH-DT",
    "pH-RT",
    "cond-DT",
    "fDOM-RT",
    "DO-RT",
    "TOC-RT",
    "DOC-RT",
    "minutes_since_start"
  ],
  "target_columns": [
    "TRC-PPL1",
    "TRC-PPL2"
  ],
  "split_boundaries": {
    "train_end": 7796,
    "val_end": 9466,
    "test_end": 11138
  },
  "dataset_sizes": {
    "train": 7732,
    "val": 1670,
    "test": 1672
  },
  "input_dim": 10,
  "sequence_length": 65,
  "training_history": {
    "epochs": [
      1,
      2,
      3,
      4,
      5,
      6,
      7,
      8,
      9,
      10,
      11,
      12,
      13,
      14,
      15,
      16,
      17,
      18,
      19,
      20,
      21,
      22,
      23,
      24,
      25,
      26,
      27,
      28,
      29,
      30,
      31,
      32,
      33,
      34,
      35,
      36,
      37,
      38,
      39,
      40,
      41,
      42,
      43,
      44,
      45,
      46,
      47,
      48,
      49,
      50,
      51,
      52,
      53,
      54,
      55,
      56,
      57,
      58,
      59,
      60,
      61,
      62,
      63,
      64,
      65,
      66,
      67,
      68,
      69,
      70,
      71,
      72,
      73,
      74,
      75,
      76,
      77,
      78,
      79,
      80
    ],
    "train_loss": [
      0.3916008276715528,
      0.18576497887152807,
      0.13541023078602457,
      0.08993699644445077,
      0.06419752828634223,
      0.050855504380673,
      0.046838606802666674,
      0.03911412165409163,
      0.03561284076239368,
      0.03455311764827585,
      0.034202375312890346,
      0.03561810879215051,
      0.03327512470990866,
      0.0335213678960765,
      0.03180512429474705,
      0.029835990476395513,
      0.03307549779356852,
      0.030482724831240572,
      0.028688246820775327,
      0.02722953415181405,
      0.02641526810955921,
      0.025923675247041658,
      0.026305239007794298,
      0.026272736333669066,
      0.02413986529432241,
      0.024282157837388678,
      0.05066433189117841,
      0.04561770163318436,
      0.03136022219148191,
      0.02596182545547774,
      0.023964395048939928,
      0.0225820838576361,
      0.024899786211014473,
      0.022594387865149782,
      0.02340932081434712,
      0.02354067334576678,
      0.02132020004775878,
      0.021779874380171083,
      0.021363080705169624,
      0.021411673903496107,
      0.020509021155308765,
      0.020366441460390874,
      0.01986442927889761,
      0.020284688689943983,
      0.02115813371485925,
      0.022618712605865152,
      0.020641966723387438,
      0.019725706538140188,
      0.01930515673271714,
      0.01886926815626816,
      0.020805353642789674,
      0.020103250264512464,
      0.019729728343623385,
      0.02026162033758969,
      0.019781796822485317,
      0.019563815690889236,
      0.020549712876080543,
      0.022282395534992096,
      0.020398717997060868,
      0.021405392628504216,
      0.01976439134693337,
      0.01937797093504738,
      0.02127977970947087,
      0.01855218659487032,
      0.01861676722822785,
      0.01972196214537021,
      0.022729678992981808,
      0.021174277941635157,
      0.021484507678536265,
      0.020543630792341637,
      0.020084616755107896,
      0.020185188232765442,
      0.020876745526200433,
      0.019223925366080367,
      0.018797319643565614,
      0.018715404282891097,
      0.01873457275689481,
      0.018862748288284974,
      0.022712256533921966,
      0.01890944463643643
    ],
    "val_loss": [
      0.41937907248913886,
      0.28314277303076074,
      0.315233539642688,
      0.21343816688317738,
      0.2051338711363113,
      0.22985607840700778,
      0.2432620460758666,
      0.5226167492077736,
      0.8062076535276667,
      1.2397178120197294,
      0.882550439644538,
      1.1963249132572533,
      1.5608200024880334,
      1.117160845195462,
      1.3254211312461042,
      1.5838974799403174,
      1.2027589780663301,
      1.536118284581664,
      1.2207517017415184,
      1.1065550228971208,
      1.2891025336738118,
      1.2815169502518133,
      1.31632119593863,
      1.0281938146688268,
      1.0435664268489369,
      0.9535656402389446,
      0.8879368313772236,
      0.5093947601889421,
      0.8393335500787832,
      1.0239508178508925,
      1.1576548599197478,
      1.1753426137084733,
      1.0134084521118039,
      1.0492750174538819,
      1.096278325240769,
      0.9678217178957905,
      1.004690069790015,
      0.7215187243448046,
      0.7308670623484486,
      0.8718123643162722,
      0.8094215603556462,
      0.8953995713752186,
      0.8704491580228606,
      0.832239240747012,
      0.8178820365114127,
      0.8054164904231083,
      0.746452065856157,
      0.902528615840181,
      0.854728265106678,
      0.8664493053883849,
      0.7128307231529031,
      0.7191189271559615,
      0.780474111473489,
      0.7678899583077716,
      0.6996323102650172,
      0.6489098661629382,
      0.6979932099134623,
      0.7244427682307666,
      0.7056936038691484,
      0.5856556308260578,
      0.6788085634033837,
      0.8057271352606619,
      0.5975167698087449,
      0.6422234880977762,
      0.6631284904024916,
      0.7252586393299217,
      0.8537299853063629,
      0.6862224913018192,
      0.584666367455157,
      0.6064812280594589,
      0.6521990051214209,
      0.5184413766432665,
      0.4651366124074616,
      0.640222231517295,
      0.5448329089733654,
      0.5392585436562578,
      0.6855269386159802,
      0.4931085537829085,
      0.5697347579378925,
      0.6137914660135786
    ],
    "best_epoch": 5,
    "best_val_loss": 0.2051338711363113,
    "test_loss": 4.609602450183704,
    "tracker": {
      "initial_train_loss": 0.3916008276715528,
      "train_threshold": 0.13053360922385093,
      "best_tracking": true,
      "patience_active": true,
      "patience_best_train": null,
      "patience_best_val": 0.2051338711363113,
      "patience_no_improve_epochs": 75,
      "best_train_loss": Infinity,
      "forced_stop_due_to_threshold": false
    }
  },
  "model_files": {
    "best": "scripts/outputs/gru-trc-value/trial_30_d1dcdb/best_model.pt",
    "last": "scripts/outputs/gru-trc-value/trial_30_d1dcdb/last_model.pt"
  },
  "config_path": "/home/amoris/data-analysis-on-dbps/scripts/outputs/gru-trc-value/trial_30_d1dcdb/config.yaml"
}