{
  "model_name": "lstm-trc-value/trial_65_9caf23",
  "model_type": "LSTM",
  "model_format": "torch",
  "model_params": {
    "history_length": 104,
    "units": 374,
    "num_layers": 3,
    "dropout": 0.3008269787780838
  },
  "training_params": {
    "max_epochs": 500,
    "batch_size": 217,
    "learning_rate": 0.0006410748275106521,
    "weight_decay": 0.0007362481885254995,
    "checkpoint_interval": 10,
    "seed": 947
  },
  "data_csv": "data/time_aligned_data.csv",
  "timestamp_column": "Date, Time",
  "columns": [
    "TRC-DT",
    "TRC-RT",
    "TRC-PPL1",
    "TRC-PPL2",
    "pH-DT",
    "pH-RT",
    "pH-PPL1",
    "pH-PPL2",
    "cond-DT",
    "cond-PPL1",
    "cond-PPL2",
    "fDOM-RT",
    "fDOM-PPL1",
    "fDOM-PPL2",
    "DO-RT",
    "DO-PPL1",
    "DO-PPL2",
    "TOC-RT",
    "TOC-PPL1",
    "TOC-PPL2",
    "DOC-RT",
    "DOC-PPL1",
    "DOC-PPL2",
    "minutes_since_start"
  ],
  "feature_columns": [
    "TRC-DT",
    "TRC-RT",
    "pH-DT",
    "pH-RT",
    "cond-DT",
    "fDOM-RT",
    "DO-RT",
    "TOC-RT",
    "DOC-RT",
    "minutes_since_start"
  ],
  "target_columns": [
    "TRC-PPL1",
    "TRC-PPL2"
  ],
  "split_boundaries": {
    "train_end": 7796,
    "val_end": 9466,
    "test_end": 11138
  },
  "dataset_sizes": {
    "train": 7693,
    "val": 1670,
    "test": 1672
  },
  "input_dim": 10,
  "sequence_length": 104,
  "training_history": {
    "epochs": [
      1,
      2,
      3,
      4,
      5,
      6,
      7,
      8,
      9,
      10,
      11,
      12,
      13,
      14,
      15,
      16,
      17,
      18,
      19,
      20,
      21,
      22,
      23,
      24,
      25,
      26,
      27,
      28,
      29,
      30,
      31,
      32,
      33,
      34,
      35,
      36,
      37,
      38,
      39,
      40,
      41,
      42,
      43,
      44,
      45,
      46,
      47,
      48,
      49,
      50,
      51,
      52,
      53,
      54,
      55,
      56,
      57,
      58,
      59,
      60,
      61,
      62,
      63,
      64,
      65,
      66,
      67,
      68,
      69,
      70,
      71,
      72,
      73,
      74,
      75,
      76,
      77,
      78,
      79,
      80
    ],
    "train_loss": [
      0.34887154716269553,
      0.09488620458541945,
      0.06090323251754289,
      0.044042590436092606,
      0.03868903325289298,
      0.034135729628695585,
      0.031750048191250185,
      0.03260179362967407,
      0.03370027319003605,
      0.0317265441263259,
      0.033664634891932284,
      0.031912679518755184,
      0.02780096226620121,
      0.02650185724427149,
      0.026639423883088726,
      0.026018604268408886,
      0.02520439698207476,
      0.025918454406367746,
      0.03100958217216742,
      0.027856280347561165,
      0.024178798107923543,
      0.025797298918728184,
      0.02430584487946767,
      0.02362468925976721,
      0.022798425417132437,
      0.026253056150604314,
      0.02315139146631853,
      0.021264464469851963,
      0.02174352004520724,
      0.022714980395749765,
      0.024239929021760698,
      0.025244346037642647,
      0.024259147209685646,
      0.022043323791751113,
      0.022673449484975475,
      0.02036902932001039,
      0.021526510268788754,
      0.022002230802579726,
      0.021213278993015075,
      0.020701478528633403,
      0.02328425942088822,
      0.02282602421336005,
      0.020244582379075806,
      0.022972758578050125,
      0.02161614989711004,
      0.02052533928579477,
      0.020188849527826083,
      0.019599191578371183,
      0.020229236393136476,
      0.02284643869572493,
      0.02177692925535461,
      0.02092823392632769,
      0.022719715429542823,
      0.021794259268536256,
      0.021022745415744618,
      0.019445626141403455,
      0.01938854502488582,
      0.019581379906170145,
      0.01871007194639174,
      0.018843012789876164,
      0.02009615534450435,
      0.019520869668407045,
      0.019258584632276404,
      0.01901866158417971,
      0.02221847531318773,
      0.0191175099377528,
      0.019338293653574718,
      0.019175537194958375,
      0.020093839017299765,
      0.019456458365285364,
      0.018848209348663998,
      0.019037153241347464,
      0.020661521426743545,
      0.019705051739273883,
      0.01901774434838868,
      0.018618832755023722,
      0.019575475299013975,
      0.0191531551779808,
      0.018575528086594444,
      0.019591917394846
    ],
    "val_loss": [
      0.25992959459384757,
      0.18154848661429868,
      0.21555265555392483,
      0.2369789235606165,
      0.24804073201414353,
      0.28053473003520935,
      0.3683695257066967,
      0.3067346487673903,
      0.45376899775541474,
      0.39255644406141815,
      0.3762967045524877,
      0.44054284879636624,
      0.3289045737933613,
      0.3488979612705772,
      0.31188510076706105,
      0.34888622751292175,
      0.38504705654713745,
      0.2796283726887164,
      0.30025943042320047,
      0.34094508579391203,
      0.30183748723548687,
      0.3040821609784386,
      0.380905682477587,
      0.3406110617348891,
      0.36639439711670674,
      0.3275329405809948,
      0.3697116022829167,
      0.34195707365870476,
      0.3538154291847866,
      0.37716223012410593,
      0.380360512647354,
      0.41075991725404104,
      0.41015647134358835,
      0.3905992119645555,
      0.4224713734947814,
      0.44930110385273386,
      0.3629690762296944,
      0.43406869006638754,
      0.45375010430322077,
      0.44319211007346826,
      0.4490645393550753,
      0.40794983017230463,
      0.4415871294003404,
      0.3692884871624633,
      0.37645321975679635,
      0.41665674084964804,
      0.43170145769006835,
      0.4798134366451891,
      0.4558521894258475,
      0.42504770089342386,
      0.4052197821114859,
      0.37339787313346556,
      0.4301699517305918,
      0.4409975252075199,
      0.40655094952975024,
      0.408983228108037,
      0.43825397652177933,
      0.44185824584617406,
      0.4810484451202754,
      0.43411240141928015,
      0.4592166496240004,
      0.469063937391885,
      0.4490113887634731,
      0.4880124201273133,
      0.47567411065882376,
      0.4838940180414273,
      0.43917249573762723,
      0.4249812661608804,
      0.43344582076111954,
      0.41290260484319424,
      0.44735784641952214,
      0.4765496523337004,
      0.46828211340160963,
      0.4955621457195835,
      0.5055663501944192,
      0.4676614500861057,
      0.49198471674483696,
      0.45879127892838445,
      0.4658903222943762,
      0.4264669344308758
    ],
    "best_epoch": 2,
    "best_val_loss": 0.18154848661429868,
    "test_loss": 4.161400124858441,
    "tracker": {
      "initial_train_loss": 0.34887154716269553,
      "train_threshold": 0.1162905157208985,
      "best_tracking": true,
      "patience_active": true,
      "patience_best_train": null,
      "patience_best_val": 0.18154848661429868,
      "patience_no_improve_epochs": 79,
      "best_train_loss": Infinity,
      "forced_stop_due_to_threshold": false
    }
  },
  "model_files": {
    "best": "scripts/outputs/lstm-trc-value/trial_65_9caf23/best_model.pt",
    "last": "scripts/outputs/lstm-trc-value/trial_65_9caf23/last_model.pt"
  },
  "config_path": "/home/amoris/data-analysis-on-dbps/scripts/outputs/lstm-trc-value/trial_65_9caf23/config.yaml"
}