{
  "model_name": "gru-trc-rate/trial_6_f590a1",
  "model_type": "GRU",
  "model_format": "torch",
  "model_params": {
    "history_length": 44,
    "units": 369,
    "num_layers": 5,
    "dropout": 0.23137312506032415
  },
  "training_params": {
    "max_epochs": 500,
    "batch_size": 67,
    "learning_rate": 0.0002573593674000592,
    "weight_decay": 0.00016179753278644266,
    "checkpoint_interval": 10,
    "seed": 947
  },
  "data_csv": "data/time_aligned_data.csv",
  "timestamp_column": "Date, Time",
  "columns": [
    "TRC-DT",
    "TRC-RT",
    "TRC-PPL1",
    "TRC-PPL2",
    "pH-DT",
    "pH-RT",
    "pH-PPL1",
    "pH-PPL2",
    "cond-DT",
    "cond-PPL1",
    "cond-PPL2",
    "fDOM-RT",
    "fDOM-PPL1",
    "fDOM-PPL2",
    "DO-RT",
    "DO-PPL1",
    "DO-PPL2",
    "TOC-RT",
    "TOC-PPL1",
    "TOC-PPL2",
    "DOC-RT",
    "DOC-PPL1",
    "DOC-PPL2",
    "minutes_since_start"
  ],
  "feature_columns": [
    "TRC-DT",
    "TRC-RT",
    "pH-DT",
    "pH-RT",
    "cond-DT",
    "fDOM-RT",
    "DO-RT",
    "TOC-RT",
    "DOC-RT",
    "minutes_since_start"
  ],
  "target_columns": [
    "TRC-PPL1",
    "TRC-PPL2"
  ],
  "target_mode": "rate",
  "target_base_columns": [
    "TRC-RT",
    "TRC-RT"
  ],
  "split_boundaries": {
    "train_end": 7796,
    "val_end": 9466,
    "test_end": 11138
  },
  "dataset_sizes": {
    "train": 7753,
    "val": 1670,
    "test": 1672
  },
  "input_dim": 10,
  "sequence_length": 44,
  "training_history": {
    "epochs": [
      1,
      2,
      3,
      4,
      5,
      6,
      7,
      8,
      9,
      10,
      11,
      12,
      13,
      14,
      15,
      16,
      17,
      18,
      19,
      20,
      21,
      22,
      23,
      24,
      25,
      26,
      27,
      28,
      29,
      30,
      31,
      32,
      33,
      34,
      35,
      36,
      37,
      38,
      39,
      40,
      41,
      42,
      43,
      44,
      45,
      46,
      47,
      48,
      49,
      50,
      51,
      52,
      53,
      54,
      55,
      56,
      57,
      58,
      59,
      60,
      61,
      62,
      63,
      64,
      65,
      66,
      67,
      68,
      69,
      70,
      71,
      72,
      73,
      74,
      75,
      76,
      77,
      78,
      79,
      80
    ],
    "train_loss": [
      0.23554006759757212,
      0.07010492575402323,
      0.04290031783396154,
      0.04072203033304739,
      0.03775746525669735,
      0.03482167798399687,
      0.0321674984038322,
      0.03185474737449437,
      0.03130653779917681,
      0.030885962921466333,
      0.028570450632643747,
      0.028715633484141512,
      0.02680467923255785,
      0.02507909096505478,
      0.027396853976206333,
      0.025956825095298643,
      0.02448015000577932,
      0.023841806249081603,
      0.024780027930875,
      0.025626568049701755,
      0.022700747839484725,
      0.021791693712330612,
      0.02319707744151227,
      0.022061274838849457,
      0.020342306270460252,
      0.023630122968264663,
      0.02190155481363952,
      0.02039118620399931,
      0.02229301334888139,
      0.02143955308553343,
      0.02189070596982514,
      0.02085036790572846,
      0.021154665701931197,
      0.02031955712024537,
      0.021872071554341593,
      0.021470752669149724,
      0.019673496978106376,
      0.021204533032721226,
      0.01990105135684169,
      0.020166749933605524,
      0.021823619728636223,
      0.01985300628437883,
      0.02059718456833317,
      0.021786042618004643,
      0.018341279697352098,
      0.018861394134353365,
      0.020043424999142682,
      0.019585718612915644,
      0.01976724234853489,
      0.020335334326121002,
      0.018844051142789565,
      0.01908760666381147,
      0.019392803888904898,
      0.01912245463268051,
      0.019655475188726595,
      0.018774890929713267,
      0.019095321366673714,
      0.018358266305893864,
      0.018526885106171714,
      0.01872766795285276,
      0.019386018892947388,
      0.01923083463306775,
      0.018199236658108082,
      0.01816894839086887,
      0.019466290682987653,
      0.018016734932040333,
      0.018163773465210177,
      0.01826208703052678,
      0.01776314786528789,
      0.018952439321229284,
      0.018092335794612575,
      0.018749326832571345,
      0.01802770481907974,
      0.017909270104015548,
      0.018030725087017672,
      0.017597753644555587,
      0.017850537614181674,
      0.01750109635169035,
      0.01793402495703785,
      0.01970847474977395
    ],
    "val_loss": [
      0.2381476336900524,
      0.2098731110753592,
      0.8137154540431848,
      1.0831047270608742,
      1.6015547017840122,
      1.1872979723050923,
      2.722067930326312,
      1.4434472208775713,
      1.0658556911023613,
      0.7993388025078945,
      0.8570228364898594,
      0.6960365599601301,
      0.39363734067200185,
      0.5759012687605566,
      0.5293845535116549,
      0.4753096521597824,
      0.843111015045402,
      0.4591657748066647,
      0.7350738345862863,
      0.3463979325385508,
      0.48503960313018923,
      0.530535197926094,
      0.4236308675939719,
      0.4609951980623924,
      0.4271209392217016,
      0.4212245782982268,
      0.4149967774291506,
      0.360740084692412,
      0.38057907668394064,
      0.44803298095988475,
      0.43706701470282444,
      0.4265409700282498,
      0.5324066901780263,
      0.4681342821813629,
      0.422314733049336,
      0.3746293125406443,
      0.4263895202695788,
      0.4152576105055695,
      0.3948121782392263,
      0.36443416885808555,
      0.3941994127449384,
      0.3621033467051244,
      0.375687018990472,
      0.4250552179146848,
      0.38109521425055887,
      0.3477132365051768,
      0.3847613006690796,
      0.349644110549219,
      0.43562272283454945,
      0.3682562444169454,
      0.39055696299667664,
      0.3374626254339418,
      0.32054853389251553,
      0.3352729685716108,
      0.33444075212663343,
      0.33513848358196413,
      0.33803417417973636,
      0.29434369175087016,
      0.3572712333415618,
      0.3331376373098639,
      0.3198382383139949,
      0.4388124220374369,
      0.2969824273373463,
      0.3779490259425815,
      0.29201825330825804,
      0.3654476457704862,
      0.2826862643790727,
      0.3160591343997749,
      0.303442816399484,
      0.29645199059971616,
      0.3620928350423357,
      0.29401417255825446,
      0.28520142237382556,
      0.32337502498335824,
      0.30075809492277883,
      0.30144316432272605,
      0.32239820390694335,
      0.3193190991053146,
      0.28102763533413766,
      0.305687647414377
    ],
    "best_epoch": 2,
    "best_val_loss": 0.2098731110753592,
    "best_val_abs_mse": 0.19163723289966583,
    "test_loss": 5.183686565696908,
    "test_abs_mse": 49.738101959228516,
    "tracker": {
      "initial_train_loss": 0.23554006759757212,
      "train_threshold": 0.07851335586585738,
      "best_tracking": true,
      "patience_active": true,
      "patience_best_train": null,
      "patience_best_val": 0.2098731110753592,
      "patience_no_improve_epochs": 79,
      "best_train_loss": Infinity,
      "forced_stop_due_to_threshold": false
    }
  },
  "model_files": {
    "best": "scripts/outputs/gru-trc-rate/trial_6_f590a1/best_model.pt",
    "last": "scripts/outputs/gru-trc-rate/trial_6_f590a1/last_model.pt"
  },
  "config_path": "/home/amoris/data-analysis-on-dbps/scripts/outputs/gru-trc-rate/trial_6_f590a1/config.yaml"
}