{
  "model_name": "rnn-trc-rate/trial_60_f8d48b",
  "model_type": "RNN",
  "model_format": "torch",
  "model_params": {
    "history_length": 62,
    "units": 146,
    "num_layers": 5,
    "dropout": 0.4878124681253219
  },
  "training_params": {
    "max_epochs": 500,
    "batch_size": 262,
    "learning_rate": 0.0013926614335692438,
    "weight_decay": 0.007173621480852612,
    "checkpoint_interval": 10,
    "seed": 947
  },
  "data_csv": "data/time_aligned_data.csv",
  "timestamp_column": "Date, Time",
  "columns": [
    "TRC-DT",
    "TRC-RT",
    "TRC-PPL1",
    "TRC-PPL2",
    "pH-DT",
    "pH-RT",
    "pH-PPL1",
    "pH-PPL2",
    "cond-DT",
    "cond-PPL1",
    "cond-PPL2",
    "fDOM-RT",
    "fDOM-PPL1",
    "fDOM-PPL2",
    "DO-RT",
    "DO-PPL1",
    "DO-PPL2",
    "TOC-RT",
    "TOC-PPL1",
    "TOC-PPL2",
    "DOC-RT",
    "DOC-PPL1",
    "DOC-PPL2",
    "minutes_since_start"
  ],
  "feature_columns": [
    "TRC-DT",
    "TRC-RT",
    "pH-DT",
    "pH-RT",
    "cond-DT",
    "fDOM-RT",
    "DO-RT",
    "TOC-RT",
    "DOC-RT",
    "minutes_since_start"
  ],
  "target_columns": [
    "TRC-PPL1",
    "TRC-PPL2"
  ],
  "target_mode": "rate",
  "target_base_columns": [
    "TRC-RT",
    "TRC-RT"
  ],
  "split_boundaries": {
    "train_end": 7796,
    "val_end": 9466,
    "test_end": 11138
  },
  "dataset_sizes": {
    "train": 7735,
    "val": 1670,
    "test": 1672
  },
  "input_dim": 10,
  "sequence_length": 62,
  "training_history": {
    "epochs": [
      1,
      2,
      3,
      4,
      5,
      6,
      7,
      8,
      9,
      10,
      11,
      12,
      13,
      14,
      15,
      16,
      17,
      18,
      19,
      20,
      21,
      22,
      23,
      24,
      25,
      26,
      27,
      28,
      29,
      30,
      31,
      32,
      33,
      34,
      35,
      36,
      37,
      38,
      39,
      40,
      41,
      42,
      43,
      44,
      45,
      46,
      47,
      48,
      49,
      50,
      51,
      52,
      53,
      54,
      55,
      56,
      57,
      58,
      59,
      60,
      61,
      62,
      63,
      64,
      65,
      66,
      67,
      68,
      69,
      70,
      71,
      72,
      73,
      74,
      75,
      76,
      77,
      78,
      79,
      80
    ],
    "train_loss": [
      0.3864851459889699,
      0.14483451167845154,
      0.11740256627972233,
      0.09216324124574353,
      0.09071067783743163,
      0.06803776304434404,
      0.06483463228673571,
      0.06025609294772533,
      0.055276522825399216,
      0.07678746741214489,
      0.054141894916256705,
      0.056228657787799376,
      0.061790298143162135,
      0.0514641533268022,
      0.05948453755650739,
      0.055575897549920185,
      0.056302650541105656,
      0.04992837249202041,
      0.04616621322568648,
      0.055436275849322314,
      0.055092648024723155,
      0.04518093278158381,
      0.05074843840833703,
      0.05018225831461862,
      0.05239568133901687,
      0.047497431751829466,
      0.05694735403995631,
      0.051891758658459054,
      0.05605762750969907,
      0.0583782794547605,
      0.05395116329809582,
      0.04661264583304688,
      0.05539414814029806,
      0.04341599341595104,
      0.05881577966362719,
      0.05052920699158097,
      0.04866574500586883,
      0.04762197176275056,
      0.04948909836493158,
      0.055666705459337044,
      0.04495873325386969,
      0.044293336547627016,
      0.04803876700945338,
      0.04613903159132371,
      0.043561007573709384,
      0.04741543241871043,
      0.04655209784844497,
      0.05609165190947233,
      0.04629459868979285,
      0.04434391342744029,
      0.046158490963785895,
      0.05243119413506314,
      0.04750857326047376,
      0.04236528019299797,
      0.05673167979719181,
      0.045026950149495294,
      0.053788078728035024,
      0.041334291595698326,
      0.0731397924216316,
      0.05509057626291946,
      0.04379688292915157,
      0.044524768217386705,
      0.04772419353059668,
      0.04616097032099134,
      0.04232772161922843,
      0.05707972103172375,
      0.05246692420920789,
      0.04393309326848448,
      0.04769117189757887,
      0.04651842336444294,
      0.042280261936635456,
      0.05654655948146436,
      0.04479112000178736,
      0.04118531615447443,
      0.04468190898250671,
      0.042972155318925974,
      0.04094390249976668,
      0.04258743788235482,
      0.040522016794857244,
      0.0516772364175312
    ],
    "val_loss": [
      0.3726203462097816,
      0.344243463557102,
      0.33053867051790575,
      0.3397515646087195,
      0.3334648968395359,
      0.30216664756664974,
      0.3301260520151989,
      0.3002125894193521,
      0.3163903287740168,
      0.3085565990227425,
      0.31813234612791835,
      0.2845158665167714,
      0.282861944578008,
      0.30392261419199895,
      0.2863327145933391,
      0.297840235052173,
      0.2908742832611064,
      0.31717276907341924,
      0.3033900965027467,
      0.3121310469945391,
      0.28935617266033226,
      0.3349714101342384,
      0.295943770782944,
      0.34943340033025083,
      0.3510102352562422,
      0.2930016528480424,
      0.3201421909391166,
      0.29293365777431135,
      0.29311029556804075,
      0.33356227171189057,
      0.31567775289455574,
      0.3200346257470682,
      0.29145460382639293,
      0.30996192336796285,
      0.3040216401531668,
      0.3160850871666641,
      0.3061059341369989,
      0.3522692950676658,
      0.3071048387554948,
      0.2948369612995379,
      0.3306475042962207,
      0.31197658171821496,
      0.32990247023676683,
      0.32528876432937065,
      0.3191051409406933,
      0.28563308213909944,
      0.3190129383996932,
      0.3397222358086509,
      0.31429464324505746,
      0.35751302664776047,
      0.33470289179843343,
      0.31844577517159683,
      0.3601128135701853,
      0.3249005811612406,
      0.323812537696101,
      0.319914625268318,
      0.3326759471463229,
      0.3362479190938844,
      0.3122587810242604,
      0.31433404892415345,
      0.3526299511935718,
      0.3112722781157779,
      0.3322859709803573,
      0.3179824661240428,
      0.32614194310220057,
      0.3282013078850365,
      0.33217347353072224,
      0.3651327087047571,
      0.3083345791626119,
      0.3182327885024562,
      0.30846545650975077,
      0.3213701493502734,
      0.3323425860328232,
      0.3161241467863678,
      0.3397501430290188,
      0.30738129527447466,
      0.32157183805714823,
      0.31139503951647324,
      0.3088137932969425,
      0.3274370453181024
    ],
    "best_epoch": 13,
    "best_val_loss": 0.282861944578008,
    "best_val_abs_mse": 0.40520837903022766,
    "test_loss": 4.390177247056551,
    "test_abs_mse": 42.39229965209961,
    "tracker": {
      "initial_train_loss": 0.3864851459889699,
      "train_threshold": 0.1288283819963233,
      "best_tracking": true,
      "patience_active": true,
      "patience_best_train": null,
      "patience_best_val": 0.282861944578008,
      "patience_no_improve_epochs": 67,
      "best_train_loss": Infinity,
      "forced_stop_due_to_threshold": false
    }
  },
  "model_files": {
    "best": "scripts/outputs/rnn-trc-rate/trial_60_f8d48b/best_model.pt",
    "last": "scripts/outputs/rnn-trc-rate/trial_60_f8d48b/last_model.pt"
  },
  "config_path": "/home/amoris/data-analysis-on-dbps/scripts/outputs/rnn-trc-rate/trial_60_f8d48b/config.yaml"
}