{
  "model_name": "gru-trc-value/trial_59_a6b973",
  "model_type": "GRU",
  "model_format": "torch",
  "model_params": {
    "history_length": 74,
    "units": 175,
    "num_layers": 8,
    "dropout": 0.3664865946802401
  },
  "training_params": {
    "max_epochs": 500,
    "batch_size": 322,
    "learning_rate": 0.0005941471789430741,
    "weight_decay": 0.00011230572173912658,
    "checkpoint_interval": 10,
    "seed": 947
  },
  "data_csv": "data/time_aligned_data.csv",
  "timestamp_column": "Date, Time",
  "columns": [
    "TRC-DT",
    "TRC-RT",
    "TRC-PPL1",
    "TRC-PPL2",
    "pH-DT",
    "pH-RT",
    "pH-PPL1",
    "pH-PPL2",
    "cond-DT",
    "cond-PPL1",
    "cond-PPL2",
    "fDOM-RT",
    "fDOM-PPL1",
    "fDOM-PPL2",
    "DO-RT",
    "DO-PPL1",
    "DO-PPL2",
    "TOC-RT",
    "TOC-PPL1",
    "TOC-PPL2",
    "DOC-RT",
    "DOC-PPL1",
    "DOC-PPL2",
    "minutes_since_start"
  ],
  "feature_columns": [
    "TRC-DT",
    "TRC-RT",
    "pH-DT",
    "pH-RT",
    "cond-DT",
    "fDOM-RT",
    "DO-RT",
    "TOC-RT",
    "DOC-RT",
    "minutes_since_start"
  ],
  "target_columns": [
    "TRC-PPL1",
    "TRC-PPL2"
  ],
  "split_boundaries": {
    "train_end": 7796,
    "val_end": 9466,
    "test_end": 11138
  },
  "dataset_sizes": {
    "train": 7723,
    "val": 1670,
    "test": 1672
  },
  "input_dim": 10,
  "sequence_length": 74,
  "training_history": {
    "epochs": [
      1,
      2,
      3,
      4,
      5,
      6,
      7,
      8,
      9,
      10,
      11,
      12,
      13,
      14,
      15,
      16,
      17,
      18,
      19,
      20,
      21,
      22,
      23,
      24,
      25,
      26,
      27,
      28,
      29,
      30,
      31,
      32,
      33,
      34,
      35,
      36,
      37,
      38,
      39,
      40,
      41,
      42,
      43,
      44,
      45,
      46,
      47,
      48,
      49,
      50,
      51,
      52,
      53,
      54,
      55,
      56,
      57,
      58,
      59,
      60,
      61,
      62,
      63,
      64,
      65,
      66,
      67,
      68,
      69,
      70,
      71,
      72,
      73,
      74,
      75,
      76,
      77,
      78,
      79,
      80
    ],
    "train_loss": [
      0.4604797146970337,
      0.16226844248971714,
      0.11711937994745039,
      0.08163721830899212,
      0.060907380702438306,
      0.05246091114433568,
      0.05026831287588231,
      0.04448216091675044,
      0.04363883817265739,
      0.03981514747018072,
      0.03650756949944986,
      0.03473110258035149,
      0.03291652668964503,
      0.03298222272141091,
      0.031211086659446583,
      0.03315653289312157,
      0.0291490996485352,
      0.02679886737174897,
      0.027783205678196178,
      0.024861940444065672,
      0.025100178512279487,
      0.02507895416570855,
      0.025045598107633096,
      0.02396172975389803,
      0.023937240279617664,
      0.02464039811521294,
      0.024011563590498504,
      0.02326461015949051,
      0.022862737723660563,
      0.022167988533447647,
      0.021945269190129044,
      0.02176177632422988,
      0.020836868248981205,
      0.02254588860947512,
      0.021668472857770796,
      0.021005904822229613,
      0.02184566640947846,
      0.02131791977436373,
      0.02023544531109596,
      0.020101357920684532,
      0.02035591141581844,
      0.020337560094114443,
      0.019424953943770366,
      0.019244303936231603,
      0.019276888037750902,
      0.020443841402815535,
      0.01854498041753909,
      0.019006573120340712,
      0.018953945438054256,
      0.019575895794159495,
      0.022308401544205145,
      0.020853155066945246,
      0.02049207080854555,
      0.019989859096432895,
      0.020553569779838056,
      0.019521404999555136,
      0.019731648302733874,
      0.018656689913879015,
      0.019002747526733612,
      0.01811485410881763,
      0.01863544487706602,
      0.01839770040619903,
      0.017993323171370684,
      0.018455550104966207,
      0.018917610788256968,
      0.019203925533016374,
      0.01801445937717762,
      0.01774319243344459,
      0.01817604901263531,
      0.01834911571833216,
      0.018143117382724977,
      0.018321272972201832,
      0.017871557333218793,
      0.017687297577264394,
      0.018246637906184103,
      0.018019047081827437,
      0.019787880316015877,
      0.018639755524404538,
      0.01733042048122751,
      0.017953247690500256
    ],
    "val_loss": [
      0.3572665258260544,
      0.6215111770672712,
      0.3019560886714273,
      0.17463372302894106,
      0.23208435546316786,
      0.1825912250774706,
      0.20734945233621283,
      0.3541568461694046,
      0.4745269540719643,
      0.8913105492731055,
      0.7998992845059155,
      1.374657779280654,
      1.376550065989266,
      1.5465057398030857,
      1.3936891253390713,
      1.5267823421312663,
      1.8645378500758532,
      1.7133339768041393,
      1.4940323761123384,
      1.6165945622289253,
      1.8718256569350373,
      2.4150258922648287,
      1.5761041007846772,
      1.8487222886571806,
      2.344887967862769,
      2.0308345790483995,
      1.8062783091591146,
      1.7424001505721116,
      1.8731080959077009,
      1.6341000415942448,
      1.5269603683741506,
      1.3794756398452612,
      1.0889374546528219,
      1.1740843219002206,
      1.0042009060611268,
      1.2803586135278204,
      0.9450126701464018,
      1.076055338561624,
      0.9707576555004733,
      1.0085570723755275,
      1.2357741817475079,
      0.8027670294358702,
      0.8133266265610021,
      0.9301472902253359,
      0.950288849207991,
      0.9893401879348798,
      0.8394095011613147,
      1.0253178590942107,
      0.8994561078060351,
      0.8435425608614069,
      0.682745124042748,
      0.9043345583970853,
      0.9152088633242125,
      0.8465422886842026,
      0.8059806761248205,
      0.87846099921017,
      0.9267821017630443,
      0.8195585430828397,
      0.7824903879560039,
      0.8684476803542076,
      0.8844099849127902,
      0.7268908238094188,
      0.8052663640191634,
      0.7854782447776573,
      0.8409745505648458,
      0.7283075024446327,
      0.7437142473584164,
      0.8424582401034004,
      0.7608172677702711,
      0.6786385491244986,
      0.7596494926842386,
      0.741278883665354,
      0.7155864549410379,
      0.6343931599581492,
      0.8037417447272532,
      0.6046085247424191,
      0.6722844800013982,
      0.6772411404255622,
      0.6779346690228778,
      0.6188644582639912
    ],
    "best_epoch": 4,
    "best_val_loss": 0.17463372302894106,
    "test_loss": 3.8507460528298427,
    "tracker": {
      "initial_train_loss": 0.4604797146970337,
      "train_threshold": 0.15349323823234456,
      "best_tracking": true,
      "patience_active": true,
      "patience_best_train": null,
      "patience_best_val": 0.17463372302894106,
      "patience_no_improve_epochs": 76,
      "best_train_loss": Infinity,
      "forced_stop_due_to_threshold": false
    }
  },
  "model_files": {
    "best": "scripts/outputs/gru-trc-value/trial_59_a6b973/best_model.pt",
    "last": "scripts/outputs/gru-trc-value/trial_59_a6b973/last_model.pt"
  },
  "config_path": "/home/amoris/data-analysis-on-dbps/scripts/outputs/gru-trc-value/trial_59_a6b973/config.yaml"
}