{
  "model_name": "gru-other-value/trial_2_531141",
  "model_type": "GRU",
  "model_format": "torch",
  "model_params": {
    "history_length": 102,
    "units": 188,
    "num_layers": 8,
    "dropout": 0.29255972136166764
  },
  "training_params": {
    "max_epochs": 500,
    "batch_size": 71,
    "learning_rate": 0.0003287784153667242,
    "weight_decay": 0.00021840926300050565,
    "checkpoint_interval": 10,
    "seed": 947
  },
  "data_csv": "data/time_aligned_data.csv",
  "timestamp_column": "Date, Time",
  "columns": [
    "TRC-DT",
    "TRC-RT",
    "TRC-PPL1",
    "TRC-PPL2",
    "pH-DT",
    "pH-RT",
    "pH-PPL1",
    "pH-PPL2",
    "cond-DT",
    "cond-PPL1",
    "cond-PPL2",
    "fDOM-RT",
    "fDOM-PPL1",
    "fDOM-PPL2",
    "DO-RT",
    "DO-PPL1",
    "DO-PPL2",
    "TOC-RT",
    "TOC-PPL1",
    "TOC-PPL2",
    "DOC-RT",
    "DOC-PPL1",
    "DOC-PPL2",
    "minutes_since_start"
  ],
  "feature_columns": [
    "TRC-DT",
    "TRC-RT",
    "pH-DT",
    "pH-RT",
    "cond-DT",
    "fDOM-RT",
    "DO-RT",
    "TOC-RT",
    "DOC-RT",
    "minutes_since_start"
  ],
  "target_columns": [
    "TOC-PPL1",
    "TOC-PPL2",
    "DOC-PPL1",
    "DOC-PPL2",
    "pH-PPL1",
    "pH-PPL2"
  ],
  "split_boundaries": {
    "train_end": 7796,
    "val_end": 9466,
    "test_end": 11138
  },
  "dataset_sizes": {
    "train": 7695,
    "val": 1670,
    "test": 1672
  },
  "input_dim": 10,
  "sequence_length": 102,
  "training_history": {
    "epochs": [
      1,
      2,
      3,
      4,
      5,
      6,
      7,
      8,
      9,
      10,
      11,
      12,
      13,
      14,
      15,
      16,
      17,
      18,
      19,
      20,
      21,
      22,
      23,
      24,
      25,
      26,
      27,
      28,
      29,
      30,
      31,
      32,
      33,
      34,
      35,
      36,
      37,
      38,
      39,
      40,
      41,
      42,
      43,
      44,
      45,
      46,
      47,
      48,
      49,
      50,
      51,
      52,
      53,
      54,
      55,
      56,
      57,
      58,
      59,
      60,
      61,
      62,
      63,
      64,
      65,
      66,
      67,
      68,
      69,
      70,
      71,
      72,
      73,
      74,
      75,
      76,
      77,
      78,
      79,
      80
    ],
    "train_loss": [
      0.37711740418677986,
      0.24208074671212074,
      0.21244923938513577,
      0.18543411282225813,
      0.15378937392052,
      0.13171246394253613,
      0.12567787805863834,
      0.11954430972623546,
      0.11226693325572544,
      0.09533737192318918,
      0.09245421686745293,
      0.08187295723273198,
      0.07729826616323017,
      0.06637074863701536,
      0.06332485127838267,
      0.0567274686619591,
      0.054222087566441264,
      0.05111805480590805,
      0.04864793448981873,
      0.046187259905074156,
      0.046031919412213226,
      0.04302487878093788,
      0.042827137862710384,
      0.046929266607319865,
      0.040701369713941046,
      0.04012472701075598,
      0.03853571723379277,
      0.037139450829134814,
      0.03840488170729278,
      0.04186862453048573,
      0.03878692240587994,
      0.034790602013894764,
      0.03207364025767203,
      0.033884804240289335,
      0.03421341760605671,
      0.03303235880812706,
      0.035313216163071814,
      0.03701456358742218,
      0.03379210287449692,
      0.040531943796312676,
      0.031436661175313595,
      0.030693552056551367,
      0.0313435273781138,
      0.02957433022636148,
      0.036853782568293934,
      0.032999026854029334,
      0.030096259032986704,
      0.032853237401314024,
      0.030443713416559035,
      0.032777852019206744,
      0.031224086233659794,
      0.059907596710587645,
      0.03069651445701883,
      0.028368824247883232,
      0.028615641034534414,
      0.029361167664096834,
      0.03061547490118811,
      0.031230577182622603,
      0.030107762081436014,
      0.029377050522310613,
      0.02752891400413826,
      0.031393993151379605,
      0.02904857020556462,
      0.02938742279386737,
      0.027985386877448393,
      0.029161338461169646,
      0.03460918968740689,
      0.042687290481366144,
      0.027344105984044974,
      0.027567305599107535,
      0.02891734498900938,
      0.02925661967836122,
      0.02804260396333853,
      0.027449321615388055,
      0.029239722998973764,
      0.028077088800864687,
      0.029121103671471974,
      0.029983716965196115,
      0.028412916929575434,
      0.027415667412060665
    ],
    "val_loss": [
      0.3888439595119325,
      0.46362418064814126,
      0.5609886472721299,
      0.5822968348593055,
      0.629342243648664,
      0.5319030581834073,
      0.5135191575406555,
      0.5661564644939171,
      0.4405133974052475,
      0.583485403242047,
      0.4227668165602905,
      0.4953381437652125,
      0.6340660640891798,
      0.46868216365486565,
      0.49002356638540767,
      0.5354622569381299,
      0.5098999952596284,
      0.5886425028192604,
      0.4443284365811391,
      0.5469423774295225,
      0.5237630277916699,
      0.591527329809116,
      0.4942619003132432,
      0.5099501410019612,
      0.5371231255372484,
      0.6338011349701953,
      0.5395203602483529,
      0.5809580583995331,
      0.5927896016729092,
      0.5333078178928462,
      0.47220935582177725,
      0.5259814326054679,
      0.5876955590026821,
      0.5430221175317635,
      0.6301125189144454,
      0.711435067894573,
      0.5773190541092507,
      0.5733005106226056,
      0.5677434144798154,
      0.5175681549274993,
      0.5657645526671125,
      0.510524510873292,
      0.4937126603624421,
      0.5327982806784665,
      0.6135921357500695,
      0.6416932465742805,
      0.4799773131658931,
      0.5213707181061813,
      0.5292355038627179,
      0.5305437993503617,
      0.5263568697263024,
      0.45988135467434,
      0.47130659541371694,
      0.4766644957358252,
      0.4529922808113391,
      0.4967277900187555,
      0.46844221668730596,
      0.5245713522802748,
      0.5064263764188853,
      0.5074287135265545,
      0.5367832105539873,
      0.5203696739173935,
      0.506688635318936,
      0.4976044269066728,
      0.4751828509689627,
      0.4677589222387282,
      0.5396659387398266,
      0.4691289086898644,
      0.4909362994112119,
      0.47610678633529985,
      0.5166007632400819,
      0.49369499885482704,
      0.4977751059892649,
      0.4904838230260118,
      0.5200567773203114,
      0.5441426501525733,
      0.49103961484785563,
      0.5531748761718501,
      0.5209283603009528,
      0.504982696631979
    ],
    "best_epoch": 11,
    "best_val_loss": 0.4227668165602905,
    "test_loss": 0.4714938934388878,
    "tracker": {
      "initial_train_loss": 0.37711740418677986,
      "train_threshold": 0.1257058013955933,
      "best_tracking": true,
      "patience_active": true,
      "patience_best_train": null,
      "patience_best_val": 0.4227668165602905,
      "patience_no_improve_epochs": 69,
      "best_train_loss": Infinity,
      "forced_stop_due_to_threshold": false
    }
  },
  "model_files": {
    "best": "scripts/outputs/gru-other-value/trial_2_531141/best_model.pt",
    "last": "scripts/outputs/gru-other-value/trial_2_531141/last_model.pt"
  },
  "config_path": "/home/amoris/data-analysis-on-dbps/scripts/outputs/gru-other-value/trial_2_531141/config.yaml"
}