{
  "model_name": "lstm-trc-value/trial_7_7dd505",
  "model_type": "LSTM",
  "model_format": "torch",
  "model_params": {
    "history_length": 114,
    "units": 350,
    "num_layers": 15,
    "dropout": 0.3604559612469296
  },
  "training_params": {
    "max_epochs": 500,
    "batch_size": 183,
    "learning_rate": 0.0007453671101424539,
    "weight_decay": 0.0020521189025027647,
    "checkpoint_interval": 10,
    "seed": 947
  },
  "data_csv": "data/time_aligned_data.csv",
  "timestamp_column": "Date, Time",
  "columns": [
    "TRC-DT",
    "TRC-RT",
    "TRC-PPL1",
    "TRC-PPL2",
    "pH-DT",
    "pH-RT",
    "pH-PPL1",
    "pH-PPL2",
    "cond-DT",
    "cond-PPL1",
    "cond-PPL2",
    "fDOM-RT",
    "fDOM-PPL1",
    "fDOM-PPL2",
    "DO-RT",
    "DO-PPL1",
    "DO-PPL2",
    "TOC-RT",
    "TOC-PPL1",
    "TOC-PPL2",
    "DOC-RT",
    "DOC-PPL1",
    "DOC-PPL2",
    "minutes_since_start"
  ],
  "feature_columns": [
    "TRC-DT",
    "TRC-RT",
    "pH-DT",
    "pH-RT",
    "cond-DT",
    "fDOM-RT",
    "DO-RT",
    "TOC-RT",
    "DOC-RT",
    "minutes_since_start"
  ],
  "target_columns": [
    "TRC-PPL1",
    "TRC-PPL2"
  ],
  "split_boundaries": {
    "train_end": 7796,
    "val_end": 9466,
    "test_end": 11138
  },
  "dataset_sizes": {
    "train": 7683,
    "val": 1670,
    "test": 1672
  },
  "input_dim": 10,
  "sequence_length": 114,
  "training_history": {
    "epochs": [
      1,
      2,
      3,
      4,
      5,
      6,
      7,
      8,
      9,
      10,
      11,
      12,
      13,
      14,
      15,
      16,
      17,
      18,
      19,
      20,
      21,
      22,
      23,
      24,
      25,
      26,
      27,
      28,
      29,
      30,
      31,
      32,
      33,
      34,
      35,
      36,
      37,
      38,
      39,
      40,
      41,
      42,
      43,
      44,
      45,
      46,
      47,
      48,
      49,
      50
    ],
    "train_loss": [
      1.0005724562978615,
      1.000325094880838,
      1.0000012430628964,
      0.9999273448938134,
      1.0000408053025749,
      0.9998513774823417,
      0.9997241735830757,
      0.9997873539945102,
      0.9996955513907615,
      0.9998630547327997,
      0.9997064018100559,
      0.9997123412348619,
      0.9997689418613981,
      0.9996897118345736,
      0.9996778339391944,
      0.9997101967709924,
      0.9997092272471004,
      0.9996459817150894,
      0.9996749768728206,
      0.9996835488632572,
      0.9996481767998502,
      0.9996413539881261,
      0.9996615021734301,
      0.9996337359512937,
      0.9996212510241517,
      0.9996287929550924,
      0.9996155686371031,
      0.999646051886118,
      0.9996455529619594,
      0.9996455913640149,
      0.9997735134515386,
      0.9996060442058707,
      0.9996564188584458,
      0.9996615560759515,
      0.9996261714445991,
      0.9996210314342167,
      0.9996241514033891,
      0.9996437186237799,
      0.9996380996350337,
      0.9996224037607588,
      0.9996310282572783,
      0.999623851890631,
      0.9996205482665378,
      0.9996278109796249,
      0.9996188443324288,
      0.9996072693478079,
      0.9996157597164212,
      0.9996167979218075,
      0.9996444138639003,
      0.9996261741443799
    ],
    "val_loss": [
      0.33573456526605666,
      0.33698354279566667,
      0.3524988571259968,
      0.3473032250576569,
      0.3419763037276839,
      0.3558065189394408,
      0.3489738281013188,
      0.3457365887585336,
      0.34990484325694826,
      0.34697840040003114,
      0.35257010211621576,
      0.3496182200169849,
      0.3483036273186971,
      0.3478246029176398,
      0.35161877295928085,
      0.3475878886454655,
      0.35114085999300737,
      0.3487908746154901,
      0.3497273752811605,
      0.3496406063972833,
      0.3482275715733538,
      0.34951944595459333,
      0.35021988558108935,
      0.34971930497956133,
      0.3505178142495141,
      0.34991585898274435,
      0.3497700378187224,
      0.3501950782238545,
      0.34967091040696924,
      0.3499414792117066,
      0.351641468018918,
      0.34916797409915995,
      0.3483674135639104,
      0.35046185353871234,
      0.3499686636521431,
      0.35011539732044683,
      0.3494824354475487,
      0.35044695170161255,
      0.34965912712191394,
      0.3498808033340527,
      0.3496450668747375,
      0.3502411630071566,
      0.35014622175095683,
      0.35069422029672626,
      0.3508208588367986,
      0.3501602132185669,
      0.34935916310209714,
      0.3500007983386338,
      0.3507483062273014,
      0.3510308271017439
    ],
    "best_epoch": 50,
    "best_val_loss": 0.3510308271017439,
    "test_loss": 5.67342563009148,
    "tracker": {
      "initial_train_loss": 1.0005724562978615,
      "train_threshold": 0.33352415209928715,
      "best_tracking": false,
      "patience_active": true,
      "patience_best_train": null,
      "patience_best_val": 0.3483674135639104,
      "patience_no_improve_epochs": 17,
      "best_train_loss": Infinity,
      "forced_stop_due_to_threshold": true
    }
  },
  "model_files": {
    "best": "scripts/outputs/lstm-trc-value/trial_7_7dd505/best_model.pt",
    "last": "scripts/outputs/lstm-trc-value/trial_7_7dd505/last_model.pt"
  },
  "config_path": "/home/amoris/data-analysis-on-dbps/scripts/outputs/lstm-trc-value/trial_7_7dd505/config.yaml"
}