{
  "model_name": "lstm-trc-value/trial_49_6eabf2",
  "model_type": "LSTM",
  "model_format": "torch",
  "model_params": {
    "history_length": 119,
    "units": 321,
    "num_layers": 5,
    "dropout": 0.3342703572450614
  },
  "training_params": {
    "max_epochs": 500,
    "batch_size": 227,
    "learning_rate": 0.0006710921482475266,
    "weight_decay": 0.0008374806180073171,
    "checkpoint_interval": 10,
    "seed": 947
  },
  "data_csv": "data/time_aligned_data.csv",
  "timestamp_column": "Date, Time",
  "columns": [
    "TRC-DT",
    "TRC-RT",
    "TRC-PPL1",
    "TRC-PPL2",
    "pH-DT",
    "pH-RT",
    "pH-PPL1",
    "pH-PPL2",
    "cond-DT",
    "cond-PPL1",
    "cond-PPL2",
    "fDOM-RT",
    "fDOM-PPL1",
    "fDOM-PPL2",
    "DO-RT",
    "DO-PPL1",
    "DO-PPL2",
    "TOC-RT",
    "TOC-PPL1",
    "TOC-PPL2",
    "DOC-RT",
    "DOC-PPL1",
    "DOC-PPL2",
    "minutes_since_start"
  ],
  "feature_columns": [
    "TRC-DT",
    "TRC-RT",
    "pH-DT",
    "pH-RT",
    "cond-DT",
    "fDOM-RT",
    "DO-RT",
    "TOC-RT",
    "DOC-RT",
    "minutes_since_start"
  ],
  "target_columns": [
    "TRC-PPL1",
    "TRC-PPL2"
  ],
  "split_boundaries": {
    "train_end": 7796,
    "val_end": 9466,
    "test_end": 11138
  },
  "dataset_sizes": {
    "train": 7678,
    "val": 1670,
    "test": 1672
  },
  "input_dim": 10,
  "sequence_length": 119,
  "training_history": {
    "epochs": [
      1,
      2,
      3,
      4,
      5,
      6,
      7,
      8,
      9,
      10,
      11,
      12,
      13,
      14,
      15,
      16,
      17,
      18,
      19,
      20,
      21,
      22,
      23,
      24,
      25,
      26,
      27,
      28,
      29,
      30,
      31,
      32,
      33,
      34,
      35,
      36,
      37,
      38,
      39,
      40,
      41,
      42,
      43,
      44,
      45,
      46,
      47,
      48,
      49,
      50,
      51,
      52,
      53,
      54,
      55,
      56,
      57,
      58,
      59,
      60,
      61,
      62,
      63,
      64,
      65,
      66,
      67,
      68,
      69,
      70,
      71,
      72,
      73,
      74,
      75,
      76,
      77,
      78,
      79,
      80
    ],
    "train_loss": [
      0.5612885982912169,
      0.16221171104855978,
      0.12117323937492776,
      0.09179368421656603,
      0.06474191256888322,
      0.04537972937138884,
      0.044592906905065975,
      0.04021700437433725,
      0.03933807468955391,
      0.03691743634904143,
      0.03473851194871601,
      0.03173860000976752,
      0.04867369248952661,
      0.040472589333486624,
      0.040115836709854226,
      0.04196425186536622,
      0.03462304854797072,
      0.030105659000451333,
      0.03139832945199458,
      0.03129652572573047,
      0.03367339345226494,
      0.03286071977398341,
      0.027996864245040526,
      0.02843641225000158,
      0.026343800918123675,
      0.02773634665050088,
      0.02567720435648054,
      0.0254261548118775,
      0.02549689005032729,
      0.025253313213419903,
      0.02837383494704892,
      0.024997028529471284,
      0.02511469050722721,
      0.024315043391844714,
      0.027711150385138578,
      0.027091221609760553,
      0.024213492180632953,
      0.02423205331194002,
      0.02415810925480901,
      0.02397813353353714,
      0.023570368030526017,
      0.026555199217071647,
      0.02444077085307696,
      0.022595998615183674,
      0.02263992994986853,
      0.022652854243893586,
      0.0220400530580013,
      0.02319923726447348,
      0.024192024343294087,
      0.02563967441159414,
      0.021658319483071325,
      0.022151677178834667,
      0.020980524731056164,
      0.022452208341355744,
      0.021962580610940963,
      0.022490243489317174,
      0.020573428902589706,
      0.021586802343159378,
      0.02357491036922159,
      0.019854051489397537,
      0.023730409286254455,
      0.022109209327936932,
      0.02179113038973002,
      0.019505905058049586,
      0.021325896470073644,
      0.02077287291139015,
      0.02367640229310296,
      0.02112278238125194,
      0.021048788823804513,
      0.019986750864780183,
      0.021075438078532665,
      0.020978709825710738,
      0.021292754332504646,
      0.021725945842922253,
      0.019479003005645788,
      0.02514141695717057,
      0.02331309265127892,
      0.02042639613666822,
      0.020174947888480014,
      0.020134220940627858
    ],
    "val_loss": [
      0.37680628955542683,
      0.19169982619538992,
      0.19465443290948511,
      0.21188441054103618,
      0.2684662420079558,
      0.21239813853077547,
      0.22541098881535188,
      0.30582107023899247,
      0.31339741268468474,
      0.467906059645964,
      0.6224802775843861,
      0.4474392853286898,
      0.48673500247121215,
      0.5084049448393241,
      0.7139045103112917,
      0.5876052420608655,
      0.7072431253135472,
      0.927727071478026,
      0.6583266846478699,
      0.9159494411735656,
      0.6572172186554905,
      0.5659436002529845,
      0.563471284824351,
      0.4546778986453564,
      0.5207556377382514,
      0.4625672242721309,
      0.4015466838907785,
      0.4023979316582669,
      0.37703842992286485,
      0.33724248982899024,
      0.33832409903184024,
      0.33884540909934724,
      0.3557334717720033,
      0.3404004915879515,
      0.35320425869640476,
      0.34917522791973843,
      0.36701315772903714,
      0.3494449116925369,
      0.34239687657173346,
      0.33054958900916365,
      0.3370403143638622,
      0.36203396410909955,
      0.3561050468386558,
      0.345970718143229,
      0.34740888910803075,
      0.34460367331069386,
      0.34830893703407334,
      0.35159155204780623,
      0.3642929317474276,
      0.33679488195541374,
      0.36256262442866666,
      0.3544084260418654,
      0.3555920238812973,
      0.3467463411836924,
      0.3810211687421281,
      0.3479816303672102,
      0.3379532850353036,
      0.3502913633941444,
      0.3669898356573132,
      0.3639410233270087,
      0.35405585278204815,
      0.3621864224789653,
      0.35234640926278815,
      0.3791066019834872,
      0.394417273039054,
      0.3776100392302799,
      0.38461678928980036,
      0.38280025066774404,
      0.3827811296215047,
      0.3688019830008556,
      0.3719650020811729,
      0.3888164232468266,
      0.3852495527062231,
      0.3577367103574965,
      0.3729004735573234,
      0.38340642218126686,
      0.37166350544123594,
      0.3577896825589998,
      0.3963638422386107,
      0.39237203827339734
    ],
    "best_epoch": 2,
    "best_val_loss": 0.19169982619538992,
    "test_loss": 4.010952876016284,
    "tracker": {
      "initial_train_loss": 0.5612885982912169,
      "train_threshold": 0.18709619943040565,
      "best_tracking": true,
      "patience_active": true,
      "patience_best_train": null,
      "patience_best_val": 0.19169982619538992,
      "patience_no_improve_epochs": 79,
      "best_train_loss": Infinity,
      "forced_stop_due_to_threshold": false
    }
  },
  "model_files": {
    "best": "scripts/outputs/lstm-trc-value/trial_49_6eabf2/best_model.pt",
    "last": "scripts/outputs/lstm-trc-value/trial_49_6eabf2/last_model.pt"
  },
  "config_path": "/home/amoris/data-analysis-on-dbps/scripts/outputs/lstm-trc-value/trial_49_6eabf2/config.yaml"
}