{
  "model_name": "lstm-trc-rate/trial_68_5184d7",
  "model_type": "LSTM",
  "model_format": "torch",
  "model_params": {
    "history_length": 154,
    "units": 275,
    "num_layers": 3,
    "dropout": 0.4345721610952476
  },
  "training_params": {
    "max_epochs": 500,
    "batch_size": 217,
    "learning_rate": 0.0004269841766945749,
    "weight_decay": 0.00020255738285923888,
    "checkpoint_interval": 10,
    "seed": 947
  },
  "data_csv": "data/time_aligned_data.csv",
  "timestamp_column": "Date, Time",
  "columns": [
    "TRC-DT",
    "TRC-RT",
    "TRC-PPL1",
    "TRC-PPL2",
    "pH-DT",
    "pH-RT",
    "pH-PPL1",
    "pH-PPL2",
    "cond-DT",
    "cond-PPL1",
    "cond-PPL2",
    "fDOM-RT",
    "fDOM-PPL1",
    "fDOM-PPL2",
    "DO-RT",
    "DO-PPL1",
    "DO-PPL2",
    "TOC-RT",
    "TOC-PPL1",
    "TOC-PPL2",
    "DOC-RT",
    "DOC-PPL1",
    "DOC-PPL2",
    "minutes_since_start"
  ],
  "feature_columns": [
    "TRC-DT",
    "TRC-RT",
    "pH-DT",
    "pH-RT",
    "cond-DT",
    "fDOM-RT",
    "DO-RT",
    "TOC-RT",
    "DOC-RT",
    "minutes_since_start"
  ],
  "target_columns": [
    "TRC-PPL1",
    "TRC-PPL2"
  ],
  "target_mode": "rate",
  "target_base_columns": [
    "TRC-RT",
    "TRC-RT"
  ],
  "split_boundaries": {
    "train_end": 7796,
    "val_end": 9466,
    "test_end": 11138
  },
  "dataset_sizes": {
    "train": 7643,
    "val": 1670,
    "test": 1672
  },
  "input_dim": 10,
  "sequence_length": 154,
  "training_history": {
    "epochs": [
      1,
      2,
      3,
      4,
      5,
      6,
      7,
      8,
      9,
      10,
      11,
      12,
      13,
      14,
      15,
      16,
      17,
      18,
      19,
      20,
      21,
      22,
      23,
      24,
      25,
      26,
      27,
      28,
      29,
      30,
      31,
      32,
      33,
      34,
      35,
      36,
      37,
      38,
      39,
      40,
      41,
      42,
      43,
      44,
      45,
      46,
      47,
      48,
      49,
      50,
      51,
      52,
      53,
      54,
      55,
      56,
      57,
      58,
      59,
      60,
      61,
      62,
      63,
      64,
      65,
      66,
      67,
      68,
      69,
      70,
      71,
      72,
      73,
      74,
      75,
      76,
      77,
      78,
      79,
      80
    ],
    "train_loss": [
      0.46586646526236974,
      0.10736066084557391,
      0.057100143552169615,
      0.04199208238764176,
      0.0351614502644751,
      0.031827469149086074,
      0.031357482466108276,
      0.02938094444526134,
      0.03198748469902523,
      0.029254868604417294,
      0.02795782456293665,
      0.026127818954569202,
      0.02559423466005532,
      0.030072447703840547,
      0.02487006931634305,
      0.02460817938194558,
      0.025217468479759607,
      0.02216459131183915,
      0.023000540382147272,
      0.022705497934460937,
      0.021973571843300347,
      0.023055322614016997,
      0.021432377287858944,
      0.021251141262925155,
      0.02415664777297141,
      0.024413688720758244,
      0.02115104541359936,
      0.02111410609349349,
      0.021195889789726616,
      0.02034846880346104,
      0.020247868588066306,
      0.02188980564144594,
      0.020674931295713243,
      0.019135605982766403,
      0.024945712557307917,
      0.03253554655491222,
      0.02440401569474793,
      0.023007009655576435,
      0.022256385879114663,
      0.02154753539854049,
      0.02256707973967364,
      0.021329916203566345,
      0.020552776888428163,
      0.02012644493841507,
      0.02080070935594276,
      0.01917935965367536,
      0.01922279994739345,
      0.019461400566853405,
      0.019384250185684775,
      0.018921648417933985,
      0.01904687879700421,
      0.017864709051651752,
      0.01892691398514443,
      0.019046748274393566,
      0.018577003001242615,
      0.017398920077618528,
      0.018070208748560544,
      0.01852142558403018,
      0.019210470136511892,
      0.021044833219086064,
      0.019079521304013747,
      0.017585237271792287,
      0.017351896415805645,
      0.017227451615064778,
      0.01900873780611234,
      0.017728967682413253,
      0.01707345888434858,
      0.018066908627549626,
      0.017412894904168974,
      0.0173366433220311,
      0.017302321495414445,
      0.018797400895758137,
      0.01800078081351393,
      0.018202654518753417,
      0.017236355308920485,
      0.018430151288906592,
      0.016763712869998275,
      0.01747882592010608,
      0.01749289878227921,
      0.018505231440276878
    ],
    "val_loss": [
      0.5108079766754262,
      0.17017912623321937,
      0.21277099693651327,
      0.2143715338603019,
      0.2447761664390118,
      0.2482855118052688,
      0.2539644996797342,
      0.2389461388889544,
      0.2571330480745988,
      0.2724762745904262,
      0.2497722834437907,
      0.254480120495051,
      0.2782273600759085,
      0.25535794362805025,
      0.2868039255247948,
      0.2944554426032537,
      0.2734852853593623,
      0.2666245212834217,
      0.27981337061163014,
      0.2727233726073971,
      0.26052062734849973,
      0.27432862455973367,
      0.2827406912975147,
      0.2646100839399203,
      0.2857320356065642,
      0.2856899808813444,
      0.2793302551926878,
      0.278730717120681,
      0.28321894954800786,
      0.2936227225079508,
      0.2852153535151553,
      0.27602921398858465,
      0.28065267587136367,
      0.2757009141269826,
      0.33090133843218494,
      0.2619503959433404,
      0.2853679500810222,
      0.2768903638810633,
      0.292001331501646,
      0.2744953179642737,
      0.27069090584817224,
      0.2719044909182334,
      0.28442454917947513,
      0.2806465931102901,
      0.2919522088935632,
      0.27059841809827767,
      0.29954304816814775,
      0.2743435490854129,
      0.28216255687087954,
      0.2727817699725846,
      0.2926846286003104,
      0.2749742289413949,
      0.2900991404663303,
      0.2769850827932001,
      0.2822092528761682,
      0.2754652396268295,
      0.29404472959545735,
      0.27612266671693253,
      0.2790170966608528,
      0.27716321779783076,
      0.2833518144858633,
      0.28068440996311206,
      0.27715930184628257,
      0.2915115821013551,
      0.2919592778627833,
      0.2907299531032582,
      0.2888533665982638,
      0.28289509197908963,
      0.2905021458150384,
      0.2781700070947409,
      0.2914524411559551,
      0.29215668313160625,
      0.29154441599025877,
      0.2904601184628948,
      0.28066214100084086,
      0.2858708698179818,
      0.2903717725164073,
      0.28018249943629353,
      0.29110492979271146,
      0.2965621355854109
    ],
    "best_epoch": 2,
    "best_val_loss": 0.17017912623321937,
    "best_val_abs_mse": 0.27349287271499634,
    "test_loss": 4.531078028194072,
    "test_abs_mse": 43.39989471435547,
    "tracker": {
      "initial_train_loss": 0.46586646526236974,
      "train_threshold": 0.15528882175412326,
      "best_tracking": true,
      "patience_active": true,
      "patience_best_train": null,
      "patience_best_val": 0.17017912623321937,
      "patience_no_improve_epochs": 79,
      "best_train_loss": Infinity,
      "forced_stop_due_to_threshold": false
    }
  },
  "model_files": {
    "best": "scripts/outputs/lstm-trc-rate/trial_68_5184d7/best_model.pt",
    "last": "scripts/outputs/lstm-trc-rate/trial_68_5184d7/last_model.pt"
  },
  "config_path": "/home/amoris/data-analysis-on-dbps/scripts/outputs/lstm-trc-rate/trial_68_5184d7/config.yaml"
}