{
  "model_name": "rnn-trc-value/trial_11_4d3500",
  "model_type": "RNN",
  "model_format": "torch",
  "model_params": {
    "history_length": 163,
    "units": 174,
    "num_layers": 4,
    "dropout": 0.30008719243896254
  },
  "training_params": {
    "max_epochs": 500,
    "batch_size": 245,
    "learning_rate": 0.00020795306832606798,
    "weight_decay": 0.0013472454463248928,
    "checkpoint_interval": 10,
    "seed": 947
  },
  "data_csv": "data/time_aligned_data.csv",
  "timestamp_column": "Date, Time",
  "columns": [
    "TRC-DT",
    "TRC-RT",
    "TRC-PPL1",
    "TRC-PPL2",
    "pH-DT",
    "pH-RT",
    "pH-PPL1",
    "pH-PPL2",
    "cond-DT",
    "cond-PPL1",
    "cond-PPL2",
    "fDOM-RT",
    "fDOM-PPL1",
    "fDOM-PPL2",
    "DO-RT",
    "DO-PPL1",
    "DO-PPL2",
    "TOC-RT",
    "TOC-PPL1",
    "TOC-PPL2",
    "DOC-RT",
    "DOC-PPL1",
    "DOC-PPL2",
    "minutes_since_start"
  ],
  "feature_columns": [
    "TRC-DT",
    "TRC-RT",
    "pH-DT",
    "pH-RT",
    "cond-DT",
    "fDOM-RT",
    "DO-RT",
    "TOC-RT",
    "DOC-RT",
    "minutes_since_start"
  ],
  "target_columns": [
    "TRC-PPL1",
    "TRC-PPL2"
  ],
  "split_boundaries": {
    "train_end": 7796,
    "val_end": 9466,
    "test_end": 11138
  },
  "dataset_sizes": {
    "train": 7634,
    "val": 1670,
    "test": 1672
  },
  "input_dim": 10,
  "sequence_length": 163,
  "training_history": {
    "epochs": [
      1,
      2,
      3,
      4,
      5,
      6,
      7,
      8,
      9,
      10,
      11,
      12,
      13,
      14,
      15,
      16,
      17,
      18,
      19,
      20,
      21,
      22,
      23,
      24,
      25,
      26,
      27,
      28,
      29,
      30,
      31,
      32,
      33,
      34,
      35,
      36,
      37,
      38,
      39,
      40,
      41,
      42,
      43,
      44,
      45,
      46,
      47,
      48,
      49,
      50,
      51,
      52,
      53,
      54,
      55,
      56,
      57,
      58,
      59,
      60,
      61,
      62,
      63,
      64,
      65,
      66,
      67,
      68,
      69,
      70,
      71,
      72,
      73,
      74,
      75,
      76,
      77,
      78,
      79,
      80,
      81,
      82,
      83,
      84,
      85,
      86,
      87,
      88,
      89,
      90,
      91,
      92,
      93,
      94,
      95,
      96,
      97,
      98,
      99,
      100,
      101,
      102,
      103,
      104,
      105,
      106,
      107,
      108,
      109,
      110,
      111,
      112,
      113,
      114,
      115,
      116,
      117,
      118,
      119,
      120,
      121,
      122,
      123,
      124,
      125,
      126,
      127,
      128,
      129,
      130,
      131,
      132,
      133,
      134,
      135,
      136,
      137,
      138,
      139,
      140,
      141,
      142,
      143,
      144,
      145,
      146,
      147,
      148,
      149,
      150,
      151,
      152,
      153,
      154,
      155,
      156,
      157,
      158,
      159,
      160,
      161,
      162,
      163,
      164,
      165,
      166,
      167,
      168,
      169,
      170,
      171,
      172,
      173,
      174,
      175,
      176,
      177
    ],
    "train_loss": [
      0.44749836129240567,
      0.21118044355073648,
      0.15459032998734318,
      0.10792591850565371,
      0.07961622736850334,
      0.0649325450721768,
      0.06150055670745247,
      0.05509663281880782,
      0.053270087895813896,
      0.0481415719783506,
      0.04705152930367327,
      0.04548909579605481,
      0.04199266196554295,
      0.04000755747009673,
      0.03895082938532914,
      0.04064050668844197,
      0.03805907597564764,
      0.03582703973219591,
      0.034569651241501353,
      0.03437935703921793,
      0.036706794720393905,
      0.03180675731324301,
      0.03118998289448891,
      0.029621100813718423,
      0.0301821664586187,
      0.028810195779520115,
      0.028237802744104985,
      0.028707610015026135,
      0.027604510570918513,
      0.028421284209762157,
      0.027095230925024992,
      0.030499554014007616,
      0.027282289170531007,
      0.026210901518477988,
      0.026980629591195644,
      0.025439851324178645,
      0.027386742612536832,
      0.026725172598811853,
      0.027046409353344486,
      0.025116476746125233,
      0.025422635306437073,
      0.02755185736663872,
      0.02908248626225659,
      0.024894782477920988,
      0.024634658614208178,
      0.025807431927558355,
      0.023307648520816175,
      0.02371900831416292,
      0.02491129411251243,
      0.02306531925893342,
      0.0233255620637871,
      0.022935229486095082,
      0.024310628172056054,
      0.022406914740857466,
      0.02303346649582337,
      0.021567618128381726,
      0.021168706511880034,
      0.020984527455115306,
      0.02127583780810764,
      0.024723995134638483,
      0.023008968536652973,
      0.02319895820279833,
      0.021839100543974675,
      0.022311897476257173,
      0.02144073086839783,
      0.022359155449076396,
      0.02183354512795919,
      0.024517101582402268,
      0.02188138949680163,
      0.021878247681194132,
      0.024512253990574974,
      0.023271176766165972,
      0.022933113830589113,
      0.02232040624486325,
      0.020730071371352413,
      0.02042681560869933,
      0.020098384360438527,
      0.020553688732197154,
      0.02138613448213549,
      0.022698698942577585,
      0.021291320176562354,
      0.022050656775734343,
      0.02257500787333673,
      0.0216352970883219,
      0.021129056558555605,
      0.020929706348791887,
      0.02077613129454475,
      0.02075875717253547,
      0.020725437312125613,
      0.020526782514608932,
      0.021982770767194657,
      0.022583913617031267,
      0.02114365271099628,
      0.022140154852450113,
      0.021599588316702036,
      0.02014997006384941,
      0.019899135373995385,
      0.019677485819766433,
      0.021285338749397104,
      0.02280100563237039,
      0.021201439966750935,
      0.02091632035341556,
      0.0222538084810161,
      0.021127858227970385,
      0.02006662219181122,
      0.021460184971159015,
      0.020437364944715306,
      0.019625732000553158,
      0.020237746409132965,
      0.020122271805332145,
      0.02178619888420579,
      0.021041710151738606,
      0.020310521199723437,
      0.022486745999852245,
      0.020597764981736374,
      0.019198426643505063,
      0.01945988891315899,
      0.02003062860579087,
      0.020941274689560727,
      0.020075174435760405,
      0.02244820711801923,
      0.0225290367950729,
      0.02196552466214648,
      0.02227022452218927,
      0.021079404920804148,
      0.020751665481740747,
      0.022678634621503546,
      0.01975951237052109,
      0.02034298961682995,
      0.020002513206013685,
      0.019429441781278787,
      0.01935572004692816,
      0.020927394500926025,
      0.019690249253328882,
      0.018935321677229246,
      0.019222837196575672,
      0.019125346352758834,
      0.020672412544785603,
      0.01953977352324927,
      0.019994288573384613,
      0.021171586079054987,
      0.02102548647784175,
      0.018979129336827053,
      0.020255075300633047,
      0.01987243642045279,
      0.021069441908589358,
      0.019322653976921747,
      0.019486038347465623,
      0.01908305318860685,
      0.019597102130817154,
      0.02176233913914396,
      0.02045671381266143,
      0.02142540730386172,
      0.019216679116891087,
      0.01932925493830953,
      0.020231420869378087,
      0.020272419163320416,
      0.021492539369446274,
      0.018931571805089874,
      0.020449227173264924,
      0.01962047794876234,
      0.025928719626543938,
      0.02306062531873939,
      0.021506104810333687,
      0.021081449880948126,
      0.020024110753902175,
      0.02060165847555283,
      0.019707091015787735,
      0.019168894289011165,
      0.021993404005932065,
      0.01964978580205719,
