{
  "model_name": "rnn-other-value/trial_34_fc9366",
  "model_type": "RNN",
  "model_format": "torch",
  "model_params": {
    "history_length": 34,
    "units": 351,
    "num_layers": 2,
    "dropout": 0.2178155889012364
  },
  "training_params": {
    "max_epochs": 500,
    "batch_size": 375,
    "learning_rate": 0.00159432374431686,
    "weight_decay": 0.00014860187423241681,
    "checkpoint_interval": 10,
    "seed": 947
  },
  "data_csv": "data/time_aligned_data.csv",
  "timestamp_column": "Date, Time",
  "columns": [
    "TRC-DT",
    "TRC-RT",
    "TRC-PPL1",
    "TRC-PPL2",
    "pH-DT",
    "pH-RT",
    "pH-PPL1",
    "pH-PPL2",
    "cond-DT",
    "cond-PPL1",
    "cond-PPL2",
    "fDOM-RT",
    "fDOM-PPL1",
    "fDOM-PPL2",
    "DO-RT",
    "DO-PPL1",
    "DO-PPL2",
    "TOC-RT",
    "TOC-PPL1",
    "TOC-PPL2",
    "DOC-RT",
    "DOC-PPL1",
    "DOC-PPL2",
    "minutes_since_start"
  ],
  "feature_columns": [
    "TRC-DT",
    "TRC-RT",
    "pH-DT",
    "pH-RT",
    "cond-DT",
    "fDOM-RT",
    "DO-RT",
    "TOC-RT",
    "DOC-RT",
    "minutes_since_start"
  ],
  "target_columns": [
    "TOC-PPL1",
    "TOC-PPL2",
    "DOC-PPL1",
    "DOC-PPL2",
    "pH-PPL1",
    "pH-PPL2"
  ],
  "split_boundaries": {
    "train_end": 7796,
    "val_end": 9466,
    "test_end": 11138
  },
  "dataset_sizes": {
    "train": 7763,
    "val": 1670,
    "test": 1672
  },
  "input_dim": 10,
  "sequence_length": 34,
  "training_history": {
    "epochs": [
      1,
      2,
      3,
      4,
      5,
      6,
      7,
      8,
      9,
      10,
      11,
      12,
      13,
      14,
      15,
      16,
      17,
      18,
      19,
      20,
      21,
      22,
      23,
      24,
      25,
      26,
      27,
      28,
      29,
      30,
      31,
      32,
      33,
      34,
      35,
      36,
      37,
      38,
      39,
      40,
      41,
      42,
      43,
      44,
      45,
      46,
      47,
      48,
      49,
      50,
      51,
      52,
      53,
      54,
      55,
      56,
      57,
      58,
      59,
      60,
      61,
      62,
      63,
      64,
      65,
      66,
      67,
      68,
      69,
      70,
      71,
      72,
      73,
      74,
      75,
      76,
      77,
      78,
      79,
      80
    ],
    "train_loss": [
      0.3767816021502916,
      0.24882507707736978,
      0.22582642065101288,
      0.20259018563685244,
      0.17985291990763316,
      0.1517111972621248,
      0.13719548068006798,
      0.1460483214849973,
      0.14127705382495354,
      0.16975338248559746,
      0.18050070806068966,
      0.15844563128260875,
      0.14755615376441822,
      0.1449640595717527,
      0.14565821913741966,
      0.12268667295239227,
      0.1164645104247102,
      0.11300240409550064,
      0.11914968638594857,
      0.0985601139219477,
      0.10016075972600587,
      0.11229942693517454,
      0.09164805034360028,
      0.10397986478985516,
      0.10699261661701007,
      0.1746231824674051,
      0.21698169172785262,
      0.248434637560068,
      0.17614630731159797,
      0.14763449283411986,
      0.11995344176460415,
      0.11694345710496536,
      0.1109634828919927,
      0.09526577296195442,
      0.1007841123520184,
      0.10499704533879112,
      0.08761128838891823,
      0.07852004955900739,
      0.09224822169401804,
      0.12352117607865493,
      0.09383568805443876,
      0.07933529774664021,
      0.11477263425081549,
      0.08375997148030938,
      0.08099632822605778,
      0.12418687566932476,
      0.09557923342220166,
      0.08464776090082704,
      0.11035305683808307,
      0.09344044113902414,
      0.12437876988728759,
      0.15274502719921287,
      0.12831223747725035,
      0.10196044747111233,
      0.12034770886484655,
      0.11034964979017393,
      0.11381431173283185,
      0.08566918224096298,
      0.1410914110529673,
      0.10589988591874304,
      0.08695935051872392,
      0.08348777553427239,
      0.07695733126899285,
      0.14896868946421596,
      0.1173221960473764,
      0.10128163791637237,
      0.09869361956175894,
      0.0842830857820353,
      0.07506753062884801,
      0.0663262017149947,
      0.05966438734996308,
      0.062298879682879525,
      0.08020496576243219,
      0.07446703534133269,
      0.05551385803695931,
      0.06159753155509835,
      0.07109478449022572,
      0.053096149856246014,
      0.052303322821348794,
      0.05934347457820018
    ],
    "val_loss": [
      0.4834793893073847,
      0.3979959686002332,
      0.364711788867762,
      0.32501343941081784,
      0.31856247026495593,
      0.4725071307784783,
      0.3243141308605314,
      0.3470744709233324,
      0.3505017737785499,
      0.38139174646603136,
      0.40187960903266234,
      0.5374440325279078,
      0.4116912544175179,
      0.36487683649370056,
      0.3743726104765595,
      0.36123904748680347,
      0.37521831967873487,
      0.40516301672794147,
      0.3588597547419057,
      0.398620341709274,
      0.35939322991999323,
      0.36730881882998756,
      0.3778565704465626,
      0.3734006351027303,
      0.3907569548014752,
      0.5431035434057613,
      0.5684073814999557,
      0.390279394379276,
      0.41434140342795206,
      0.34952253540475925,
      0.37261326361202196,
      0.3810061363581412,
      0.3570349005212684,
      0.38207395490771995,
      0.37299405671879204,
      0.36891671716274616,
      0.37742245362368887,
      0.38828722829233386,
      0.46337980379958355,
      0.43019427593328996,
      0.37722737096740816,
      0.41060420384485563,
      0.39955615528864774,
      0.3717270468969545,
      0.3734986573502332,
      0.4072691377943861,
      0.40985281493314013,
      0.37051379705171383,
      0.4881622882972577,
      0.5125487345733686,
      0.4212422526614395,
      0.45094718935782324,
      0.44327379374982356,
      0.3695118424376685,
      0.5205163132778542,
      0.37797899914537364,
      0.38809955178085204,
      0.35290332611449465,
      0.39344057726288983,
      0.4008237778872787,
      0.43836988557777007,
      0.4373532881413748,
      0.4559103187374369,
      0.4422935795284317,
      0.5145818954947109,
      0.45493421154821706,
      0.4221227803451572,
      0.44913445770026683,
      0.44584147424665754,
      0.4054454378560632,
      0.43104701022991165,
      0.39376446649342955,
      0.5090890573616513,
      0.45810117327167604,
      0.39958480303872845,
      0.41151386851857524,
      0.4153146810695797,
      0.43950461703324745,
      0.4085588327603426,
      0.4650821279132081
    ],
    "best_epoch": 30,
    "best_val_loss": 0.34952253540475925,
    "test_loss": 0.38325772014709464,
    "tracker": {
      "initial_train_loss": 0.3767816021502916,
      "train_threshold": 0.12559386738343054,
      "best_tracking": true,
      "patience_active": true,
      "patience_best_train": null,
      "patience_best_val": 0.34952253540475925,
      "patience_no_improve_epochs": 50,
      "best_train_loss": Infinity,
      "forced_stop_due_to_threshold": false
    }
  },
  "model_files": {
    "best": "scripts/outputs/rnn-other-value/trial_34_fc9366/best_model.pt",
    "last": "scripts/outputs/rnn-other-value/trial_34_fc9366/last_model.pt"
  },
  "config_path": "/home/amoris/data-analysis-on-dbps/scripts/outputs/rnn-other-value/trial_34_fc9366/config.yaml"
}