{
  "model_name": "rnn-other-value/trial_6_5f75c8",
  "model_type": "RNN",
  "model_format": "torch",
  "model_params": {
    "history_length": 111,
    "units": 288,
    "num_layers": 5,
    "dropout": 0.20212798442714183
  },
  "training_params": {
    "max_epochs": 500,
    "batch_size": 197,
    "learning_rate": 0.0002639197854892799,
    "weight_decay": 0.0002133585753386276,
    "checkpoint_interval": 10,
    "seed": 947
  },
  "data_csv": "data/time_aligned_data.csv",
  "timestamp_column": "Date, Time",
  "columns": [
    "TRC-DT",
    "TRC-RT",
    "TRC-PPL1",
    "TRC-PPL2",
    "pH-DT",
    "pH-RT",
    "pH-PPL1",
    "pH-PPL2",
    "cond-DT",
    "cond-PPL1",
    "cond-PPL2",
    "fDOM-RT",
    "fDOM-PPL1",
    "fDOM-PPL2",
    "DO-RT",
    "DO-PPL1",
    "DO-PPL2",
    "TOC-RT",
    "TOC-PPL1",
    "TOC-PPL2",
    "DOC-RT",
    "DOC-PPL1",
    "DOC-PPL2",
    "minutes_since_start"
  ],
  "feature_columns": [
    "TRC-DT",
    "TRC-RT",
    "pH-DT",
    "pH-RT",
    "cond-DT",
    "fDOM-RT",
    "DO-RT",
    "TOC-RT",
    "DOC-RT",
    "minutes_since_start"
  ],
  "target_columns": [
    "TOC-PPL1",
    "TOC-PPL2",
    "DOC-PPL1",
    "DOC-PPL2",
    "pH-PPL1",
    "pH-PPL2"
  ],
  "split_boundaries": {
    "train_end": 7796,
    "val_end": 9466,
    "test_end": 11138
  },
  "dataset_sizes": {
    "train": 7686,
    "val": 1670,
    "test": 1672
  },
  "input_dim": 10,
  "sequence_length": 111,
  "training_history": {
    "epochs": [
      1,
      2,
      3,
      4,
      5,
      6,
      7,
      8,
      9,
      10,
      11,
      12,
      13,
      14,
      15,
      16,
      17,
      18,
      19,
      20,
      21,
      22,
      23,
      24,
      25,
      26,
      27,
      28,
      29,
      30,
      31,
      32,
      33,
      34,
      35,
      36,
      37,
      38,
      39,
      40,
      41,
      42,
      43,
      44,
      45,
      46,
      47,
      48,
      49,
      50,
      51,
      52,
      53,
      54,
      55,
      56,
      57,
      58,
      59,
      60,
      61,
      62,
      63,
      64,
      65,
      66,
      67,
      68,
      69,
      70,
      71,
      72,
      73,
      74,
      75,
      76,
      77,
      78,
      79,
      80
    ],
    "train_loss": [
      0.3845186138328338,
      0.2576667498966818,
      0.25184427335908754,
      0.20297887571584486,
      0.19306063699246911,
      0.17341079469842896,
      0.17812587411440725,
      0.16103680032462214,
      0.16102511601994163,
      0.15330547870132194,
      0.14362955949143943,
      0.13895293674546855,
      0.12808726331586953,
      0.12783958741897272,
      0.1217014913302038,
      0.1151401066017002,
      0.12357776703164194,
      0.1029563167118139,
      0.11044804409782216,
      0.14996468361283913,
      0.11721492406138832,
      0.10806020111477595,
      0.11694388344521374,
      0.08860451283843108,
      0.13898764877363695,
      0.09405823170531938,
      0.08833738582486478,
      0.0788645965761849,
      0.0879749861016827,
      0.08976119974031443,
      0.09646526756525552,
      0.09414256717927313,
      0.08251254489166009,
      0.07013181635139124,
      0.13764977451358615,
      0.08728398655832295,
      0.12110509618054353,
      0.09674436690282409,
      0.12467247608495571,
      0.09265612654781515,
      0.072534240366401,
      0.0755961344853885,
      0.07207998211587426,
      0.06398356586235236,
      0.09412908301507701,
      0.0774683808981054,
      0.06421078218381261,
      0.059711445550449556,
      0.06497630926448636,
      0.06697239439896686,
      0.0602737217710186,
      0.05882981868575645,
      0.05724738308815264,
      0.07655222263868637,
      0.06455263663437136,
      0.05658096648682895,
      0.05589001774429236,
      0.0541390457202448,
      0.04862254557996841,
      0.0909097151132361,
      0.05745008818135383,
      0.0611212373883959,
      0.04759349945870587,
      0.04577576469595106,
      0.04713362648466618,
      0.05309016571818596,
      0.10875048629324975,
      0.07784520510817734,
      0.09034812647990849,
      0.06604546261793805,
      0.06309715162011723,
      0.055923360984432194,
      0.05167636700505752,
      0.05185714282285429,
      0.15278238854234089,
      0.12037078930477503,
      0.0765014001108452,
      0.08638223426112619,
      0.06636611740835517,
      0.0601586737354232
    ],
    "val_loss": [
      0.4311393100612178,
      0.38946264025693883,
      0.34609758180237105,
      0.4353073001086355,
      0.5053142828052629,
      0.42748443353140425,
      0.42414541546991485,
      0.4623996283122879,
      0.3685764180552103,
      0.4677180241057259,
      0.5463433390338264,
      0.5029099139490885,
      0.5102982356653599,
      0.5387595343420248,
      0.4329627860939788,
      0.4194301404638919,
      0.4181989606626019,
      0.42349784078444547,
      0.40263500428663757,
      0.5127568302798771,
      0.42741091967878225,
      0.39027177178841865,
      0.4610387892021747,
      0.47974312784607537,
      0.42807896806451373,
      0.4392619860007199,
      0.4401896264694051,
      0.4268507360742835,
      0.4363683206547877,
      0.4418128271481234,
      0.5198179487072065,
      0.4237296172780191,
      0.4858231309109819,
      0.4994609253670641,
      0.48852108633089925,
      0.5206125429825869,
      0.41793599038602347,
      0.4631798094707335,
      0.41120604241411846,
      0.4125775499704355,
      0.4061034843816372,
      0.4197918546592404,
      0.41235796756997795,
      0.4185817969684115,
      0.4745874642946584,
      0.4504807038266145,
      0.4110614194975285,
      0.4380384915915435,
      0.4255410152994944,
      0.42524531431005386,
      0.4430427806239999,
      0.4472699165299624,
      0.4396210163831711,
      0.40438841848583995,
      0.46433368242250944,
      0.4549766201057477,
      0.5146197491509472,
      0.452391698960951,
      0.465864715395038,
      0.5264534688816813,
      0.48643112063497124,
      0.4928112255866656,
      0.48430793012776774,
      0.47728878871766395,
      0.5272049479811134,
      0.48462502878761576,
      0.5291005563236282,
      0.634944126018864,
      0.5984051747905637,
      0.5610317316954722,
      0.5428622459357013,
      0.559348761187699,
      0.577764532304631,
      0.5902614289950467,
      0.5240684220422349,
      0.5036068945944666,
      0.5914265681125089,
      0.5162017868485993,
      0.513645825209375,
      0.4902435788315927
    ],
    "best_epoch": 22,
    "best_val_loss": 0.39027177178841865,
    "test_loss": 0.4632205412718668,
    "tracker": {
      "initial_train_loss": 0.3845186138328338,
      "train_threshold": 0.12817287127761126,
      "best_tracking": true,
      "patience_active": true,
      "patience_best_train": null,
      "patience_best_val": 0.39027177178841865,
      "patience_no_improve_epochs": 58,
      "best_train_loss": Infinity,
      "forced_stop_due_to_threshold": false
    }
  },
  "model_files": {
    "best": "scripts/outputs/rnn-other-value/trial_6_5f75c8/best_model.pt",
    "last": "scripts/outputs/rnn-other-value/trial_6_5f75c8/last_model.pt"
  },
  "config_path": "/home/amoris/data-analysis-on-dbps/scripts/outputs/rnn-other-value/trial_6_5f75c8/config.yaml"
}