{
  "model_name": "lstm-trc-value/trial_41_6aa6cf",
  "model_type": "LSTM",
  "model_format": "torch",
  "model_params": {
    "history_length": 114,
    "units": 303,
    "num_layers": 2,
    "dropout": 0.24546927121683815
  },
  "training_params": {
    "max_epochs": 500,
    "batch_size": 197,
    "learning_rate": 0.0008546542572313987,
    "weight_decay": 0.0076301054462234435,
    "checkpoint_interval": 10,
    "seed": 947
  },
  "data_csv": "data/time_aligned_data.csv",
  "timestamp_column": "Date, Time",
  "columns": [
    "TRC-DT",
    "TRC-RT",
    "TRC-PPL1",
    "TRC-PPL2",
    "pH-DT",
    "pH-RT",
    "pH-PPL1",
    "pH-PPL2",
    "cond-DT",
    "cond-PPL1",
    "cond-PPL2",
    "fDOM-RT",
    "fDOM-PPL1",
    "fDOM-PPL2",
    "DO-RT",
    "DO-PPL1",
    "DO-PPL2",
    "TOC-RT",
    "TOC-PPL1",
    "TOC-PPL2",
    "DOC-RT",
    "DOC-PPL1",
    "DOC-PPL2",
    "minutes_since_start"
  ],
  "feature_columns": [
    "TRC-DT",
    "TRC-RT",
    "pH-DT",
    "pH-RT",
    "cond-DT",
    "fDOM-RT",
    "DO-RT",
    "TOC-RT",
    "DOC-RT",
    "minutes_since_start"
  ],
  "target_columns": [
    "TRC-PPL1",
    "TRC-PPL2"
  ],
  "split_boundaries": {
    "train_end": 7796,
    "val_end": 9466,
    "test_end": 11138
  },
  "dataset_sizes": {
    "train": 7683,
    "val": 1670,
    "test": 1672
  },
  "input_dim": 10,
  "sequence_length": 114,
  "training_history": {
    "epochs": [
      1,
      2,
      3,
      4,
      5,
      6,
      7,
      8,
      9,
      10,
      11,
      12,
      13,
      14,
      15,
      16,
      17,
      18,
      19,
      20,
      21,
      22,
      23,
      24,
      25,
      26,
      27,
      28,
      29,
      30,
      31,
      32,
      33,
      34,
      35,
      36,
      37,
      38,
      39,
      40,
      41,
      42,
      43,
      44,
      45,
      46,
      47,
      48,
      49,
      50,
      51,
      52,
      53,
      54,
      55,
      56,
      57,
      58,
      59,
      60,
      61,
      62,
      63,
      64,
      65,
      66,
      67,
      68,
      69,
      70,
      71,
      72,
      73,
      74,
      75,
      76,
      77,
      78,
      79,
      80
    ],
    "train_loss": [
      0.39121979627853787,
      0.12296622838729467,
      0.08745798182028991,
      0.06390395961128749,
      0.059729729229823135,
      0.05269982703985312,
      0.04799110365983767,
      0.05297309972154789,
      0.047203696213471584,
      0.046115827006407276,
      0.04465285373421816,
      0.041805136566742875,
      0.04096650102963814,
      0.03950166148252976,
      0.04006763729147422,
      0.038138350137533285,
      0.037545437805163555,
      0.039049873080773234,
      0.036991361337594494,
      0.03690595705157671,
      0.0396671991986342,
      0.03867196114972616,
      0.03683322615539416,
      0.037336932065395206,
      0.03793863737239288,
      0.03673619748308109,
      0.035076080272213005,
      0.03617776935108197,
      0.035137141027893774,
      0.03629111379193954,
      0.034555900985231765,
      0.034461660215105765,
      0.037013741687704355,
      0.035174159619670645,
      0.03290917552434481,
      0.033193074262295015,
      0.03423336625863344,
      0.03460656636609481,
      0.03374271075694989,
      0.03328122695287069,
      0.03490727853316527,
      0.036676071966305755,
      0.03417415444094401,
      0.03684506617868558,
      0.03571231090105497,
      0.03462029367876358,
      0.033714846636240296,
      0.03489597017566363,
      0.035112654885802515,
      0.033132021816877216,
      0.03246553824880184,
      0.034820994887596525,
      0.034873735398436204,
      0.03284961013839795,
      0.03599889165697954,
      0.03429149702573434,
      0.03179119092722734,
      0.0336213652522136,
      0.033894300795136355,
      0.03198801449094063,
      0.03259020293943393,
      0.031959450349975854,
      0.033951434856041886,
      0.0337851824095616,
      0.03274132468952583,
      0.03399721991557341,
      0.03220101827994371,
      0.03165891924156593,
      0.03364999291415398,
      0.033316362696962476,
      0.03214644473523666,
      0.03287404756515454,
      0.03512916804697269,
      0.032926758990073815,
      0.033797274272029214,
      0.03131305966048668,
      0.032298990310384676,
      0.03627751896587702,
      0.03581587077142336,
      0.032858157148345925
    ],
    "val_loss": [
      0.345184708212664,
      0.2665967244498744,
      0.20481833306749067,
      0.2511304625315581,
      0.2068709909380553,
      0.22968668177010057,
      0.23468781196607086,
      0.2258671129646594,
      0.23989929727496145,
      0.238234276763961,
      0.2445258239027626,
      0.23848285838225466,
      0.2525099474412506,
      0.2588365815457202,
      0.26332770796704613,
      0.25811484388694794,
      0.2629298504943887,
      0.2645714484701703,
      0.2741552735517125,
      0.2690912517456862,
      0.2685609752323456,
      0.26795006467442134,
      0.26426131001891134,
      0.27247861787052213,
      0.27049122737932524,
      0.2678884538950142,
      0.2761931500570503,
      0.2720908582946676,
      0.28119155726434586,
      0.27671816481310807,
      0.2852259235389665,
      0.27595338885878734,
      0.2724489516550731,
      0.2712500176041158,
      0.2813777478233337,
      0.2787149158613143,
      0.28034424422654564,
      0.28266191073654295,
      0.2827666389003039,
      0.287011026288801,
      0.275842511856895,
      0.2783528303615972,
      0.2772321125169,
      0.2715021666730503,
      0.2708351670424203,
      0.27716896216870246,
      0.27346808039499615,
      0.2769911407442864,
      0.27122237355989254,
      0.27502888548160026,
      0.27663081246177235,
      0.275127469993637,
      0.27273241422267375,
      0.2750092561128075,
      0.2662936721253627,
      0.2705430320068123,
      0.26939910895185554,
      0.27055648402115723,
      0.27256400508103434,
      0.27023139528171747,
      0.2722116557234329,
      0.27294220877755543,
      0.27034977789812104,
      0.2668730163779444,
      0.2680671152285116,
      0.2688647118603398,
      0.26611456982456816,
      0.2667961594107711,
      0.2655382441278703,
      0.2667687348909899,
      0.26631921929513624,
      0.26303988181857646,
      0.2653253450075131,
      0.26297910329579055,
      0.26480195334482337,
      0.2640535894970962,
      0.2746519584309109,
      0.26023572870714223,
      0.2625115935584742,
      0.26558492674553646
    ],
    "best_epoch": 3,
    "best_val_loss": 0.20481833306749067,
    "test_loss": 4.6090640422117195,
    "tracker": {
      "initial_train_loss": 0.39121979627853787,
      "train_threshold": 0.13040659875951263,
      "best_tracking": true,
      "patience_active": true,
      "patience_best_train": null,
      "patience_best_val": 0.20481833306749067,
      "patience_no_improve_epochs": 77,
      "best_train_loss": Infinity,
      "forced_stop_due_to_threshold": false
    }
  },
  "model_files": {
    "best": "scripts/outputs/lstm-trc-value/trial_41_6aa6cf/best_model.pt",
    "last": "scripts/outputs/lstm-trc-value/trial_41_6aa6cf/last_model.pt"
  },
  "config_path": "/home/amoris/data-analysis-on-dbps/scripts/outputs/lstm-trc-value/trial_41_6aa6cf/config.yaml"
}