{
  "model_name": "mlp-trc-value/trial_48_7928bf",
  "model_type": "MLP",
  "model_format": "torch",
  "model_params": {
    "history_length": 1,
    "hidden_layers": [
      512,
      256,
      128
    ],
    "dropout": 0.20178381774001194,
    "mid_layer_count": 2,
    "mid_layer_size": 203
  },
  "training_params": {
    "max_epochs": 400,
    "batch_size": 365,
    "learning_rate": 0.0004325897865758703,
    "weight_decay": 0.0008161537687325008,
    "checkpoint_interval": 10,
    "seed": 42
  },
  "data_csv": "data/time_aligned_data.csv",
  "timestamp_column": "Date, Time",
  "columns": [
    "TRC-DT",
    "TRC-RT",
    "TRC-PPL1",
    "TRC-PPL2",
    "pH-DT",
    "pH-RT",
    "pH-PPL1",
    "pH-PPL2",
    "cond-DT",
    "cond-PPL1",
    "cond-PPL2",
    "fDOM-RT",
    "fDOM-PPL1",
    "fDOM-PPL2",
    "DO-RT",
    "DO-PPL1",
    "DO-PPL2",
    "TOC-RT",
    "TOC-PPL1",
    "TOC-PPL2",
    "DOC-RT",
    "DOC-PPL1",
    "DOC-PPL2",
    "minutes_since_start"
  ],
  "feature_columns": [
    "TRC-DT",
    "TRC-RT",
    "pH-DT",
    "pH-RT",
    "cond-DT",
    "fDOM-RT",
    "DO-RT",
    "TOC-RT",
    "DOC-RT",
    "minutes_since_start"
  ],
  "target_columns": [
    "TRC-PPL1",
    "TRC-PPL2"
  ],
  "split_boundaries": {
    "train_end": 7796,
    "val_end": 9466,
    "test_end": 11138
  },
  "dataset_sizes": {
    "train": 7796,
    "val": 1670,
    "test": 1672
  },
  "input_dim": 10,
  "sequence_length": null,
  "training_history": {
    "epochs": [
      1,
      2,
      3,
      4,
      5,
      6,
      7,
      8,
      9,
      10,
      11,
      12,
      13,
      14,
      15,
      16,
      17,
      18,
      19,
      20,
      21,
      22,
      23,
      24,
      25,
      26,
      27,
      28,
      29,
      30,
      31,
      32,
      33,
      34,
      35,
      36,
      37,
      38,
      39,
      40,
      41,
      42,
      43,
      44,
      45,
      46,
      47,
      48,
      49,
      50,
      51,
      52,
      53,
      54,
      55,
      56,
      57,
      58,
      59,
      60,
      61,
      62,
      63,
      64,
      65,
      66,
      67,
      68,
      69,
      70,
      71,
      72,
      73,
      74,
      75,
      76,
      77,
      78,
      79,
      80
    ],
    "train_loss": [
      0.5710738232696649,
      0.17798263483464322,
      0.122150587208527,
      0.09520081877268817,
      0.08143236048963053,
      0.07521130018349088,
      0.06887847182650086,
      0.06455438935688639,
      0.06425174379605646,
      0.06245344756921326,
      0.06087250064670458,
      0.05760604380154499,
      0.05958297586124897,
      0.05499312278359226,
      0.05464762879708536,
      0.05477477498008478,
      0.052416720060586716,
      0.051654226305283386,
      0.05042888847618852,
      0.051494952515360175,
      0.04995189392303674,
      0.04876280867381393,
      0.04986773055236024,
      0.04836434438411794,
      0.048086770670655726,
      0.046754908575946365,
      0.04716843676888573,
      0.04653141506325899,
      0.04636972312461403,
      0.045611747543878464,
      0.04490025492988072,
      0.04396959251053765,
      0.04421937485354995,
      0.044196926332578226,
      0.04478170098321156,
      0.04536171586923168,
      0.04343035829904799,
      0.0439901453146129,
      0.043025892067809574,
      0.042848366101474536,
      0.04354567015749054,
      0.042576801334782526,
      0.04174836767190401,
      0.04271047473863616,
      0.04208570896524108,
      0.04226807611165382,
      0.04091248912053453,
      0.040666067290892505,
      0.04131854435007516,
      0.04064161384840419,
      0.04103329973634602,
      0.04040699144094234,
      0.040135266537419216,
      0.0393370312613255,
      0.039470357240286164,
      0.03947685768740828,
      0.04080589485998381,
      0.03893197676297822,
      0.03957979382637443,
      0.03899383392393314,
      0.03943138650062758,
      0.039474008801279006,
      0.03897856747451548,
      0.0386187295683145,
      0.03840591685570253,
      0.03858461325511283,
      0.039309838100056,
      0.03940850927405109,
      0.03761103234443529,
      0.036741844074979324,
      0.03832816186501024,
      0.037961139703258345,
      0.03755492680137924,
      0.0386018133447484,
      0.03747864619849308,
      0.03703280001842422,
      0.03803264309464356,
      0.03714028977740722,
      0.03683284154661638,
      0.03652438062127047
    ],
    "val_loss": [
      0.5645980139870843,
      0.3500876635491491,
      0.22993311098592725,
      0.2586854631917741,
      0.24031381452913414,
      0.2280755408810909,
      0.23070202240285403,
      0.2104132063854151,
      0.23197790590521997,
      0.2477399971904958,
      0.24614384699010564,
      0.2429034424231884,
      0.2573543249679629,
      0.27756306187188373,
      0.2972142321788176,
      0.27006087753877134,
      0.27406560476244746,
      0.26184903644583,
      0.27696199193708376,
      0.2771851977746108,
      0.2719995209634929,
      0.31528226886792277,
      0.26310741152435896,
      0.28449582521563876,
      0.32097473599485116,
      0.31189530909976027,
      0.3200944906189859,
      0.2995747421327198,
      0.3360983648610686,
      0.31443410447636944,
      0.31367584750680866,
      0.31759774232628996,
      0.3425716324402633,
      0.3470204734427486,
      0.3128145111189363,
      0.33209153534677216,
      0.3078844458098986,
      0.3386141009695694,
      0.3216857665837436,
      0.31655896725523436,
      0.3175251484753754,
      0.3020997404951803,
      0.32654485487362406,
      0.31536359276934833,
      0.35183612714538315,
      0.3633415633422172,
      0.4274288248661125,
      0.331253701324636,
      0.3603208462099829,
      0.3765391513292572,
      0.36118775310585954,
      0.36189225181089546,
      0.3249781216121095,
      0.3726014677535542,
      0.3576810139225807,
      0.3716308435112863,
      0.43330654758446946,
      0.41132911797166766,
      0.3916195108482759,
      0.369946741543621,
      0.41952558320774114,
      0.3638880109682144,
      0.37798770950984456,
      0.3524992224832852,
      0.38210174109519063,
      0.3603699833522746,
      0.34624553684836734,
      0.36543411563546535,
      0.3440023273017681,
      0.38922831412784,
      0.3600064136455962,
      0.3628588066252317,
      0.3746561324725786,
      0.35528559484770017,
      0.3686131659426732,
      0.38159972299894174,
      0.38786660437611586,
      0.38127780467561795,
      0.36465200813052184,
      0.36772611917381337
    ],
    "best_epoch": 8,
    "best_val_loss": 0.2104132063854151,
    "test_loss": 4.8857477862013585,
    "tracker": {
      "initial_train_loss": 0.5710738232696649,
      "train_threshold": 0.19035794108988832,
      "best_tracking": true,
      "patience_active": true,
      "patience_best_train": null,
      "patience_best_val": 0.2104132063854151,
      "patience_no_improve_epochs": 72,
      "best_train_loss": Infinity,
      "forced_stop_due_to_threshold": false
    }
  },
  "model_files": {
    "best": "scripts/outputs/mlp-trc-value/trial_48_7928bf/best_model.pt",
    "last": "scripts/outputs/mlp-trc-value/trial_48_7928bf/last_model.pt"
  },
  "config_path": "/home/amoris/data-analysis-on-dbps/scripts/outputs/mlp-trc-value/trial_48_7928bf/config.yaml"
}