{
  "model_name": "lstm-trc-value/trial_13_a70a5f",
  "model_type": "LSTM",
  "model_format": "torch",
  "model_params": {
    "history_length": 83,
    "units": 243,
    "num_layers": 4,
    "dropout": 0.296030709037595
  },
  "training_params": {
    "max_epochs": 500,
    "batch_size": 161,
    "learning_rate": 0.0013260550846652122,
    "weight_decay": 0.000590653736999412,
    "checkpoint_interval": 10,
    "seed": 947
  },
  "data_csv": "data/time_aligned_data.csv",
  "timestamp_column": "Date, Time",
  "columns": [
    "TRC-DT",
    "TRC-RT",
    "TRC-PPL1",
    "TRC-PPL2",
    "pH-DT",
    "pH-RT",
    "pH-PPL1",
    "pH-PPL2",
    "cond-DT",
    "cond-PPL1",
    "cond-PPL2",
    "fDOM-RT",
    "fDOM-PPL1",
    "fDOM-PPL2",
    "DO-RT",
    "DO-PPL1",
    "DO-PPL2",
    "TOC-RT",
    "TOC-PPL1",
    "TOC-PPL2",
    "DOC-RT",
    "DOC-PPL1",
    "DOC-PPL2",
    "minutes_since_start"
  ],
  "feature_columns": [
    "TRC-DT",
    "TRC-RT",
    "pH-DT",
    "pH-RT",
    "cond-DT",
    "fDOM-RT",
    "DO-RT",
    "TOC-RT",
    "DOC-RT",
    "minutes_since_start"
  ],
  "target_columns": [
    "TRC-PPL1",
    "TRC-PPL2"
  ],
  "split_boundaries": {
    "train_end": 7796,
    "val_end": 9466,
    "test_end": 11138
  },
  "dataset_sizes": {
    "train": 7714,
    "val": 1670,
    "test": 1672
  },
  "input_dim": 10,
  "sequence_length": 83,
  "training_history": {
    "epochs": [
      1,
      2,
      3,
      4,
      5,
      6,
      7,
      8,
      9,
      10,
      11,
      12,
      13,
      14,
      15,
      16,
      17,
      18,
      19,
      20,
      21,
      22,
      23,
      24,
      25,
      26,
      27,
      28,
      29,
      30,
      31,
      32,
      33,
      34,
      35,
      36,
      37,
      38,
      39,
      40,
      41,
      42,
      43,
      44,
      45,
      46,
      47,
      48,
      49,
      50,
      51,
      52,
      53,
      54,
      55,
      56,
      57,
      58,
      59,
      60,
      61,
      62,
      63,
      64,
      65,
      66,
      67,
      68,
      69,
      70,
      71,
      72,
      73,
      74,
      75,
      76,
      77,
      78,
      79,
      80
    ],
    "train_loss": [
      0.31482289716628414,
      0.08507883535214647,
      0.04674619322679869,
      0.04287609468449157,
      0.0369758501179016,
      0.035016131438585354,
      0.036136324997457205,
      0.03558840237544366,
      0.030848375203835012,
      0.030868141682051164,
      0.030658537533790036,
      0.02842549186118772,
      0.025452653701652093,
      0.03045464124185745,
      0.026997174345930453,
      0.025712832784831198,
      0.027075245435571063,
      0.023077645278223088,
      0.022878320203137376,
      0.023050510049028534,
      0.023225647757360593,
      0.03936410678581025,
      0.029952480486457232,
      0.02530211045283371,
      0.03384603429146233,
      0.02645586886208254,
      0.0241480644677382,
      0.022887778363635123,
      0.02253395587733242,
      0.021368250509423158,
      0.022805325588897654,
      0.02203746000051282,
      0.023545813160236864,
      0.0220885399184756,
      0.021439712792094088,
      0.02155558762906251,
      0.024875245778779153,
      0.023211449526669543,
      0.023676232034222183,
      0.020175255445455845,
      0.02092670786115062,
      0.021853693329920137,
      0.02157527550263922,
      0.021212602365498316,
      0.022198207176099456,
      0.020486852008775012,
      0.020646095353629976,
      0.021373751279162734,
      0.023099353183703177,
      0.020356516613237924,
      0.020544756810686224,
      0.02089511427670014,
      0.019318904398100453,
      0.021114323305104692,
      0.021511768749805198,
      0.022903495976961674,
      0.01941812445431569,
      0.019920652397585434,
      0.02012294098166935,
      0.020489007092593152,
      0.020601090285487594,
      0.020451385250649736,
      0.02291205747157822,
      0.03611557944905953,
      0.03354344662522285,
      0.02728862218396525,
      0.032531330836919926,
      0.023047245007866958,
      0.02203660854518738,
      0.022233000511942456,
      0.02298619564007393,
      0.020752153528377604,
      0.019927354267512715,
      0.020553996472090427,
      0.020685417023225402,
      0.021337893095117622,
      0.021665088790967492,
      0.020596083806330732,
      0.01991259952510171,
      0.01987029757932126
    ],
    "val_loss": [
      0.238015439997087,
      0.199022107823434,
      0.21384138741089911,
      0.317208020129202,
      0.40384211949446425,
      0.4515733454175695,
      0.4094158698665257,
      0.39615556857810763,
      0.31896417436530133,
      0.4692431900795259,
      0.3174892370193126,
      0.3090137401612442,
      0.3242490389646438,
      0.29179126708517356,
      0.3181279469181053,
      0.2940194672096275,
      0.31470632360924683,
      0.29650543041549576,
      0.3182857890964714,
      0.33164077966646877,
      0.3647250956047081,
      0.3008541840368402,
      0.30448373457093436,
      0.3228834119285206,
      0.2721921346947819,
      0.28179238156755704,
      0.32162282514068,
      0.33852368332891764,
      0.34856945328682126,
      0.31816674331928085,
      0.31772808203930986,
      0.32120301167363535,
      0.34055296113145744,
      0.33083706837214394,
      0.3177035867844424,
      0.33070434362008544,
      0.3038063377387331,
      0.3122922574186664,
      0.3191953840983396,
      0.3210196868354778,
      0.33094195879125843,
      0.3238679755914086,
      0.31685768918407536,
      0.32723871390976594,
      0.33825238905512467,
      0.31642067874419294,
      0.3204103516626679,
      0.319552992350104,
      0.31852413932653423,
      0.3211026203801889,
      0.3248149129489582,
      0.3233780699207665,
      0.3270477923826722,
      0.32086456224188475,
      0.324948491581052,
      0.34174632710923336,
      0.3304686448564697,
      0.32785431475930676,
      0.32645445515117244,
      0.3423184071226927,
      0.33105024973454766,
      0.3298740882125354,
      0.32933164340984855,
      0.3315467866829145,
      0.31226894631647245,
      0.3260688005879655,
      0.3658480250594502,
      0.3762755813534388,
      0.37931444810893006,
      0.3822149724292452,
      0.3993983534616446,
      0.4271999372816282,
      0.41018477579478374,
      0.416580602120675,
      0.3730893967048583,
      0.36121857271356855,
      0.36278301912978916,
      0.38901065841071797,
      0.41856976764020093,
      0.38236629315233694
    ],
    "best_epoch": 2,
    "best_val_loss": 0.199022107823434,
    "test_loss": 4.322848684622341,
    "tracker": {
      "initial_train_loss": 0.31482289716628414,
      "train_threshold": 0.10494096572209471,
      "best_tracking": true,
      "patience_active": true,
      "patience_best_train": null,
      "patience_best_val": 0.199022107823434,
      "patience_no_improve_epochs": 79,
      "best_train_loss": Infinity,
      "forced_stop_due_to_threshold": false
    }
  },
  "model_files": {
    "best": "scripts/outputs/lstm-trc-value/trial_13_a70a5f/best_model.pt",
    "last": "scripts/outputs/lstm-trc-value/trial_13_a70a5f/last_model.pt"
  },
  "config_path": "/home/amoris/data-analysis-on-dbps/scripts/outputs/lstm-trc-value/trial_13_a70a5f/config.yaml"
}