{
  "model_name": "lstm-trc-value/trial_2_49658c",
  "model_type": "LSTM",
  "model_format": "torch",
  "model_params": {
    "history_length": 166,
    "units": 379,
    "num_layers": 11,
    "dropout": 0.44179017133993714
  },
  "training_params": {
    "max_epochs": 500,
    "batch_size": 128,
    "learning_rate": 0.0008815577493653631,
    "weight_decay": 0.0016797403718071292,
    "checkpoint_interval": 10,
    "seed": 947
  },
  "data_csv": "data/time_aligned_data.csv",
  "timestamp_column": "Date, Time",
  "columns": [
    "TRC-DT",
    "TRC-RT",
    "TRC-PPL1",
    "TRC-PPL2",
    "pH-DT",
    "pH-RT",
    "pH-PPL1",
    "pH-PPL2",
    "cond-DT",
    "cond-PPL1",
    "cond-PPL2",
    "fDOM-RT",
    "fDOM-PPL1",
    "fDOM-PPL2",
    "DO-RT",
    "DO-PPL1",
    "DO-PPL2",
    "TOC-RT",
    "TOC-PPL1",
    "TOC-PPL2",
    "DOC-RT",
    "DOC-PPL1",
    "DOC-PPL2",
    "minutes_since_start"
  ],
  "feature_columns": [
    "TRC-DT",
    "TRC-RT",
    "pH-DT",
    "pH-RT",
    "cond-DT",
    "fDOM-RT",
    "DO-RT",
    "TOC-RT",
    "DOC-RT",
    "minutes_since_start"
  ],
  "target_columns": [
    "TRC-PPL1",
    "TRC-PPL2"
  ],
  "split_boundaries": {
    "train_end": 7796,
    "val_end": 9466,
    "test_end": 11138
  },
  "dataset_sizes": {
    "train": 7631,
    "val": 1670,
    "test": 1672
  },
  "input_dim": 10,
  "sequence_length": 166,
  "training_history": {
    "epochs": [
      1,
      2,
      3,
      4,
      5,
      6,
      7,
      8,
      9,
      10,
      11,
      12,
      13,
      14,
      15,
      16,
      17,
      18,
      19,
      20,
      21,
      22,
      23,
      24,
      25,
      26,
      27,
      28,
      29,
      30,
      31,
      32,
      33,
      34,
      35,
      36,
      37,
      38,
      39,
      40,
      41,
      42,
      43,
      44,
      45,
      46,
      47,
      48,
      49,
      50
    ],
    "train_loss": [
      1.0022610656916118,
      1.0024122881586282,
      1.0025567364105312,
      1.0026344995154355,
      1.0021595138269987,
      1.0023464356098617,
      1.0021949444259546,
      1.0021656424592136,
      1.0022580532864558,
      1.0021336733662212,
      1.0023814398063586,
      1.002168540279107,
      1.002118253618842,
      1.002043620074128,
      1.0022482339699417,
      1.0020714747594859,
      1.0020994676188926,
      1.002256695041024,
      1.0020492198254487,
      1.0021755594895405,
      1.002094704050987,
      1.0020411157495557,
      1.002063614811908,
      1.0020514318912093,
      1.002048193416438,
      1.00201709552293,
      1.0021236966140865,
      1.0020200853312786,
      1.0020295846291973,
      1.0020544865452874,
      1.0019939578137194,
      1.0019981611791968,
      1.0019975415127194,
      1.0020074279166786,
      1.0021949997268176,
      1.00204639520109,
      1.0019983173650802,
      1.0019923789428393,
      1.0019919119942253,
      1.001967843191884,
      1.0019709694793255,
      1.0020263335555148,
      1.0020093910035823,
      1.0020563497782036,
      1.0019775555855854,
      1.0020167593436728,
      1.0020018540583469,
      1.0019728740551044,
      1.0019967867652924,
      1.0020050643984135
    ],
    "val_loss": [
      0.3768156871110379,
      0.3575181324324922,
      0.3583416330600213,
      0.352764371769157,
      0.3471487282279009,
      0.35368998007860014,
      0.3482539216915291,
      0.34837305731402185,
      0.34948670678509924,
      0.34985797619391346,
      0.35294415051351763,
      0.35035979619283164,
      0.3506605114051682,
      0.34760438439374913,
      0.3477932818635495,
      0.34855543010962936,
      0.3466194292742335,
      0.3487111708361232,
      0.3469951315554316,
      0.34766410439314244,
      0.34716507803180263,
      0.3479306529382032,
      0.34712799237873737,
      0.34931466051204474,
      0.3489801463966598,
      0.3492481422995379,
      0.34959238046657537,
      0.3476063100163808,
      0.34810584319565824,
      0.3487636931642087,
      0.34876872279686844,
      0.34764889414438943,
      0.3491736352086781,
      0.34802104613024315,
      0.3459464241644579,
      0.34945878782672085,
      0.34708078550007526,
      0.34754575826450734,
      0.3484248312647471,
      0.34711792083557497,
      0.34786990845274784,
      0.3484835598997013,
      0.34794412487281295,
      0.34709136357564413,
      0.3491240438586937,
      0.34700911687519737,
      0.3475224434972523,
      0.3484896651285137,
      0.3484514199331135,
      0.34752170853986
    ],
    "best_epoch": 50,
    "best_val_loss": 0.34752170853986,
    "test_loss": 5.647470084103671,
    "tracker": {
      "initial_train_loss": 1.0022610656916118,
      "train_threshold": 0.3340870218972039,
      "best_tracking": false,
      "patience_active": true,
      "patience_best_train": null,
      "patience_best_val": 0.3459464241644579,
      "patience_no_improve_epochs": 15,
      "best_train_loss": Infinity,
      "forced_stop_due_to_threshold": true
    }
  },
  "model_files": {
    "best": "scripts/outputs/lstm-trc-value/trial_2_49658c/best_model.pt",
    "last": "scripts/outputs/lstm-trc-value/trial_2_49658c/last_model.pt"
  },
  "config_path": "/home/amoris/data-analysis-on-dbps/scripts/outputs/lstm-trc-value/trial_2_49658c/config.yaml"
}