{
  "model_name": "gru-trc-rate/trial_31_e60e76",
  "model_type": "GRU",
  "model_format": "torch",
  "model_params": {
    "history_length": 125,
    "units": 130,
    "num_layers": 5,
    "dropout": 0.36345286651335906
  },
  "training_params": {
    "max_epochs": 500,
    "batch_size": 171,
    "learning_rate": 0.00034113336962510887,
    "weight_decay": 0.00010047722694034067,
    "checkpoint_interval": 10,
    "seed": 947
  },
  "data_csv": "data/time_aligned_data.csv",
  "timestamp_column": "Date, Time",
  "columns": [
    "TRC-DT",
    "TRC-RT",
    "TRC-PPL1",
    "TRC-PPL2",
    "pH-DT",
    "pH-RT",
    "pH-PPL1",
    "pH-PPL2",
    "cond-DT",
    "cond-PPL1",
    "cond-PPL2",
    "fDOM-RT",
    "fDOM-PPL1",
    "fDOM-PPL2",
    "DO-RT",
    "DO-PPL1",
    "DO-PPL2",
    "TOC-RT",
    "TOC-PPL1",
    "TOC-PPL2",
    "DOC-RT",
    "DOC-PPL1",
    "DOC-PPL2",
    "minutes_since_start"
  ],
  "feature_columns": [
    "TRC-DT",
    "TRC-RT",
    "pH-DT",
    "pH-RT",
    "cond-DT",
    "fDOM-RT",
    "DO-RT",
    "TOC-RT",
    "DOC-RT",
    "minutes_since_start"
  ],
  "target_columns": [
    "TRC-PPL1",
    "TRC-PPL2"
  ],
  "target_mode": "rate",
  "target_base_columns": [
    "TRC-RT",
    "TRC-RT"
  ],
  "split_boundaries": {
    "train_end": 7796,
    "val_end": 9466,
    "test_end": 11138
  },
  "dataset_sizes": {
    "train": 7672,
    "val": 1670,
    "test": 1672
  },
  "input_dim": 10,
  "sequence_length": 125,
  "training_history": {
    "epochs": [
      1,
      2,
      3,
      4,
      5,
      6,
      7,
      8,
      9,
      10,
      11,
      12,
      13,
      14,
      15,
      16,
      17,
      18,
      19,
      20,
      21,
      22,
      23,
      24,
      25,
      26,
      27,
      28,
      29,
      30,
      31,
      32,
      33,
      34,
      35,
      36,
      37,
      38,
      39,
      40,
      41,
      42,
      43,
      44,
      45,
      46,
      47,
      48,
      49,
      50,
      51,
      52,
      53,
      54,
      55,
      56,
      57,
      58,
      59,
      60,
      61,
      62,
      63,
      64,
      65,
      66,
      67,
      68,
      69,
      70,
      71,
      72,
      73,
      74,
      75,
      76,
      77,
      78,
      79,
      80
    ],
    "train_loss": [
      0.4356583049860749,
      0.15819736422992256,
      0.11318893072207976,
      0.0753283673140868,
      0.057210092036086554,
      0.046743659782335086,
      0.04205737544011958,
      0.03884234862684683,
      0.03630753161023421,
      0.03380900732731025,
      0.03167134895313791,
      0.030833575010495853,
      0.029104889759927893,
      0.0276368269803657,
      0.026115595967614706,
      0.0258038253273341,
      0.025359100067106243,
      0.024820191455505812,
      0.024024046609339395,
      0.022337733074533243,
      0.022099674506718923,
      0.022368028269773806,
      0.02149127017171535,
      0.021565298171572163,
      0.021970302151075184,
      0.021289435675614383,
      0.021132960816509283,
      0.02172974100976413,
      0.02058065868088659,
      0.0208235461144913,
      0.020782280877442317,
      0.020377600145292187,
      0.019886731712377752,
      0.01947047194850566,
      0.019097299676056372,
      0.018900321218465785,
      0.018828466394649114,
      0.01858240258501215,
      0.018354165813292262,
      0.018346400064492948,
      0.018232497142150035,
      0.018574904265150242,
      0.018393988943584964,
      0.017850590584997758,
      0.018530826897402142,
      0.018187100903400075,
      0.018113158192515678,
      0.01817052214801199,
      0.017962617736272862,
      0.017549963535306874,
      0.018594418333457808,
      0.017421936100262398,
      0.017746951831266775,
      0.01770746771319516,
      0.017748691556039066,
      0.017486679285052847,
      0.017421967728933604,
      0.018021861438559827,
      0.017412130886249873,
      0.01739687793276334,
      0.0171384934231064,
      0.017458952065048366,
      0.017243946293428174,
      0.017472871637376798,
      0.017177670225000923,
      0.017180364018372172,
      0.017351382463365383,
      0.017277847419029668,
      0.016656328492571634,
      0.01691994807008961,
      0.01660556045913927,
      0.017216908363931315,
      0.01686929782019293,
      0.016469837907712413,
      0.016729733457534385,
      0.016933467507540084,
      0.016362853368284906,
      0.01656274316998488,
      0.01658851551999094,
      0.016688747936398435
    ],
    "val_loss": [
      0.34581056641202845,
      0.3677268293245645,
      0.24052135647458586,
      0.18925468989475044,
      0.19613742430521522,
      0.19996009638343384,
      0.2003956689493742,
      0.21275593682142074,
      0.21750694017433478,
      0.24522087388409824,
      0.2793855238415881,
      0.26820903407844776,
      0.31918510194131716,
      0.3366676713680168,
      0.3273419125440592,
      0.33281638695339777,
      0.3398429432549252,
      0.3286228038526759,
      0.32463251345283434,
      0.3169186763220026,
      0.3258362350550419,
      0.319944460600793,
      0.3069156773812221,
      0.2933827709021816,
      0.31238080365694837,
      0.2996661060339141,
      0.31690464009458347,
      0.2868390432754141,
      0.3182051766541101,
      0.3079132824991188,
      0.3170114781506761,
      0.29626697842366323,
      0.2928509004704074,
      0.30838718430033163,
      0.29517595824746495,
      0.30582071779083886,
      0.2988240105072092,
      0.3061943016723245,
      0.3281755462322317,
      0.31159697949083265,
      0.3132678946837069,
      0.30476044383413065,
      0.3246073756545425,
      0.30472629848577665,
      0.34008561445032054,
      0.3187355622214204,
      0.31492292146103645,
      0.30992130659364475,
      0.34676111115332314,
      0.3157128962057972,
      0.3246731659988622,
      0.3300467138429602,
      0.3225442884311437,
      0.3373204650223523,
      0.3246360546234482,
      0.32520304476496525,
      0.35176735607249116,
      0.3360641102814032,
      0.33031178016974005,
      0.3208455516538488,
      0.3544313867002012,
      0.3478379790721361,
      0.34704987696054096,
      0.32619411048819563,
      0.339380880386128,
      0.3424992468174614,
      0.3356898419480927,
      0.3523254950636786,
      0.3246427436331343,
      0.3321545330361424,
      0.3487116934240846,
      0.35929144977809424,
      0.32580008826547574,
      0.34696734979592575,
      0.35622307604435316,
      0.3341647400626701,
      0.342711673809695,
      0.3324899140578098,
      0.3418473467833089,
      0.3339562441094104
    ],
    "best_epoch": 4,
    "best_val_loss": 0.18925468989475044,
    "best_val_abs_mse": 0.29613420367240906,
    "test_loss": 4.5183615535497665,
    "test_abs_mse": 44.0383415222168,
    "tracker": {
      "initial_train_loss": 0.4356583049860749,
      "train_threshold": 0.1452194349953583,
      "best_tracking": true,
      "patience_active": true,
      "patience_best_train": null,
      "patience_best_val": 0.18925468989475044,
      "patience_no_improve_epochs": 76,
      "best_train_loss": Infinity,
      "forced_stop_due_to_threshold": false
    }
  },
  "model_files": {
    "best": "scripts/outputs/gru-trc-rate/trial_31_e60e76/best_model.pt",
    "last": "scripts/outputs/gru-trc-rate/trial_31_e60e76/last_model.pt"
  },
  "config_path": "/home/amoris/data-analysis-on-dbps/scripts/outputs/gru-trc-rate/trial_31_e60e76/config.yaml"
}