{
  "model_name": "gru-trc-rate/trial_9_9f10cd",
  "model_type": "GRU",
  "model_format": "torch",
  "model_params": {
    "history_length": 75,
    "units": 281,
    "num_layers": 2,
    "dropout": 0.4215021819064467
  },
  "training_params": {
    "max_epochs": 500,
    "batch_size": 164,
    "learning_rate": 0.0006765225687770257,
    "weight_decay": 0.00011523612678939506,
    "checkpoint_interval": 10,
    "seed": 947
  },
  "data_csv": "data/time_aligned_data.csv",
  "timestamp_column": "Date, Time",
  "columns": [
    "TRC-DT",
    "TRC-RT",
    "TRC-PPL1",
    "TRC-PPL2",
    "pH-DT",
    "pH-RT",
    "pH-PPL1",
    "pH-PPL2",
    "cond-DT",
    "cond-PPL1",
    "cond-PPL2",
    "fDOM-RT",
    "fDOM-PPL1",
    "fDOM-PPL2",
    "DO-RT",
    "DO-PPL1",
    "DO-PPL2",
    "TOC-RT",
    "TOC-PPL1",
    "TOC-PPL2",
    "DOC-RT",
    "DOC-PPL1",
    "DOC-PPL2",
    "minutes_since_start"
  ],
  "feature_columns": [
    "TRC-DT",
    "TRC-RT",
    "pH-DT",
    "pH-RT",
    "cond-DT",
    "fDOM-RT",
    "DO-RT",
    "TOC-RT",
    "DOC-RT",
    "minutes_since_start"
  ],
  "target_columns": [
    "TRC-PPL1",
    "TRC-PPL2"
  ],
  "target_mode": "rate",
  "target_base_columns": [
    "TRC-RT",
    "TRC-RT"
  ],
  "split_boundaries": {
    "train_end": 7796,
    "val_end": 9466,
    "test_end": 11138
  },
  "dataset_sizes": {
    "train": 7722,
    "val": 1670,
    "test": 1672
  },
  "input_dim": 10,
  "sequence_length": 75,
  "training_history": {
    "epochs": [
      1,
      2,
      3,
      4,
      5,
      6,
      7,
      8,
      9,
      10,
      11,
      12,
      13,
      14,
      15,
      16,
      17,
      18,
      19,
      20,
      21,
      22,
      23,
      24,
      25,
      26,
      27,
      28,
      29,
      30,
      31,
      32,
      33,
      34,
      35,
      36,
      37,
      38,
      39,
      40,
      41,
      42,
      43,
      44,
      45,
      46,
      47,
      48,
      49,
      50,
      51,
      52,
      53,
      54,
      55,
      56,
      57,
      58,
      59,
      60,
      61,
      62,
      63,
      64,
      65,
      66,
      67,
      68,
      69,
      70,
      71,
      72,
      73,
      74,
      75,
      76,
      77,
      78,
      79,
      80
    ],
    "train_loss": [
      0.2768803824108828,
      0.11198313021923835,
      0.053297862324673595,
      0.04332904569077171,
      0.03986560027757879,
      0.034126520376846416,
      0.030861648994579244,
      0.031635611573013735,
      0.03191980540393486,
      0.028574161804639377,
      0.025605761481999455,
      0.028081917992969833,
      0.09156977658238907,
      0.03750231099980494,
      0.032004853016321784,
      0.03132904939859048,
      0.027256125634175773,
      0.02591923997722753,
      0.0259895100258532,
      0.02384262555345171,
      0.022820683343568033,
      0.021649042927394474,
      0.022154326437051293,
      0.022204252148065904,
      0.019901741401704132,
      0.02075464599031344,
      0.02079341627900556,
      0.02110898699268903,
      0.020475307998108264,
      0.019091135870237884,
      0.0184231616442792,
      0.017954849519368144,
      0.019064131003028523,
      0.019585672071759826,
      0.020297261762556498,
      0.017174533045614546,
      0.0185527233023373,
      0.01728624855625262,
      0.01684134303500726,
      0.01733627189548985,
      0.016616514462054286,
      0.01756541373252066,
      0.01675949840377307,
      0.017360615907287588,
      0.01669932107617936,
      0.01755576991885939,
      0.017566667571065647,
      0.01877017805776859,
      0.016750975243498303,
      0.016569784052459666,
      0.016369554067763352,
      0.01795728170578034,
      0.016599345547999782,
      0.01746998257632084,
      0.01624840642191707,
      0.016489247348361206,
      0.01685655725156472,
      0.015705188249552134,
      0.015272640624840746,
      0.01641941984825471,
      0.016417444892984093,
      0.016819323175720633,
      0.01551840295911422,
      0.017217666289907327,
      0.017906005141402243,
      0.016465115905694744,
      0.01508858736495424,
      0.015842732657166812,
      0.016971754905910297,
      0.016178129254860816,
      0.01663473605766132,
      0.015569570719398804,
      0.01585386451589447,
      0.015515784002846308,
      0.01513482892644109,
      0.015077248905061503,
      0.015006806636535497,
      0.015175794907120713,
      0.01667883623429019,
      0.01644685391767968
    ],
    "val_loss": [
      0.2578068899091132,
      0.23632381628908797,
      0.2178091469505233,
      0.34930266422069,
      0.25791258495635616,
      0.2742338486060411,
      0.6897242550944497,
      0.5450805249819142,
      0.6414943548019775,
      0.6558608844385533,
      0.7074163700693739,
      2.244861870348275,
      0.23589074173551833,
      0.32291107914315725,
      0.34143500971401525,
      0.31928345271927155,
      0.4383037871363277,
      0.7394296161339668,
      0.4413296149653232,
      0.500427732585433,
      0.7090148458491542,
      0.5528706125781208,
      0.5304010826581252,
      0.6043929131177371,
      0.4329950472641134,
      0.43506769036461496,
      0.5438355405173616,
      0.4013501304040055,
      0.3762804178063741,
      0.36216058040450433,
      0.424293470378229,
      0.405398468325238,
      0.3979885891302974,
      0.3012608556244188,
      0.45374140735871776,
      0.3804401639469726,
      0.4384666150469266,
      0.4012531782071034,
      0.4513590693786116,
      0.396063170854203,
      0.43941783142125534,
      0.44178126747022844,
      0.4609907361249367,
      0.4769632328814732,
      0.48867488913907264,
      0.47911449115790294,
      0.5393329981201423,
      0.43648696323176345,
      0.4285600809636944,
      0.38347312127669414,
      0.5070421433243566,
      0.4522978012433309,
      0.5464812082980207,
      0.5766347953034732,
      0.4898601976608088,
      0.5087625798529494,
      0.4310585407216749,
      0.5290000682105561,
      0.6071157385176884,
      0.5020352807721336,
      0.5572427514248979,
      0.4714908183513287,
      0.4575280812150704,
      0.3970129086585816,
      0.4989401615665344,
      0.447206351348383,
      0.4847025804444701,
      0.6838509693206427,
      0.3648763531383997,
      0.4046492365484466,
      0.37506223721150866,
      0.399249470787134,
      0.40903338135002615,
      0.4780131994027221,
      0.45927493040433187,
      0.49760833213072336,
      0.4791535748916115,
      0.5035678755023523,
      0.3777819916159807,
      0.47841240053405304
    ],
    "best_epoch": 3,
    "best_val_loss": 0.2178091469505233,
    "best_val_abs_mse": 0.2075294554233551,
    "test_loss": 5.424990473181437,
    "test_abs_mse": 51.39002227783203,
    "tracker": {
      "initial_train_loss": 0.2768803824108828,
      "train_threshold": 0.0922934608036276,
      "best_tracking": true,
      "patience_active": true,
      "patience_best_train": null,
      "patience_best_val": 0.2178091469505233,
      "patience_no_improve_epochs": 78,
      "best_train_loss": Infinity,
      "forced_stop_due_to_threshold": false
    }
  },
  "model_files": {
    "best": "scripts/outputs/gru-trc-rate/trial_9_9f10cd/best_model.pt",
    "last": "scripts/outputs/gru-trc-rate/trial_9_9f10cd/last_model.pt"
  },
  "config_path": "/home/amoris/data-analysis-on-dbps/scripts/outputs/gru-trc-rate/trial_9_9f10cd/config.yaml"
}