{
  "model_name": "lstm-trc-rate/trial_14_0aa37d",
  "model_type": "LSTM",
  "model_format": "torch",
  "model_params": {
    "history_length": 254,
    "units": 165,
    "num_layers": 4,
    "dropout": 0.37877618983260714
  },
  "training_params": {
    "max_epochs": 500,
    "batch_size": 96,
    "learning_rate": 0.00037287458222865524,
    "weight_decay": 0.0004051231182677912,
    "checkpoint_interval": 10,
    "seed": 947
  },
  "data_csv": "data/time_aligned_data.csv",
  "timestamp_column": "Date, Time",
  "columns": [
    "TRC-DT",
    "TRC-RT",
    "TRC-PPL1",
    "TRC-PPL2",
    "pH-DT",
    "pH-RT",
    "pH-PPL1",
    "pH-PPL2",
    "cond-DT",
    "cond-PPL1",
    "cond-PPL2",
    "fDOM-RT",
    "fDOM-PPL1",
    "fDOM-PPL2",
    "DO-RT",
    "DO-PPL1",
    "DO-PPL2",
    "TOC-RT",
    "TOC-PPL1",
    "TOC-PPL2",
    "DOC-RT",
    "DOC-PPL1",
    "DOC-PPL2",
    "minutes_since_start"
  ],
  "feature_columns": [
    "TRC-DT",
    "TRC-RT",
    "pH-DT",
    "pH-RT",
    "cond-DT",
    "fDOM-RT",
    "DO-RT",
    "TOC-RT",
    "DOC-RT",
    "minutes_since_start"
  ],
  "target_columns": [
    "TRC-PPL1",
    "TRC-PPL2"
  ],
  "target_mode": "rate",
  "target_base_columns": [
    "TRC-RT",
    "TRC-RT"
  ],
  "split_boundaries": {
    "train_end": 7796,
    "val_end": 9466,
    "test_end": 11138
  },
  "dataset_sizes": {
    "train": 7543,
    "val": 1670,
    "test": 1672
  },
  "input_dim": 10,
  "sequence_length": 254,
  "training_history": {
    "epochs": [
      1,
      2,
      3,
      4,
      5,
      6,
      7,
      8,
      9,
      10,
      11,
      12,
      13,
      14,
      15,
      16,
      17,
      18,
      19,
      20,
      21,
      22,
      23,
      24,
      25,
      26,
      27,
      28,
      29,
      30,
      31,
      32,
      33,
      34,
      35,
      36,
      37,
      38,
      39,
      40,
      41,
      42,
      43,
      44,
      45,
      46,
      47,
      48,
      49,
      50,
      51,
      52,
      53,
      54,
      55,
      56,
      57,
      58,
      59,
      60,
      61,
      62,
      63,
      64,
      65,
      66,
      67,
      68,
      69,
      70,
      71,
      72,
      73,
      74,
      75,
      76,
      77,
      78,
      79,
      80
    ],
    "train_loss": [
      0.43335939407641005,
      0.09551430151042327,
      0.05359146344962778,
      0.04255493390570818,
      0.03852717362489464,
      0.03394330264493007,
      0.03153395520289341,
      0.03016610010612885,
      0.029891494236344227,
      0.026986282234131128,
      0.026698920638728297,
      0.024640625246668248,
      0.025194569294658593,
      0.0235018225851721,
      0.02227210512538614,
      0.022533984441198057,
      0.022427844276757182,
      0.022563525283815104,
      0.021613319889036933,
      0.02071676699089803,
      0.020828909945297538,
      0.022508645464531483,
      0.021522183687356145,
      0.02243780220490693,
      0.020764909271902998,
      0.02008316587979236,
      0.02045051613087942,
      0.02029185566542976,
      0.020247246243823163,
      0.019902915212662943,
      0.020108862040335015,
      0.01961780782780596,
      0.02097292958699383,
      0.021827330565874936,
      0.020217521451477836,
      0.019499854045538185,
      0.019555461241951455,
      0.019338694680494498,
      0.019571319626932922,
      0.02042728340139396,
      0.020099783626160442,
      0.020137067260444126,
      0.01917279351205839,
      0.019385293293776428,
      0.020170397984401532,
      0.019337109730722307,
      0.018759319964457014,
      0.019052621951329445,
      0.0184511662069839,
      0.020390646970737884,
      0.020277723045255405,
      0.01881666093828641,
      0.018942458450277627,
      0.019993057119645635,
      0.019201267558311367,
      0.018316886969425312,
      0.018992504601068147,
      0.018684246927108624,
      0.019538954676459944,
      0.018884027092546583,
      0.018639714858490624,
      0.01942054931176613,
      0.01870336097850457,
      0.018393394175630958,
      0.019145110198304633,
      0.018658956650105724,
      0.01838321862420052,
      0.01883844921917778,
      0.018366164978122927,
      0.01842931999987796,
      0.01891667050735816,
      0.019098873602935825,
      0.01902407289453144,
      0.019167738696865232,
      0.019580471914261086,
      0.01936008071374525,
      0.0181378839104374,
      0.018923909612909705,
      0.0183399074981178,
      0.018869784823492275
    ],
    "val_loss": [
      0.5535227663502722,
      0.20012496417154096,
      0.22873221750030975,
      0.2378846878063179,
      0.2452402411463732,
      0.25556421080035363,
      0.2584523265947125,
      0.25983296197331596,
      0.27188738509566485,
      0.27170913212313624,
      0.2726227832768492,
      0.27803089932767217,
      0.2812343981808531,
      0.2769044118370125,
      0.27506872001522314,
      0.2850267311413131,
      0.27549467618593915,
      0.28156706751463656,
      0.27735973657248264,
      0.27528437768627784,
      0.2770172199803198,
      0.2736516167660673,
      0.2828025972771787,
      0.27145656739880225,
      0.2759899521659234,
      0.2771570744985592,
      0.270923120354464,
      0.27034694770139134,
      0.27136417895020126,
      0.271534396145872,
      0.2742820260767451,
      0.2724962646732787,
      0.26881451849452037,
      0.2738365286838509,
      0.27174905777691366,
      0.2721988248254011,
      0.2717185299196643,
      0.2718277995457906,
      0.2741303610587548,
      0.27014052621618717,
      0.27569670794966694,
      0.27467453611825043,
      0.283197969555141,
      0.2779965216528156,
      0.275056708537176,
      0.2775499084038649,
      0.27603405735449876,
      0.2793318869824895,
      0.28563237911212946,
      0.28466544708092056,
      0.2770050595620435,
      0.2793169176150225,
      0.27660883026208705,
      0.27719937038278863,
      0.281853692260331,
      0.28260386111493596,
      0.2873684210691623,
      0.2761391704310914,
      0.2883259253587551,
      0.28113172375513407,
      0.28037936510797035,
      0.28318366165646536,
      0.28199447354156815,
      0.28096343079013025,
      0.2878947430742001,
      0.2807928483643218,
      0.2926697579686513,
      0.27851320344530894,
      0.2838320571862295,
      0.281539078494032,
      0.28456760059573694,
      0.2846372206767876,
      0.28327568808715503,
      0.28385669842451633,
      0.28532295787405826,
      0.28366862524769265,
      0.2878415539949954,
      0.2877920634375361,
      0.28461786829782815,
      0.28173536155038253
    ],
    "best_epoch": 2,
    "best_val_loss": 0.20012496417154096,
    "best_val_abs_mse": 0.26568716764450073,
    "test_loss": 4.674008684295217,
    "test_abs_mse": 45.04232406616211,
    "tracker": {
      "initial_train_loss": 0.43335939407641005,
      "train_threshold": 0.14445313135880336,
      "best_tracking": true,
      "patience_active": true,
      "patience_best_train": null,
      "patience_best_val": 0.20012496417154096,
      "patience_no_improve_epochs": 79,
      "best_train_loss": Infinity,
      "forced_stop_due_to_threshold": false
    }
  },
  "model_files": {
    "best": "scripts/outputs/lstm-trc-rate/trial_14_0aa37d/best_model.pt",
    "last": "scripts/outputs/lstm-trc-rate/trial_14_0aa37d/last_model.pt"
  },
  "config_path": "/home/amoris/data-analysis-on-dbps/scripts/outputs/lstm-trc-rate/trial_14_0aa37d/config.yaml"
}