{
  "model_name": "mlp_with_history-trc-value/trial_10_0f7f5c",
  "model_type": "MLP_WITH_HISTORY",
  "model_format": "torch",
  "model_params": {
    "history_length": 17,
    "hidden_layers": [
      4096,
      3072,
      2048,
      1024,
      768,
      512,
      256,
      128
    ],
    "dropout": 0.11688290397061425,
    "mid_layer_count": 10,
    "mid_layer_size": 575
  },
  "training_params": {
    "max_epochs": 500,
    "batch_size": 394,
    "learning_rate": 0.0005003023899147157,
    "weight_decay": 0.009183770560234724,
    "checkpoint_interval": 10,
    "seed": 77
  },
  "data_csv": "data/time_aligned_data.csv",
  "timestamp_column": "Date, Time",
  "columns": [
    "TRC-DT",
    "TRC-RT",
    "TRC-PPL1",
    "TRC-PPL2",
    "pH-DT",
    "pH-RT",
    "pH-PPL1",
    "pH-PPL2",
    "cond-DT",
    "cond-PPL1",
    "cond-PPL2",
    "fDOM-RT",
    "fDOM-PPL1",
    "fDOM-PPL2",
    "DO-RT",
    "DO-PPL1",
    "DO-PPL2",
    "TOC-RT",
    "TOC-PPL1",
    "TOC-PPL2",
    "DOC-RT",
    "DOC-PPL1",
    "DOC-PPL2",
    "minutes_since_start"
  ],
  "feature_columns": [
    "TRC-DT",
    "TRC-RT",
    "pH-DT",
    "pH-RT",
    "cond-DT",
    "fDOM-RT",
    "DO-RT",
    "TOC-RT",
    "DOC-RT",
    "minutes_since_start"
  ],
  "target_columns": [
    "TRC-PPL1",
    "TRC-PPL2"
  ],
  "split_boundaries": {
    "train_end": 7796,
    "val_end": 9466,
    "test_end": 11138
  },
  "dataset_sizes": {
    "train": 7780,
    "val": 1670,
    "test": 1672
  },
  "input_dim": 170,
  "sequence_length": null,
  "training_history": {
    "epochs": [
      1,
      2,
      3,
      4,
      5,
      6,
      7,
      8,
      9,
      10,
      11,
      12,
      13,
      14,
      15,
      16,
      17,
      18,
      19,
      20,
      21,
      22,
      23,
      24,
      25,
      26,
      27,
      28,
      29,
      30,
      31,
      32,
      33,
      34,
      35,
      36,
      37,
      38,
      39,
      40,
      41,
      42,
      43,
      44,
      45,
      46,
      47,
      48,
      49,
      50,
      51,
      52,
      53,
      54,
      55,
      56,
      57,
      58,
      59,
      60,
      61,
      62,
      63,
      64,
      65,
      66,
      67,
      68,
      69,
      70,
      71,
      72,
      73,
      74,
      75,
      76,
      77,
      78,
      79,
      80
    ],
    "train_loss": [
      0.9823590808172152,
      0.35083119629817633,
      0.13795328724813338,
      0.11668575290006353,
      0.10560100590738355,
      0.10389826432215217,
      0.10951826030575218,
      0.09974935571914467,
      0.0985475228558316,
      0.09447076494558918,
      0.09744493549349682,
      0.09317214037734622,
      0.09142135873551847,
      0.09907676992042512,
      0.09331521467140524,
      0.09390307614115333,
      0.09083445533573781,
      0.10068447888472086,
      0.09325665230539587,
      0.08897302114335308,
      0.08954087209464039,
      0.09211505387926469,
      0.09554327521233755,
      0.08552569338434153,
      0.08484039597002584,
      0.08815022502046624,
      0.09168377630508344,
      0.09501333651168793,
      0.08827429811798208,
      0.08590805252827226,
      0.0886764396508739,
      0.08360681314701286,
      0.08657345878664204,
      0.09163160661383889,
      0.08071073955619243,
      0.08223705197706015,
      0.08161870778219865,
      0.08769190927972217,
      0.08214024734566022,
      0.08410960504244103,
      0.08160726865298644,
      0.08322430851373697,
      0.08256290348720735,
      0.0818025839953159,
      0.07870571443040145,
      0.08206226887195767,
      0.07796276680224966,
      0.07748322949234808,
      0.07885476375874946,
      0.07533626456800034,
      0.07789495763174979,
      0.08080257563384916,
      0.08362885835008327,
      0.07835674696149433,
      0.07761485625853269,
      0.07688968374673995,
      0.07699490034794747,
      0.08384537831102055,
      0.07710301140586637,
      0.07338806880700251,
      0.08032613092300825,
      0.07987771799409604,
      0.07411674256304848,
      0.08089775567764182,
      0.07758046754643053,
      0.07738023767281314,
      0.07988050451506992,
      0.07376395475531146,
      0.07579869491582052,
      0.07277782890744565,
      0.0768193507121737,
      0.0750279830629844,
      0.0745890949792911,
      0.08412070599573743,
      0.0800192006506926,
      0.07450726661630032,
      0.07686499230046505,
      0.07801215921009108,
      0.0753285794913922,
      0.07226851246963736
    ],
    "val_loss": [
      0.4147165228328305,
      0.22082628960425627,
      0.24152787445994195,
      0.22968002545262525,
      0.3712837200968744,
      0.6628673523664474,
      0.23357119872541485,
      0.21836426368061296,
      0.257496070794895,
      0.4097709883182884,
      0.24592733628557115,
      0.23613439866391842,
      0.2897554596785657,
      0.27734357688999817,
      0.23366638555855093,
      0.3099964312160622,
      0.4713349011196883,
      0.3484453774475587,
      0.3029202883115072,
      0.2665537120250171,
      0.2723865430110586,
      0.2603226934743677,
      0.2986333370855647,
      0.35464026411537997,
      0.41781812775991634,
      0.2621821306757406,
      0.2702600188374876,
      0.3078643439348765,
      0.3107741076030774,
      0.5952930392931678,
      0.4132049392217291,
      0.37957688523623756,
      0.41167467992730483,
      0.3227699609618344,
      0.38278146357593423,
      0.3267779942891912,
      0.2895822855080673,
      0.46295137815846654,
      0.34903216100559975,
      0.397702239846398,
      0.3689143881023287,
      0.32913023448900547,
      0.411537915227299,
      0.3862089426083836,
      0.40947354419859583,
      0.3818661025541271,
      0.49656678511354024,
      0.368890553431775,
      0.42461696610657756,
      0.42184112442289284,
      0.4652809148732417,
      0.373851996843151,
      0.30418109918336667,
      0.4612774630461981,
      0.47331526165683113,
      0.3837603523524222,
      0.316072326889652,
      0.3047318846076548,
      0.5051665989269396,
      0.29188391181701673,
      0.43486873843445034,
      0.4547478671782388,
      0.5129556169856094,
      0.3276574468719745,
      0.34087364910070056,
      0.40677689960349106,
      0.36380999532199193,
      0.5692002860862695,
      0.42267523456565637,
      0.5442444972515463,
      0.41683450948870826,
      0.4027495036002048,
      0.4727688578966849,
      0.368584631508339,
      0.38845784928270444,
      0.5829167500138283,
      0.38975412658677844,
      0.3421975918248028,
      0.38554339768465407,
      0.4584021682555447
    ],
    "best_epoch": 8,
    "best_val_loss": 0.21836426368061296,
    "test_loss": 4.624354231870916,
    "tracker": {
      "initial_train_loss": 0.9823590808172152,
      "train_threshold": 0.32745302693907175,
      "best_tracking": true,
      "patience_active": true,
      "patience_best_train": null,
      "patience_best_val": 0.21836426368061296,
      "patience_no_improve_epochs": 72,
      "best_train_loss": Infinity,
      "forced_stop_due_to_threshold": false
    }
  },
  "model_files": {
    "best": "scripts/outputs/mlp_with_history-trc-value/trial_10_0f7f5c/best_model.pt",
    "last": "scripts/outputs/mlp_with_history-trc-value/trial_10_0f7f5c/last_model.pt"
  },
  "config_path": "/home/amoris/data-analysis-on-dbps/scripts/outputs/mlp_with_history-trc-value/trial_10_0f7f5c/config.yaml"
}