{
  "model_name": "gru-other-value/trial_46_0b43d0",
  "model_type": "GRU",
  "model_format": "torch",
  "model_params": {
    "history_length": 65,
    "units": 212,
    "num_layers": 2,
    "dropout": 0.4988701974859703
  },
  "training_params": {
    "max_epochs": 500,
    "batch_size": 90,
    "learning_rate": 0.0006977982376741032,
    "weight_decay": 0.002181854832888807,
    "checkpoint_interval": 10,
    "seed": 947
  },
  "data_csv": "data/time_aligned_data.csv",
  "timestamp_column": "Date, Time",
  "columns": [
    "TRC-DT",
    "TRC-RT",
    "TRC-PPL1",
    "TRC-PPL2",
    "pH-DT",
    "pH-RT",
    "pH-PPL1",
    "pH-PPL2",
    "cond-DT",
    "cond-PPL1",
    "cond-PPL2",
    "fDOM-RT",
    "fDOM-PPL1",
    "fDOM-PPL2",
    "DO-RT",
    "DO-PPL1",
    "DO-PPL2",
    "TOC-RT",
    "TOC-PPL1",
    "TOC-PPL2",
    "DOC-RT",
    "DOC-PPL1",
    "DOC-PPL2",
    "minutes_since_start"
  ],
  "feature_columns": [
    "TRC-DT",
    "TRC-RT",
    "pH-DT",
    "pH-RT",
    "cond-DT",
    "fDOM-RT",
    "DO-RT",
    "TOC-RT",
    "DOC-RT",
    "minutes_since_start"
  ],
  "target_columns": [
    "TOC-PPL1",
    "TOC-PPL2",
    "DOC-PPL1",
    "DOC-PPL2",
    "pH-PPL1",
    "pH-PPL2"
  ],
  "split_boundaries": {
    "train_end": 7796,
    "val_end": 9466,
    "test_end": 11138
  },
  "dataset_sizes": {
    "train": 7732,
    "val": 1670,
    "test": 1672
  },
  "input_dim": 10,
  "sequence_length": 65,
  "training_history": {
    "epochs": [
      1,
      2,
      3,
      4,
      5,
      6,
      7,
      8,
      9,
      10,
      11,
      12,
      13,
      14,
      15,
      16,
      17,
      18,
      19,
      20,
      21,
      22,
      23,
      24,
      25,
      26,
      27,
      28,
      29,
      30,
      31,
      32,
      33,
      34,
      35,
      36,
      37,
      38,
      39,
      40,
      41,
      42,
      43,
      44,
      45,
      46,
      47,
      48,
      49,
      50,
      51,
      52,
      53,
      54,
      55,
      56,
      57,
      58,
      59,
      60,
      61,
      62,
      63,
      64,
      65,
      66,
      67,
      68,
      69,
      70,
      71,
      72,
      73,
      74,
      75,
      76,
      77,
      78,
      79,
      80
    ],
    "train_loss": [
      0.31701190903035087,
      0.23456500153420073,
      0.2211966520947184,
      0.20673441285227964,
      0.18508963280709617,
      0.1641926496904931,
      0.15250716787226695,
      0.1397531022328789,
      0.13976933418609783,
      0.1277772487867267,
      0.1278236941701843,
      0.12434282450634646,
      0.1381828929290399,
      0.12602346632542907,
      0.12142871676973586,
      0.13115555294864054,
      0.1162033062437872,
      0.12183918852688609,
      0.10996781698723439,
      0.11579425219182393,
      0.10589382840070895,
      0.10720789298006617,
      0.09999230281829033,
      0.10095217617963856,
      0.10348963367656852,
      0.12457658562074964,
      0.09140579560670406,
      0.08796538871053396,
      0.0877019770354788,
      0.0818128489378013,
      0.08395236068001943,
      0.0809730979841852,
      0.07450004295960061,
      0.07891390058782917,
      0.08041306680084755,
      0.08421952584907759,
      0.07451137910759394,
      0.07197120515904276,
      0.06930085181981803,
      0.074935852742209,
      0.06995671022966682,
      0.07102144989331985,
      0.07249574216571239,
      0.06902660967746486,
      0.06844895352516468,
      0.06868783854799941,
      0.06452523921488698,
      0.0660492909018989,
      0.07148883046955255,
      0.06892337025163923,
      0.06780492856258317,
      0.063616335715769,
      0.06586375703242117,
      0.06764067263008551,
      0.06454115407999106,
      0.06405246932786084,
      0.0629291234251769,
      0.06480372252412028,
      0.06492877021370252,
      0.06940593005510204,
      0.06686438871398222,
      0.061237737793712436,
      0.06805462232442545,
      0.06373800538996773,
      0.06618774095063559,
      0.06352859442457133,
      0.06111253648649456,
      0.06409522196190288,
      0.0609455115349257,
      0.058369300707372986,
      0.06228962711377028,
      0.06106346820284065,
      0.05839443804702948,
      0.058123040810396986,
      0.056904175700846264,
      0.05944309730527935,
      0.06072037149195651,
      0.05843532979064387,
      0.05695612568637588,
      0.059494471852944666
    ],
    "val_loss": [
      0.40299708373889237,
      0.47987290070263927,
      0.5610792036586536,
      0.5978968459778203,
      0.5053501774272519,
      0.6377896274813635,
      0.7269946887286124,
      0.7228173183466859,
      0.6438473050822755,
      0.7213376971731286,
      0.6543765818354433,
      0.529062932279117,
      0.47803083787153583,
      0.6769957758575499,
      0.47882190337794983,
      0.4865940903720563,
      0.40252604228472283,
      0.3770414492238068,
      0.4614538065196868,
      0.41076592855646227,
      0.43235813413640695,
      0.41331995037679903,
      0.3683432491195059,
      0.37112968236564875,
      0.32079921881417317,
      0.40260160170093984,
      0.41771652495968126,
      0.3751285256382948,
      0.4966480690918997,
      0.40794698456804196,
      0.49579891972913,
      0.6047686204581917,
      0.4752551327030102,
      0.5120108641550213,
      0.46549389109818523,
      0.44222147084638747,
      0.39251499538293144,
      0.5313384038602521,
      0.6127614900023638,
      0.5503443714208945,
      0.5681399889513404,
      0.4377128601431133,
      0.42949716113284675,
      0.4675255394624379,
      0.3972114020746625,
      0.43490248740076304,
      0.4760174424705391,
      0.4792497299923868,
      0.4381380671869495,
      0.4639389492615968,
      0.4395776577516944,
      0.466460460317349,
      0.4409953752409912,
      0.44178857239420544,
      0.4614915679136436,
      0.4025511037179096,
      0.4721079899700816,
      0.5065930087766247,
      0.423765279531122,
      0.42967203482539357,
      0.40927817520802606,
      0.4515010716315515,
      0.40605207153423106,
      0.3935306472871118,
      0.40034617644227194,
      0.3807184689951514,
      0.3938885556009715,
      0.46072121258981213,
      0.407743824411652,
      0.4290254422112139,
      0.453148851628432,
      0.45312578342631904,
      0.4518065633709559,
      0.3999655240934766,
      0.40397978083280744,
      0.4242167214968961,
      0.3911333702460021,
      0.428831277091703,
      0.410629758444018,
      0.453199842465138
    ],
    "best_epoch": 25,
    "best_val_loss": 0.32079921881417317,
    "test_loss": 0.422664054228287,
    "tracker": {
      "initial_train_loss": 0.31701190903035087,
      "train_threshold": 0.1056706363434503,
      "best_tracking": true,
      "patience_active": true,
      "patience_best_train": null,
      "patience_best_val": 0.32079921881417317,
      "patience_no_improve_epochs": 55,
      "best_train_loss": Infinity,
      "forced_stop_due_to_threshold": false
    }
  },
  "model_files": {
    "best": "scripts/outputs/gru-other-value/trial_46_0b43d0/best_model.pt",
    "last": "scripts/outputs/gru-other-value/trial_46_0b43d0/last_model.pt"
  },
  "config_path": "/home/amoris/data-analysis-on-dbps/scripts/outputs/gru-other-value/trial_46_0b43d0/config.yaml"
}