{
  "model_name": "gru-trc-rate/trial_13_1b8430",
  "model_type": "GRU",
  "model_format": "torch",
  "model_params": {
    "history_length": 65,
    "units": 275,
    "num_layers": 7,
    "dropout": 0.2974560147258263
  },
  "training_params": {
    "max_epochs": 500,
    "batch_size": 223,
    "learning_rate": 0.0005487651164995734,
    "weight_decay": 0.000372569204493212,
    "checkpoint_interval": 10,
    "seed": 947
  },
  "data_csv": "data/time_aligned_data.csv",
  "timestamp_column": "Date, Time",
  "columns": [
    "TRC-DT",
    "TRC-RT",
    "TRC-PPL1",
    "TRC-PPL2",
    "pH-DT",
    "pH-RT",
    "pH-PPL1",
    "pH-PPL2",
    "cond-DT",
    "cond-PPL1",
    "cond-PPL2",
    "fDOM-RT",
    "fDOM-PPL1",
    "fDOM-PPL2",
    "DO-RT",
    "DO-PPL1",
    "DO-PPL2",
    "TOC-RT",
    "TOC-PPL1",
    "TOC-PPL2",
    "DOC-RT",
    "DOC-PPL1",
    "DOC-PPL2",
    "minutes_since_start"
  ],
  "feature_columns": [
    "TRC-DT",
    "TRC-RT",
    "pH-DT",
    "pH-RT",
    "cond-DT",
    "fDOM-RT",
    "DO-RT",
    "TOC-RT",
    "DOC-RT",
    "minutes_since_start"
  ],
  "target_columns": [
    "TRC-PPL1",
    "TRC-PPL2"
  ],
  "target_mode": "rate",
  "target_base_columns": [
    "TRC-RT",
    "TRC-RT"
  ],
  "split_boundaries": {
    "train_end": 7796,
    "val_end": 9466,
    "test_end": 11138
  },
  "dataset_sizes": {
    "train": 7732,
    "val": 1670,
    "test": 1672
  },
  "input_dim": 10,
  "sequence_length": 65,
  "training_history": {
    "epochs": [
      1,
      2,
      3,
      4,
      5,
      6,
      7,
      8,
      9,
      10,
      11,
      12,
      13,
      14,
      15,
      16,
      17,
      18,
      19,
      20,
      21,
      22,
      23,
      24,
      25,
      26,
      27,
      28,
      29,
      30,
      31,
      32,
      33,
      34,
      35,
      36,
      37,
      38,
      39,
      40,
      41,
      42,
      43,
      44,
      45,
      46,
      47,
      48,
      49,
      50,
      51,
      52,
      53,
      54,
      55,
      56,
      57,
      58,
      59,
      60,
      61,
      62,
      63,
      64,
      65,
      66,
      67,
      68,
      69,
      70,
      71,
      72,
      73,
      74,
      75,
      76,
      77,
      78,
      79,
      80
    ],
    "train_loss": [
      0.36065929055221635,
      0.14843252333015033,
      0.09568524199205009,
      0.06103843432334163,
      0.04837211166627501,
      0.04297741516736571,
      0.044723849402970896,
      0.03974368883488604,
      0.03694930545257215,
      0.035198593020498894,
      0.03687959307620656,
      0.03380160693867461,
      0.03281547930558967,
      0.0359319970859682,
      0.03182534152493498,
      0.030502797214509953,
      0.04277701097537185,
      0.034678163893898564,
      0.03196735281436533,
      0.029068320913725007,
      0.028498440094155333,
      0.031527624845666645,
      0.02936332831684398,
      0.027482392180391113,
      0.026947913629971773,
      0.025677060470393576,
      0.02793218388713114,
      0.025933673571837623,
      0.02467368783735691,
      0.02576406369423248,
      0.027137874739569315,
      0.029952633395536662,
      0.029349824332714512,
      0.026892007471664977,
      0.023867429417653893,
      0.025449081541574332,
      0.031680517556532194,
      0.027157107560350467,
      0.02537785337773425,
      0.024022606319993103,
      0.023431703265933673,
      0.02358986075294955,
      0.02272627598654712,
      0.02178903077924176,
      0.021676533117859522,
      0.022112420301179055,
      0.02478855659422044,
      0.022402415355350445,
      0.021007040255610045,
      0.025993624699205176,
      0.029147531412275912,
      0.024998742797731413,
      0.021146682031313896,
      0.02137778796240171,
      0.022778244276202935,
      0.0204599155992389,
      0.02088363481222026,
      0.027378861473673792,
      0.022058787321083084,
      0.02096269479160189,
      0.02162051074080597,
      0.02325175926368732,
      0.020862031722488534,
      0.02522454861974545,
      0.02263151413090893,
      0.021286354083673853,
      0.022532477799515865,
      0.0200776321651097,
      0.019783450114462222,
      0.0201973083512872,
      0.021475020860140182,
      0.022415609222071208,
      0.02191429897184993,
      0.02135332255536065,
      0.022583941147078273,
      0.022836929252462734,
      0.02064558304677656,
      0.02034837427340444,
      0.02102098916621134,
      0.020947070054919976
    ],
    "val_loss": [
      0.30562095187916727,
      0.271179704845487,
      0.22716998465493055,
      0.19593970820218504,
      0.25270900631289994,
      0.35228219612272915,
      0.4707974260918305,
      0.6401087377789224,
      0.5107028382579366,
      0.5638590689057005,
      0.5172174151808381,
      0.48675058447493763,
      0.535070051625371,
      0.48886958869051433,
      0.6620533179380222,
      0.32880096272481774,
      0.49344267707407297,
      0.47690875805959015,
      0.36926501038634846,
      0.4810402082803542,
      0.3811578909760553,
      0.32618485127246666,
      0.4469342691745765,
      0.320547644617761,
      0.37784357844757105,
      0.36358113794805047,
      0.35831189670538655,
      0.308785854427222,
      0.32507332547339135,
      0.32841784556558035,
      0.34184431108328217,
      0.29831551963764574,
      0.31488513321041345,
      0.2955395406825903,
      0.3461006228326859,
      0.3091594324285488,
      0.30210572595702495,
      0.31034197923309076,
      0.2984007120266289,
      0.285799782846993,
      0.31085225217557416,
      0.2832930916897997,
      0.2975832228599016,
      0.2983186875921702,
      0.32392268580479355,
      0.3050727747023819,
      0.3567071728296801,
      0.3224356153176841,
      0.2930056609402963,
      0.31539856749558876,
      0.32245880421362594,
      0.30308339191924133,
      0.3040156329318346,
      0.3122758462110501,
      0.3197700144946129,
      0.32336911807940927,
      0.29097164212809706,
      0.2921373924418927,
      0.3250768605920815,
      0.30526209540531307,
      0.30211845414746485,
      0.2956339069736932,
      0.3126878257149351,
      0.3303225004164402,
      0.309257603059718,
      0.3077854953516654,
      0.30739354188972245,
      0.3036786721483944,
      0.30042464802498947,
      0.2939422861901586,
      0.2870865917926331,
      0.32539886520160527,
      0.31218832299715565,
      0.3019608357419332,
      0.3027283717560286,
      0.29448755904251406,
      0.2794057725164705,
      0.32147420418119715,
      0.29627669817227087,
      0.30945311902525896
    ],
    "best_epoch": 4,
    "best_val_loss": 0.19593970820218504,
    "best_val_abs_mse": 0.18986229598522186,
    "test_loss": 4.668331723963244,
    "test_abs_mse": 45.08147048950195,
    "tracker": {
      "initial_train_loss": 0.36065929055221635,
      "train_threshold": 0.12021976351740545,
      "best_tracking": true,
      "patience_active": true,
      "patience_best_train": null,
      "patience_best_val": 0.19593970820218504,
      "patience_no_improve_epochs": 76,
      "best_train_loss": Infinity,
      "forced_stop_due_to_threshold": false
    }
  },
  "model_files": {
    "best": "scripts/outputs/gru-trc-rate/trial_13_1b8430/best_model.pt",
    "last": "scripts/outputs/gru-trc-rate/trial_13_1b8430/last_model.pt"
  },
  "config_path": "/home/amoris/data-analysis-on-dbps/scripts/outputs/gru-trc-rate/trial_13_1b8430/config.yaml"
}