{
  "model_name": "rnn-trc-rate/trial_37_9796ed",
  "model_type": "RNN",
  "model_format": "torch",
  "model_params": {
    "history_length": 109,
    "units": 238,
    "num_layers": 5,
    "dropout": 0.4463333576591747
  },
  "training_params": {
    "max_epochs": 500,
    "batch_size": 153,
    "learning_rate": 0.0013458805536334941,
    "weight_decay": 0.003560780174534123,
    "checkpoint_interval": 10,
    "seed": 947
  },
  "data_csv": "data/time_aligned_data.csv",
  "timestamp_column": "Date, Time",
  "columns": [
    "TRC-DT",
    "TRC-RT",
    "TRC-PPL1",
    "TRC-PPL2",
    "pH-DT",
    "pH-RT",
    "pH-PPL1",
    "pH-PPL2",
    "cond-DT",
    "cond-PPL1",
    "cond-PPL2",
    "fDOM-RT",
    "fDOM-PPL1",
    "fDOM-PPL2",
    "DO-RT",
    "DO-PPL1",
    "DO-PPL2",
    "TOC-RT",
    "TOC-PPL1",
    "TOC-PPL2",
    "DOC-RT",
    "DOC-PPL1",
    "DOC-PPL2",
    "minutes_since_start"
  ],
  "feature_columns": [
    "TRC-DT",
    "TRC-RT",
    "pH-DT",
    "pH-RT",
    "cond-DT",
    "fDOM-RT",
    "DO-RT",
    "TOC-RT",
    "DOC-RT",
    "minutes_since_start"
  ],
  "target_columns": [
    "TRC-PPL1",
    "TRC-PPL2"
  ],
  "target_mode": "rate",
  "target_base_columns": [
    "TRC-RT",
    "TRC-RT"
  ],
  "split_boundaries": {
    "train_end": 7796,
    "val_end": 9466,
    "test_end": 11138
  },
  "dataset_sizes": {
    "train": 7688,
    "val": 1670,
    "test": 1672
  },
  "input_dim": 10,
  "sequence_length": 109,
  "training_history": {
    "epochs": [
      1,
      2,
      3,
      4,
      5,
      6,
      7,
      8,
      9,
      10,
      11,
      12,
      13,
      14,
      15,
      16,
      17,
      18,
      19,
      20,
      21,
      22,
      23,
      24,
      25,
      26,
      27,
      28,
      29,
      30,
      31,
      32,
      33,
      34,
      35,
      36,
      37,
      38,
      39,
      40,
      41,
      42,
      43,
      44,
      45,
      46,
      47,
      48,
      49,
      50,
      51,
      52,
      53,
      54,
      55,
      56,
      57,
      58,
      59,
      60,
      61,
      62,
      63,
      64,
      65,
      66,
      67,
      68,
      69,
      70,
      71,
      72,
      73,
      74,
      75,
      76,
      77,
      78,
      79,
      80
    ],
    "train_loss": [
      0.35428541084086673,
      0.1364436072213081,
      0.09615087088557982,
      0.08392529877951285,
      0.06154529338568821,
      0.47917986112141847,
      0.1624024976355011,
      0.09965886097376184,
      0.10641974732754646,
      0.1364499593956026,
      0.11645678552226178,
      0.06854104126719264,
      0.11636462486392657,
      0.3794245637146975,
      0.11800205984136379,
      0.12731217015554022,
      0.2531275555537965,
      0.16147174547125007,
      0.2734449908455192,
      0.15370892914463682,
      0.19354556978880802,
      0.10293597056027444,
      0.08257098918689587,
      0.06695719724995909,
      0.0744893877354182,
      0.06325406975255315,
      0.06560615705070352,
      0.05627094467706459,
      0.0646682016480749,
      0.06029061868575544,
      0.0573019441561221,
      0.05102109955478378,
      0.05066702096033977,
      0.0575807090305009,
      0.06064471783035054,
      0.051440253213210795,
      0.05166165621924087,
      0.05089092433344065,
      0.05457163612677112,
      0.054760101628291126,
      0.04659147858939499,
      0.054486157275197504,
      0.05272505918380094,
      0.05120918272512807,
      0.04831151053179579,
      0.04621749933427209,
      0.06212059557234382,
      0.05234790677941258,
      0.056809609782039874,
      0.05695379430013365,
      0.05040909863260267,
      0.05828859254089838,
      0.04516190522361031,
      0.051554283725134604,
      0.050977412862732274,
      0.05267644522500367,
      0.05546719361335024,
      0.04485510698055439,
      0.05201049066758274,
      0.044650432583948636,
      0.04991524251522913,
      0.04409607046920492,
      0.04724276936579104,
      0.04679766111245474,
      0.05295526159977643,
      0.047387920846265204,
      0.049713342986239216,
      0.046193047167886435,
      0.0466363784953037,
      0.04903564563614164,
      0.043548355523000674,
      0.054516728820606805,
      0.053713354394498834,
      0.05156601338020286,
      0.04618211989615667,
      0.049503478088826096,
      0.05047358304667253,
      0.04670431397314514,
      0.041209269915857626,
      0.04561246693537461
    ],
    "val_loss": [
      0.358481411571185,
      0.33016627772214885,
      0.28013713778872157,
      0.2828726206510188,
      0.40405201666324797,
      0.36054179895959215,
      0.5083240745667212,
      0.48929395518840074,
      0.2940348395285849,
      0.30150905442898146,
      0.30086654695475884,
      0.31558942055095457,
      0.7929406113788753,
      0.5181324002271641,
      0.45010803375995445,
      0.31010844189963654,
      0.43114655607876307,
      0.264769263664807,
      0.3434875294142319,
      0.3289948919219171,
      0.29828298817762355,
      0.29108576083076215,
      0.2861850425623313,
      0.2986092307610426,
      0.4434769535403766,
      0.42302892858575203,
      0.30876466978319034,
      0.2936312660652988,
      0.29429902528039,
      0.29450483536068905,
      0.29276329279392066,
      0.29995144728325795,
      0.31420162874915286,
      0.2939898238232928,
      0.3347894664764583,
      0.3443701955952687,
      0.3016870745909428,
      0.31391525444000246,
      0.31756166896732624,
      0.30081232026174753,
      0.31825232891265504,
      0.2899162247631989,
      0.36516472334767175,
      0.2893432562468116,
      0.3268866497577129,
      0.30662459011027915,
      0.32880266497279714,
      0.31584277004003525,
      0.303686181748074,
      0.2969075497485206,
      0.295608686133773,
      0.3239653057982019,
      0.29286353656364056,
      0.333117740494227,
      0.3129919480097419,
      0.3096621982217906,
      0.30092689800940586,
      0.3010741545768555,
      0.3300591292294735,
      0.3373087658853588,
      0.2983529400905806,
      0.2945738661075067,
      0.3086635042193853,
      0.32955996912798124,
      0.3307153756769296,
      0.32567961347027274,
      0.3015475877767016,
      0.31913300899643743,
      0.3442693767611852,
      0.3135712647966728,
      0.32218934585100517,
      0.3125090673253565,
      0.30875027664005755,
      0.307202342094597,
      0.30435611253191613,
      0.3186346324952598,
      0.3004786725953489,
      0.30775244612202135,
      0.2893678177750396,
      0.32165217529090046
    ],
    "best_epoch": 18,
    "best_val_loss": 0.264769263664807,
    "best_val_abs_mse": 0.3335534334182739,
    "test_loss": 4.907781799444171,
    "test_abs_mse": 46.502403259277344,
    "tracker": {
      "initial_train_loss": 0.35428541084086673,
      "train_threshold": 0.11809513694695557,
      "best_tracking": true,
      "patience_active": true,
      "patience_best_train": null,
      "patience_best_val": 0.264769263664807,
      "patience_no_improve_epochs": 62,
      "best_train_loss": Infinity,
      "forced_stop_due_to_threshold": false
    }
  },
  "model_files": {
    "best": "scripts/outputs/rnn-trc-rate/trial_37_9796ed/best_model.pt",
    "last": "scripts/outputs/rnn-trc-rate/trial_37_9796ed/last_model.pt"
  },
  "config_path": "/home/amoris/data-analysis-on-dbps/scripts/outputs/rnn-trc-rate/trial_37_9796ed/config.yaml"
}