{
  "model_name": "lstm-trc-rate/trial_69_510728",
  "model_type": "LSTM",
  "model_format": "torch",
  "model_params": {
    "history_length": 153,
    "units": 276,
    "num_layers": 3,
    "dropout": 0.4338195153180139
  },
  "training_params": {
    "max_epochs": 500,
    "batch_size": 246,
    "learning_rate": 0.0004040072050795811,
    "weight_decay": 0.00015063057050864313,
    "checkpoint_interval": 10,
    "seed": 947
  },
  "data_csv": "data/time_aligned_data.csv",
  "timestamp_column": "Date, Time",
  "columns": [
    "TRC-DT",
    "TRC-RT",
    "TRC-PPL1",
    "TRC-PPL2",
    "pH-DT",
    "pH-RT",
    "pH-PPL1",
    "pH-PPL2",
    "cond-DT",
    "cond-PPL1",
    "cond-PPL2",
    "fDOM-RT",
    "fDOM-PPL1",
    "fDOM-PPL2",
    "DO-RT",
    "DO-PPL1",
    "DO-PPL2",
    "TOC-RT",
    "TOC-PPL1",
    "TOC-PPL2",
    "DOC-RT",
    "DOC-PPL1",
    "DOC-PPL2",
    "minutes_since_start"
  ],
  "feature_columns": [
    "TRC-DT",
    "TRC-RT",
    "pH-DT",
    "pH-RT",
    "cond-DT",
    "fDOM-RT",
    "DO-RT",
    "TOC-RT",
    "DOC-RT",
    "minutes_since_start"
  ],
  "target_columns": [
    "TRC-PPL1",
    "TRC-PPL2"
  ],
  "target_mode": "rate",
  "target_base_columns": [
    "TRC-RT",
    "TRC-RT"
  ],
  "split_boundaries": {
    "train_end": 7796,
    "val_end": 9466,
    "test_end": 11138
  },
  "dataset_sizes": {
    "train": 7644,
    "val": 1670,
    "test": 1672
  },
  "input_dim": 10,
  "sequence_length": 153,
  "training_history": {
    "epochs": [
      1,
      2,
      3,
      4,
      5,
      6,
      7,
      8,
      9,
      10,
      11,
      12,
      13,
      14,
      15,
      16,
      17,
      18,
      19,
      20,
      21,
      22,
      23,
      24,
      25,
      26,
      27,
      28,
      29,
      30,
      31,
      32,
      33,
      34,
      35,
      36,
      37,
      38,
      39,
      40,
      41,
      42,
      43,
      44,
      45,
      46,
      47,
      48,
      49,
      50,
      51,
      52,
      53,
      54,
      55,
      56,
      57,
      58,
      59,
      60,
      61,
      62,
      63,
      64,
      65,
      66,
      67,
      68,
      69,
      70,
      71,
      72,
      73,
      74,
      75,
      76,
      77,
      78,
      79,
      80
    ],
    "train_loss": [
      0.5138445248888744,
      0.13027304588719102,
      0.077361930306457,
      0.05554711076853507,
      0.04614059181717258,
      0.03742930054185061,
      0.03522781727124982,
      0.032402244627510825,
      0.029669423875643097,
      0.02824239854465474,
      0.027491173449628863,
      0.026250250741336464,
      0.02783888511307058,
      0.025162725383342716,
      0.025228717974043528,
      0.030031009893016408,
      0.02440140254684436,
      0.0240401352450158,
      0.021994742573629274,
      0.02298893890193016,
      0.022101873806802032,
      0.02152856228817576,
      0.024476926304470147,
      0.024062720093776704,
      0.021820572921289846,
      0.021722614238100065,
      0.02018991578443435,
      0.019449844802152276,
      0.022717002994165972,
      0.020633762752786396,
      0.019575836999543607,
      0.018702942859001304,
      0.023835374460536605,
      0.020566426270920635,
      0.01964792777496146,
      0.018521462260121174,
      0.019754535873863537,
      0.018424878345752717,
      0.018538471703158817,
      0.018519179277075234,
      0.01855779865689377,
      0.018131376258748198,
      0.018454379412335353,
      0.017753698441289142,
      0.01869695942726109,
      0.018198220698920253,
      0.02093332492434997,
      0.01885564972279561,
      0.01942795680417698,
      0.017936583849626302,
      0.017808468318639362,
      0.01815879500721065,
      0.01748576325626117,
      0.01793791444203122,
      0.01768697562058759,
      0.017704715470533403,
      0.01780759722865779,
      0.017001024747100694,
      0.017221276909317615,
      0.01755085047275951,
      0.01839562331427187,
      0.019812276496974462,
      0.018196732635511848,
      0.01752431117498215,
      0.0187153772434901,
      0.01753176539314668,
      0.018184397107917156,
      0.017066661598163786,
      0.017692914207025873,
      0.01770475870758599,
      0.017843384335177192,
      0.01763595605131642,
      0.01758962625336469,
      0.01734164344319369,
      0.017080731966987464,
      0.01731018110410876,
      0.017293094985590576,
      0.018731810132062043,
      0.01789978768141411,
      0.016879193685083317
    ],
    "val_loss": [
      0.2932788352677208,
      0.5600595857568844,
      0.19145259798286918,
      0.272368847291002,
      0.2111696400395232,
      0.2296237215555892,
      0.24104941950408285,
      0.2533059605246711,
      0.2591601990141019,
      0.259600861412947,
      0.2586489266509603,
      0.2694566731369067,
      0.26645363851779413,
      0.27583253191572105,
      0.2564144983463837,
      0.2600773590365927,
      0.27235159648214274,
      0.27285672882850653,
      0.27016072110412365,
      0.26386135841335007,
      0.2601063012853711,
      0.27167415667972167,
      0.2735965983016405,
      0.274609220242072,
      0.2690596586862902,
      0.25502644992784823,
      0.2669016264289796,
      0.2704871574204839,
      0.2709790218933792,
      0.2776010976200868,
      0.27634134414845596,
      0.28347407221838744,
      0.29340540927996533,
      0.27278615327964645,
      0.27209140416346267,
      0.2912134323313743,
      0.27254564416578075,
      0.28784549107808555,
      0.26687522041137346,
      0.2733684509345693,
      0.27017003871768175,
      0.26981516592873783,
      0.2632977473878575,
      0.27717484575947243,
      0.2588517926276444,
      0.2696508739500524,
      0.27113951317029084,
      0.2767037339553148,
      0.28334325485734524,
      0.2753861001820978,
      0.2679958037697448,
      0.26521298314282993,
      0.2862317879645232,
      0.27700733177497716,
      0.28566237817222845,
      0.2768337878125335,
      0.265418339496155,
      0.26942601822272033,
      0.2734394816068297,
      0.26790388397604764,
      0.2744358366054154,
      0.28468371099697615,
      0.2889144671177436,
      0.2665768203665753,
      0.26680935001792666,
      0.27706121352841395,
      0.27648991297952785,
      0.27625239550353525,
      0.2745389120798268,
      0.28350402677130554,
      0.2684529570449969,
      0.2702195930289116,
      0.27833075995395284,
      0.27687362094526874,
      0.26920871956128917,
      0.28886059622787785,
      0.28992452545615727,
      0.2706900578170658,
      0.27188353075194144,
      0.2850937431622408
    ],
    "best_epoch": 3,
    "best_val_loss": 0.19145259798286918,
    "best_val_abs_mse": 0.20920468866825104,
    "test_loss": 5.499299551596482,
    "test_abs_mse": 47.891578674316406,
    "tracker": {
      "initial_train_loss": 0.5138445248888744,
      "train_threshold": 0.1712815082962915,
      "best_tracking": true,
      "patience_active": true,
      "patience_best_train": null,
      "patience_best_val": 0.19145259798286918,
      "patience_no_improve_epochs": 77,
      "best_train_loss": Infinity,
      "forced_stop_due_to_threshold": false
    }
  },
  "model_files": {
    "best": "scripts/outputs/lstm-trc-rate/trial_69_510728/best_model.pt",
    "last": "scripts/outputs/lstm-trc-rate/trial_69_510728/last_model.pt"
  },
  "config_path": "/home/amoris/data-analysis-on-dbps/scripts/outputs/lstm-trc-rate/trial_69_510728/config.yaml"
}