{
  "model_name": "mlp_with_history-trc-value/trial_45_4cfa80",
  "model_type": "MLP_WITH_HISTORY",
  "model_format": "torch",
  "model_params": {
    "history_length": 22,
    "hidden_layers": [
      4096,
      3072,
      2048,
      1024,
      768,
      512,
      256,
      128
    ],
    "dropout": 0.14044282935358626,
    "mid_layer_count": 5,
    "mid_layer_size": 706
  },
  "training_params": {
    "max_epochs": 500,
    "batch_size": 247,
    "learning_rate": 0.0013269023550511704,
    "weight_decay": 0.009625116548075694,
    "checkpoint_interval": 10,
    "seed": 77
  },
  "data_csv": "data/time_aligned_data.csv",
  "timestamp_column": "Date, Time",
  "columns": [
    "TRC-DT",
    "TRC-RT",
    "TRC-PPL1",
    "TRC-PPL2",
    "pH-DT",
    "pH-RT",
    "pH-PPL1",
    "pH-PPL2",
    "cond-DT",
    "cond-PPL1",
    "cond-PPL2",
    "fDOM-RT",
    "fDOM-PPL1",
    "fDOM-PPL2",
    "DO-RT",
    "DO-PPL1",
    "DO-PPL2",
    "TOC-RT",
    "TOC-PPL1",
    "TOC-PPL2",
    "DOC-RT",
    "DOC-PPL1",
    "DOC-PPL2",
    "minutes_since_start"
  ],
  "feature_columns": [
    "TRC-DT",
    "TRC-RT",
    "pH-DT",
    "pH-RT",
    "cond-DT",
    "fDOM-RT",
    "DO-RT",
    "TOC-RT",
    "DOC-RT",
    "minutes_since_start"
  ],
  "target_columns": [
    "TRC-PPL1",
    "TRC-PPL2"
  ],
  "split_boundaries": {
    "train_end": 7796,
    "val_end": 9466,
    "test_end": 11138
  },
  "dataset_sizes": {
    "train": 7775,
    "val": 1670,
    "test": 1672
  },
  "input_dim": 220,
  "sequence_length": null,
  "training_history": {
    "epochs": [
      1,
      2,
      3,
      4,
      5,
      6,
      7,
      8,
      9,
      10,
      11,
      12,
      13,
      14,
      15,
      16,
      17,
      18,
      19,
      20,
      21,
      22,
      23,
      24,
      25,
      26,
      27,
      28,
      29,
      30,
      31,
      32,
      33,
      34,
      35,
      36,
      37,
      38,
      39,
      40,
      41,
      42,
      43,
      44,
      45,
      46,
      47,
      48,
      49,
      50,
      51,
      52,
      53,
      54,
      55,
      56,
      57,
      58,
      59,
      60,
      61,
      62,
      63,
      64,
      65,
      66,
      67,
      68,
      69,
      70,
      71,
      72,
      73,
      74,
      75,
      76,
      77,
      78,
      79,
      80
    ],
    "train_loss": [
      0.6466342159310338,
      0.15548824940655392,
      0.13045338700246964,
      0.11762670570631119,
      0.11781695606528371,
      0.11521737509505925,
      0.11354803531691192,
      0.110578643865524,
      0.16388506526444885,
      0.21601716114585423,
      0.12768810185109689,
      0.11206694242271963,
      0.11187844773772446,
      0.12473880094443103,
      0.3263916047640935,
      0.41022766108681535,
      0.3186548929524958,
      0.164883745184282,
      0.12747714355923356,
      0.12159741678805214,
      0.11867353371772736,
      0.16788700961606678,
      0.12582427693333273,
      0.11631630008531153,
      0.11879318683956214,
      0.11284356288779587,
      0.13033260499549448,
      0.2209637561910022,
      0.17164824377685498,
      0.12193362682099511,
      0.11186445919742921,
      0.11384016676347739,
      0.11237270294757518,
      0.1153594658775345,
      0.11683808084277861,
      0.11247460474730304,
      0.11198154610261273,
      0.1135157904009727,
      0.10732094144322865,
      0.11171437452556236,
      0.11418059391128288,
      0.11232562177530056,
      0.2921601857336004,
      0.20132994916373895,
      0.1268230432501943,
      0.11435495211667954,
      0.10917397664674225,
      0.12226841639284153,
      0.47515414862770744,
      0.2897770124903829,
      0.13578149517057794,
      0.12154803375339202,
      0.11512099003485161,
      0.11698536044627524,
      0.11300283971802598,
      0.11238630661435449,
      0.1275924648349308,
      0.14728728028355687,
      0.11287010034755879,
      0.11299843190279804,
      0.11569255018349246,
      0.11743687429132953,
      0.1090009263138679,
      0.11444755960986545,
      0.11311067273283311,
      0.11119320134162136,
      0.5386970080785046,
      0.33930006945248203,
      0.1835823730669221,
      0.12846744193333137,
      0.1198856554863154,
      0.11990296612790159,
      0.12338757841054267,
      0.11948161044113123,
      0.12126114477106996,
      0.11626876701208556,
      0.11784002422519818,
      0.1228040056740356,
      0.1440289108843282,
      0.11290384235872716
    ],
    "val_loss": [
      0.18846157914596404,
      0.20453927414993683,
      0.2668575519104739,
      0.25618757115130475,
      0.2586788163559433,
      0.2810227027330213,
      0.29600027106300797,
      0.30663192485888563,
      0.28377756436807133,
      0.26019003426399595,
      0.3164558551536349,
      0.2722153261214673,
      0.2928335871948989,
      0.2689095942649299,
      0.290688609706606,
      0.2677563508760608,
      0.3360600744758894,
      0.3657465611746211,
      0.6259456652501029,
      0.4930491553340665,
      0.49357941904423125,
      0.32110246176982,
      0.36414178541253606,
      0.6502946332097054,
      0.36668182933803445,
      0.39272016595803694,
      0.407677386716722,
      0.39320132849726847,
      0.31967088963144913,
      0.46160199166593435,
      0.3904213567861094,
      0.3781738609387846,
      0.42535921704626367,
      0.6040012207038389,
      0.876257032160452,
      0.436045125625403,
      0.35063117830205465,
      0.33695236290554087,
      0.29745632034843555,
      0.3815123436046753,
      0.44178440386797496,
      0.5548396415450795,
      0.2797133966298874,
      0.5191900099845168,
      0.3142080300939297,
      0.3547217604676317,
      0.2941946908452375,
      0.9805811241001426,
      0.39467453026396787,
      0.2751389713991366,
      0.30249629161671965,
      0.2912167932347445,
      0.2712903549627005,
      0.28875410160953235,
      0.3276218554071948,
      0.30367220429268604,
      0.2879645036946157,
      0.3212208131183229,
      0.2927802949608443,
      0.3345111050972057,
      0.2815743297840396,
      0.27935858111003203,
      0.32223680664835397,
      0.3048839708165583,
      0.41712417471261615,
      0.2862442338002656,
      0.29210739712716044,
      0.29867341164611055,
      0.25948036838947475,
      0.265488433823391,
      0.34198131170681495,
      0.2887383227509831,
      0.26648664157168417,
      0.2750050008486577,
      0.2840067256933558,
      0.28485120347182374,
      0.2964566764315802,
      0.2634558087694431,
      0.34216925919635927,
      0.2868908236327464
    ],
    "best_epoch": 2,
    "best_val_loss": 0.20453927414993683,
    "test_loss": 4.309905153783885,
    "tracker": {
      "initial_train_loss": 0.6466342159310338,
      "train_threshold": 0.21554473864367793,
      "best_tracking": true,
      "patience_active": true,
      "patience_best_train": null,
      "patience_best_val": 0.20453927414993683,
      "patience_no_improve_epochs": 79,
      "best_train_loss": Infinity,
      "forced_stop_due_to_threshold": false
    }
  },
  "model_files": {
    "best": "scripts/outputs/mlp_with_history-trc-value/trial_45_4cfa80/best_model.pt",
    "last": "scripts/outputs/mlp_with_history-trc-value/trial_45_4cfa80/last_model.pt"
  },
  "config_path": "/home/amoris/data-analysis-on-dbps/scripts/outputs/mlp_with_history-trc-value/trial_45_4cfa80/config.yaml"
}