{
  "model_name": "lstm-trc-value/trial_12_4e92ee",
  "model_type": "LSTM",
  "model_format": "torch",
  "model_params": {
    "history_length": 133,
    "units": 277,
    "num_layers": 2,
    "dropout": 0.279554157419605
  },
  "training_params": {
    "max_epochs": 500,
    "batch_size": 198,
    "learning_rate": 0.001987197277159463,
    "weight_decay": 0.0003677028438373413,
    "checkpoint_interval": 10,
    "seed": 947
  },
  "data_csv": "data/time_aligned_data.csv",
  "timestamp_column": "Date, Time",
  "columns": [
    "TRC-DT",
    "TRC-RT",
    "TRC-PPL1",
    "TRC-PPL2",
    "pH-DT",
    "pH-RT",
    "pH-PPL1",
    "pH-PPL2",
    "cond-DT",
    "cond-PPL1",
    "cond-PPL2",
    "fDOM-RT",
    "fDOM-PPL1",
    "fDOM-PPL2",
    "DO-RT",
    "DO-PPL1",
    "DO-PPL2",
    "TOC-RT",
    "TOC-PPL1",
    "TOC-PPL2",
    "DOC-RT",
    "DOC-PPL1",
    "DOC-PPL2",
    "minutes_since_start"
  ],
  "feature_columns": [
    "TRC-DT",
    "TRC-RT",
    "pH-DT",
    "pH-RT",
    "cond-DT",
    "fDOM-RT",
    "DO-RT",
    "TOC-RT",
    "DOC-RT",
    "minutes_since_start"
  ],
  "target_columns": [
    "TRC-PPL1",
    "TRC-PPL2"
  ],
  "split_boundaries": {
    "train_end": 7796,
    "val_end": 9466,
    "test_end": 11138
  },
  "dataset_sizes": {
    "train": 7664,
    "val": 1670,
    "test": 1672
  },
  "input_dim": 10,
  "sequence_length": 133,
  "training_history": {
    "epochs": [
      1,
      2,
      3,
      4,
      5,
      6,
      7,
      8,
      9,
      10,
      11,
      12,
      13,
      14,
      15,
      16,
      17,
      18,
      19,
      20,
      21,
      22,
      23,
      24,
      25,
      26,
      27,
      28,
      29,
      30,
      31,
      32,
      33,
      34,
      35,
      36,
      37,
      38,
      39,
      40,
      41,
      42,
      43,
      44,
      45,
      46,
      47,
      48,
      49,
      50,
      51,
      52,
      53,
      54,
      55,
      56,
      57,
      58,
      59,
      60,
      61,
      62,
      63,
      64,
      65,
      66,
      67,
      68,
      69,
      70,
      71,
      72,
      73,
      74,
      75,
      76,
      77,
      78,
      79,
      80
    ],
    "train_loss": [
      0.21865605797408644,
      0.0525610343852549,
      0.03828728548056662,
      0.03932804939782321,
      0.03454067186347456,
      0.03020736739274682,
      0.026539685995471594,
      0.030744158448495887,
      0.03186047221154815,
      0.028891329077074385,
      0.024665477171361385,
      0.02231616347334066,
      0.021799138098729614,
      0.021957409558895517,
      0.020877265010227398,
      0.03029573067151679,
      0.025779335995813314,
      0.020861533829176288,
      0.020847469127867255,
      0.021584081479070205,
      0.025953638170493887,
      0.022738748295660402,
      0.018696209408502272,
      0.018646043054769225,
      0.019092542390068818,
      0.020419521089584912,
      0.020903157079514574,
      0.01854555952189673,
      0.019985147533133345,
      0.01833413398532014,
      0.01894286118296125,
      0.01883438253840373,
      0.018061438715620073,
      0.01830047544938685,
      0.017911736380954377,
      0.03867109114229329,
      0.032394701503664414,
      0.022786741624226586,
      0.021173005322838254,
      0.01872108713748023,
      0.018792516769674104,
      0.019163197879329526,
      0.01772020544491257,
      0.018107670963020503,
      0.01857098631438311,
      0.018656481672292245,
      0.017354291342908522,
      0.016918793174589834,
      0.017242577083463273,
      0.018162863588860816,
      0.018429590482945263,
      0.01839279325140372,
      0.01676751752379146,
      0.0176369998755229,
      0.022054208522285325,
      0.021314098367988598,
      0.01913176739849889,
      0.019530446223412993,
      0.017989350384877048,
      0.01739132501639908,
      0.01674809119526087,
      0.01736745317340177,
      0.01710619190892512,
      0.01747389526435977,
      0.017019145893825447,
      0.016815235797220565,
      0.01659817793012824,
      0.01719425809482163,
      0.016998466982609265,
      0.027586991888993967,
      0.018267414676966555,
      0.01704471393917067,
      0.017434508907939218,
      0.01626278838436343,
      0.017621695888880056,
      0.016318080867815662,
      0.016587578825456223,
      0.01744758021276024,
      0.0274916869726242,
      0.022005939179067045
    ],
    "val_loss": [
      0.18949468775602157,
      0.19432464525505097,
      0.24087968218826247,
      0.26807209685177147,
      0.2716226733953296,
      0.28199217933157605,
      0.28498912868787074,
      0.38752289786042565,
      0.3339693280416513,
      0.32381500397658275,
      0.32540086351647346,
      0.3341583745810622,
      0.33572330380717436,
      0.3341918746154465,
      0.33524506092740747,
      0.3058517848860896,
      0.32526595104418826,
      0.36406014629689876,
      0.34505187494312217,
      0.32626852838400594,
      0.3393725804226127,
      0.3523281342857434,
      0.3401398146357722,
      0.35501123350225167,
      0.35407499457949293,
      0.31507574305785985,
      0.3278173085369036,
      0.3656245722965209,
      0.350213285006895,
      0.32547104848537617,
      0.3198832323272785,
      0.32947970258217013,
      0.32138821290147873,
      0.3338789465541611,
      0.3371329819593958,
      0.33801285779315554,
      0.3579442249867552,
      0.3359937030933574,
      0.350985522528073,
      0.3798260689361724,
      0.4043632916436938,
      0.37263822458505985,
      0.3686389822022108,
      0.34100818873388683,
      0.32765077102683976,
      0.3395515621444601,
      0.33428946745966726,
      0.3429904353431242,
      0.3666715601782599,
      0.33123078563077724,
      0.32839290000007537,
      0.33515979432372633,
      0.337190165656234,
      0.32134457476615547,
      0.3628434868852892,
      0.3390777065814612,
      0.35813899455580883,
      0.31820431993883885,
      0.3390490416147395,
      0.3312298215122637,
      0.32989887690651204,
      0.33138443105993515,
      0.3384540079128064,
      0.3376142674644372,
      0.3208202938811329,
      0.3321318126411852,
      0.34205612074249164,
      0.35275430636491606,
      0.3395235227342851,
      0.33993300695842255,
      0.3410079280282566,
      0.3321535461208599,
      0.3403365662533366,
      0.3293749728781021,
      0.33669571268210513,
      0.32759533770783933,
      0.33389552348477397,
      0.35409846266809697,
      0.3023284024776456,
      0.32720539050544806
    ],
    "best_epoch": 2,
    "best_val_loss": 0.19432464525505097,
    "test_loss": 4.915815304768713,
    "tracker": {
      "initial_train_loss": 0.21865605797408644,
      "train_threshold": 0.07288535265802881,
      "best_tracking": true,
      "patience_active": true,
      "patience_best_train": null,
      "patience_best_val": 0.19432464525505097,
      "patience_no_improve_epochs": 79,
      "best_train_loss": Infinity,
      "forced_stop_due_to_threshold": false
    }
  },
  "model_files": {
    "best": "scripts/outputs/lstm-trc-value/trial_12_4e92ee/best_model.pt",
    "last": "scripts/outputs/lstm-trc-value/trial_12_4e92ee/last_model.pt"
  },
  "config_path": "/home/amoris/data-analysis-on-dbps/scripts/outputs/lstm-trc-value/trial_12_4e92ee/config.yaml"
}