{
  "model_name": "gru-other-value/trial_45_60d5da",
  "model_type": "GRU",
  "model_format": "torch",
  "model_params": {
    "history_length": 40,
    "units": 269,
    "num_layers": 4,
    "dropout": 0.4466630663072304
  },
  "training_params": {
    "max_epochs": 500,
    "batch_size": 131,
    "learning_rate": 0.0010854601795744008,
    "weight_decay": 0.00041552187486194794,
    "checkpoint_interval": 10,
    "seed": 947
  },
  "data_csv": "data/time_aligned_data.csv",
  "timestamp_column": "Date, Time",
  "columns": [
    "TRC-DT",
    "TRC-RT",
    "TRC-PPL1",
    "TRC-PPL2",
    "pH-DT",
    "pH-RT",
    "pH-PPL1",
    "pH-PPL2",
    "cond-DT",
    "cond-PPL1",
    "cond-PPL2",
    "fDOM-RT",
    "fDOM-PPL1",
    "fDOM-PPL2",
    "DO-RT",
    "DO-PPL1",
    "DO-PPL2",
    "TOC-RT",
    "TOC-PPL1",
    "TOC-PPL2",
    "DOC-RT",
    "DOC-PPL1",
    "DOC-PPL2",
    "minutes_since_start"
  ],
  "feature_columns": [
    "TRC-DT",
    "TRC-RT",
    "pH-DT",
    "pH-RT",
    "cond-DT",
    "fDOM-RT",
    "DO-RT",
    "TOC-RT",
    "DOC-RT",
    "minutes_since_start"
  ],
  "target_columns": [
    "TOC-PPL1",
    "TOC-PPL2",
    "DOC-PPL1",
    "DOC-PPL2",
    "pH-PPL1",
    "pH-PPL2"
  ],
  "split_boundaries": {
    "train_end": 7796,
    "val_end": 9466,
    "test_end": 11138
  },
  "dataset_sizes": {
    "train": 7757,
    "val": 1670,
    "test": 1672
  },
  "input_dim": 10,
  "sequence_length": 40,
  "training_history": {
    "epochs": [
      1,
      2,
      3,
      4,
      5,
      6,
      7,
      8,
      9,
      10,
      11,
      12,
      13,
      14,
      15,
      16,
      17,
      18,
      19,
      20,
      21,
      22,
      23,
      24,
      25,
      26,
      27,
      28,
      29,
      30,
      31,
      32,
      33,
      34,
      35,
      36,
      37,
      38,
      39,
      40,
      41,
      42,
      43,
      44,
      45,
      46,
      47,
      48,
      49,
      50,
      51,
      52,
      53,
      54,
      55,
      56,
      57,
      58,
      59,
      60,
      61,
      62,
      63,
      64,
      65,
      66,
      67,
      68,
      69,
      70,
      71,
      72,
      73,
      74,
      75,
      76,
      77,
      78,
      79,
      80
    ],
    "train_loss": [
      0.318900698182877,
      0.21614818179501352,
      0.1767836273700072,
      0.16935974607897034,
      0.13863940960363244,
      0.1371937869367594,
      0.1255128787525754,
      0.11616210014288829,
      0.10384518279328671,
      0.09326546648040604,
      0.08499450335298077,
      0.08206913657692946,
      0.07903682435332646,
      0.0759331554042835,
      0.06992598660448723,
      0.07388937986971285,
      0.06567822803333892,
      0.060327105854699276,
      0.07148581628172733,
      0.05964649135895929,
      0.05419741819142158,
      0.05644084835242284,
      0.06023300658352937,
      0.05032128074015633,
      0.058961748529839826,
      0.051591696395108085,
      0.05349385781066925,
      0.04683251274958305,
      0.04925913437653467,
      0.059586579269918415,
      0.0618144579249028,
      0.05116216916880519,
      0.05181713012597357,
      0.052098160150244904,
      0.04559033542902211,
      0.04087977282068034,
      0.048677432478680595,
      0.04490415957288458,
      0.04731131883008403,
      0.04659776195962512,
      0.040601951501753525,
      0.047689412962907025,
      0.049678460329740305,
      0.04146181801097501,
      0.04592845935085869,
      0.042902769753079106,
      0.044997934811033355,
      0.050425549449207734,
      0.04804199354201306,
      0.04088484748729237,
      0.04039226739588235,
      0.03865658234676642,
      0.041999097002471585,
      0.04391573955742788,
      0.04109818354754222,
      0.03748451756663785,
      0.04619805803586101,
      0.03949526825143425,
      0.04017870002761781,
      0.044245065079800965,
      0.07673911798149405,
      0.039647536722068416,
      0.042109194887972254,
      0.03708103597543551,
      0.03575981263658643,
      0.040310027197616165,
      0.04962587670986302,
      0.03660068377555646,
      0.0363681089097966,
      0.03473483504139418,
      0.03864633713762324,
      0.04052849727435081,
      0.042553639618817474,
      0.04950246802475114,
      0.03526820131515479,
      0.0363835017262268,
      0.04215525765251957,
      0.040370272400463474,
      0.03409106684379223,
      0.037430314228286354
    ],
    "val_loss": [
      0.49567717463670374,
      0.5437010970792013,
      0.5267352706657912,
      0.4927464305373009,
      0.4585961778363782,
      0.44888802144431067,
      0.49677889285062604,
      0.5514313389530439,
      0.3941935802558939,
      0.4011964737699774,
      0.39674295324408365,
      0.4458033371248288,
      0.4173408650441798,
      0.3904982884866213,
      0.43218847057241166,
      0.4825050900171617,
      0.4813771507697191,
      0.4440747747119672,
      0.48443372917924815,
      0.4781624805962968,
      0.5104028863375059,
      0.5156581951918716,
      0.47096031600843646,
      0.43135894576678735,
      0.47382500264012883,
      0.47362366365547665,
      0.4796483015005817,
      0.5327093093115055,
      0.4667778568978081,
      0.4405106916131374,
      0.46724593916874446,
      0.4856376415865864,
      0.5389920207822394,
      0.49986698548950836,
      0.6184155690991237,
      0.47872696894103894,
      0.5683053655092588,
      0.4820932020951888,
      0.5118698776571337,
      0.5824389244000355,
      0.4969503195610589,
      0.6757099341043455,
      0.5582477439217225,
      0.5306080213653114,
      0.48914596383086223,
      0.5301207549290029,
      0.5217202503077998,
      0.5311244497800659,
      0.4994954146177112,
      0.5291567955991465,
      0.5656016415196978,
      0.5385908831022457,
      0.5314682940879981,
      0.6109298214940968,
      0.5211977334168857,
      0.5513980000675796,
      0.5842425074049099,
      0.5748795656565421,
      0.49130939612399316,
      0.518481192813662,
      0.5267096589693052,
      0.5683755171959272,
      0.5493757862352325,
      0.5367689394308421,
      0.5629076219425944,
      0.5165754630180176,
      0.5568327158957185,
      0.5807035843590777,
      0.5816091864944218,
      0.5207287085984281,
      0.5480201070180196,
      0.5646183238950319,
      0.7168434881432327,
      0.5584137326496804,
      0.5185141782649977,
      0.5480675752023737,
      0.5949956821913491,
      0.5402686450117362,
      0.5592481951781376,
      0.5826609532187085
    ],
    "best_epoch": 14,
    "best_val_loss": 0.3904982884866213,
    "test_loss": 0.4637649236781674,
    "tracker": {
      "initial_train_loss": 0.318900698182877,
      "train_threshold": 0.10630023272762566,
      "best_tracking": true,
      "patience_active": true,
      "patience_best_train": null,
      "patience_best_val": 0.3904982884866213,
      "patience_no_improve_epochs": 66,
      "best_train_loss": Infinity,
      "forced_stop_due_to_threshold": false
    }
  },
  "model_files": {
    "best": "scripts/outputs/gru-other-value/trial_45_60d5da/best_model.pt",
    "last": "scripts/outputs/gru-other-value/trial_45_60d5da/last_model.pt"
  },
  "config_path": "/home/amoris/data-analysis-on-dbps/scripts/outputs/gru-other-value/trial_45_60d5da/config.yaml"
}