{
  "model_name": "lstm-trc-value/trial_34_7f2f8f",
  "model_type": "LSTM",
  "model_format": "torch",
  "model_params": {
    "history_length": 96,
    "units": 366,
    "num_layers": 5,
    "dropout": 0.3025814696682435
  },
  "training_params": {
    "max_epochs": 500,
    "batch_size": 123,
    "learning_rate": 0.0005591202139078698,
    "weight_decay": 0.0008744402361960357,
    "checkpoint_interval": 10,
    "seed": 947
  },
  "data_csv": "data/time_aligned_data.csv",
  "timestamp_column": "Date, Time",
  "columns": [
    "TRC-DT",
    "TRC-RT",
    "TRC-PPL1",
    "TRC-PPL2",
    "pH-DT",
    "pH-RT",
    "pH-PPL1",
    "pH-PPL2",
    "cond-DT",
    "cond-PPL1",
    "cond-PPL2",
    "fDOM-RT",
    "fDOM-PPL1",
    "fDOM-PPL2",
    "DO-RT",
    "DO-PPL1",
    "DO-PPL2",
    "TOC-RT",
    "TOC-PPL1",
    "TOC-PPL2",
    "DOC-RT",
    "DOC-PPL1",
    "DOC-PPL2",
    "minutes_since_start"
  ],
  "feature_columns": [
    "TRC-DT",
    "TRC-RT",
    "pH-DT",
    "pH-RT",
    "cond-DT",
    "fDOM-RT",
    "DO-RT",
    "TOC-RT",
    "DOC-RT",
    "minutes_since_start"
  ],
  "target_columns": [
    "TRC-PPL1",
    "TRC-PPL2"
  ],
  "split_boundaries": {
    "train_end": 7796,
    "val_end": 9466,
    "test_end": 11138
  },
  "dataset_sizes": {
    "train": 7701,
    "val": 1670,
    "test": 1672
  },
  "input_dim": 10,
  "sequence_length": 96,
  "training_history": {
    "epochs": [
      1,
      2,
      3,
      4,
      5,
      6,
      7,
      8,
      9,
      10,
      11,
      12,
      13,
      14,
      15,
      16,
      17,
      18,
      19,
      20,
      21,
      22,
      23,
      24,
      25,
      26,
      27,
      28,
      29,
      30,
      31,
      32,
      33,
      34,
      35,
      36,
      37,
      38,
      39,
      40,
      41,
      42,
      43,
      44,
      45,
      46,
      47,
      48,
      49,
      50,
      51,
      52,
      53,
      54,
      55,
      56,
      57,
      58,
      59,
      60,
      61,
      62,
      63,
      64,
      65,
      66,
      67,
      68,
      69,
      70,
      71,
      72,
      73,
      74,
      75,
      76,
      77,
      78,
      79,
      80
    ],
    "train_loss": [
      0.4159681774939969,
      0.10696769783793603,
      0.06155620829971746,
      0.05144794142351895,
      0.04491576017252448,
      0.041937355642879245,
      0.03936990573102508,
      0.04574494418388078,
      0.03909355095421869,
      0.03539476799588167,
      0.033073471130583364,
      0.03179411650905593,
      0.031233115503393957,
      0.0351687944564935,
      0.03129871207589438,
      0.027919163058153097,
      0.030368237751476207,
      0.04370217940276311,
      0.031895567748273304,
      0.029414907388786746,
      0.030347798444130422,
      0.02671361404765335,
      0.02559580876088161,
      0.024473865741786206,
      0.02680706132434085,
      0.02339077348714563,
      0.025569159031802454,
      0.026329723439666608,
      0.023821093727601238,
      0.022315287649091645,
      0.023675375818672188,
      0.024488452056449676,
      0.022007078079656957,
      0.02336677228709023,
      0.024367815032340135,
      0.025012880063063913,
      0.022664298062159433,
      0.025667694188657324,
      0.02543891401671927,
      0.024477150726571452,
      0.022333062136706137,
      0.022581018912371933,
      0.02208563153580104,
      0.022004688505473703,
      0.02324910381577407,
      0.022033861523002886,
      0.022314692029303553,
      0.02101331312945138,
      0.023188092312650385,
      0.022504608947921573,
      0.02003139873693019,
      0.0262782745220037,
      0.025731248900810938,
      0.02365261151077662,
      0.01975785401683514,
      0.02182575770848611,
      0.020311256847045024,
      0.023563578676970776,
      0.02087405006744818,
      0.023528043640741913,
      0.023578838515993357,
      0.021594818116227012,
      0.022008491083573264,
      0.02032636097887401,
      0.01974521427664559,
      0.0206044160927467,
      0.0243402809698467,
      0.020326097300301556,
      0.019888107770459636,
      0.02071587216685173,
      0.020825532657926214,
      0.02150333130439757,
      0.02023972267155105,
      0.020277510747243842,
      0.022266861718158153,
      0.020356929712621534,
      0.02029443854327489,
      0.02055304726084348,
      0.019798066070499963,
      0.02128577466588286
    ],
    "val_loss": [
      0.25507839018155537,
      0.2781078554266049,
      0.25255760480119976,
      0.25186959945089266,
      0.2351211572077103,
      0.23482397748770828,
      0.2527390718850458,
      0.27547992306376645,
      0.3292338119061318,
      0.29675460436386975,
      0.3943494175499428,
      0.41682119274478474,
      0.3373502234331594,
      0.3462300037005972,
      0.42034961210485705,
      0.35541960890153923,
      0.3341049757998013,
      0.2935997588024614,
      0.30222140493841765,
      0.3097908952546691,
      0.31054897358875255,
      0.3202655599815046,
      0.30275642296890476,
      0.3388887897446127,
      0.32693097539201466,
      0.3335330462306292,
      0.3171065795848782,
      0.316062739378254,
      0.33753379653849286,
      0.33486877163637896,
      0.3271996766830722,
      0.32572117686762425,
      0.33524268527632345,
      0.3732060567180286,
      0.3488012266841656,
      0.34374610743970574,
      0.35612333547547015,
      0.35188208040586133,
      0.34871243891490256,
      0.34674302055137957,
      0.3485129890048843,
      0.34658431804733364,
      0.3725765885762915,
      0.3733142885875827,
      0.38281959390858866,
      0.3759785509361568,
      0.35043172873222006,
      0.36591906858507744,
      0.39355664295172266,
      0.35731525836724365,
      0.3534793381819022,
      0.4250948161254832,
      0.4004162811824751,
      0.37308305078325515,
      0.37656973407765526,
      0.3825750004054008,
      0.3984875401677173,
      0.3905305517770484,
      0.3679913731559576,
      0.34841729216389133,
      0.39756892402572724,
      0.40013747476431694,
      0.3580990422862822,
      0.3888524514171267,
      0.3770912007032754,
      0.3887410283914048,
      0.3888911122199661,
      0.36861279055052354,
      0.4025210346993126,
      0.38559839009825964,
      0.39137387425934306,
      0.36225239488736777,
      0.3730788462867815,
      0.3935913074404715,
      0.3946308212767461,
      0.3881182500679871,
      0.3625260532036156,
      0.39015220382814103,
      0.3968991200478669,
      0.36598253798654334
    ],
    "best_epoch": 6,
    "best_val_loss": 0.23482397748770828,
    "test_loss": 4.580594779130374,
    "tracker": {
      "initial_train_loss": 0.4159681774939969,
      "train_threshold": 0.13865605916466564,
      "best_tracking": true,
      "patience_active": true,
      "patience_best_train": null,
      "patience_best_val": 0.23482397748770828,
      "patience_no_improve_epochs": 74,
      "best_train_loss": Infinity,
      "forced_stop_due_to_threshold": false
    }
  },
  "model_files": {
    "best": "scripts/outputs/lstm-trc-value/trial_34_7f2f8f/best_model.pt",
    "last": "scripts/outputs/lstm-trc-value/trial_34_7f2f8f/last_model.pt"
  },
  "config_path": "/home/amoris/data-analysis-on-dbps/scripts/outputs/lstm-trc-value/trial_34_7f2f8f/config.yaml"
}