{
  "model_name": "mlp_with_history-trc-value/trial_19_b2b64e",
  "model_type": "MLP_WITH_HISTORY",
  "model_format": "torch",
  "model_params": {
    "history_length": 27,
    "hidden_layers": [
      4096,
      3072,
      2048,
      1024,
      768,
      512,
      256,
      128
    ],
    "dropout": 0.26334198224906746,
    "mid_layer_count": 7,
    "mid_layer_size": 632
  },
  "training_params": {
    "max_epochs": 500,
    "batch_size": 399,
    "learning_rate": 0.001988608735107793,
    "weight_decay": 0.0012880693131502982,
    "checkpoint_interval": 10,
    "seed": 77
  },
  "data_csv": "data/time_aligned_data.csv",
  "timestamp_column": "Date, Time",
  "columns": [
    "TRC-DT",
    "TRC-RT",
    "TRC-PPL1",
    "TRC-PPL2",
    "pH-DT",
    "pH-RT",
    "pH-PPL1",
    "pH-PPL2",
    "cond-DT",
    "cond-PPL1",
    "cond-PPL2",
    "fDOM-RT",
    "fDOM-PPL1",
    "fDOM-PPL2",
    "DO-RT",
    "DO-PPL1",
    "DO-PPL2",
    "TOC-RT",
    "TOC-PPL1",
    "TOC-PPL2",
    "DOC-RT",
    "DOC-PPL1",
    "DOC-PPL2",
    "minutes_since_start"
  ],
  "feature_columns": [
    "TRC-DT",
    "TRC-RT",
    "pH-DT",
    "pH-RT",
    "cond-DT",
    "fDOM-RT",
    "DO-RT",
    "TOC-RT",
    "DOC-RT",
    "minutes_since_start"
  ],
  "target_columns": [
    "TRC-PPL1",
    "TRC-PPL2"
  ],
  "split_boundaries": {
    "train_end": 7796,
    "val_end": 9466,
    "test_end": 11138
  },
  "dataset_sizes": {
    "train": 7770,
    "val": 1670,
    "test": 1672
  },
  "input_dim": 270,
  "sequence_length": null,
  "training_history": {
    "epochs": [
      1,
      2,
      3,
      4,
      5,
      6,
      7,
      8,
      9,
      10,
      11,
      12,
      13,
      14,
      15,
      16,
      17,
      18,
      19,
      20,
      21,
      22,
      23,
      24,
      25,
      26,
      27,
      28,
      29,
      30,
      31,
      32,
      33,
      34,
      35,
      36,
      37,
      38,
      39,
      40,
      41,
      42,
      43,
      44,
      45,
      46,
      47,
      48,
      49,
      50,
      51,
      52,
      53,
      54,
      55,
      56,
      57,
      58,
      59,
      60,
      61,
      62,
      63,
      64,
      65,
      66,
      67,
      68,
      69,
      70,
      71,
      72,
      73,
      74,
      75,
      76,
      77,
      78,
      79,
      80
    ],
    "train_loss": [
      0.9312248610161447,
      0.7256043655646814,
      0.2217277606999552,
      0.16245337684412262,
      0.16580434332828264,
      0.16383055180713937,
      0.14850055132363293,
      0.13389508387929686,
      0.12801567062332825,
      0.11984054371714592,
      0.1043957190940509,
      0.10795995661535779,
      0.10341346203475385,
      0.0942240749661987,
      0.09191962158357775,
      0.08394289391266332,
      0.08569818936489723,
      0.08351210017462035,
      0.10278684446537817,
      0.08520488380580335,
      0.07803340095120508,
      0.07871807680742161,
      0.08224938393041895,
      0.10339522339604997,
      0.08074424141967619,
      0.0782599379887452,
      0.07764572722686304,
      0.07351534368621336,
      0.07102567065205123,
      0.0834532863082918,
      0.12378929533265733,
      0.3667992974455292,
      0.1787586178127173,
      0.12472752932761166,
      0.11384284000944447,
      0.12281740974332835,
      0.0854193771610389,
      0.07783730636174614,
      0.07891166689428124,
      0.08418098736453701,
      0.0767636482578677,
      0.07255874666813257,
      0.0815111462127518,
      0.0742809231015476,
      0.07006619002770734,
      0.07199709709431674,
      0.07719079477561487,
      0.0766953295549831,
      0.07354246035620973,
      0.07185260856876502,
      0.06872942906779211,
      0.06863219761163802,
      0.06939131854152357,
      0.07017036363281108,
      0.07017647840485379,
      0.07314803880211469,
      0.07036226299163457,
      0.06154547800888886,
      0.06413470834896372,
      0.0626382078774072,
      0.06744701725405616,
      0.06702614751820629,
      0.0665541860400825,
      0.06285538356247786,
      0.06574387080161959,
      0.06274118834250682,
      0.06026319093196779,
      0.06457052097932713,
      0.061454266692335544,
      0.05841508522831105,
      0.06379590987957813,
      0.07138503757683007,
      0.1636187036697929,
      0.1354718763079192,
      0.08498980038472125,
      0.07436548970841073,
      0.06688469492301748,
      0.06506445058495612,
      0.06156447701961607,
      0.06194636588161056
    ],
    "val_loss": [
      0.3368330889030131,
      0.4033157919606049,
      0.2131968122856792,
      0.1906972660030612,
      0.2713106709147642,
      0.275309930694942,
      0.28314552280025745,
      0.27381860892215887,
      0.30324248962862765,
      0.29597819491462435,
      0.29669509367671554,
      0.3263141590098064,
      0.2770220442468713,
      0.27712878038002525,
      0.29247136615484415,
      0.2864168680590873,
      0.2935291544350232,
      0.2832809032236566,
      0.2893594645789105,
      0.2860874854050532,
      0.4093715042433517,
      0.27970735318847223,
      0.34386516799425293,
      0.297984786577032,
      0.2864632023286498,
      0.30217223440793284,
      0.30148041147604854,
      0.33983180961030685,
      0.292678687778374,
      0.3819979776243517,
      0.3278560582303002,
      0.2821510953148325,
      0.28484680048764466,
      0.2863603889228341,
      0.3341889768638118,
      0.30459507938229036,
      0.3063480050632072,
      0.40319168040874653,
      0.35954046092235936,
      0.29197099030151696,
      0.5087571293137922,
      0.4618678621167016,
      0.45707461087668905,
      0.4365419668608351,
      0.49598816122168193,
      0.41737502503158624,
      0.5717131855245122,
      0.41081570479015034,
      0.3010128723468609,
      0.5511293420902715,
      0.36213239047029416,
      0.29871790753733257,
      0.5196183416100141,
      0.5454415286417136,
      0.3787396182278227,
      0.5871245643503206,
      0.3010922412962435,
      0.4071015095248997,
      0.41190528058318676,
      0.4138079318011592,
      0.4972318248644828,
      0.32438336407799206,
      0.36627703029662373,
      0.3571753167664398,
      0.3971348376520826,
      0.3801475841953547,
      0.40025633522114173,
      0.38568359185790946,
      0.33218555702509994,
      0.5974790096494876,
      0.5098948712700498,
      0.3966707104872801,
      0.2993857527274393,
      0.2996717763841598,
      0.3518285350985602,
      0.3259441767612885,
      0.35198811885794834,
      0.4042298622518599,
      0.44277631502353143,
      0.41922835319632007
    ],
    "best_epoch": 4,
    "best_val_loss": 0.1906972660030612,
    "test_loss": 4.127902160991322,
    "tracker": {
      "initial_train_loss": 0.9312248610161447,
      "train_threshold": 0.31040828700538153,
      "best_tracking": true,
      "patience_active": true,
      "patience_best_train": null,
      "patience_best_val": 0.1906972660030612,
      "patience_no_improve_epochs": 76,
      "best_train_loss": Infinity,
      "forced_stop_due_to_threshold": false
    }
  },
  "model_files": {
    "best": "scripts/outputs/mlp_with_history-trc-value/trial_19_b2b64e/best_model.pt",
    "last": "scripts/outputs/mlp_with_history-trc-value/trial_19_b2b64e/last_model.pt"
  },
  "config_path": "/home/amoris/data-analysis-on-dbps/scripts/outputs/mlp_with_history-trc-value/trial_19_b2b64e/config.yaml"
}