{
  "model_name": "lstm-trc-rate/trial_6_e33df2",
  "model_type": "LSTM",
  "model_format": "torch",
  "model_params": {
    "history_length": 193,
    "units": 371,
    "num_layers": 15,
    "dropout": 0.32012445475222917
  },
  "training_params": {
    "max_epochs": 500,
    "batch_size": 173,
    "learning_rate": 0.0002004115721664948,
    "weight_decay": 0.0016329331400811895,
    "checkpoint_interval": 10,
    "seed": 947
  },
  "data_csv": "data/time_aligned_data.csv",
  "timestamp_column": "Date, Time",
  "columns": [
    "TRC-DT",
    "TRC-RT",
    "TRC-PPL1",
    "TRC-PPL2",
    "pH-DT",
    "pH-RT",
    "pH-PPL1",
    "pH-PPL2",
    "cond-DT",
    "cond-PPL1",
    "cond-PPL2",
    "fDOM-RT",
    "fDOM-PPL1",
    "fDOM-PPL2",
    "DO-RT",
    "DO-PPL1",
    "DO-PPL2",
    "TOC-RT",
    "TOC-PPL1",
    "TOC-PPL2",
    "DOC-RT",
    "DOC-PPL1",
    "DOC-PPL2",
    "minutes_since_start"
  ],
  "feature_columns": [
    "TRC-DT",
    "TRC-RT",
    "pH-DT",
    "pH-RT",
    "cond-DT",
    "fDOM-RT",
    "DO-RT",
    "TOC-RT",
    "DOC-RT",
    "minutes_since_start"
  ],
  "target_columns": [
    "TRC-PPL1",
    "TRC-PPL2"
  ],
  "target_mode": "rate",
  "target_base_columns": [
    "TRC-RT",
    "TRC-RT"
  ],
  "split_boundaries": {
    "train_end": 7796,
    "val_end": 9466,
    "test_end": 11138
  },
  "dataset_sizes": {
    "train": 7604,
    "val": 1670,
    "test": 1672
  },
  "input_dim": 10,
  "sequence_length": 193,
  "training_history": {
    "epochs": [
      1,
      2,
      3,
      4,
      5,
      6,
      7,
      8,
      9,
      10,
      11,
      12,
      13,
      14,
      15,
      16,
      17,
      18,
      19,
      20,
      21,
      22,
      23,
      24,
      25,
      26,
      27,
      28,
      29,
      30,
      31,
      32,
      33,
      34,
      35,
      36,
      37,
      38,
      39,
      40,
      41,
      42,
      43,
      44,
      45,
      46,
      47,
      48,
      49,
      50
    ],
    "train_loss": [
      1.003836676360807,
      1.003903663296376,
      1.003682080395657,
      1.0039561778495087,
      1.0039947936326061,
      1.003851900197593,
      1.0039133028818519,
      1.0036799110342867,
      1.0035630102881252,
      1.0036355233832073,
      1.0039212673055944,
      1.00366443148699,
      1.0036239599880579,
      1.0038601245725236,
      1.0036944660668246,
      1.0035390346725008,
      1.003618524011532,
      1.0035931351214946,
      1.0035394040425785,
      1.0036022117315375,
      1.0035607106180207,
      1.0035558166722132,
      1.0034984247127,
      1.0035073365947562,
      1.0035224214454879,
      1.0035226735267309,
      1.003620827201164,
      1.0035086673836782,
      1.0035344756069715,
      1.0035175630712059,
      1.0035167825983926,
      1.0034891040246152,
      1.0035637039407062,
      1.0035724252587805,
      1.0035357745006672,
      1.0036534303382847,
      1.0035577805135703,
      1.0034945495250287,
      1.0035892063257006,
      1.0035247537633232,
      1.00358061337239,
      1.003581201000191,
      1.0035380409743395,
      1.0035075265394895,
      1.0034894434983075,
      1.003526619614456,
      1.0034837920859512,
      1.0034969239674512,
      1.0034919453648627,
      1.003491799778715
    ],
    "val_loss": [
      0.3420217296521285,
      0.3423959934626689,
      0.3440640664988471,
      0.34409659437299844,
      0.35550541056844287,
      0.34297795674490356,
      0.3444133221567748,
      0.343483757299042,
      0.3468782667650612,
      0.34778516532596715,
      0.345060158846621,
      0.3480473663189454,
      0.3489594855351362,
      0.34370846033631686,
      0.34496796515039696,
      0.34845107548875726,
      0.3458960581169335,
      0.3490451907660968,
      0.3464973598696336,
      0.34863027631344196,
      0.347085508987486,
      0.3450699541405468,
      0.3459080174989151,
      0.34729747720910403,
      0.34654820461919206,
      0.34573940150662813,
      0.3464703741522428,
      0.3474030822091652,
      0.3466615336740802,
      0.3462673366449015,
      0.3465826180122213,
      0.34608836074744515,
      0.34681885846985316,
      0.3474071190118076,
      0.34630957776736354,
      0.34716241646803425,
      0.34649787912825625,
      0.34749733010630407,
      0.3450388946330654,
      0.3474198875446876,
      0.34642583405275545,
      0.3480755492197182,
      0.34808357104792925,
      0.34743864472710084,
      0.3465349290765331,
      0.3474407453023031,
      0.34563620611802187,
      0.34608917166506814,
      0.3471642826555553,
      0.34655105622184135
    ],
    "best_epoch": 50,
    "best_val_loss": 0.34655105622184135,
    "best_val_abs_mse": 0.27089449763298035,
    "test_loss": 5.638832732108221,
    "test_abs_mse": 52.918121337890625,
    "tracker": {
      "initial_train_loss": 1.003836676360807,
      "train_threshold": 0.33461222545360236,
      "best_tracking": false,
      "patience_active": true,
      "patience_best_train": null,
      "patience_best_val": 0.3450388946330654,
      "patience_no_improve_epochs": 11,
      "best_train_loss": Infinity,
      "forced_stop_due_to_threshold": true
    }
  },
  "model_files": {
    "best": "scripts/outputs/lstm-trc-rate/trial_6_e33df2/best_model.pt",
    "last": "scripts/outputs/lstm-trc-rate/trial_6_e33df2/last_model.pt"
  },
  "config_path": "/home/amoris/data-analysis-on-dbps/scripts/outputs/lstm-trc-rate/trial_6_e33df2/config.yaml"
}