{
  "model_name": "gru-trc-value/trial_44_bc5be9",
  "model_type": "GRU",
  "model_format": "torch",
  "model_params": {
    "history_length": 91,
    "units": 184,
    "num_layers": 7,
    "dropout": 0.29424695393833444
  },
  "training_params": {
    "max_epochs": 500,
    "batch_size": 301,
    "learning_rate": 0.00029267943147670767,
    "weight_decay": 0.00029452178012764023,
    "checkpoint_interval": 10,
    "seed": 947
  },
  "data_csv": "data/time_aligned_data.csv",
  "timestamp_column": "Date, Time",
  "columns": [
    "TRC-DT",
    "TRC-RT",
    "TRC-PPL1",
    "TRC-PPL2",
    "pH-DT",
    "pH-RT",
    "pH-PPL1",
    "pH-PPL2",
    "cond-DT",
    "cond-PPL1",
    "cond-PPL2",
    "fDOM-RT",
    "fDOM-PPL1",
    "fDOM-PPL2",
    "DO-RT",
    "DO-PPL1",
    "DO-PPL2",
    "TOC-RT",
    "TOC-PPL1",
    "TOC-PPL2",
    "DOC-RT",
    "DOC-PPL1",
    "DOC-PPL2",
    "minutes_since_start"
  ],
  "feature_columns": [
    "TRC-DT",
    "TRC-RT",
    "pH-DT",
    "pH-RT",
    "cond-DT",
    "fDOM-RT",
    "DO-RT",
    "TOC-RT",
    "DOC-RT",
    "minutes_since_start"
  ],
  "target_columns": [
    "TRC-PPL1",
    "TRC-PPL2"
  ],
  "split_boundaries": {
    "train_end": 7796,
    "val_end": 9466,
    "test_end": 11138
  },
  "dataset_sizes": {
    "train": 7706,
    "val": 1670,
    "test": 1672
  },
  "input_dim": 10,
  "sequence_length": 91,
  "training_history": {
    "epochs": [
      1,
      2,
      3,
      4,
      5,
      6,
      7,
      8,
      9,
      10,
      11,
      12,
      13,
      14,
      15,
      16,
      17,
      18,
      19,
      20,
      21,
      22,
      23,
      24,
      25,
      26,
      27,
      28,
      29,
      30,
      31,
      32,
      33,
      34,
      35,
      36,
      37,
      38,
      39,
      40,
      41,
      42,
      43,
      44,
      45,
      46,
      47,
      48,
      49,
      50,
      51,
      52,
      53,
      54,
      55,
      56,
      57,
      58,
      59,
      60,
      61,
      62,
      63,
      64,
      65,
      66,
      67,
      68,
      69,
      70,
      71,
      72,
      73,
      74,
      75,
      76,
      77,
      78,
      79,
      80
    ],
    "train_loss": [
      0.5423320093376588,
      0.18836068109841958,
      0.14890627709768234,
      0.11707965684283593,
      0.08614389952528394,
      0.07058695861293825,
      0.060204132585990534,
      0.05285820363066721,
      0.04849545763553643,
      0.046587086884779125,
      0.04648625107843196,
      0.04465924216835121,
      0.04206223409529123,
      0.04189910479624752,
      0.03813788427299581,
      0.03794769611709495,
      0.03654790306408243,
      0.0378719955719495,
      0.038915836228584195,
      0.03455963769051167,
      0.03262424056074765,
      0.03192045554772983,
      0.03281833500283014,
      0.032279870063868975,
      0.03091316106164808,
      0.029446603131354582,
      0.0293481983278259,
      0.030815677145917077,
      0.0304807027182601,
      0.02872605755748244,
      0.0273733306758332,
      0.02683612859046269,
      0.027990411267036466,
      0.027505588510851796,
      0.026708583388590685,
      0.028118031122401462,
      0.026245119068031956,
      0.026875483107557552,
      0.02573463743440894,
      0.024089234420638594,
      0.024777628565262718,
      0.024589192828991614,
      0.02432678814986109,
      0.025772174214811303,
      0.028646485996764958,
      0.024479519598071927,
      0.02286267297595252,
      0.02374523289162301,
      0.023638395514255093,
      0.023161598163626194,
      0.026272024466713433,
      0.023714107826019522,
      0.02311881271314457,
      0.023542840935361405,
      0.023424822993986474,
      0.02580171138606047,
      0.023055011437480216,
      0.022033252715851746,
      0.022573331892084308,
      0.022050366820823116,
      0.022908958355039782,
      0.022916246591584963,
      0.02302749181548682,
      0.02171282984302813,
      0.021572762882965914,
      0.021520436611611474,
      0.021006236956260235,
      0.027435394381302273,
      0.02365775819376687,
      0.021921423021892494,
      0.020845164057827447,
      0.020738422353610553,
      0.02610316907862758,
      0.025808855200651914,
      0.020759642438162015,
      0.02049824365847588,
      0.020774569930670683,
      0.02154084576171519,
      0.025752815970986144,
      0.021357045912341176
    ],
    "val_loss": [
      0.30676833942175624,
      0.32314727062325993,
      0.33193575505189554,
      0.4657809607283084,
      0.20209554954024847,
      0.33895298636958987,
      0.2800268059741416,
      0.2493953094689432,
      0.31127340511424456,
      0.3233468254637754,
      0.28860941955563196,
      0.22956088000607347,
      0.2361613539387723,
      0.2254443369158906,
      0.22817976829668363,
      0.21833625852972446,
      0.2120000850855412,
      0.22259757363510702,
      0.23365907076590076,
      0.23666992005250767,
      0.25078782327473165,
      0.26294317599943656,
      0.2782556221201391,
      0.25603425141067027,
      0.2660872719624264,
      0.27206177157489303,
      0.2680990505327811,
      0.2896673528209864,
      0.2653747592890959,
      0.2978101924039468,
      0.27701805470745544,
      0.2711458313485195,
      0.2947720853321834,
      0.28396652173473985,
      0.29242138426617054,
      0.28891625349593913,
      0.34681674987077715,
      0.2821522529008324,
      0.27701428802070505,
      0.27593404108290365,
      0.2917357773960618,
      0.29405999410183664,
      0.277395779907168,
      0.27223111556586393,
      0.3037657732433991,
      0.28154413741148876,
      0.29563819067273844,
      0.30001915355999315,
      0.28538654240484007,
      0.2950705422088504,
      0.2967021152644814,
      0.29667768810546685,
      0.3052118117435874,
      0.44962880982833353,
      0.3151578871890189,
      0.2815565954168846,
      0.3003122573406129,
      0.31481068912268934,
      0.4768528333591844,
      0.31366495606182754,
      0.3438830283141422,
      0.30838370151304734,
      0.29535016542869413,
      0.3246118473312901,
      0.33312940020337256,
      0.4329321650988952,
      0.31545737346935415,
      0.31849513900895676,
      0.32835007989277204,
      0.37737085367636586,
      0.32858583169716027,
      0.3297398167143682,
      0.3020577296570033,
      0.4070488116932576,
      0.3464786491719281,
      0.30635319292813,
      0.415996857164818,
      0.4538236181011903,
      0.4803847301539457,
      0.44336408064282407
    ],
    "best_epoch": 5,
    "best_val_loss": 0.20209554954024847,
    "test_loss": 4.230213936150929,
    "tracker": {
      "initial_train_loss": 0.5423320093376588,
      "train_threshold": 0.18077733644588626,
      "best_tracking": true,
      "patience_active": true,
      "patience_best_train": null,
      "patience_best_val": 0.20209554954024847,
      "patience_no_improve_epochs": 75,
      "best_train_loss": Infinity,
      "forced_stop_due_to_threshold": false
    }
  },
  "model_files": {
    "best": "scripts/outputs/gru-trc-value/trial_44_bc5be9/best_model.pt",
    "last": "scripts/outputs/gru-trc-value/trial_44_bc5be9/last_model.pt"
  },
  "config_path": "/home/amoris/data-analysis-on-dbps/scripts/outputs/gru-trc-value/trial_44_bc5be9/config.yaml"
}