{
  "model_name": "lstm-trc-rate/trial_74_d815f7",
  "model_type": "LSTM",
  "model_format": "torch",
  "model_params": {
    "history_length": 98,
    "units": 280,
    "num_layers": 7,
    "dropout": 0.4164822584996957
  },
  "training_params": {
    "max_epochs": 500,
    "batch_size": 237,
    "learning_rate": 0.00038312473091422887,
    "weight_decay": 0.0002403145849253342,
    "checkpoint_interval": 10,
    "seed": 947
  },
  "data_csv": "data/time_aligned_data.csv",
  "timestamp_column": "Date, Time",
  "columns": [
    "TRC-DT",
    "TRC-RT",
    "TRC-PPL1",
    "TRC-PPL2",
    "pH-DT",
    "pH-RT",
    "pH-PPL1",
    "pH-PPL2",
    "cond-DT",
    "cond-PPL1",
    "cond-PPL2",
    "fDOM-RT",
    "fDOM-PPL1",
    "fDOM-PPL2",
    "DO-RT",
    "DO-PPL1",
    "DO-PPL2",
    "TOC-RT",
    "TOC-PPL1",
    "TOC-PPL2",
    "DOC-RT",
    "DOC-PPL1",
    "DOC-PPL2",
    "minutes_since_start"
  ],
  "feature_columns": [
    "TRC-DT",
    "TRC-RT",
    "pH-DT",
    "pH-RT",
    "cond-DT",
    "fDOM-RT",
    "DO-RT",
    "TOC-RT",
    "DOC-RT",
    "minutes_since_start"
  ],
  "target_columns": [
    "TRC-PPL1",
    "TRC-PPL2"
  ],
  "target_mode": "rate",
  "target_base_columns": [
    "TRC-RT",
    "TRC-RT"
  ],
  "split_boundaries": {
    "train_end": 7796,
    "val_end": 9466,
    "test_end": 11138
  },
  "dataset_sizes": {
    "train": 7699,
    "val": 1670,
    "test": 1672
  },
  "input_dim": 10,
  "sequence_length": 98,
  "training_history": {
    "epochs": [
      1,
      2,
      3,
      4,
      5,
      6,
      7,
      8,
      9,
      10,
      11,
      12,
      13,
      14,
      15,
      16,
      17,
      18,
      19,
      20,
      21,
      22,
      23,
      24,
      25,
      26,
      27,
      28,
      29,
      30,
      31,
      32,
      33,
      34,
      35,
      36,
      37,
      38,
      39,
      40,
      41,
      42,
      43,
      44,
      45,
      46,
      47,
      48,
      49,
      50,
      51,
      52,
      53,
      54,
      55,
      56,
      57,
      58,
      59,
      60,
      61,
      62,
      63,
      64,
      65,
      66,
      67,
      68,
      69,
      70,
      71,
      72,
      73,
      74,
      75,
      76,
      77,
      78,
      79,
      80
    ],
    "train_loss": [
      0.999670546269135,
      0.7948784740431957,
      0.24241922270680327,
      0.14469195960024483,
      0.11588897652162454,
      0.08914977907437692,
      0.0720701527384167,
      0.06650766964112959,
      0.07241511807244372,
      0.07013357387825891,
      0.06976149974318042,
      0.08590591590402033,
      0.06644370516994151,
      0.06670405040225946,
      0.06520285081311408,
      0.0682636548019002,
      0.06186230604056957,
      0.05874446607765199,
      0.07260812208460962,
      0.07275812425167394,
      0.0752946845833892,
      0.07388616972187383,
      0.061752368280513364,
      0.07434461364607979,
      0.058770231024381135,
      0.05578435579338296,
      0.05286570682740394,
      0.0512915369288219,
      0.05237734951886949,
      0.05143998347001194,
      0.05151068959842411,
      0.052113207961707354,
      0.04986182312020343,
      0.050391230707041455,
      0.05070033789035221,
      0.04753709959180994,
      0.04995049647469151,
      0.047062937269943664,
      0.04683560583073221,
      0.1392956379346684,
      0.12485065961897505,
      0.239784747514071,
      0.11599469247971715,
      0.08494933196895695,
      0.07027627796163062,
      0.05966653396762692,
      0.06379968481669876,
      0.07498627547902911,
      0.06219048537715548,
      0.052594165526623694,
      0.04993806728433442,
      0.04742885508820954,
      0.05117572568417958,
      0.04592840878092355,
      0.05209504001656435,
      0.0422570994717763,
      0.03930035539059488,
      0.03816495633548979,
      0.03932298871865519,
      0.035246771821373084,
      0.03505685922895017,
      0.0405850592134045,
      0.03807369984685407,
      0.034081556301180274,
      0.032613658410952935,
      0.036192955523739,
      0.03231913838010552,
      0.031011591559117035,
      0.031413698596520566,
      0.03779447155712231,
      0.037534547789458535,
      0.04840876181939079,
      0.04349027393265527,
      0.04568095304142548,
      0.03597359691366334,
      0.034968415715051,
      0.031468323116548916,
      0.0317120435932543,
      0.030178963141023515,
      0.036703198839229165
    ],
    "val_loss": [
      0.36700377801578205,
      0.2732371698574213,
      0.342000392804335,
      0.39084886049260636,
      0.21260371603584755,
      0.23238650954992116,
      0.2430474772302066,
      0.2579993730935151,
      0.23970085502473895,
      0.23392262485012144,
      0.23954673642125315,
      0.2095297696325415,
      0.2230157348422144,
      0.23600421010287936,
      0.24124686347911814,
      0.25015319457868795,
      0.24363929477191257,
      0.2468203975568096,
      0.24992087413807829,
      0.22849016089416194,
      0.20812952413061958,
      0.22243492573075843,
      0.20341621492236495,
      0.2187793432060116,
      0.20897716026931645,
      0.21193358886563135,
      0.20715658159335396,
      0.21157498406971287,
      0.21442054705192407,
      0.22523919109277382,
      0.24277695570988747,
      0.2539759273021789,
      0.2838226547922024,
      0.2378595913119034,
      0.2628686814172985,
      0.27050389054337304,
      0.2779231418236465,
      0.2701039426631021,
      0.388392412321207,
      3.608585727388809,
      1.097048436645084,
      1.5617133947881217,
      0.8389653520915145,
      0.35700696011235616,
      0.30523700762071654,
      0.298297043858531,
      0.32570729838784584,
      0.35294575212512186,
      0.3118816136934622,
      0.30615425780415534,
      0.34164106489387813,
      0.33976342723465075,
      0.47700314274515043,
      0.48364821038694084,
      0.3744643884939616,
      0.41313379326511823,
      0.4102463381487631,
      0.38649286166458074,
      0.4177447885542573,
      0.46479760126662467,
      0.46482506190722217,
      0.5227171247233887,
      0.581607629013008,
      0.5893633202175627,
      0.8518902370761968,
      0.7409758455504825,
      0.7070000646747425,
      0.9734694266279122,
      0.832529526990197,
      1.3377316722702124,
      1.661423224366889,
      1.0126547250060176,
      1.5559177487709386,
      0.9041966091016096,
      1.0309460189617323,
      1.118243304431483,
      1.4465393273840228,
      1.309767437471958,
      1.5350105561226786,
      1.2230868722763872
    ],
    "best_epoch": 23,
    "best_val_loss": 0.20341621492236495,
    "best_val_abs_mse": 0.18514999747276306,
    "test_loss": 4.775301189228679,
    "test_abs_mse": 45.79344940185547,
    "tracker": {
      "initial_train_loss": 0.999670546269135,
      "train_threshold": 0.333223515423045,
      "best_tracking": true,
      "patience_active": true,
      "patience_best_train": null,
      "patience_best_val": 0.20341621492236495,
      "patience_no_improve_epochs": 57,
      "best_train_loss": Infinity,
      "forced_stop_due_to_threshold": false
    }
  },
  "model_files": {
    "best": "scripts/outputs/lstm-trc-rate/trial_74_d815f7/best_model.pt",
    "last": "scripts/outputs/lstm-trc-rate/trial_74_d815f7/last_model.pt"
  },
  "config_path": "/home/amoris/data-analysis-on-dbps/scripts/outputs/lstm-trc-rate/trial_74_d815f7/config.yaml"
}