{
  "model_name": "mlp_with_history-trc-value/trial_5_8ca0e2",
  "model_type": "MLP_WITH_HISTORY",
  "model_format": "torch",
  "model_params": {
    "history_length": 24,
    "hidden_layers": [
      4096,
      3072,
      2048,
      1024,
      768,
      512,
      256,
      128
    ],
    "dropout": 0.33060809186560514,
    "mid_layer_count": 15,
    "mid_layer_size": 972
  },
  "training_params": {
    "max_epochs": 500,
    "batch_size": 454,
    "learning_rate": 0.001533099236767481,
    "weight_decay": 0.0014854144280696457,
    "checkpoint_interval": 10,
    "seed": 77
  },
  "data_csv": "data/time_aligned_data.csv",
  "timestamp_column": "Date, Time",
  "columns": [
    "TRC-DT",
    "TRC-RT",
    "TRC-PPL1",
    "TRC-PPL2",
    "pH-DT",
    "pH-RT",
    "pH-PPL1",
    "pH-PPL2",
    "cond-DT",
    "cond-PPL1",
    "cond-PPL2",
    "fDOM-RT",
    "fDOM-PPL1",
    "fDOM-PPL2",
    "DO-RT",
    "DO-PPL1",
    "DO-PPL2",
    "TOC-RT",
    "TOC-PPL1",
    "TOC-PPL2",
    "DOC-RT",
    "DOC-PPL1",
    "DOC-PPL2",
    "minutes_since_start"
  ],
  "feature_columns": [
    "TRC-DT",
    "TRC-RT",
    "pH-DT",
    "pH-RT",
    "cond-DT",
    "fDOM-RT",
    "DO-RT",
    "TOC-RT",
    "DOC-RT",
    "minutes_since_start"
  ],
  "target_columns": [
    "TRC-PPL1",
    "TRC-PPL2"
  ],
  "split_boundaries": {
    "train_end": 7796,
    "val_end": 9466,
    "test_end": 11138
  },
  "dataset_sizes": {
    "train": 7773,
    "val": 1670,
    "test": 1672
  },
  "input_dim": 240,
  "sequence_length": null,
  "training_history": {
    "epochs": [
      1,
      2,
      3,
      4,
      5,
      6,
      7,
      8,
      9,
      10,
      11,
      12,
      13,
      14,
      15,
      16,
      17,
      18,
      19,
      20,
      21,
      22,
      23,
      24,
      25,
      26,
      27,
      28,
      29,
      30,
      31,
      32,
      33,
      34,
      35,
      36,
      37,
      38,
      39,
      40,
      41,
      42,
      43,
      44,
      45,
      46,
      47,
      48,
      49,
      50,
      51,
      52,
      53,
      54,
      55,
      56,
      57,
      58,
      59,
      60,
      61,
      62,
      63,
      64,
      65,
      66,
      67,
      68,
      69,
      70,
      71,
      72,
      73,
      74,
      75,
      76,
      77,
      78,
      79,
      80
    ],
    "train_loss": [
      1.0417686863692743,
      0.4813031056615724,
      0.22019075833200627,
      0.17053456999774638,
      0.1626491525811792,
      0.15459223255701052,
      0.14917719980686708,
      0.15715285754949143,
      0.1497991777487769,
      0.16267882405400322,
      0.14678115309603684,
      0.13889290802837354,
      0.13562915138694198,
      0.13434872963085576,
      0.14246837727300882,
      0.13050573751201933,
      0.1321682632726683,
      0.13245756763983582,
      0.13514799093756916,
      0.1337928877275729,
      0.12816376623523967,
      0.12365703790935174,
      0.12366533264082616,
      0.12072824233672985,
      0.13090158583735095,
      0.13313999687338618,
      0.11877861133025724,
      0.11944456774706425,
      0.11916625618581896,
      0.1296557318546222,
      0.11965001013120843,
      0.1145669206072047,
      0.1168640948344148,
      0.14461117697800355,
      0.12218809736851605,
      0.11284519243440495,
      0.11153708284853293,
      0.11466898682394129,
      0.11969362291899578,
      0.11898548492847164,
      0.11378636079360263,
      0.11071157097341042,
      0.11727924451325891,
      0.11699035125174118,
      0.2160879618011508,
      0.15871820002640902,
      0.13588020572802834,
      0.12196629751216302,
      0.12618468054071227,
      0.11664653836599606,
      0.11982826399332336,
      0.11427549600302138,
      0.1148079855955354,
      0.11272130238684727,
      0.1090784868649361,
      0.1071215791822584,
      0.1169122752345208,
      0.11403836499696898,
      0.11014439455640526,
      0.11166287907053571,
      0.10466611385633015,
      0.11041654936253266,
      0.11334632324728437,
      0.10547810197777535,
      0.10775017449827586,
      0.10703273242725057,
      0.10513508612586926,
      0.10214002862348376,
      0.11131174948076537,
      0.1166838700219914,
      0.11377033448259173,
      0.11340382713985063,
      0.10415172731801225,
      0.11238009677105976,
      0.10384888758373187,
      0.10283472918469551,
      0.10220786412967213,
      0.10506322424176821,
      0.10224005384889484,
      0.10027319252985593
    ],
    "val_loss": [
      0.39082716913101917,
      0.32294082058939394,
      0.23623528321479967,
      0.20139906540245353,
      0.20601723673279415,
      0.19905645601942154,
      0.3036021892360585,
      0.23089430645375908,
      0.2698240487741496,
      0.32991734073012174,
      0.26669594477973657,
      0.2568312428088602,
      0.2670059520104331,
      0.5019368667356269,
      0.24409901740219064,
      0.28277724581118113,
      0.29856544033942106,
      0.270256355155014,
      0.2556617920582523,
      0.2785082387219289,
      0.27340431314207125,
      0.2899616379134669,
      0.27163456981767437,
      0.2654895011469454,
      0.26447958992849924,
      0.26969819415784524,
      0.2973934356770116,
      0.26531294976210523,
      0.30932090560386993,
      0.2783962227448732,
      0.27391394914133466,
      0.27827276694560477,
      0.27987358489347075,
      0.27287954191738617,
      0.27473397672087135,
      0.2733864689167745,
      0.25993609442682325,
      0.2650063408482931,
      0.33731311797917246,
      0.26822145545554016,
      0.29011047619456304,
      0.2671210600342044,
      0.27024773925453605,
      0.2807934788061295,
      0.2285480287952159,
      0.24812976201092768,
      0.294133115686967,
      0.25509761482209503,
      0.27855124779402496,
      0.2849318096782276,
      0.2775311464923406,
      0.26607811955991617,
      0.2722537194451172,
      0.2738973622282822,
      0.2655246166947359,
      0.27633245615902063,
      0.36724259406774346,
      0.26754138408351447,
      0.2768531437405569,
      0.2662237978200177,
      0.2605255573318747,
      0.27210848648212627,
      0.28115754047196784,
      0.26660944191281666,
      0.2684814409023809,
      0.3157789285445285,
      0.26996846765636684,
      0.27534714666624627,
      0.27477507167189064,
      0.2760290175899417,
      0.27332385413036375,
      0.29725578453191026,
      0.28084735628552066,
      0.2768975338848408,
      0.2757793766028153,
      0.26792912371679695,
      0.2794218925904193,
      0.27766975266357025,
      0.27551910221398235,
      0.30293708130672664
    ],
    "best_epoch": 6,
    "best_val_loss": 0.19905645601942154,
    "test_loss": 4.586154265979831,
    "tracker": {
      "initial_train_loss": 1.0417686863692743,
      "train_threshold": 0.3472562287897581,
      "best_tracking": true,
      "patience_active": true,
      "patience_best_train": null,
      "patience_best_val": 0.19905645601942154,
      "patience_no_improve_epochs": 74,
      "best_train_loss": Infinity,
      "forced_stop_due_to_threshold": false
    }
  },
  "model_files": {
    "best": "scripts/outputs/mlp_with_history-trc-value/trial_5_8ca0e2/best_model.pt",
    "last": "scripts/outputs/mlp_with_history-trc-value/trial_5_8ca0e2/last_model.pt"
  },
  "config_path": "/home/amoris/data-analysis-on-dbps/scripts/outputs/mlp_with_history-trc-value/trial_5_8ca0e2/config.yaml"
}