{
  "model_name": "rnn-trc-rate/trial_19_1e9ce6",
  "model_type": "RNN",
  "model_format": "torch",
  "model_params": {
    "history_length": 74,
    "units": 133,
    "num_layers": 5,
    "dropout": 0.4315381198103171
  },
  "training_params": {
    "max_epochs": 500,
    "batch_size": 113,
    "learning_rate": 0.001886860782501032,
    "weight_decay": 0.0029128958418593734,
    "checkpoint_interval": 10,
    "seed": 947
  },
  "data_csv": "data/time_aligned_data.csv",
  "timestamp_column": "Date, Time",
  "columns": [
    "TRC-DT",
    "TRC-RT",
    "TRC-PPL1",
    "TRC-PPL2",
    "pH-DT",
    "pH-RT",
    "pH-PPL1",
    "pH-PPL2",
    "cond-DT",
    "cond-PPL1",
    "cond-PPL2",
    "fDOM-RT",
    "fDOM-PPL1",
    "fDOM-PPL2",
    "DO-RT",
    "DO-PPL1",
    "DO-PPL2",
    "TOC-RT",
    "TOC-PPL1",
    "TOC-PPL2",
    "DOC-RT",
    "DOC-PPL1",
    "DOC-PPL2",
    "minutes_since_start"
  ],
  "feature_columns": [
    "TRC-DT",
    "TRC-RT",
    "pH-DT",
    "pH-RT",
    "cond-DT",
    "fDOM-RT",
    "DO-RT",
    "TOC-RT",
    "DOC-RT",
    "minutes_since_start"
  ],
  "target_columns": [
    "TRC-PPL1",
    "TRC-PPL2"
  ],
  "target_mode": "rate",
  "target_base_columns": [
    "TRC-RT",
    "TRC-RT"
  ],
  "split_boundaries": {
    "train_end": 7796,
    "val_end": 9466,
    "test_end": 11138
  },
  "dataset_sizes": {
    "train": 7723,
    "val": 1670,
    "test": 1672
  },
  "input_dim": 10,
  "sequence_length": 74,
  "training_history": {
    "epochs": [
      1,
      2,
      3,
      4,
      5,
      6,
      7,
      8,
      9,
      10,
      11,
      12,
      13,
      14,
      15,
      16,
      17,
      18,
      19,
      20,
      21,
      22,
      23,
      24,
      25,
      26,
      27,
      28,
      29,
      30,
      31,
      32,
      33,
      34,
      35,
      36,
      37,
      38,
      39,
      40,
      41,
      42,
      43,
      44,
      45,
      46,
      47,
      48,
      49,
      50,
      51,
      52,
      53,
      54,
      55,
      56,
      57,
      58,
      59,
      60,
      61,
      62,
      63,
      64,
      65,
      66,
      67,
      68,
      69,
      70,
      71,
      72,
      73,
      74,
      75,
      76,
      77,
      78,
      79,
      80
    ],
    "train_loss": [
      0.298109015109092,
      0.0898348608529469,
      0.07107523996559015,
      0.05829631201329587,
      0.3009227550222314,
      0.22392334853384943,
      0.19681499502124153,
      0.10651197182874397,
      0.10192904122502758,
      0.0841379366114699,
      0.07001689212691224,
      0.07059301188929269,
      0.06586596494627156,
      0.08854218190008921,
      0.0683776522659428,
      0.08365271746230514,
      0.06372368915620807,
      0.06683523372195783,
      0.10665180536825608,
      0.05794403802303936,
      0.054343582647700055,
      0.21246387960735835,
      0.24703238837138275,
      0.07451281272078462,
      0.06401954077750495,
      0.05890686094865085,
      0.05558410786728036,
      0.16562264065725976,
      0.062351105925480536,
      0.05706277346062673,
      0.05674682341146528,
      0.1764048844166838,
      0.6077673178632597,
      0.9231130404514336,
      0.9349936799467127,
      0.7763828270587837,
      0.6698308098305388,
      0.6077936299528218,
      0.5492664849790563,
      0.5339617071436675,
      0.51004046243768,
      0.743543667623019,
      1.0029046263207615,
      1.0012623198242612,
      0.990149030425489,
      0.9974311408748995,
      0.9889487488334944,
      0.9884154608131428,
      0.9898454482870584,
      0.9876109205980337,
      0.7666105765776515,
      0.2982044722998249,
      0.2177800503451482,
      0.22813757590608988,
      0.16532553185684823,
      0.14696344168294545,
      0.18149529812223442,
      0.1511470611121206,
      0.1364226366069964,
      0.14523060357039663,
      0.12068233670644866,
      0.10185049559907038,
      0.1064691518833874,
      0.09502269953747851,
      0.08259991213108196,
      0.07592414594992801,
      0.0852230161102374,
      0.07269418408710013,
      0.07421338271094498,
      0.06890967806117933,
      0.0632317472689667,
      0.06726585847746364,
      0.09858347730264676,
      0.08008511833413406,
      0.06755136589904484,
      0.4817482221379122,
      0.9456062455815107,
      0.9430508211179824,
      0.932954671198294,
      0.9367230728424909
    ],
    "val_loss": [
      0.3227692846286886,
      0.2887260758267816,
      0.32798578251197846,
      0.3245328643822117,
      0.8262756150728928,
      0.5062396994697119,
      0.29506936707048714,
      0.2985601938993274,
      0.30470950211771947,
      0.3078377474813226,
      0.31529925389293423,
      0.32103906227889173,
      0.306921323085438,
      0.30462716751938274,
      0.26940142397662836,
      0.2770392868567459,
      0.30254990420343275,
      0.29711656930137004,
      0.31893232480628403,
      0.29793272006163696,
      0.3113866348778773,
      0.4926469128735051,
      0.30922014328489406,
      0.2837910890088467,
      0.3032141419473344,
      0.28858455272759503,
      1.580523997090177,
      0.29593842748976396,
      0.28740619177411414,
      0.29075877304763315,
      0.3099155252275174,
      0.3555195792572584,
      1.688899849703212,
      0.29137960516786326,
      0.335829768211631,
      0.2972029785207378,
      0.29815879983459403,
      0.29274337054704297,
      0.3301821611152438,
      0.3285724417602052,
      0.7316551662066918,
      0.6484569755767634,
      0.3344042766984262,
      0.39821265968243164,
      0.31302638967147844,
      0.3794224899306804,
      0.36104753585365,
      0.40806203677045727,
      0.3974721148253201,
      0.39086157915121067,
      0.34473259924593086,
      0.3852846358082965,
      0.457671874368976,
      0.30042693702403656,
      0.3092283146054356,
      0.3035261402899277,
      0.31958698916198786,
      0.29658967061470193,
      0.32073380349505093,
      0.32255059293956456,
      0.3636688414057661,
      0.30907429723057916,
      0.38779059913299396,
      0.3041747693039343,
      0.30039756312899424,
      0.3270642025005853,
      0.30059005631814284,
      0.28947528215783264,
      0.30180408513385376,
      0.2937418787176916,
      0.3073771811486361,
      0.28994300369463283,
      0.300615171771385,
      0.2844754960644477,
      0.28561788659743564,
      0.5666541425857001,
      0.40482257062647337,
      0.5182129582758257,
      0.5371004402481332,
      0.5429610842961573
    ],
    "best_epoch": 15,
    "best_val_loss": 0.26940142397662836,
    "best_val_abs_mse": 0.38611742854118347,
    "test_loss": 4.317136896747436,
    "test_abs_mse": 41.832733154296875,
    "tracker": {
      "initial_train_loss": 0.298109015109092,
      "train_threshold": 0.09936967170303067,
      "best_tracking": true,
      "patience_active": true,
      "patience_best_train": null,
      "patience_best_val": 0.26940142397662836,
      "patience_no_improve_epochs": 65,
      "best_train_loss": Infinity,
      "forced_stop_due_to_threshold": false
    }
  },
  "model_files": {
    "best": "scripts/outputs/rnn-trc-rate/trial_19_1e9ce6/best_model.pt",
    "last": "scripts/outputs/rnn-trc-rate/trial_19_1e9ce6/last_model.pt"
  },
  "config_path": "/home/amoris/data-analysis-on-dbps/scripts/outputs/rnn-trc-rate/trial_19_1e9ce6/config.yaml"
}