{
  "model_name": "mlp_with_history-trc-value/trial_14_77ad37",
  "model_type": "MLP_WITH_HISTORY",
  "model_format": "torch",
  "model_params": {
    "history_length": 32,
    "hidden_layers": [
      4096,
      3072,
      2048,
      1024,
      768,
      512,
      256,
      128
    ],
    "dropout": 0.2850730568201496,
    "mid_layer_count": 3,
    "mid_layer_size": 693
  },
  "training_params": {
    "max_epochs": 500,
    "batch_size": 380,
    "learning_rate": 0.0012027148431492068,
    "weight_decay": 2.2302325042634333e-05,
    "checkpoint_interval": 10,
    "seed": 77
  },
  "data_csv": "data/time_aligned_data.csv",
  "timestamp_column": "Date, Time",
  "columns": [
    "TRC-DT",
    "TRC-RT",
    "TRC-PPL1",
    "TRC-PPL2",
    "pH-DT",
    "pH-RT",
    "pH-PPL1",
    "pH-PPL2",
    "cond-DT",
    "cond-PPL1",
    "cond-PPL2",
    "fDOM-RT",
    "fDOM-PPL1",
    "fDOM-PPL2",
    "DO-RT",
    "DO-PPL1",
    "DO-PPL2",
    "TOC-RT",
    "TOC-PPL1",
    "TOC-PPL2",
    "DOC-RT",
    "DOC-PPL1",
    "DOC-PPL2",
    "minutes_since_start"
  ],
  "feature_columns": [
    "TRC-DT",
    "TRC-RT",
    "pH-DT",
    "pH-RT",
    "cond-DT",
    "fDOM-RT",
    "DO-RT",
    "TOC-RT",
    "DOC-RT",
    "minutes_since_start"
  ],
  "target_columns": [
    "TRC-PPL1",
    "TRC-PPL2"
  ],
  "split_boundaries": {
    "train_end": 7796,
    "val_end": 9466,
    "test_end": 11138
  },
  "dataset_sizes": {
    "train": 7765,
    "val": 1670,
    "test": 1672
  },
  "input_dim": 320,
  "sequence_length": null,
  "training_history": {
    "epochs": [
      1,
      2,
      3,
      4,
      5,
      6,
      7,
      8,
      9,
      10,
      11,
      12,
      13,
      14,
      15,
      16,
      17,
      18,
      19,
      20,
      21,
      22,
      23,
      24,
      25,
      26,
      27,
      28,
      29,
      30,
      31,
      32,
      33,
      34,
      35,
      36,
      37,
      38,
      39,
      40,
      41,
      42,
      43,
      44,
      45,
      46,
      47,
      48,
      49,
      50,
      51,
      52,
      53,
      54,
      55,
      56,
      57,
      58,
      59,
      60,
      61,
      62,
      63,
      64,
      65,
      66,
      67,
      68,
      69,
      70,
      71,
      72,
      73,
      74,
      75,
      76,
      77,
      78,
      79,
      80
    ],
    "train_loss": [
      0.8588305077703247,
      0.2580106839950209,
      0.19036275343171874,
      0.15152305836686764,
      0.1424846208275938,
      0.1317652833995248,
      0.12863800302387743,
      0.12018909477565799,
      0.12272363907375108,
      0.12464015917937678,
      0.11551047680229044,
      0.1138360982776379,
      0.10948858909064235,
      0.09939294235501378,
      0.09815891094731272,
      0.08772736758531023,
      0.07301918783747452,
      0.06420430517770441,
      0.06327983099878487,
      0.054626069075433346,
      0.0567910654658628,
      0.056524765665156566,
      0.05808543716602301,
      0.05309337489091037,
      0.05158173145590793,
      0.05284535490979092,
      0.053164620444188175,
      0.05372084558960014,
      0.05258365008555453,
      0.05195841084294985,
      0.05430755518132153,
      0.04911998226874042,
      0.05026498389911897,
      0.04680040538915495,
      0.04536517312976904,
      0.0442045929998217,
      0.04311384402181898,
      0.04146238239164208,
      0.040782112623423974,
      0.04194852330764493,
      0.040281253761905125,
      0.04928404426457647,
      0.044742814568036304,
      0.045704866951980366,
      0.04018897864024868,
      0.04009409110899595,
      0.03877287335017383,
      0.03807166920158069,
      0.03717756221707759,
      0.036666122988989025,
      0.03881763046786083,
      0.03574116896125515,
      0.03725788504105956,
      0.03808991181623989,
      0.038369583053525155,
      0.036708322401036775,
      0.03523480794071691,
      0.03792011061850012,
      0.03661294043044927,
      0.03625070506614481,
      0.03598146387888628,
      0.034672022868530716,
      0.03573360119113328,
      0.03555366348448832,
      0.03617399282566364,
      0.042696166577277,
      0.04603402609939891,
      0.040724407281805756,
      0.03759327479047462,
      0.03524807503078725,
      0.03495844148449643,
      0.037581078705773076,
      0.03710703349552919,
      0.035689360868120995,
      0.03404862064261323,
      0.033992536783371906,
      0.033690202499080765,
      0.03383270599288627,
      0.03447293000342534,
      0.03319261920280366
    ],
    "val_loss": [
      0.689341188904768,
      0.2416383642368688,
      0.179970459555259,
      0.22238412642193411,
      0.19849694587156444,
      0.2025765910030839,
      0.20061904348120718,
      0.21174453105219823,
      0.23854407157280488,
      0.2402786243996934,
      0.2265178504104386,
      0.23171524641042698,
      0.2475953711765612,
      0.2755065009800974,
      0.37490948345400615,
      0.3671285706365894,
      0.30740809768527566,
      0.409357268296316,
      0.3277351864931469,
      0.3769141122877241,
      0.31793338455215187,
      0.29232134056573145,
      0.38419958284336647,
      0.32276204056636304,
      0.2909669063003834,
      0.3339091355795275,
      0.29993132316691434,
      0.28346045964403066,
      0.35509977692704714,
      0.330058439183021,
      0.28381163747367744,
      0.29636148615422364,
      0.28493237214352557,
      0.2863265600746977,
      0.28326687230143005,
      0.2802115856798109,
      0.2831367098776523,
      0.300038607668377,
      0.28759091853827773,
      0.2847259590279556,
      0.28196897899765455,
      0.27621654992153544,
      0.2779964192987916,
      0.28055280172628555,
      0.2781894024305358,
      0.2826325294901868,
      0.29096133991362094,
      0.2796798035903962,
      0.28493769518183376,
      0.2686870581732539,
      0.2873876597174627,
      0.28667597182675036,
      0.28153144710970496,
      0.28518285874478116,
      0.2794065774825519,
      0.2988938583496088,
      0.2806251061756811,
      0.28168651062303673,
      0.255266448560946,
      0.3374967011372129,
      0.28630347387073285,
      0.31776536552759704,
      0.28382449403048277,
      0.27967289219537894,
      0.2957523078574035,
      0.2947844225177151,
      0.29666002181743434,
      0.2834258749411849,
      0.2904110229880867,
      0.293008464985265,
      0.30790337271051493,
      0.33480130421544263,
      0.2854430597877788,
      0.29461530575941425,
      0.3015848356048147,
      0.27845727824076205,
      0.29509279341576344,
      0.30138686404167536,
      0.27776448669547804,
      0.2795114457651883
    ],
    "best_epoch": 3,
    "best_val_loss": 0.179970459555259,
    "test_loss": 4.359661031853069,
    "tracker": {
      "initial_train_loss": 0.8588305077703247,
      "train_threshold": 0.28627683592344155,
      "best_tracking": true,
      "patience_active": true,
      "patience_best_train": null,
      "patience_best_val": 0.179970459555259,
      "patience_no_improve_epochs": 77,
      "best_train_loss": Infinity,
      "forced_stop_due_to_threshold": false
    }
  },
  "model_files": {
    "best": "scripts/outputs/mlp_with_history-trc-value/trial_14_77ad37/best_model.pt",
    "last": "scripts/outputs/mlp_with_history-trc-value/trial_14_77ad37/last_model.pt"
  },
  "config_path": "/home/amoris/data-analysis-on-dbps/scripts/outputs/mlp_with_history-trc-value/trial_14_77ad37/config.yaml"
}