{
  "model_name": "rnn-trc-value/trial_13_bb7ebf",
  "model_type": "RNN",
  "model_format": "torch",
  "model_params": {
    "history_length": 170,
    "units": 77,
    "num_layers": 2,
    "dropout": 0.21172466961140107
  },
  "training_params": {
    "max_epochs": 500,
    "batch_size": 132,
    "learning_rate": 0.0002868317697231487,
    "weight_decay": 0.00970202856157366,
    "checkpoint_interval": 10,
    "seed": 947
  },
  "data_csv": "data/time_aligned_data.csv",
  "timestamp_column": "Date, Time",
  "columns": [
    "TRC-DT",
    "TRC-RT",
    "TRC-PPL1",
    "TRC-PPL2",
    "pH-DT",
    "pH-RT",
    "pH-PPL1",
    "pH-PPL2",
    "cond-DT",
    "cond-PPL1",
    "cond-PPL2",
    "fDOM-RT",
    "fDOM-PPL1",
    "fDOM-PPL2",
    "DO-RT",
    "DO-PPL1",
    "DO-PPL2",
    "TOC-RT",
    "TOC-PPL1",
    "TOC-PPL2",
    "DOC-RT",
    "DOC-PPL1",
    "DOC-PPL2",
    "minutes_since_start"
  ],
  "feature_columns": [
    "TRC-DT",
    "TRC-RT",
    "pH-DT",
    "pH-RT",
    "cond-DT",
    "fDOM-RT",
    "DO-RT",
    "TOC-RT",
    "DOC-RT",
    "minutes_since_start"
  ],
  "target_columns": [
    "TRC-PPL1",
    "TRC-PPL2"
  ],
  "split_boundaries": {
    "train_end": 7796,
    "val_end": 9466,
    "test_end": 11138
  },
  "dataset_sizes": {
    "train": 7627,
    "val": 1670,
    "test": 1672
  },
  "input_dim": 10,
  "sequence_length": 170,
  "training_history": {
    "epochs": [
      1,
      2,
      3,
      4,
      5,
      6,
      7,
      8,
      9,
      10,
      11,
      12,
      13,
      14,
      15,
      16,
      17,
      18,
      19,
      20,
      21,
      22,
      23,
      24,
      25,
      26,
      27,
      28,
      29,
      30,
      31,
      32,
      33,
      34,
      35,
      36,
      37,
      38,
      39,
      40,
      41,
      42,
      43,
      44,
      45,
      46,
      47,
      48,
      49,
      50,
      51,
      52,
      53,
      54,
      55,
      56,
      57,
      58,
      59,
      60,
      61,
      62,
      63,
      64,
      65,
      66,
      67,
      68,
      69,
      70,
      71,
      72,
      73,
      74,
      75,
      76,
      77,
      78,
      79,
      80
    ],
    "train_loss": [
      0.48946842351168596,
      0.18297905291347497,
      0.10749362193031393,
      0.082162030629293,
      0.06833382281574288,
      0.060145804560601014,
      0.054659584538858,
      0.05001207454963079,
      0.046654136879514925,
      0.04463941166701238,
      0.04392705903129323,
      0.04021929466948685,
      0.03903370760053971,
      0.03787453310991296,
      0.038230908174720774,
      0.036902854888967,
      0.035915377188263424,
      0.03755603282002582,
      0.035232103895090724,
      0.03547054222306637,
      0.0355742606917457,
      0.03617562635413305,
      0.03676077226032526,
      0.03355797291753473,
      0.03229886293802003,
      0.033421101062997574,
      0.033015234401478626,
      0.031895626534640564,
      0.03229397305222581,
      0.03208563106762905,
      0.032313967571033705,
      0.03245402865333577,
      0.03105025577025667,
      0.03155091445064176,
      0.03067539640770322,
      0.03033280550800552,
      0.034323559995578005,
      0.03108763282622112,
      0.03146262556730615,
      0.03297812690448211,
      0.029994572204481155,
      0.029607953025306274,
      0.029302851521030657,
      0.030589755978159314,
      0.02976648160906674,
      0.0292840531361815,
      0.03019740738993518,
      0.0290868348762309,
      0.029393579264787948,
      0.028545866041576485,
      0.02996850404285175,
      0.028962465190691688,
      0.03229911942892162,
      0.027508521168032995,
      0.028497532509258537,
      0.028732447872643892,
      0.029009336722159707,
      0.030073941250186267,
      0.030289661260625787,
      0.03288312548786398,
      0.02870079159313649,
      0.02899255253393137,
      0.02880882708715028,
      0.028999153547593647,
      0.029632179982842025,
      0.029384581624174066,
      0.028332436463870212,
      0.027747866832051035,
      0.028661069745825288,
      0.02827923289988978,
      0.02845863991440069,
      0.02895577249517834,
      0.029443012277194085,
      0.02948623554009597,
      0.032091896848635136,
      0.02995551142207101,
      0.027198385561313185,
      0.02903553753259947,
      0.02877271363212027,
      0.028720525598051633
    ],
    "val_loss": [
      0.35056539388027735,
      0.3911688172888613,
      0.32082807096000204,
      0.2714040611229257,
      0.26790941826954573,
      0.2672149284514124,
      0.2767092491873724,
      0.28211546874421084,
      0.2869461263145158,
      0.2851986945969259,
      0.2856798715577154,
      0.3188290132912333,
      0.3146440457307293,
      0.3147115438016589,
      0.3138160080208393,
      0.3330959861462345,
      0.3511096298962296,
      0.3360089865184116,
      0.3505810329210972,
      0.3432458488482558,
      0.3688917679388723,
      0.33189796236996166,
      0.3452303646701182,
      0.3457017975653003,
      0.37165596987494454,
      0.36770743501935893,
      0.3754392577324085,
      0.3726068642994244,
      0.35886121270899285,
      0.36841389397214985,
      0.3762546416171297,
      0.36923933335674736,
      0.36633608216297125,
      0.3690217129618465,
      0.37283530858997815,
      0.37765973649339046,
      0.37381314974791274,
      0.37368387606240316,
      0.36897621471546366,
      0.38547377906248953,
      0.3770187316852772,
      0.3746465009843518,
      0.37441494578640616,
      0.3587820855398735,
      0.3646360521366496,
      0.39067361811677853,
      0.3763018309534667,
      0.38825004624570914,
      0.374336391401862,
      0.37173330710676616,
      0.3661517739965173,
      0.3818985962849891,
      0.3792675640367105,
      0.3748218941652846,
      0.3825490956445654,
      0.3707433677540568,
      0.39118471972778174,
      0.36524439682949805,
      0.3465652777227813,
      0.3610197715595097,
      0.36393043431871663,
      0.36328798048421296,
      0.37174417895382034,
      0.3801168414200851,
      0.38275407174390236,
      0.37325631059750825,
      0.36486717380449446,
      0.3656209916991745,
      0.36838964720418355,
      0.37045819886965664,
      0.3615420303837268,
      0.3554096676810773,
      0.34997089475304066,
      0.34892030169150073,
      0.36872527208513844,
      0.35343530413633334,
      0.35584231108248593,
      0.3671773476113459,
      0.3612816583476738,
      0.36204156574910273
    ],
    "best_epoch": 6,
    "best_val_loss": 0.2672149284514124,
    "test_loss": 4.488648122862766,
    "tracker": {
      "initial_train_loss": 0.48946842351168596,
      "train_threshold": 0.16315614117056199,
      "best_tracking": true,
      "patience_active": true,
      "patience_best_train": null,
      "patience_best_val": 0.2672149284514124,
      "patience_no_improve_epochs": 74,
      "best_train_loss": Infinity,
      "forced_stop_due_to_threshold": false
    }
  },
  "model_files": {
    "best": "scripts/outputs/rnn-trc-value/trial_13_bb7ebf/best_model.pt",
    "last": "scripts/outputs/rnn-trc-value/trial_13_bb7ebf/last_model.pt"
  },
  "config_path": "/home/amoris/data-analysis-on-dbps/scripts/outputs/rnn-trc-value/trial_13_bb7ebf/config.yaml"
}