{
  "model_name": "gru-other-value/trial_44_fe905a",
  "model_type": "GRU",
  "model_format": "torch",
  "model_params": {
    "history_length": 123,
    "units": 323,
    "num_layers": 2,
    "dropout": 0.3736067603550059
  },
  "training_params": {
    "max_epochs": 500,
    "batch_size": 231,
    "learning_rate": 0.0013024638987959665,
    "weight_decay": 0.0006323521757658783,
    "checkpoint_interval": 10,
    "seed": 947
  },
  "data_csv": "data/time_aligned_data.csv",
  "timestamp_column": "Date, Time",
  "columns": [
    "TRC-DT",
    "TRC-RT",
    "TRC-PPL1",
    "TRC-PPL2",
    "pH-DT",
    "pH-RT",
    "pH-PPL1",
    "pH-PPL2",
    "cond-DT",
    "cond-PPL1",
    "cond-PPL2",
    "fDOM-RT",
    "fDOM-PPL1",
    "fDOM-PPL2",
    "DO-RT",
    "DO-PPL1",
    "DO-PPL2",
    "TOC-RT",
    "TOC-PPL1",
    "TOC-PPL2",
    "DOC-RT",
    "DOC-PPL1",
    "DOC-PPL2",
    "minutes_since_start"
  ],
  "feature_columns": [
    "TRC-DT",
    "TRC-RT",
    "pH-DT",
    "pH-RT",
    "cond-DT",
    "fDOM-RT",
    "DO-RT",
    "TOC-RT",
    "DOC-RT",
    "minutes_since_start"
  ],
  "target_columns": [
    "TOC-PPL1",
    "TOC-PPL2",
    "DOC-PPL1",
    "DOC-PPL2",
    "pH-PPL1",
    "pH-PPL2"
  ],
  "split_boundaries": {
    "train_end": 7796,
    "val_end": 9466,
    "test_end": 11138
  },
  "dataset_sizes": {
    "train": 7674,
    "val": 1670,
    "test": 1672
  },
  "input_dim": 10,
  "sequence_length": 123,
  "training_history": {
    "epochs": [
      1,
      2,
      3,
      4,
      5,
      6,
      7,
      8,
      9,
      10,
      11,
      12,
      13,
      14,
      15,
      16,
      17,
      18,
      19,
      20,
      21,
      22,
      23,
      24,
      25,
      26,
      27,
      28,
      29,
      30,
      31,
      32,
      33,
      34,
      35,
      36,
      37,
      38,
      39,
      40,
      41,
      42,
      43,
      44,
      45,
      46,
      47,
      48,
      49,
      50,
      51,
      52,
      53,
      54,
      55,
      56,
      57,
      58,
      59,
      60,
      61,
      62,
      63,
      64,
      65,
      66,
      67,
      68,
      69,
      70,
      71,
      72,
      73,
      74,
      75,
      76,
      77,
      78,
      79,
      80,
      81,
      82,
      83,
      84,
      85,
      86
    ],
    "train_loss": [
      0.3506480020655143,
      0.23376079930095955,
      0.21470667471332974,
      0.19582107516939143,
      0.16717698716320406,
      0.14956532400669392,
      0.13335451772079698,
      0.12471998512942964,
      0.12361206201963168,
      0.12346297759122919,
      0.12222396820911773,
      0.13686864740092183,
      0.1137385949335171,
      0.12691716967766598,
      0.09869581479593774,
      0.09745426122987522,
      0.08394650066383562,
      0.07755754297370553,
      0.07419692929994323,
      0.07328277895047947,
      0.08849182274364419,
      0.07510471873515467,
      0.06403554206170824,
      0.059256606687958395,
      0.061529126434795925,
      0.057484566220217054,
      0.0600420211946433,
      0.07496714341345712,
      0.05823619482693633,
      0.048763425990158545,
      0.04729549422353343,
      0.05217819876001858,
      0.05615081957907673,
      0.049332683131191955,
      0.054340271248632895,
      0.04692440734268913,
      0.048398380047635144,
      0.04792726610913185,
      0.04840078591816914,
      0.04307112677941759,
      0.04103553716305926,
      0.04002290728638142,
      0.04233917614344604,
      0.05389632256825377,
      0.056863302040183986,
      0.04256204010931843,
      0.03883982548217833,
      0.03581976833330224,
      0.03998476239627605,
      0.037246226368033625,
      0.04263150420380673,
      0.07277336374705802,
      0.047629240808529344,
      0.03988035531034453,
      0.038220413940856006,
      0.03649272764810857,
      0.033850509992293124,
      0.042914571492489284,
      0.03734336653760721,
      0.03516813828679059,
      0.0344114759478185,
      0.04689396149751914,
      0.03743654576168804,
      0.03620720211055313,
      0.0367718598841048,
      0.034472175964108426,
      0.03386502368106238,
      0.034768314210754804,
      0.03850417699449295,
      0.04828026022636816,
      0.03648123597220879,
      0.04080915809452441,
      0.03397352648629538,
      0.032698098138306785,
      0.03206002929461268,
      0.0380101391231529,
      0.03262198754485064,
      0.03296890152593531,
      0.03881529572713273,
      0.04295115600368467,
      0.0337881158667444,
      0.032161368035286825,
      0.0321201276291887,
      0.031207808600687673,
      0.03275365341655718,
      0.05459578393538358
    ],
    "val_loss": [
      0.4099595604542487,
      0.5447274729654104,
      0.5169223057340362,
      0.691014420602493,
      0.6285497519561274,
      0.6755989512328259,
      0.9145481511772036,
      0.9328257816414276,
      0.6052965387255845,
      0.6779595390899096,
      0.7323265843539538,
      0.6484255102580179,
      0.49614746625908834,
      0.5889575140874186,
      0.7158487634566015,
      0.5438911441914336,
      0.6830221268052826,
      0.6219925756136814,
      0.7597892670618916,
      0.6862544817125013,
      0.9037165200058929,
      0.6372549204233877,
      0.5160030846288818,
      0.7164224572479725,
      0.4598593797155483,
      0.44081321045488653,
      0.48789117667310966,
      0.6011778129432016,
      0.5156367485930106,
      0.4887767953653179,
      0.496921189731645,
      0.5437975989085828,
      0.46353090823945886,
      0.4260503737958605,
      0.4570959054424377,
      0.3660343529578454,
      0.3745226432106452,
      0.42957510439578644,
      0.4306023548507762,
      0.4997364975110499,
      0.39598470465419533,
      0.3825116253184701,
      0.3877526596902373,
      0.38117566964405025,
      0.4015085273517106,
      0.38990480393439,
      0.3949078934813688,
      0.37337260440795006,
      0.40294011096040644,
      0.3894666479063962,
      0.36727816793108414,
      0.47193080115907204,
      0.43977377412472657,
      0.42755128401749865,
      0.42248740565187914,
      0.3922083834241964,
      0.4415522100504287,
      0.4245368989106424,
      0.45599467320713455,
      0.43024872940725195,
      0.4248080118732181,
      0.3986121234199601,
      0.39882929144862167,
      0.37616563523244,
      0.4427649889297471,
      0.431943944471325,
      0.4324708581595364,
      0.410078689728133,
      0.4282141895529753,
      0.42619635995008986,
      0.4474485734890321,
      0.4099710010616722,
      0.43552448179372055,
      0.4321579257974368,
      0.4113974971685581,
      0.4223641655000741,
      0.40409236392842796,
      0.39804331855234987,
      0.43410268073934993,
      0.39689381496456566,
      0.453487782260615,
      0.4735784901562565,
      0.42133050399001487,
      0.4823685964067539,
      0.39253783659663743,
      0.4748532320389491
    ],
    "best_epoch": 36,
    "best_val_loss": 0.3660343529578454,
    "test_loss": 0.3831779174506664,
    "tracker": {
      "initial_train_loss": 0.3506480020655143,
      "train_threshold": 0.11688266735517143,
      "best_tracking": true,
      "patience_active": true,
      "patience_best_train": null,
      "patience_best_val": 0.3660343529578454,
      "patience_no_improve_epochs": 50,
      "best_train_loss": Infinity,
      "forced_stop_due_to_threshold": false
    }
  },
  "model_files": {
    "best": "scripts/outputs/gru-other-value/trial_44_fe905a/best_model.pt",
    "last": "scripts/outputs/gru-other-value/trial_44_fe905a/last_model.pt"
  },
  "config_path": "/home/amoris/data-analysis-on-dbps/scripts/outputs/gru-other-value/trial_44_fe905a/config.yaml"
}