{
  "model_name": "gru-trc-rate/trial_32_beeb0f",
  "model_type": "GRU",
  "model_format": "torch",
  "model_params": {
    "history_length": 133,
    "units": 101,
    "num_layers": 4,
    "dropout": 0.3226476053703401
  },
  "training_params": {
    "max_epochs": 500,
    "batch_size": 115,
    "learning_rate": 0.00024152432431973422,
    "weight_decay": 0.0001599715260530432,
    "checkpoint_interval": 10,
    "seed": 947
  },
  "data_csv": "data/time_aligned_data.csv",
  "timestamp_column": "Date, Time",
  "columns": [
    "TRC-DT",
    "TRC-RT",
    "TRC-PPL1",
    "TRC-PPL2",
    "pH-DT",
    "pH-RT",
    "pH-PPL1",
    "pH-PPL2",
    "cond-DT",
    "cond-PPL1",
    "cond-PPL2",
    "fDOM-RT",
    "fDOM-PPL1",
    "fDOM-PPL2",
    "DO-RT",
    "DO-PPL1",
    "DO-PPL2",
    "TOC-RT",
    "TOC-PPL1",
    "TOC-PPL2",
    "DOC-RT",
    "DOC-PPL1",
    "DOC-PPL2",
    "minutes_since_start"
  ],
  "feature_columns": [
    "TRC-DT",
    "TRC-RT",
    "pH-DT",
    "pH-RT",
    "cond-DT",
    "fDOM-RT",
    "DO-RT",
    "TOC-RT",
    "DOC-RT",
    "minutes_since_start"
  ],
  "target_columns": [
    "TRC-PPL1",
    "TRC-PPL2"
  ],
  "target_mode": "rate",
  "target_base_columns": [
    "TRC-RT",
    "TRC-RT"
  ],
  "split_boundaries": {
    "train_end": 7796,
    "val_end": 9466,
    "test_end": 11138
  },
  "dataset_sizes": {
    "train": 7664,
    "val": 1670,
    "test": 1672
  },
  "input_dim": 10,
  "sequence_length": 133,
  "training_history": {
    "epochs": [
      1,
      2,
      3,
      4,
      5,
      6,
      7,
      8,
      9,
      10,
      11,
      12,
      13,
      14,
      15,
      16,
      17,
      18,
      19,
      20,
      21,
      22,
      23,
      24,
      25,
      26,
      27,
      28,
      29,
      30,
      31,
      32,
      33,
      34,
      35,
      36,
      37,
      38,
      39,
      40,
      41,
      42,
      43,
      44,
      45,
      46,
      47,
      48,
      49,
      50,
      51,
      52,
      53,
      54,
      55,
      56,
      57,
      58,
      59,
      60,
      61,
      62,
      63,
      64,
      65,
      66,
      67,
      68,
      69,
      70,
      71,
      72,
      73,
      74,
      75,
      76,
      77,
      78,
      79,
      80
    ],
    "train_loss": [
      0.47033961283700204,
      0.16141873901993783,
      0.11644584959127896,
      0.07584314359184782,
      0.06051522453309723,
      0.05155744428390594,
      0.04499486502306633,
      0.040851811390362355,
      0.03893743803027613,
      0.03681947352945034,
      0.03417407276302319,
      0.03275927673686988,
      0.029962009174062915,
      0.029732167418455094,
      0.02794022677686952,
      0.027415549005129002,
      0.026722058500474346,
      0.027986550317213935,
      0.02588766632603563,
      0.024576343952275672,
      0.02497681914945376,
      0.02387048750080456,
      0.02414279513470323,
      0.022837844122413135,
      0.02323747171470137,
      0.02260826981022744,
      0.022073787240416497,
      0.02133397591817494,
      0.021078530757829922,
      0.027720504891446215,
      0.023108203509445292,
      0.021690606941626504,
      0.021657144237408853,
      0.020372322745332475,
      0.020663966380287203,
      0.020427414346005115,
      0.020132690788288495,
      0.019837037879402025,
      0.01947305296459731,
      0.019486834997596077,
      0.019218617200798944,
      0.019111939181310236,
      0.018897251119314146,
      0.019371306221341103,
      0.019274042791075467,
      0.019476278181701105,
      0.019277107960564942,
      0.018624323715882605,
      0.018495646560815454,
      0.018842571561680697,
      0.018574074972182754,
      0.0193600839356083,
      0.017775252786010994,
      0.018201738546990316,
      0.017694256372705087,
      0.01835184676209581,
      0.018118284882089056,
      0.01831006743696796,
      0.01816564367302462,
      0.017811159416401295,
      0.017589318243755585,
      0.017527642763012705,
      0.01723777855034832,
      0.017355732779317033,
      0.01758253669776003,
      0.017387872748344257,
      0.017267603312214615,
      0.01722321805489757,
      0.01753976644808621,
      0.017459153075214468,
      0.017415550493052916,
      0.017117910095250394,
      0.01695738774179899,
      0.01728118410650427,
      0.017226323200047546,
      0.017150457182632747,
      0.016911920107072823,
      0.017239722859266064,
      0.01687667833345637,
      0.016670091795741866
    ],
    "val_loss": [
      0.40775843618248037,
      0.2823621857532127,
      0.22558799180798902,
      0.19172923977927356,
      0.20755494002275124,
      0.19802802650559093,
      0.21488378148994403,
      0.21843892187549324,
      0.2553902980230169,
      0.32884224630825354,
      0.2904840232692882,
      0.31357758448174794,
      0.43962889277894873,
      0.4656467537680072,
      0.5031186740923517,
      0.4705072853457696,
      0.7047547672479274,
      0.5009403231938532,
      0.4595972565420998,
      0.49564629550577105,
      0.46758487438058066,
      0.5122582193876722,
      0.4699281926105122,
      0.5189482038450277,
      0.4399203515728701,
      0.5514512974099663,
      0.4914875005700899,
      0.4581580312509915,
      0.45355707857601657,
      0.6838545791726716,
      0.6039627655381392,
      0.6243405403000509,
      0.5318377140664055,
      0.5519658539466515,
      0.5135313485397729,
      0.5194451541020841,
      0.49203958571470247,
      0.5526718333988132,
      0.543778227452568,
      0.49102517484525543,
      0.5616769631543826,
      0.5102710747522509,
      0.499816928460391,
      0.48259107204165286,
      0.5528264035677125,
      0.44388395244489887,
      0.5136410972594233,
      0.48876571548756903,
      0.4969156305612383,
      0.4890130319894699,
      0.5250794352171664,
      0.47644210809250614,
      0.46308158348108125,
      0.47278837907033233,
      0.47874804007302146,
      0.47013394170424005,
      0.45727672511544415,
      0.46516638966333007,
      0.48339864275345723,
      0.46996347882232803,
      0.4856592589253169,
      0.42855823220696276,
      0.43070826236113996,
      0.4618727887205467,
      0.4518500023973202,
      0.4418578701049179,
      0.4523928903913248,
      0.4588504859363426,
      0.4413448903810032,
      0.43396180802342776,
      0.44604921475900505,
      0.4377428324346592,
      0.4629140633610105,
      0.44836721022217396,
      0.42395640478586544,
      0.4555279600216511,
      0.44843679231530176,
      0.4402291484310955,
      0.43115558947051713,
      0.46137946868081114
    ],
    "best_epoch": 4,
    "best_val_loss": 0.19172923977927356,
    "best_val_abs_mse": 0.2593820095062256,
    "test_loss": 4.695257110672705,
    "test_abs_mse": 46.06035232543945,
    "tracker": {
      "initial_train_loss": 0.47033961283700204,
      "train_threshold": 0.15677987094566734,
      "best_tracking": true,
      "patience_active": true,
      "patience_best_train": null,
      "patience_best_val": 0.19172923977927356,
      "patience_no_improve_epochs": 76,
      "best_train_loss": Infinity,
      "forced_stop_due_to_threshold": false
    }
  },
  "model_files": {
    "best": "scripts/outputs/gru-trc-rate/trial_32_beeb0f/best_model.pt",
    "last": "scripts/outputs/gru-trc-rate/trial_32_beeb0f/last_model.pt"
  },
  "config_path": "/home/amoris/data-analysis-on-dbps/scripts/outputs/gru-trc-rate/trial_32_beeb0f/config.yaml"
}