{
  "model_name": "lstm-trc-value/trial_77_11b825",
  "model_type": "LSTM",
  "model_format": "torch",
  "model_params": {
    "history_length": 111,
    "units": 350,
    "num_layers": 8,
    "dropout": 0.351538712080462
  },
  "training_params": {
    "max_epochs": 500,
    "batch_size": 181,
    "learning_rate": 0.0003128227262008265,
    "weight_decay": 0.0006316414448114545,
    "checkpoint_interval": 10,
    "seed": 947
  },
  "data_csv": "data/time_aligned_data.csv",
  "timestamp_column": "Date, Time",
  "columns": [
    "TRC-DT",
    "TRC-RT",
    "TRC-PPL1",
    "TRC-PPL2",
    "pH-DT",
    "pH-RT",
    "pH-PPL1",
    "pH-PPL2",
    "cond-DT",
    "cond-PPL1",
    "cond-PPL2",
    "fDOM-RT",
    "fDOM-PPL1",
    "fDOM-PPL2",
    "DO-RT",
    "DO-PPL1",
    "DO-PPL2",
    "TOC-RT",
    "TOC-PPL1",
    "TOC-PPL2",
    "DOC-RT",
    "DOC-PPL1",
    "DOC-PPL2",
    "minutes_since_start"
  ],
  "feature_columns": [
    "TRC-DT",
    "TRC-RT",
    "pH-DT",
    "pH-RT",
    "cond-DT",
    "fDOM-RT",
    "DO-RT",
    "TOC-RT",
    "DOC-RT",
    "minutes_since_start"
  ],
  "target_columns": [
    "TRC-PPL1",
    "TRC-PPL2"
  ],
  "split_boundaries": {
    "train_end": 7796,
    "val_end": 9466,
    "test_end": 11138
  },
  "dataset_sizes": {
    "train": 7686,
    "val": 1670,
    "test": 1672
  },
  "input_dim": 10,
  "sequence_length": 111,
  "training_history": {
    "epochs": [
      1,
      2,
      3,
      4,
      5,
      6,
      7,
      8,
      9,
      10,
      11,
      12,
      13,
      14,
      15,
      16,
      17,
      18,
      19,
      20,
      21,
      22,
      23,
      24,
      25,
      26,
      27,
      28,
      29,
      30,
      31,
      32,
      33,
      34,
      35,
      36,
      37,
      38,
      39,
      40,
      41,
      42,
      43,
      44,
      45,
      46,
      47,
      48,
      49,
      50
    ],
    "train_loss": [
      1.0005082289765597,
      0.9998088953025385,
      0.9997876704033855,
      1.0001993482617888,
      0.9999547023234069,
      0.99985437303386,
      0.9997169333155069,
      0.99972969994643,
      0.9998881127292714,
      0.9998218133103373,
      1.0000031999380925,
      0.9997858558196188,
      0.9997201993956778,
      0.999631369327959,
      0.9998011529492178,
      0.9997175968223768,
      0.9996328846321979,
      0.9996542281977931,
      0.9998360428917449,
      0.9996857712069062,
      0.9995940086309903,
      0.9996940992227793,
      0.9996218156091813,
      0.9996076971176171,
      0.9995922807477087,
      0.9996406245504603,
      0.9997827281888003,
      0.9996441785103637,
      0.9995600004742736,
      0.9995887803823539,
      0.9995848671427748,
      0.9996431892330127,
      0.9996149176084651,
      0.999614549208953,
      0.9995585953137728,
      0.999591326088512,
      0.9996007245684427,
      0.9995577254318304,
      0.9995914029169294,
      0.999568264728842,
      0.9995692019471271,
      0.9997472234483252,
      0.9996863225770127,
      0.9996217954772976,
      0.9996381027373429,
      0.9996354184267331,
      0.9996547474856182,
      0.9996095817286987,
      0.9996072980549817,
      0.9995596761462157
    ],
    "val_loss": [
      0.34607675330278403,
      0.356349257382001,
      0.34442000795758054,
      0.36156349218266454,
      0.3527174168205011,
      0.3510833403887506,
      0.3458731833443849,
      0.35330728202344414,
      0.35250011984548885,
      0.3542355388402939,
      0.34566312065783017,
      0.35379587377304444,
      0.3503822836311099,
      0.3483587378758692,
      0.34766276994508183,
      0.3509930790273729,
      0.3487205183434629,
      0.34980330054765335,
      0.34924771546380606,
      0.35117510464377033,
      0.34917751541751585,
      0.35095544279201657,
      0.3514309785925521,
      0.3501264494871665,
      0.35225479446663827,
      0.3520042606835772,
      0.35004725611941545,
      0.35183573014989583,
      0.35024243527409915,
      0.3499700607631556,
      0.3517459355584697,
      0.3500005506536739,
      0.3501566032070421,
      0.35216881654665855,
      0.3495346851401522,
      0.35144499698263443,
      0.35079783007145643,
      0.3496665631158802,
      0.3493340691228113,
      0.35185041826240676,
      0.3514835179320531,
      0.350223247265209,
      0.34973436502550176,
      0.3500169738636402,
      0.3501616098834369,
      0.35163408348080283,
      0.3484575493562364,
      0.3505318229069967,
      0.3510891564078852,
      0.34994939711547185
    ],
    "best_epoch": 50,
    "best_val_loss": 0.34994939711547185,
    "test_loss": 5.661216197259118,
    "tracker": {
      "initial_train_loss": 1.0005082289765597,
      "train_threshold": 0.3335027429921866,
      "best_tracking": false,
      "patience_active": true,
      "patience_best_train": null,
      "patience_best_val": 0.3484575493562364,
      "patience_no_improve_epochs": 3,
      "best_train_loss": Infinity,
      "forced_stop_due_to_threshold": true
    }
  },
  "model_files": {
    "best": "scripts/outputs/lstm-trc-value/trial_77_11b825/best_model.pt",
    "last": "scripts/outputs/lstm-trc-value/trial_77_11b825/last_model.pt"
  },
  "config_path": "/home/amoris/data-analysis-on-dbps/scripts/outputs/lstm-trc-value/trial_77_11b825/config.yaml"
}