{
  "model_name": "rnn-trc-value/trial_44_fd4c05",
  "model_type": "RNN",
  "model_format": "torch",
  "model_params": {
    "history_length": 124,
    "units": 173,
    "num_layers": 6,
    "dropout": 0.23793439782000742
  },
  "training_params": {
    "max_epochs": 500,
    "batch_size": 113,
    "learning_rate": 0.00038659747614332537,
    "weight_decay": 0.0009976916591543856,
    "checkpoint_interval": 10,
    "seed": 947
  },
  "data_csv": "data/time_aligned_data.csv",
  "timestamp_column": "Date, Time",
  "columns": [
    "TRC-DT",
    "TRC-RT",
    "TRC-PPL1",
    "TRC-PPL2",
    "pH-DT",
    "pH-RT",
    "pH-PPL1",
    "pH-PPL2",
    "cond-DT",
    "cond-PPL1",
    "cond-PPL2",
    "fDOM-RT",
    "fDOM-PPL1",
    "fDOM-PPL2",
    "DO-RT",
    "DO-PPL1",
    "DO-PPL2",
    "TOC-RT",
    "TOC-PPL1",
    "TOC-PPL2",
    "DOC-RT",
    "DOC-PPL1",
    "DOC-PPL2",
    "minutes_since_start"
  ],
  "feature_columns": [
    "TRC-DT",
    "TRC-RT",
    "pH-DT",
    "pH-RT",
    "cond-DT",
    "fDOM-RT",
    "DO-RT",
    "TOC-RT",
    "DOC-RT",
    "minutes_since_start"
  ],
  "target_columns": [
    "TRC-PPL1",
    "TRC-PPL2"
  ],
  "split_boundaries": {
    "train_end": 7796,
    "val_end": 9466,
    "test_end": 11138
  },
  "dataset_sizes": {
    "train": 7673,
    "val": 1670,
    "test": 1672
  },
  "input_dim": 10,
  "sequence_length": 124,
  "training_history": {
    "epochs": [
      1,
      2,
      3,
      4,
      5,
      6,
      7,
      8,
      9,
      10,
      11,
      12,
      13,
      14,
      15,
      16,
      17,
      18,
      19,
      20,
      21,
      22,
      23,
      24,
      25,
      26,
      27,
      28,
      29,
      30,
      31,
      32,
      33,
      34,
      35,
      36,
      37,
      38,
      39,
      40,
      41,
      42,
      43,
      44,
      45,
      46,
      47,
      48,
      49,
      50,
      51,
      52,
      53,
      54,
      55,
      56,
      57,
      58,
      59,
      60,
      61,
      62,
      63,
      64,
      65,
      66,
      67,
      68,
      69,
      70,
      71,
      72,
      73,
      74,
      75,
      76,
      77,
      78,
      79,
      80
    ],
    "train_loss": [
      0.2876822437081672,
      0.11516835276806012,
      0.07085661342102686,
      0.05878562936295932,
      0.050020780910044874,
      0.045391776440593515,
      0.038450603279281854,
      0.037094904844406744,
      0.036940610153746466,
      0.033877843007043336,
      0.034339891755622076,
      0.03281382303629116,
      0.031174004351979718,
      0.03519940432867504,
      0.03143740158562561,
      0.027743841641726136,
      0.027964341544390703,
      0.02767728023264044,
      0.033824177565450975,
      0.028076290573294107,
      0.02916327786007885,
      0.0281950545476726,
      0.029689628095120272,
      0.025913008539328732,
      0.03048685330290201,
      0.027787878405883915,
      0.026762370760548337,
      0.027147973828026452,
      0.025781781442883848,
      0.0271837833822628,
      0.029605452640077506,
      0.025121909157548642,
      0.027273264835083345,
      0.02688226929507595,
      0.026258751944194914,
      0.0245209458138064,
      0.02411692470353872,
      0.02752343255278341,
      0.025055883991693822,
      0.025575024901045577,
      0.025482168937485266,
      0.0247449462399009,
      0.03676292776821622,
      0.040347382862732116,
      0.026312212782968882,
      0.027092100870338566,
      0.025798341196001735,
      0.024098873194260965,
      0.0250707815441189,
      0.02364681731673072,
      0.023007611988679646,
      0.02411472648319071,
      0.023705052539354725,
      0.022946703890415008,
      0.02276504296305965,
      0.025399839791030984,
      0.02530315260939464,
      0.13536683406579353,
      0.1834734080794596,
      0.09321402412727932,
      0.06675556482242027,
      0.06196651361163166,
      0.06175902885176454,
      0.05779946432057484,
      0.05626641266085824,
      0.050665131268667674,
      0.049046427593611996,
      0.04530371556797224,
      0.04798876551216232,
      0.04798767597471722,
      0.04561349292800741,
      0.037576499411701055,
      0.036803046346272,
      0.03455839530177289,
      0.032906700084907176,
      0.03453620056302874,
      0.0325675281205296,
      0.03056633255105705,
      0.032268619217259174,
      0.033512988434729434
    ],
    "val_loss": [
      0.352929079131095,
      0.3037275982317989,
      0.271928456870694,
      0.2718677100998734,
      0.3037521004464901,
      0.2931375128501457,
      0.3125511765703113,
      0.33724422143816857,
      0.31834847234234126,
      0.34992715571756045,
      0.330887467703018,
      0.32158360902420774,
      0.3355316120450814,
      0.32288077127879966,
      0.3260259188812025,
      0.34403001081120377,
      0.35817495582480274,
      0.3555163264888043,
      0.32025632683946165,
      0.3255859300806494,
      0.32274104929835856,
      0.3383296060303371,
      0.3247273932339367,
      0.2941276220281324,
      0.30815402906901107,
      0.32107649069658656,
      0.3476154461179575,
      0.31747072976372553,
      0.33042258083664194,
      0.2955383392173552,
      0.31565312929563,
      0.302897514013607,
      0.2989595479538252,
      0.3281163460145632,
      0.3093927744207179,
      0.30492742493369446,
      0.2994122169153419,
      0.30849721132928204,
      0.32110073656446025,
      0.30547251587923235,
      0.293578236097258,
      0.30871716806230076,
      0.31584907971255616,
      0.32230515335379784,
      0.2891356854805511,
      0.29953150560767083,
      0.29772526220067175,
      0.28798180837853404,
      0.2885028517721388,
      0.2865752768808764,
      0.2901791363352252,
      0.2887970696933969,
      0.2794625591932835,
      0.29064651171002026,
      0.2770908746132237,
      0.27913441283594886,
      0.28648442726604595,
      0.5511539263539239,
      0.2995493749312744,
      0.3040248819677059,
      0.29688625725510415,
      0.30986085033523825,
      0.3149558903660603,
      0.29780409101196037,
      0.3114289525885157,
      0.31117958409410573,
      0.3359394333609742,
      0.32461965461177916,
      0.31039015642607104,
      0.34560428316074754,
      0.3293279831593265,
      0.3372287194584747,
      0.3212136462765807,
      0.30523956546972614,
      0.31936157536386195,
      0.3313975860448387,
      0.30646247167229473,
      0.3088421228704249,
      0.34083842626454947,
      0.36916407454357353
    ],
    "best_epoch": 4,
    "best_val_loss": 0.2718677100998734,
    "test_loss": 4.133826619593435,
    "tracker": {
      "initial_train_loss": 0.2876822437081672,
      "train_threshold": 0.09589408123605574,
      "best_tracking": true,
      "patience_active": true,
      "patience_best_train": null,
      "patience_best_val": 0.2718677100998734,
      "patience_no_improve_epochs": 76,
      "best_train_loss": Infinity,
      "forced_stop_due_to_threshold": false
    }
  },
  "model_files": {
    "best": "scripts/outputs/rnn-trc-value/trial_44_fd4c05/best_model.pt",
    "last": "scripts/outputs/rnn-trc-value/trial_44_fd4c05/last_model.pt"
  },
  "config_path": "/home/amoris/data-analysis-on-dbps/scripts/outputs/rnn-trc-value/trial_44_fd4c05/config.yaml"
}