{
  "model_name": "lstm-trc-rate/trial_52_6ff831",
  "model_type": "LSTM",
  "model_format": "torch",
  "model_params": {
    "history_length": 153,
    "units": 283,
    "num_layers": 2,
    "dropout": 0.4041522567245666
  },
  "training_params": {
    "max_epochs": 500,
    "batch_size": 239,
    "learning_rate": 0.0005679661637994242,
    "weight_decay": 0.0003042115711509674,
    "checkpoint_interval": 10,
    "seed": 947
  },
  "data_csv": "data/time_aligned_data.csv",
  "timestamp_column": "Date, Time",
  "columns": [
    "TRC-DT",
    "TRC-RT",
    "TRC-PPL1",
    "TRC-PPL2",
    "pH-DT",
    "pH-RT",
    "pH-PPL1",
    "pH-PPL2",
    "cond-DT",
    "cond-PPL1",
    "cond-PPL2",
    "fDOM-RT",
    "fDOM-PPL1",
    "fDOM-PPL2",
    "DO-RT",
    "DO-PPL1",
    "DO-PPL2",
    "TOC-RT",
    "TOC-PPL1",
    "TOC-PPL2",
    "DOC-RT",
    "DOC-PPL1",
    "DOC-PPL2",
    "minutes_since_start"
  ],
  "feature_columns": [
    "TRC-DT",
    "TRC-RT",
    "pH-DT",
    "pH-RT",
    "cond-DT",
    "fDOM-RT",
    "DO-RT",
    "TOC-RT",
    "DOC-RT",
    "minutes_since_start"
  ],
  "target_columns": [
    "TRC-PPL1",
    "TRC-PPL2"
  ],
  "target_mode": "rate",
  "target_base_columns": [
    "TRC-RT",
    "TRC-RT"
  ],
  "split_boundaries": {
    "train_end": 7796,
    "val_end": 9466,
    "test_end": 11138
  },
  "dataset_sizes": {
    "train": 7644,
    "val": 1670,
    "test": 1672
  },
  "input_dim": 10,
  "sequence_length": 153,
  "training_history": {
    "epochs": [
      1,
      2,
      3,
      4,
      5,
      6,
      7,
      8,
      9,
      10,
      11,
      12,
      13,
      14,
      15,
      16,
      17,
      18,
      19,
      20,
      21,
      22,
      23,
      24,
      25,
      26,
      27,
      28,
      29,
      30,
      31,
      32,
      33,
      34,
      35,
      36,
      37,
      38,
      39,
      40,
      41,
      42,
      43,
      44,
      45,
      46,
      47,
      48,
      49,
      50,
      51,
      52,
      53,
      54,
      55,
      56,
      57,
      58,
      59,
      60,
      61,
      62,
      63,
      64,
      65,
      66,
      67,
      68,
      69,
      70,
      71,
      72,
      73,
      74,
      75,
      76,
      77,
      78,
      79,
      80
    ],
    "train_loss": [
      0.425032704224501,
      0.11095193238009775,
      0.06096087348092326,
      0.04284907594100928,
      0.03616345058205527,
      0.031606442459494906,
      0.03242749957151395,
      0.028479421294178797,
      0.026324573918408995,
      0.02714160561594724,
      0.026841208618475405,
      0.024008676297387593,
      0.02515799551812346,
      0.023346672662349115,
      0.029764409183584493,
      0.02471620445507654,
      0.02209237099014523,
      0.02178988410993311,
      0.020873730358668158,
      0.021294880255838453,
      0.02052453214405977,
      0.020376530151584193,
      0.02051497768578551,
      0.01987078334002603,
      0.01902419374134803,
      0.01918412047286758,
      0.020527841922915274,
      0.01982709584043233,
      0.01872565429379909,
      0.01849382391179001,
      0.018724883900695075,
      0.01892691789646226,
      0.01980054377023109,
      0.018109979182296572,
      0.017998895189500194,
      0.02063087984643709,
      0.018051589180387396,
      0.017534971211353157,
      0.018038739096095532,
      0.017922315003095983,
      0.01868352496315209,
      0.017882549380717875,
      0.017766312589554075,
      0.018575966417641306,
      0.017371822593754138,
      0.032232972563252686,
      0.02428347127237233,
      0.022826249726810643,
      0.021630502843713727,
      0.02118426898868646,
      0.023408337813241125,
      0.02397183457989887,
      0.02439724024914474,
      0.02316373007026979,
      0.020829085806459733,
      0.01882602440896052,
      0.018177001962456744,
      0.017460334587823707,
      0.01790411508345342,
      0.017203142466501165,
      0.01701121712454377,
      0.017253707247834472,
      0.017691042242437203,
      0.016900412751116103,
      0.01724729786711306,
      0.017850114152757505,
      0.01839092774935601,
      0.01800604074830818,
      0.02737777845528072,
      0.01877116873370087,
      0.017991049180595835,
      0.017950545484711835,
      0.017476357512194556,
      0.01758276589089553,
      0.01735979400005938,
      0.016933658969998436,
      0.017341095811386716,
      0.016942640608722418,
      0.017862222796576004,
      0.017777808955668318
    ],
    "val_loss": [
      0.2968204777487024,
      0.23992754292345334,
      0.16888247296258718,
      0.2004919116312783,
      0.23690460537989697,
      0.22973371271356316,
      0.2398580231441709,
      0.25128759763978736,
      0.2632432767931751,
      0.2563396736388346,
      0.26070725721624977,
      0.2688215571338545,
      0.2613048197511963,
      0.2658130452304543,
      0.2696732610441789,
      0.25959731303824635,
      0.27006621381412904,
      0.2775435640571449,
      0.27704187079394116,
      0.27539259306863395,
      0.28612463300389623,
      0.29193860397166654,
      0.2952069679052084,
      0.2913490888623599,
      0.2958988621909015,
      0.2962221012645942,
      0.3029919305961289,
      0.29808189132234114,
      0.30890664822773306,
      0.30037813963937365,
      0.30248076132983864,
      0.29949225722895767,
      0.30150162459066704,
      0.3021102780409291,
      0.31396626639040465,
      0.3233614960328458,
      0.31876332964302,
      0.31300982285157114,
      0.3229542748411437,
      0.3191715194481219,
      0.3016597081979592,
      0.326488557705533,
      0.3319605942893617,
      0.3251421791518074,
      0.3333964456553142,
      0.27546894100388725,
      0.2755873015763874,
      0.28194542602708417,
      0.28308332784960194,
      0.28803705488537956,
      0.2952702416196287,
      0.3022286427034411,
      0.3107401967271716,
      0.3024137290696541,
      0.30749179704371327,
      0.3020195026876416,
      0.3041201522897282,
      0.3030840538442135,
      0.31731765451478566,
      0.3052560925227172,
      0.3061605125710279,
      0.3098455267551238,
      0.304833963721946,
      0.3089488231504481,
      0.3034702664798873,
      0.3131719821506364,
      0.311696848419389,
      0.30627886411583355,
      0.3092665171551847,
      0.30871672212051415,
      0.30210021861499836,
      0.31023640447034095,
      0.30628854284386436,
      0.30841145095844824,
      0.31267453480266527,
      0.31310074686736405,
      0.3170349275592915,
      0.3162190766904704,
      0.31603034654866435,
      0.3166725921829393
    ],
    "best_epoch": 3,
    "best_val_loss": 0.16888247296258718,
    "best_val_abs_mse": 0.23928728699684143,
    "test_loss": 4.7558467100111494,
    "test_abs_mse": 45.83735656738281,
    "tracker": {
      "initial_train_loss": 0.425032704224501,
      "train_threshold": 0.14167756807483367,
      "best_tracking": true,
      "patience_active": true,
      "patience_best_train": null,
      "patience_best_val": 0.16888247296258718,
      "patience_no_improve_epochs": 77,
      "best_train_loss": Infinity,
      "forced_stop_due_to_threshold": false
    }
  },
  "model_files": {
    "best": "scripts/outputs/lstm-trc-rate/trial_52_6ff831/best_model.pt",
    "last": "scripts/outputs/lstm-trc-rate/trial_52_6ff831/last_model.pt"
  },
  "config_path": "/home/amoris/data-analysis-on-dbps/scripts/outputs/lstm-trc-rate/trial_52_6ff831/config.yaml"
}