{
  "model_name": "gru-other-value/trial_51_c0e32c",
  "model_type": "GRU",
  "model_format": "torch",
  "model_params": {
    "history_length": 54,
    "units": 310,
    "num_layers": 2,
    "dropout": 0.4844607812091179
  },
  "training_params": {
    "max_epochs": 500,
    "batch_size": 170,
    "learning_rate": 0.0008527386194548229,
    "weight_decay": 0.0007891611365061274,
    "checkpoint_interval": 10,
    "seed": 947
  },
  "data_csv": "data/time_aligned_data.csv",
  "timestamp_column": "Date, Time",
  "columns": [
    "TRC-DT",
    "TRC-RT",
    "TRC-PPL1",
    "TRC-PPL2",
    "pH-DT",
    "pH-RT",
    "pH-PPL1",
    "pH-PPL2",
    "cond-DT",
    "cond-PPL1",
    "cond-PPL2",
    "fDOM-RT",
    "fDOM-PPL1",
    "fDOM-PPL2",
    "DO-RT",
    "DO-PPL1",
    "DO-PPL2",
    "TOC-RT",
    "TOC-PPL1",
    "TOC-PPL2",
    "DOC-RT",
    "DOC-PPL1",
    "DOC-PPL2",
    "minutes_since_start"
  ],
  "feature_columns": [
    "TRC-DT",
    "TRC-RT",
    "pH-DT",
    "pH-RT",
    "cond-DT",
    "fDOM-RT",
    "DO-RT",
    "TOC-RT",
    "DOC-RT",
    "minutes_since_start"
  ],
  "target_columns": [
    "TOC-PPL1",
    "TOC-PPL2",
    "DOC-PPL1",
    "DOC-PPL2",
    "pH-PPL1",
    "pH-PPL2"
  ],
  "split_boundaries": {
    "train_end": 7796,
    "val_end": 9466,
    "test_end": 11138
  },
  "dataset_sizes": {
    "train": 7743,
    "val": 1670,
    "test": 1672
  },
  "input_dim": 10,
  "sequence_length": 54,
  "training_history": {
    "epochs": [
      1,
      2,
      3,
      4,
      5,
      6,
      7,
      8,
      9,
      10,
      11,
      12,
      13,
      14,
      15,
      16,
      17,
      18,
      19,
      20,
      21,
      22,
      23,
      24,
      25,
      26,
      27,
      28,
      29,
      30,
      31,
      32,
      33,
      34,
      35,
      36,
      37,
      38,
      39,
      40,
      41,
      42,
      43,
      44,
      45,
      46,
      47,
      48,
      49,
      50,
      51,
      52,
      53,
      54,
      55,
      56,
      57,
      58,
      59,
      60,
      61,
      62,
      63,
      64,
      65,
      66,
      67,
      68,
      69,
      70,
      71,
      72,
      73,
      74,
      75,
      76,
      77,
      78,
      79,
      80
    ],
    "train_loss": [
      0.3293621365866673,
      0.22982208847414534,
      0.21097904152761177,
      0.19028679794247846,
      0.17246114020274927,
      0.14648402545105096,
      0.14274060901099977,
      0.12420614058351265,
      0.13898088676891293,
      0.12303569276873554,
      0.1313380785522174,
      0.13453748694042603,
      0.11384637388539656,
      0.10153444877285743,
      0.09857769311917747,
      0.09135648953938506,
      0.08458587671995133,
      0.08747241676361789,
      0.08044589651515437,
      0.07484194867617937,
      0.07162811282368327,
      0.06982072590088084,
      0.06897808703190132,
      0.07448030839371432,
      0.06350596267482223,
      0.0646145940741088,
      0.06155711244038798,
      0.058808884092553804,
      0.05831492868513465,
      0.05442095227875359,
      0.055206722142440656,
      0.05594995385438808,
      0.05538742684898844,
      0.05305776302356922,
      0.05044007125386015,
      0.0591715275639906,
      0.054662100454506354,
      0.04912828690615732,
      0.05142020135992845,
      0.05588431816765093,
      0.04707022479984413,
      0.04495408707137766,
      0.045987025695216295,
      0.043002641239604886,
      0.046696644640105124,
      0.049903355566268744,
      0.04610067570369619,
      0.040604830761989175,
      0.041760377173570486,
      0.04738986719629183,
      0.044661485368847065,
      0.040236837667838005,
      0.04360892469705452,
      0.04647613186199166,
      0.0475477047137561,
      0.04219915562054453,
      0.04874750651273865,
      0.04146125389018386,
      0.03890921236341212,
      0.04094533448966455,
      0.0383938338978491,
      0.042107363293183396,
      0.04064346139933748,
      0.03771825756357573,
      0.04332701076963806,
      0.03736358885471094,
      0.04109651661940698,
      0.041428458708637095,
      0.035606146148878304,
      0.036551508099421905,
      0.03800903821209366,
      0.0391641422171864,
      0.03757528411028429,
      0.03929877293216894,
      0.04172995031971148,
      0.036755735265100925,
      0.036835673417071876,
      0.03875733602728998,
      0.03758909434934588,
      0.035417963714215794
    ],
    "val_loss": [
      0.37734628214450655,
      0.5809737494338059,
      0.5379027156772728,
      0.72559397841642,
      0.7091714230304706,
      0.7399829279876755,
      0.8213302812533464,
      0.8022057222213573,
      0.6320451568968282,
      0.844747073368398,
      0.376801075648048,
      0.4103301981698253,
      0.465254626900493,
      0.35818077880376115,
      0.4316092924532776,
      0.4643431857986721,
      0.37807135471326864,
      0.3566973997938062,
      0.40475464875469663,
      0.38453872283240276,
      0.36051503863341794,
      0.3657628117118053,
      0.3993175490173751,
      0.3414333170045636,
      0.40260327469089074,
      0.3732236504867048,
      0.4605658163656732,
      0.47070226042035096,
      0.436167192004041,
      0.4188366962853306,
      0.4613678242988929,
      0.4506160404956983,
      0.4622965732555903,
      0.4437547459038432,
      0.45525110526356155,
      0.4612255249462442,
      0.43902788690464223,
      0.43273873247964656,
      0.45067885161159993,
      0.46108143888190833,
      0.46509569749503793,
      0.4734360258022468,
      0.41185903219048847,
      0.4510376729115754,
      0.4404234386489777,
      0.45784562879693724,
      0.4547094692905506,
      0.44001046550309586,
      0.4724354450841864,
      0.4540240717772952,
      0.4304187497692908,
      0.454742422717774,
      0.445596505335705,
      0.4715682777637493,
      0.4628097766084585,
      0.41736033594536925,
      0.4570719208010656,
      0.42731860311266906,
      0.4406471684753538,
      0.4481815367401717,
      0.44962285351967385,
      0.46148358521882643,
      0.44228971905694037,
      0.4060512291278668,
      0.42824226983650004,
      0.4287194104162519,
      0.4376271919397537,
      0.4450430612185758,
      0.41631155425381516,
      0.47754255088860403,
      0.43789425447672425,
      0.4492157605772247,
      0.42297803463336237,
      0.41707026164331834,
      0.4590267054513543,
      0.395114943518967,
      0.43742100497384273,
      0.45316263033958254,
      0.452194816873459,
      0.4544605615431677
    ],
    "best_epoch": 24,
    "best_val_loss": 0.3414333170045636,
    "test_loss": 0.2985097155705736,
    "tracker": {
      "initial_train_loss": 0.3293621365866673,
      "train_threshold": 0.10978737886222244,
      "best_tracking": true,
      "patience_active": true,
      "patience_best_train": null,
      "patience_best_val": 0.3414333170045636,
      "patience_no_improve_epochs": 56,
      "best_train_loss": Infinity,
      "forced_stop_due_to_threshold": false
    }
  },
  "model_files": {
    "best": "scripts/outputs/gru-other-value/trial_51_c0e32c/best_model.pt",
    "last": "scripts/outputs/gru-other-value/trial_51_c0e32c/last_model.pt"
  },
  "config_path": "/home/amoris/data-analysis-on-dbps/scripts/outputs/gru-other-value/trial_51_c0e32c/config.yaml"
}