{
  "model_name": "mlp-trc-value/trial_49_122a9c",
  "model_type": "MLP",
  "model_format": "torch",
  "model_params": {
    "history_length": 1,
    "hidden_layers": [
      512,
      256,
      128
    ],
    "dropout": 0.23364643470751184,
    "mid_layer_count": 14,
    "mid_layer_size": 254
  },
  "training_params": {
    "max_epochs": 400,
    "batch_size": 265,
    "learning_rate": 0.0005602951905462082,
    "weight_decay": 0.009653481632846779,
    "checkpoint_interval": 10,
    "seed": 42
  },
  "data_csv": "data/time_aligned_data.csv",
  "timestamp_column": "Date, Time",
  "columns": [
    "TRC-DT",
    "TRC-RT",
    "TRC-PPL1",
    "TRC-PPL2",
    "pH-DT",
    "pH-RT",
    "pH-PPL1",
    "pH-PPL2",
    "cond-DT",
    "cond-PPL1",
    "cond-PPL2",
    "fDOM-RT",
    "fDOM-PPL1",
    "fDOM-PPL2",
    "DO-RT",
    "DO-PPL1",
    "DO-PPL2",
    "TOC-RT",
    "TOC-PPL1",
    "TOC-PPL2",
    "DOC-RT",
    "DOC-PPL1",
    "DOC-PPL2",
    "minutes_since_start"
  ],
  "feature_columns": [
    "TRC-DT",
    "TRC-RT",
    "pH-DT",
    "pH-RT",
    "cond-DT",
    "fDOM-RT",
    "DO-RT",
    "TOC-RT",
    "DOC-RT",
    "minutes_since_start"
  ],
  "target_columns": [
    "TRC-PPL1",
    "TRC-PPL2"
  ],
  "split_boundaries": {
    "train_end": 7796,
    "val_end": 9466,
    "test_end": 11138
  },
  "dataset_sizes": {
    "train": 7796,
    "val": 1670,
    "test": 1672
  },
  "input_dim": 10,
  "sequence_length": null,
  "training_history": {
    "epochs": [
      1,
      2,
      3,
      4,
      5,
      6,
      7,
      8,
      9,
      10,
      11,
      12,
      13,
      14,
      15,
      16,
      17,
      18,
      19,
      20,
      21,
      22,
      23,
      24,
      25,
      26,
      27,
      28,
      29,
      30,
      31,
      32,
      33,
      34,
      35,
      36,
      37,
      38,
      39,
      40,
      41,
      42,
      43,
      44,
      45,
      46,
      47,
      48,
      49,
      50,
      51,
      52,
      53,
      54,
      55,
      56,
      57,
      58,
      59,
      60,
      61,
      62,
      63,
      64,
      65,
      66,
      67,
      68,
      69,
      70,
      71,
      72,
      73,
      74,
      75,
      76,
      77,
      78,
      79,
      80
    ],
    "train_loss": [
      0.4438735549804062,
      0.14804118777839817,
      0.11269978815359968,
      0.0987805828505629,
      0.09123125577726812,
      0.08370512304086909,
      0.0811983438016605,
      0.078977562619011,
      0.07559394459070504,
      0.07427071952898956,
      0.07338137740652537,
      0.07088494284547724,
      0.0701504672794823,
      0.07093956322863644,
      0.06924564111930032,
      0.06941588316542818,
      0.06838347070328146,
      0.0658100319141307,
      0.06550529928855969,
      0.06580711154122883,
      0.06532308194172755,
      0.06509308320727714,
      0.06281802967800475,
      0.06489174073899386,
      0.06454771802855752,
      0.06302056145429488,
      0.06399066926669683,
      0.06228204857579037,
      0.0620447988667286,
      0.06310557695311146,
      0.06240125787155316,
      0.06227664586028544,
      0.06313793525709487,
      0.06042998685588006,
      0.06329780135861861,
      0.061749782092131486,
      0.06106390677518634,
      0.06357426317805294,
      0.06252948223795263,
      0.061601444478196904,
      0.06329792012398888,
      0.06337693372283565,
      0.06063208247168422,
      0.06341818534267857,
      0.06170085712305899,
      0.06108725163321072,
      0.05948073425358415,
      0.06045055189712299,
      0.06247156508612887,
      0.06349181797376438,
      0.06224184693685475,
      0.061239587992196545,
      0.06105853581878468,
      0.06166717311507879,
      0.06242869746775245,
      0.0604959700228871,
      0.06242601548428105,
      0.06226743842303569,
      0.061750668495235965,
      0.06068176374301933,
      0.06104145846828979,
      0.06291419188809767,
      0.060377445053299644,
      0.061688782576052974,
      0.06054653900662574,
      0.06149302377557146,
      0.06046904198655246,
      0.06219755524311649,
      0.06185016137814907,
      0.060991444469182504,
      0.06362171464285724,
      0.06259712361835283,
      0.062458028315373906,
      0.059769460706354686,
      0.06050460773442283,
      0.05955444886255962,
      0.06159348514030428,
      0.060170794051597365,
      0.060789725693060286,
      0.06320709952670774
    ],
    "val_loss": [
      0.3602688292900245,
      0.25624121097613595,
      0.21129549700699882,
      0.28240473405597455,
      0.21852879933343677,
      0.2482616216791961,
      0.23278295475721894,
      0.24442918767070698,
      0.2528518052147088,
      0.29115346669146935,
      0.29405266312536543,
      0.27692298931878306,
      0.23510885627906836,
      0.3739338749294688,
      0.34403667092033313,
      0.29091143954969095,
      0.3272520090804664,
      0.3463680465443584,
      0.3222302064846108,
      0.35832970065739517,
      0.28905142714899634,
      0.296178502276049,
      0.3062470755065808,
      0.3219703744516937,
      0.3034313459194706,
      0.3172865040087236,
      0.308744552863126,
      0.3262298759686465,
      0.31870876621834177,
      0.36252769125168194,
      0.30595701033372186,
      0.27523441965173107,
      0.28924007822541953,
      0.35822077933141216,
      0.3227239070393279,
      0.3215775208235412,
      0.29439645614140403,
      0.370226413647304,
      0.28770986535101234,
      0.29531010651882894,
      0.2845733410059781,
      0.266750793318504,
      0.29981221872643976,
      0.2933905310371143,
      0.375071360210994,
      0.30932168068063115,
      0.31592222644451134,
      0.2713287552640199,
      0.26987396647406375,
      0.26993634982848774,
      0.28872940398775,
      0.2979238568331132,
      0.27008033839952267,
      0.27312505711427704,
      0.2807142228378864,
      0.27049985367938606,
      0.26921790548806596,
      0.3291175769318542,
      0.2941884469285518,
      0.2979619644783036,
      0.2811425201215608,
      0.3303855612628653,
      0.34318256052489765,
      0.2981633129613307,
      0.31914970910031637,
      0.2843982580000769,
      0.2837679149683364,
      0.2748541357386077,
      0.2875082147514035,
      0.28050759344356146,
      0.28143844132250295,
      0.2840841228287377,
      0.30406192822861455,
      0.2828764933479314,
      0.2809511708697962,
      0.27855015948169426,
      0.275651139240645,
      0.27941517174957753,
      0.3084322718379205,
      0.28727410916618246
    ],
    "best_epoch": 3,
    "best_val_loss": 0.21129549700699882,
    "test_loss": 5.1543407246969535,
    "tracker": {
      "initial_train_loss": 0.4438735549804062,
      "train_threshold": 0.1479578516601354,
      "best_tracking": true,
      "patience_active": true,
      "patience_best_train": null,
      "patience_best_val": 0.21129549700699882,
      "patience_no_improve_epochs": 78,
      "best_train_loss": Infinity,
      "forced_stop_due_to_threshold": false
    }
  },
  "model_files": {
    "best": "scripts/outputs/mlp-trc-value/trial_49_122a9c/best_model.pt",
    "last": "scripts/outputs/mlp-trc-value/trial_49_122a9c/last_model.pt"
  },
  "config_path": "/home/amoris/data-analysis-on-dbps/scripts/outputs/mlp-trc-value/trial_49_122a9c/config.yaml"
}