{
  "model_name": "gru-other-value/trial_14_d789e1",
  "model_type": "GRU",
  "model_format": "torch",
  "model_params": {
    "history_length": 32,
    "units": 173,
    "num_layers": 5,
    "dropout": 0.3247133417202824
  },
  "training_params": {
    "max_epochs": 500,
    "batch_size": 307,
    "learning_rate": 0.0009457439473802748,
    "weight_decay": 0.0006779977438525081,
    "checkpoint_interval": 10,
    "seed": 947
  },
  "data_csv": "data/time_aligned_data.csv",
  "timestamp_column": "Date, Time",
  "columns": [
    "TRC-DT",
    "TRC-RT",
    "TRC-PPL1",
    "TRC-PPL2",
    "pH-DT",
    "pH-RT",
    "pH-PPL1",
    "pH-PPL2",
    "cond-DT",
    "cond-PPL1",
    "cond-PPL2",
    "fDOM-RT",
    "fDOM-PPL1",
    "fDOM-PPL2",
    "DO-RT",
    "DO-PPL1",
    "DO-PPL2",
    "TOC-RT",
    "TOC-PPL1",
    "TOC-PPL2",
    "DOC-RT",
    "DOC-PPL1",
    "DOC-PPL2",
    "minutes_since_start"
  ],
  "feature_columns": [
    "TRC-DT",
    "TRC-RT",
    "pH-DT",
    "pH-RT",
    "cond-DT",
    "fDOM-RT",
    "DO-RT",
    "TOC-RT",
    "DOC-RT",
    "minutes_since_start"
  ],
  "target_columns": [
    "TOC-PPL1",
    "TOC-PPL2",
    "DOC-PPL1",
    "DOC-PPL2",
    "pH-PPL1",
    "pH-PPL2"
  ],
  "split_boundaries": {
    "train_end": 7796,
    "val_end": 9466,
    "test_end": 11138
  },
  "dataset_sizes": {
    "train": 7765,
    "val": 1670,
    "test": 1672
  },
  "input_dim": 10,
  "sequence_length": 32,
  "training_history": {
    "epochs": [
      1,
      2,
      3,
      4,
      5,
      6,
      7,
      8,
      9,
      10,
      11,
      12,
      13,
      14,
      15,
      16,
      17,
      18,
      19,
      20,
      21,
      22,
      23,
      24,
      25,
      26,
      27,
      28,
      29,
      30,
      31,
      32,
      33,
      34,
      35,
      36,
      37,
      38,
      39,
      40,
      41,
      42,
      43,
      44,
      45,
      46,
      47,
      48,
      49,
      50,
      51,
      52,
      53,
      54,
      55,
      56,
      57,
      58,
      59,
      60,
      61,
      62,
      63,
      64,
      65,
      66,
      67,
      68,
      69,
      70,
      71,
      72,
      73,
      74,
      75,
      76,
      77,
      78,
      79,
      80
    ],
    "train_loss": [
      0.4411684927906594,
      0.26251722602635447,
      0.23275566046574156,
      0.21269714124764616,
      0.1954866382531481,
      0.1775270887021472,
      0.16291610249111288,
      0.15395043398861108,
      0.147916708309959,
      0.1426740161311757,
      0.13035996821106285,
      0.12680223307644867,
      0.12315018655443222,
      0.12276379490908085,
      0.11148129183575943,
      0.10634444451243817,
      0.10965782259156147,
      0.10031346105811524,
      0.0926698838923719,
      0.09527044695707881,
      0.09191989499814113,
      0.09497129045815446,
      0.08829986828511865,
      0.08327408286827423,
      0.07510071519356885,
      0.07382339035416909,
      0.0691642667150697,
      0.06603232619891762,
      0.06303896579773903,
      0.07480639185557347,
      0.06507663239664366,
      0.06386930242574222,
      0.06257362729184335,
      0.06327048717192581,
      0.055903502994595386,
      0.05780451383540036,
      0.056532665135798264,
      0.05984394303154193,
      0.053856214633869956,
      0.055180938397003464,
      0.05657704322186886,
      0.054235200784471985,
      0.056397518064618034,
      0.058849880534433505,
      0.052627449944682526,
      0.05419450128224306,
      0.05178504873352594,
      0.053855765846012794,
      0.054588382981875905,
      0.061305853758542216,
      0.05535728886522022,
      0.051686276494017434,
      0.05172009360949531,
      0.05670747730667485,
      0.05534215300881855,
      0.0501567792356091,
      0.04928505900438877,
      0.04991033082085506,
      0.04780088417083313,
      0.046608862763478226,
      0.04779204382139563,
      0.04712456369632225,
      0.04793055767465697,
      0.04804612853146336,
      0.047973634234491046,
      0.04780920626066688,
      0.04899759661581389,
      0.0480755429904421,
      0.04597889149641883,
      0.04817568034183112,
      0.06195014694133499,
      0.049035372100026856,
      0.04537446540273625,
      0.04579684549015488,
      0.04649084098085387,
      0.0459865475566404,
      0.046079425503669516,
      0.045620944398453524,
      0.04498952095086776,
      0.045430810924641025
    ],
    "val_loss": [
      0.3860491962222282,
      0.4399586244703767,
      0.40994034942217217,
      0.4464794407169262,
      0.48471983731863744,
      0.41989151357176774,
      0.3892722373237153,
      0.4105262404608869,
      0.3586241361936052,
      0.36012429182311734,
      0.36250523616543073,
      0.35388641033968526,
      0.3740013338625431,
      0.35751263729023364,
      0.4177568415949445,
      0.38814288672215924,
      0.3818124630850946,
      0.42150618959508257,
      0.5317358448655306,
      0.4543398457462202,
      0.41391087508130214,
      0.5222903119768211,
      0.5030028749279634,
      0.5670343772023024,
      0.4960237482083058,
      0.5453971263355838,
      0.5715154202219969,
      0.5548674531682523,
      0.5478732608124881,
      0.509669618977758,
      0.5566245627260493,
      0.62089537589136,
      0.5649865194441316,
      0.5904294472343907,
      0.5784575599931672,
      0.5381076435486,
      0.619261567392749,
      0.5717601460075664,
      0.6071935040418973,
      0.6253966342278583,
      0.5943722423322186,
      0.5581631932608382,
      0.6229478874249372,
      0.5500501553277055,
      0.5552456918233883,
      0.5690327397185171,
      0.6099116437449427,
      0.7085013630058237,
      0.5451094321058896,
      0.7029158444104794,
      0.5584871995948746,
      0.6035081554672675,
      0.5675749506422145,
      0.5684716481826977,
      0.6114895802147374,
      0.5746514270405569,
      0.5682801663161752,
      0.6147878958436543,
      0.6211391285686436,
      0.6137557299015765,
      0.606775991752476,
      0.6503652123723201,
      0.6326370763207624,
      0.6092596758714693,
      0.6232815153762966,
      0.6281003576195883,
      0.5906865921206104,
      0.6373198762089907,
      0.5724349926242571,
      0.5738088301734297,
      0.6159147481361549,
      0.5536749864945155,
      0.5533331326560346,
      0.6073671936096545,
      0.5900787096091373,
      0.6009302855430249,
      0.5405511431351393,
      0.6103173987594194,
      0.5673630572900087,
      0.5847010318747538
    ],
    "best_epoch": 12,
    "best_val_loss": 0.35388641033968526,
    "test_loss": 0.45716731815318173,
    "tracker": {
      "initial_train_loss": 0.4411684927906594,
      "train_threshold": 0.14705616426355314,
      "best_tracking": true,
      "patience_active": true,
      "patience_best_train": null,
      "patience_best_val": 0.35388641033968526,
      "patience_no_improve_epochs": 68,
      "best_train_loss": Infinity,
      "forced_stop_due_to_threshold": false
    }
  },
  "model_files": {
    "best": "scripts/outputs/gru-other-value/trial_14_d789e1/best_model.pt",
    "last": "scripts/outputs/gru-other-value/trial_14_d789e1/last_model.pt"
  },
  "config_path": "/home/amoris/data-analysis-on-dbps/scripts/outputs/gru-other-value/trial_14_d789e1/config.yaml"
}