{
  "model_name": "gru-other-value/trial_3_615117",
  "model_type": "GRU",
  "model_format": "torch",
  "model_params": {
    "history_length": 138,
    "units": 143,
    "num_layers": 7,
    "dropout": 0.45424763165676313
  },
  "training_params": {
    "max_epochs": 500,
    "batch_size": 249,
    "learning_rate": 0.0018901688512662355,
    "weight_decay": 0.00028902478259437817,
    "checkpoint_interval": 10,
    "seed": 947
  },
  "data_csv": "data/time_aligned_data.csv",
  "timestamp_column": "Date, Time",
  "columns": [
    "TRC-DT",
    "TRC-RT",
    "TRC-PPL1",
    "TRC-PPL2",
    "pH-DT",
    "pH-RT",
    "pH-PPL1",
    "pH-PPL2",
    "cond-DT",
    "cond-PPL1",
    "cond-PPL2",
    "fDOM-RT",
    "fDOM-PPL1",
    "fDOM-PPL2",
    "DO-RT",
    "DO-PPL1",
    "DO-PPL2",
    "TOC-RT",
    "TOC-PPL1",
    "TOC-PPL2",
    "DOC-RT",
    "DOC-PPL1",
    "DOC-PPL2",
    "minutes_since_start"
  ],
  "feature_columns": [
    "TRC-DT",
    "TRC-RT",
    "pH-DT",
    "pH-RT",
    "cond-DT",
    "fDOM-RT",
    "DO-RT",
    "TOC-RT",
    "DOC-RT",
    "minutes_since_start"
  ],
  "target_columns": [
    "TOC-PPL1",
    "TOC-PPL2",
    "DOC-PPL1",
    "DOC-PPL2",
    "pH-PPL1",
    "pH-PPL2"
  ],
  "split_boundaries": {
    "train_end": 7796,
    "val_end": 9466,
    "test_end": 11138
  },
  "dataset_sizes": {
    "train": 7659,
    "val": 1670,
    "test": 1672
  },
  "input_dim": 10,
  "sequence_length": 138,
  "training_history": {
    "epochs": [
      1,
      2,
      3,
      4,
      5,
      6,
      7,
      8,
      9,
      10,
      11,
      12,
      13,
      14,
      15,
      16,
      17,
      18,
      19,
      20,
      21,
      22,
      23,
      24,
      25,
      26,
      27,
      28,
      29,
      30,
      31,
      32,
      33,
      34,
      35,
      36,
      37,
      38,
      39,
      40,
      41,
      42,
      43,
      44,
      45,
      46,
      47,
      48,
      49,
      50,
      51,
      52,
      53,
      54,
      55,
      56,
      57,
      58,
      59,
      60,
      61,
      62,
      63,
      64,
      65,
      66,
      67,
      68,
      69,
      70,
      71,
      72,
      73,
      74,
      75,
      76,
      77,
      78,
      79,
      80
    ],
    "train_loss": [
      0.39813340458503854,
      0.2592880807049453,
      0.22266870371696765,
      0.19198057750627381,
      0.16485124686349853,
      0.1492202398365402,
      0.14521457088539938,
      0.12453047420188953,
      0.12673466720921453,
      0.10918938369434393,
      0.10321850242670312,
      0.09891244009738337,
      0.09294739999737965,
      0.08533149493928989,
      0.07393601763653512,
      0.06673720211105817,
      0.06121794682155158,
      0.059917457681915316,
      0.059841857479627676,
      0.06125998703775292,
      0.05569819415836674,
      0.05768506201637104,
      0.05060372901719269,
      0.04606927850616011,
      0.04690379617736473,
      0.05168454461981631,
      0.049009123288132936,
      0.052782480604581815,
      0.04529950630446532,
      0.04201741598158363,
      0.04182593905594225,
      0.04371540175143102,
      0.14487856828169499,
      0.38082628168641375,
      0.317676712707403,
      0.29118326494869323,
      0.2649475057371168,
      0.23673783768007814,
      0.22038201684233633,
      0.20670300036306902,
      0.23425710905756242,
      0.22583801930575478,
      0.304235255862982,
      0.22991113080447953,
      0.20224894493923345,
      0.21728224348447578,
      0.20233775713235502,
      0.1884634080140487,
      0.18469785663995658,
      0.1643275572209558,
      0.17224676571450792,
      0.1517830890998437,
      0.1443704412589809,
      0.13738118120842338,
      0.13844426184939349,
      0.14121855833322172,
      0.1370341406439829,
      0.14461032976204866,
      0.1398595869862188,
      0.13142561599396277,
      0.11780465620431628,
      0.1164013642016645,
      0.10948453562555246,
      0.12483011602573287,
      0.10904654855243467,
      0.10230294358506185,
      0.1147930296761729,
      0.09632112830585468,
      0.09306913370006092,
      0.09883332851058681,
      0.10925837343247134,
      0.10336955961845364,
      0.09332297499558993,
      0.08515383470387633,
      0.08128794054896561,
      0.07932853799559908,
      0.07715079990896673,
      0.08558156879168606,
      0.08654715863515758,
      0.07199441752029175
    ],
    "val_loss": [
      0.5231582211877057,
      0.4176009034726791,
      0.6225796656426555,
      0.6451393462048319,
      0.5887602771649104,
      0.6339852931702922,
      0.5792549643152488,
      0.5651215889139803,
      0.6986280654897233,
      0.5398157012855221,
      0.6906652585207346,
      0.5144006882420556,
      0.41684751516866114,
      0.4891207521636329,
      0.5714582559234368,
      0.5637957251580532,
      0.48026903849429714,
      0.5953518578838446,
      0.5839331516293351,
      0.5196829945607456,
      0.4954391943748126,
      0.5035669632657559,
      0.572956570898166,
      0.5109019230538142,
      0.4597620284887488,
      0.4891378138593571,
      0.4790980052582161,
      0.5038695378217869,
      0.5428945628647319,
      0.532963951645854,
      0.5958598179330012,
      0.51012045461796,
      0.933514012672944,
      0.6238037160770622,
      0.632104798526821,
      0.6974911653219226,
      0.6077008308987775,
      0.6523603134571079,
      0.6833199164423043,
      0.7185817589035292,
      0.5408676822742302,
      0.6250044884974372,
      0.5981252496470948,
      0.7345919428515933,
      0.6874218974686311,
      0.7821001648099837,
      0.7326362347709918,
      0.5761260043227387,
      0.6501730026286876,
      0.7121745167913551,
      0.7059035110750241,
      0.7291108233486107,
      0.7620942812524513,
      0.8587495005416299,
      0.9121342534968953,
      0.9241548890303709,
      0.9208309031978339,
      1.0424829410444834,
      1.087736462877539,
      0.7457377625885838,
      0.6984912418676708,
      0.7096722990185201,
      0.6834837600678026,
      0.736397898018717,
      0.7351161989801658,
      0.7525539901977527,
      1.0155002292937148,
      0.8365486361220211,
      0.8406286878767841,
      0.9927904427408458,
      0.899934822445858,
      0.6997870713204681,
      0.6509962572532143,
      0.9046557624406086,
      0.7728141109297375,
      1.0410566021582324,
      0.8873999936673456,
      1.0678359505949084,
      1.014865810598085,
      1.0132530107291158
    ],
    "best_epoch": 13,
    "best_val_loss": 0.41684751516866114,
    "test_loss": 0.5141966786930721,
    "tracker": {
      "initial_train_loss": 0.39813340458503854,
      "train_threshold": 0.13271113486167951,
      "best_tracking": true,
      "patience_active": true,
      "patience_best_train": null,
      "patience_best_val": 0.41684751516866114,
      "patience_no_improve_epochs": 67,
      "best_train_loss": Infinity,
      "forced_stop_due_to_threshold": false
    }
  },
  "model_files": {
    "best": "scripts/outputs/gru-other-value/trial_3_615117/best_model.pt",
    "last": "scripts/outputs/gru-other-value/trial_3_615117/last_model.pt"
  },
  "config_path": "/home/amoris/data-analysis-on-dbps/scripts/outputs/gru-other-value/trial_3_615117/config.yaml"
}