{
  "model_name": "lstm-trc-value/trial_31_9c0941",
  "model_type": "LSTM",
  "model_format": "torch",
  "model_params": {
    "history_length": 103,
    "units": 332,
    "num_layers": 6,
    "dropout": 0.28393436888991186
  },
  "training_params": {
    "max_epochs": 500,
    "batch_size": 218,
    "learning_rate": 0.0005059514647864692,
    "weight_decay": 0.0006913438628480201,
    "checkpoint_interval": 10,
    "seed": 947
  },
  "data_csv": "data/time_aligned_data.csv",
  "timestamp_column": "Date, Time",
  "columns": [
    "TRC-DT",
    "TRC-RT",
    "TRC-PPL1",
    "TRC-PPL2",
    "pH-DT",
    "pH-RT",
    "pH-PPL1",
    "pH-PPL2",
    "cond-DT",
    "cond-PPL1",
    "cond-PPL2",
    "fDOM-RT",
    "fDOM-PPL1",
    "fDOM-PPL2",
    "DO-RT",
    "DO-PPL1",
    "DO-PPL2",
    "TOC-RT",
    "TOC-PPL1",
    "TOC-PPL2",
    "DOC-RT",
    "DOC-PPL1",
    "DOC-PPL2",
    "minutes_since_start"
  ],
  "feature_columns": [
    "TRC-DT",
    "TRC-RT",
    "pH-DT",
    "pH-RT",
    "cond-DT",
    "fDOM-RT",
    "DO-RT",
    "TOC-RT",
    "DOC-RT",
    "minutes_since_start"
  ],
  "target_columns": [
    "TRC-PPL1",
    "TRC-PPL2"
  ],
  "split_boundaries": {
    "train_end": 7796,
    "val_end": 9466,
    "test_end": 11138
  },
  "dataset_sizes": {
    "train": 7694,
    "val": 1670,
    "test": 1672
  },
  "input_dim": 10,
  "sequence_length": 103,
  "training_history": {
    "epochs": [
      1,
      2,
      3,
      4,
      5,
      6,
      7,
      8,
      9,
      10,
      11,
      12,
      13,
      14,
      15,
      16,
      17,
      18,
      19,
      20,
      21,
      22,
      23,
      24,
      25,
      26,
      27,
      28,
      29,
      30,
      31,
      32,
      33,
      34,
      35,
      36,
      37,
      38,
      39,
      40,
      41,
      42,
      43,
      44,
      45,
      46,
      47,
      48,
      49,
      50,
      51,
      52,
      53,
      54,
      55,
      56,
      57,
      58,
      59,
      60,
      61,
      62,
      63,
      64,
      65,
      66,
      67,
      68,
      69,
      70,
      71,
      72,
      73,
      74,
      75,
      76,
      77,
      78,
      79,
      80
    ],
    "train_loss": [
      0.8171785301300095,
      0.21118876425932376,
      0.13311963130397736,
      0.1075087832647669,
      0.0811054363831285,
      0.07631301949508072,
      0.0674813312444713,
      0.06574916058227959,
      0.06635434702058132,
      0.06279942045660802,
      0.06406828082666045,
      0.06300810811165279,
      0.06485001881025133,
      0.07043453198180963,
      0.06980438085482558,
      0.06378692379722448,
      0.060949719655016416,
      0.061833093164104715,
      0.06087640758331701,
      0.0592602922687414,
      0.06060250302084799,
      0.056053583103749915,
      0.063525396003866,
      0.05979607020310374,
      0.06599135157219584,
      0.054828634690411035,
      0.05521189594558533,
      0.05558833126816342,
      0.05451634063375501,
      0.06257009820071852,
      0.05735844657045852,
      0.06229565369678467,
      0.05770121409826722,
      0.0518123025584444,
      0.05111637277795428,
      0.0533125205873312,
      0.05458440112876278,
      0.04967074941776931,
      0.154001445794434,
      0.3607355349941442,
      0.09173487277504436,
      0.08183753356232965,
      0.07508374397646057,
      0.06941880109691607,
      0.07718861049120074,
      0.06540698513256936,
      0.06404499421034164,
      0.06366918792341447,
      0.0580454713403249,
      0.06469385418290438,
      0.054137246713743356,
      0.05909806832744761,
      0.05405417969777177,
      0.05540646511062976,
      0.05814164010931338,
      0.055937913348372954,
      0.052304299631063304,
      0.055079050403749726,
      0.04996124839771869,
      0.04782170050615052,
      0.047686504247066476,
      0.05210752225492352,
      0.07170952312902007,
      0.06061109532496822,
      0.04869405845287158,
      0.050908394471635934,
      0.04743864892177964,
      0.05231073187300531,
      0.049593321652707724,
      0.045900818623828984,
      0.04973967331053686,
      0.04626645978268072,
      0.062097623992700655,
      0.06617425349793993,
      0.15349451143198706,
      0.24050812860929038,
      0.12458925218761262,
      0.08700561044485439,
      0.0734721728091445,
      0.06558022930567407
    ],
    "val_loss": [
      0.2634960513026593,
      0.32209567465111166,
      0.32194973518570025,
      0.20381073868292535,
      0.26092521152542736,
      0.2455290736552484,
      0.2542686395124047,
      0.28503514575342576,
      0.28079894598194227,
      0.26702376352455803,
      0.24836687253799267,
      0.29510691339696593,
      0.3087224966350073,
      0.2645977590456159,
      0.25334027099930595,
      0.2517891738675312,
      0.24300276567702164,
      0.2489437780292805,
      0.23915694943980542,
      0.28094114353601446,
      0.2275902198861816,
      0.22931490367178076,
      0.25682046388214574,
      0.26007753060071054,
      0.2762686336379565,
      0.25027931262989955,
      0.2526301133485433,
      0.2492009056363991,
      0.251124264435943,
      0.23666372673061795,
      0.2658910615514674,
      0.29394611124239284,
      0.2413880389228374,
      0.22898833657096246,
      0.24232848378087946,
      0.2452541991622148,
      0.2496096547983007,
      0.30095251666348494,
      0.5530365359105036,
      0.4424079920092743,
      0.23953958618382137,
      0.21664916840186732,
      0.21242966746275654,
      0.24509737624335076,
      0.3897898407240292,
      0.5433328363531363,
      0.5309434491092574,
      0.653957267458032,
      0.7280102243546597,
      0.6550605818160815,
      0.72716094711182,
      0.4922522784863225,
      0.5676276019924951,
      0.3997068557999805,
      0.4503335843766164,
      0.4983909406124832,
      0.5067765600488572,
      0.4929609291657002,
      0.5107120509900732,
      0.5200090020136562,
      0.525597774946761,
      0.5676414011525893,
      0.3940836663731558,
      0.4121108628653302,
      0.4222893794831223,
      0.40368448152558173,
      0.3896574971160132,
      0.37320405351009195,
      0.4268180591840587,
      0.44534984345207673,
      0.4472213571411585,
      0.4712818528118426,
      0.259575607342099,
      0.3113770820512743,
      0.6299142112631998,
      2.998516650778983,
      2.1839921920063965,
      1.7887157914769685,
      1.7609594627746386,
      1.7248578470914129
    ],
    "best_epoch": 4,
    "best_val_loss": 0.20381073868292535,
    "test_loss": 4.479087592169429,
    "tracker": {
      "initial_train_loss": 0.8171785301300095,
      "train_threshold": 0.27239284337666986,
      "best_tracking": true,
      "patience_active": true,
      "patience_best_train": null,
      "patience_best_val": 0.20381073868292535,
      "patience_no_improve_epochs": 76,
      "best_train_loss": Infinity,
      "forced_stop_due_to_threshold": false
    }
  },
  "model_files": {
    "best": "scripts/outputs/lstm-trc-value/trial_31_9c0941/best_model.pt",
    "last": "scripts/outputs/lstm-trc-value/trial_31_9c0941/last_model.pt"
  },
  "config_path": "/home/amoris/data-analysis-on-dbps/scripts/outputs/lstm-trc-value/trial_31_9c0941/config.yaml"
}