{
  "model_name": "lstm-trc-value/trial_21_f4b13a",
  "model_type": "LSTM",
  "model_format": "torch",
  "model_params": {
    "history_length": 107,
    "units": 303,
    "num_layers": 2,
    "dropout": 0.23356306443297986
  },
  "training_params": {
    "max_epochs": 500,
    "batch_size": 186,
    "learning_rate": 0.0010674635230489824,
    "weight_decay": 0.0005899184615790467,
    "checkpoint_interval": 10,
    "seed": 947
  },
  "data_csv": "data/time_aligned_data.csv",
  "timestamp_column": "Date, Time",
  "columns": [
    "TRC-DT",
    "TRC-RT",
    "TRC-PPL1",
    "TRC-PPL2",
    "pH-DT",
    "pH-RT",
    "pH-PPL1",
    "pH-PPL2",
    "cond-DT",
    "cond-PPL1",
    "cond-PPL2",
    "fDOM-RT",
    "fDOM-PPL1",
    "fDOM-PPL2",
    "DO-RT",
    "DO-PPL1",
    "DO-PPL2",
    "TOC-RT",
    "TOC-PPL1",
    "TOC-PPL2",
    "DOC-RT",
    "DOC-PPL1",
    "DOC-PPL2",
    "minutes_since_start"
  ],
  "feature_columns": [
    "TRC-DT",
    "TRC-RT",
    "pH-DT",
    "pH-RT",
    "cond-DT",
    "fDOM-RT",
    "DO-RT",
    "TOC-RT",
    "DOC-RT",
    "minutes_since_start"
  ],
  "target_columns": [
    "TRC-PPL1",
    "TRC-PPL2"
  ],
  "split_boundaries": {
    "train_end": 7796,
    "val_end": 9466,
    "test_end": 11138
  },
  "dataset_sizes": {
    "train": 7690,
    "val": 1670,
    "test": 1672
  },
  "input_dim": 10,
  "sequence_length": 107,
  "training_history": {
    "epochs": [
      1,
      2,
      3,
      4,
      5,
      6,
      7,
      8,
      9,
      10,
      11,
      12,
      13,
      14,
      15,
      16,
      17,
      18,
      19,
      20,
      21,
      22,
      23,
      24,
      25,
      26,
      27,
      28,
      29,
      30,
      31,
      32,
      33,
      34,
      35,
      36,
      37,
      38,
      39,
      40,
      41,
      42,
      43,
      44,
      45,
      46,
      47,
      48,
      49,
      50,
      51,
      52,
      53,
      54,
      55,
      56,
      57,
      58,
      59,
      60,
      61,
      62,
      63,
      64,
      65,
      66,
      67,
      68,
      69,
      70,
      71,
      72,
      73,
      74,
      75,
      76,
      77,
      78,
      79,
      80
    ],
    "train_loss": [
      0.25803469363866455,
      0.0641915528144886,
      0.04727839880437628,
      0.03603287653413799,
      0.0357263046836357,
      0.0321049903261491,
      0.031049620169753836,
      0.02953621287417195,
      0.0339816196352941,
      0.02778548004568321,
      0.026441144621089315,
      0.02737887004688285,
      0.02485477464183952,
      0.025898233959536093,
      0.024237091394119517,
      0.022348238706530615,
      0.022192619372309416,
      0.02177249550412473,
      0.022907970893658185,
      0.021504726160622854,
      0.021447564593197774,
      0.022215134498356843,
      0.021759101057664935,
      0.020332928698495397,
      0.020109707995357842,
      0.02227097650255974,
      0.021486366452995606,
      0.026062314390593606,
      0.023801706959971837,
      0.020423669141313966,
      0.019444147247932513,
      0.019387245828816266,
      0.02037263344464671,
      0.01983105507479455,
      0.040789320715672796,
      0.024623319658272753,
      0.022115864877931782,
      0.01980416784729077,
      0.01942899308139543,
      0.019520065168546142,
      0.018977420395833618,
      0.02470742122201135,
      0.02100259727121407,
      0.03425377629774832,
      0.023877059226015143,
      0.02063105186866536,
      0.020258755565551928,
      0.021786825377276102,
      0.019412567480061548,
      0.01917569941667881,
      0.028950976831075507,
      0.024011903481923714,
      0.02038603076137244,
      0.0188371311660047,
      0.018737127743806734,
      0.018887202786124265,
      0.018331949352510805,
      0.018835739900148505,
      0.019677173438323335,
      0.020001805841593345,
      0.019266246811466194,
      0.017962942917205113,
      0.01833992255669964,
      0.01876737714608252,
      0.018502485324351312,
      0.01789206212025586,
      0.018277530359789747,
      0.019440199410051148,
      0.020854812430312328,
      0.019029377302535178,
      0.01779248453725144,
      0.01862408258214651,
      0.018812854396922922,
      0.022739386223789463,
      0.01840417685595151,
      0.018727439869636056,
      0.01791438888249766,
      0.01783607758736657,
      0.018334005493307378,
      0.018266956932523004
    ],
    "val_loss": [
      0.19354092265495998,
      0.21749646522238583,
      0.23355842645609093,
      0.27955305544202197,
      0.35298349847515187,
      0.31024929447445326,
      0.36732287141020425,
      0.24456072379639762,
      0.3549476986650578,
      0.30599657049302215,
      0.30801163925426805,
      0.33338917744552304,
      0.37127434226076406,
      0.3422750481097641,
      0.3367898203321024,
      0.3502547567877584,
      0.32086150676101266,
      0.35478410882105726,
      0.3188698326488455,
      0.34737095038021754,
      0.3462940755629254,
      0.3402859779978227,
      0.3499759226858973,
      0.3302711881964863,
      0.3569619959499129,
      0.3461839448638305,
      0.3460332715270405,
      0.33511571584347477,
      0.32888820450195294,
      0.3373210098014442,
      0.3466037706722935,
      0.3108633592769414,
      0.32091684975399226,
      0.316368008266666,
      0.2902424692393777,
      0.28625718142814977,
      0.308595549565054,
      0.3078729618184581,
      0.31314968316185615,
      0.32496751575859006,
      0.3048917026755339,
      0.3110237816805968,
      0.3102698643095122,
      0.31302094009822,
      0.3034210689276635,
      0.3135481873939851,
      0.3239897751277257,
      0.3065684765309631,
      0.3166775234199748,
      0.3227273037422917,
      0.2960270666344437,
      0.30742126506959605,
      0.30456277357559364,
      0.3086906625816744,
      0.30977475927796905,
      0.3143980135550042,
      0.32108626540995644,
      0.3132953728967441,
      0.37218561386633775,
      0.3095875107086526,
      0.3163161375833129,
      0.32220938640261837,
      0.32038167036935955,
      0.31968247268103556,
      0.34866578684238614,
      0.34922736705598717,
      0.3533858143417778,
      0.3355369649961323,
      0.3271834695098286,
      0.3277599253920381,
      0.3320700422732416,
      0.3313411114101638,
      0.32186252048272573,
      0.3156686176261502,
      0.3285638282042064,
      0.3232721692207688,
      0.32073279767336244,
      0.3255539000302018,
      0.3233654744610815,
      0.32661434080072504
    ],
    "best_epoch": 2,
    "best_val_loss": 0.21749646522238583,
    "test_loss": 4.744423560691222,
    "tracker": {
      "initial_train_loss": 0.25803469363866455,
      "train_threshold": 0.08601156454622151,
      "best_tracking": true,
      "patience_active": true,
      "patience_best_train": null,
      "patience_best_val": 0.21749646522238583,
      "patience_no_improve_epochs": 79,
      "best_train_loss": Infinity,
      "forced_stop_due_to_threshold": false
    }
  },
  "model_files": {
    "best": "scripts/outputs/lstm-trc-value/trial_21_f4b13a/best_model.pt",
    "last": "scripts/outputs/lstm-trc-value/trial_21_f4b13a/last_model.pt"
  },
  "config_path": "/home/amoris/data-analysis-on-dbps/scripts/outputs/lstm-trc-value/trial_21_f4b13a/config.yaml"
}