{
  "model_name": "gru-other-value/trial_18_81eafc",
  "model_type": "GRU",
  "model_format": "torch",
  "model_params": {
    "history_length": 76,
    "units": 86,
    "num_layers": 4,
    "dropout": 0.42469204988512993
  },
  "training_params": {
    "max_epochs": 500,
    "batch_size": 260,
    "learning_rate": 0.0014858146985382583,
    "weight_decay": 0.0024925190972243856,
    "checkpoint_interval": 10,
    "seed": 947
  },
  "data_csv": "data/time_aligned_data.csv",
  "timestamp_column": "Date, Time",
  "columns": [
    "TRC-DT",
    "TRC-RT",
    "TRC-PPL1",
    "TRC-PPL2",
    "pH-DT",
    "pH-RT",
    "pH-PPL1",
    "pH-PPL2",
    "cond-DT",
    "cond-PPL1",
    "cond-PPL2",
    "fDOM-RT",
    "fDOM-PPL1",
    "fDOM-PPL2",
    "DO-RT",
    "DO-PPL1",
    "DO-PPL2",
    "TOC-RT",
    "TOC-PPL1",
    "TOC-PPL2",
    "DOC-RT",
    "DOC-PPL1",
    "DOC-PPL2",
    "minutes_since_start"
  ],
  "feature_columns": [
    "TRC-DT",
    "TRC-RT",
    "pH-DT",
    "pH-RT",
    "cond-DT",
    "fDOM-RT",
    "DO-RT",
    "TOC-RT",
    "DOC-RT",
    "minutes_since_start"
  ],
  "target_columns": [
    "TOC-PPL1",
    "TOC-PPL2",
    "DOC-PPL1",
    "DOC-PPL2",
    "pH-PPL1",
    "pH-PPL2"
  ],
  "split_boundaries": {
    "train_end": 7796,
    "val_end": 9466,
    "test_end": 11138
  },
  "dataset_sizes": {
    "train": 7721,
    "val": 1670,
    "test": 1672
  },
  "input_dim": 10,
  "sequence_length": 76,
  "training_history": {
    "epochs": [
      1,
      2,
      3,
      4,
      5,
      6,
      7,
      8,
      9,
      10,
      11,
      12,
      13,
      14,
      15,
      16,
      17,
      18,
      19,
      20,
      21,
      22,
      23,
      24,
      25,
      26,
      27,
      28,
      29,
      30,
      31,
      32,
      33,
      34,
      35,
      36,
      37,
      38,
      39,
      40,
      41,
      42,
      43,
      44,
      45,
      46,
      47,
      48,
      49,
      50,
      51,
      52,
      53,
      54,
      55,
      56,
      57,
      58,
      59,
      60,
      61,
      62,
      63,
      64,
      65,
      66,
      67,
      68,
      69,
      70,
      71,
      72,
      73,
      74,
      75,
      76,
      77,
      78,
      79,
      80,
      81,
      82,
      83,
      84,
      85,
      86,
      87,
      88,
      89,
      90,
      91
    ],
    "train_loss": [
      0.45175757480785494,
      0.2687087445455332,
      0.24238341738717295,
      0.22812182843499876,
      0.21001699718535372,
      0.19667673284271625,
      0.19094891321232954,
      0.18644804401636092,
      0.17682050957478726,
      0.1681061522332425,
      0.16464537339666904,
      0.15057190150898705,
      0.14491407316539467,
      0.13766266154399145,
      0.14045652196152872,
      0.13784310989021067,
      0.1348531797765651,
      0.13232566083925806,
      0.13240340517262322,
      0.13011890703834195,
      0.1293508735920941,
      0.1270161528898295,
      0.12473525836718329,
      0.1245808642004889,
      0.12013253197701171,
      0.11746866577046165,
      0.1202162684231761,
      0.1215774488032613,
      0.1178262688874766,
      0.11640365281174983,
      0.11657586617820112,
      0.11647178364485568,
      0.11170946168723525,
      0.1361869426588678,
      0.1133350049286768,
      0.11500494431459661,
      0.11161381787196016,
      0.1071589235040271,
      0.10498208474628883,
      0.10734622001072823,
      0.10439431806670432,
      0.10828649082045344,
      0.10211402180030114,
      0.100695329027007,
      0.09422632197192907,
      0.10536250547240426,
      0.09516439442034907,
      0.09025672347843454,
      0.0880685769066865,
      0.08961575365702641,
      0.08560010483672992,
      0.09166517146891871,
      0.09000926436329271,
      0.08658780158627544,
      0.08933553213402948,
      0.08714143200027805,
      0.09238368303853603,
      0.08196338582067443,
      0.08864189662003576,
      0.08769873028657023,
      0.07795081116628684,
      0.08375127979849398,
      0.08593560718197756,
      0.08235443553966557,
      0.0814318578603925,
      0.07846577638554428,
      0.07736404921790507,
      0.07608634212245256,
      0.07763590656530671,
      0.08100922963861942,
      0.08830496906006742,
      0.07980734491816087,
      0.07448472786275483,
      0.07691452034148755,
      0.0764019496081762,
      0.07834020794391354,
      0.07781633466246708,
      0.07600993826587789,
      0.08028209782058966,
      0.07302713195862447,
      0.0781211078074324,
      0.0762464841037676,
      0.07521706569219497,
      0.07121197511706771,
      0.07660591479097989,
      0.07739001671169539,
      0.07056590098356462,
      0.07500690798842216,
      0.07553069919671995,
      0.07027913078524847,
      0.0710205521191854
    ],
    "val_loss": [
      0.4079738123688155,
      0.44106754482149363,
      0.4059581105223673,
      0.42327260953223633,
      0.37958491598060745,
      0.3827344482530377,
      0.4625880916318494,
      0.5279836526174031,
      0.48368315746684276,
      0.36965788909775055,
      0.4865480668530493,
      0.4694198866090375,
      0.4086471703238116,
      0.46541904136092366,
      0.4981489684767352,
      0.4156399615510495,
      0.539665814288362,
      0.448037863134624,
      0.5152193419412224,
      0.5313333644124563,
      0.5351619483111147,
      0.5031970627828987,
      0.5066556618242206,
      0.520158615476357,
      0.4604813198664945,
      0.46520713283987103,
      0.46995900740880453,
      0.5135899239671444,
      0.4488907847218885,
      0.4271862778121126,
      0.4887423244065153,
      0.46445096681217946,
      0.5013776429577502,
      0.4597743150002942,
      0.4520037370527576,
      0.42625807002632915,
      0.4471907355114371,
      0.4312804161966918,
      0.42645992133431804,
      0.4092333937833409,
      0.3994335157428673,
      0.4745996515015642,
      0.4080011613533169,
      0.4569054652830798,
      0.44822377216316267,
      0.44417224583511583,
      0.45296465440424616,
      0.4313838508671629,
      0.4762586208874594,
      0.47234284413788846,
      0.4543900482668848,
      0.48652146979720295,
      0.42338994448770306,
      0.4457505209717208,
      0.48131606571688623,
      0.4661875931088796,
      0.4291915870355275,
      0.4364264191624647,
      0.4596389468736991,
      0.47109503749601855,
      0.4684067780743102,
      0.5159412539469268,
      0.4940894383513285,
      0.4810142599180073,
      0.4585893161282568,
      0.4561960693604932,
      0.45239919049297267,
      0.47157393618972004,
      0.4662245826093023,
      0.42685050218405124,
      0.49616030536725847,
      0.463294804453136,
      0.4543909218139991,
      0.47867357980705305,
      0.483531610159103,
      0.4227589936313515,
      0.5113978327034476,
      0.44800163564567796,
      0.42430004655957937,
      0.4468540281592729,
      0.4181508209534034,
      0.458446776617073,
      0.44997669854563865,
      0.4789672866909804,
      0.5178930566696349,
      0.4795720002608385,
      0.4850747629910886,
      0.4868718323236454,
      0.4946047396003129,
      0.4549534338677001,
      0.45104927841774717
    ],
    "best_epoch": 41,
    "best_val_loss": 0.3994335157428673,
    "test_loss": 0.4268845713309694,
    "tracker": {
      "initial_train_loss": 0.45175757480785494,
      "train_threshold": 0.15058585826928497,
      "best_tracking": true,
      "patience_active": true,
      "patience_best_train": null,
      "patience_best_val": 0.3994335157428673,
      "patience_no_improve_epochs": 50,
      "best_train_loss": Infinity,
      "forced_stop_due_to_threshold": false
    }
  },
  "model_files": {
    "best": "scripts/outputs/gru-other-value/trial_18_81eafc/best_model.pt",
    "last": "scripts/outputs/gru-other-value/trial_18_81eafc/last_model.pt"
  },