{
  "model_name": "gru-trc-value/trial_50_227e69",
  "model_type": "GRU",
  "model_format": "torch",
  "model_params": {
    "history_length": 46,
    "units": 179,
    "num_layers": 6,
    "dropout": 0.34537316875372953
  },
  "training_params": {
    "max_epochs": 500,
    "batch_size": 325,
    "learning_rate": 0.0002804950014328843,
    "weight_decay": 0.0007185789049730663,
    "checkpoint_interval": 10,
    "seed": 947
  },
  "data_csv": "data/time_aligned_data.csv",
  "timestamp_column": "Date, Time",
  "columns": [
    "TRC-DT",
    "TRC-RT",
    "TRC-PPL1",
    "TRC-PPL2",
    "pH-DT",
    "pH-RT",
    "pH-PPL1",
    "pH-PPL2",
    "cond-DT",
    "cond-PPL1",
    "cond-PPL2",
    "fDOM-RT",
    "fDOM-PPL1",
    "fDOM-PPL2",
    "DO-RT",
    "DO-PPL1",
    "DO-PPL2",
    "TOC-RT",
    "TOC-PPL1",
    "TOC-PPL2",
    "DOC-RT",
    "DOC-PPL1",
    "DOC-PPL2",
    "minutes_since_start"
  ],
  "feature_columns": [
    "TRC-DT",
    "TRC-RT",
    "pH-DT",
    "pH-RT",
    "cond-DT",
    "fDOM-RT",
    "DO-RT",
    "TOC-RT",
    "DOC-RT",
    "minutes_since_start"
  ],
  "target_columns": [
    "TRC-PPL1",
    "TRC-PPL2"
  ],
  "split_boundaries": {
    "train_end": 7796,
    "val_end": 9466,
    "test_end": 11138
  },
  "dataset_sizes": {
    "train": 7751,
    "val": 1670,
    "test": 1672
  },
  "input_dim": 10,
  "sequence_length": 46,
  "training_history": {
    "epochs": [
      1,
      2,
      3,
      4,
      5,
      6,
      7,
      8,
      9,
      10,
      11,
      12,
      13,
      14,
      15,
      16,
      17,
      18,
      19,
      20,
      21,
      22,
      23,
      24,
      25,
      26,
      27,
      28,
      29,
      30,
      31,
      32,
      33,
      34,
      35,
      36,
      37,
      38,
      39,
      40,
      41,
      42,
      43,
      44,
      45,
      46,
      47,
      48,
      49,
      50,
      51,
      52,
      53,
      54,
      55,
      56,
      57,
      58,
      59,
      60,
      61,
      62,
      63,
      64,
      65,
      66,
      67,
      68,
      69,
      70,
      71,
      72,
      73,
      74,
      75,
      76,
      77,
      78,
      79,
      80
    ],
    "train_loss": [
      0.576406834394974,
      0.20885260151118837,
      0.15946387188609315,
      0.1363637575913577,
      0.11219405301262249,
      0.08620591700142421,
      0.07058043240849132,
      0.06272210920050042,
      0.055322290351680445,
      0.050906059623087564,
      0.04969562237010265,
      0.04755735235417786,
      0.0445720071571171,
      0.04234696520580628,
      0.04101848198861987,
      0.03940109154823487,
      0.040235012992707056,
      0.03965931839653637,
      0.036364297803917665,
      0.036438073380414694,
      0.034974655534419884,
      0.03406761821785707,
      0.03461627783971115,
      0.034276134395903886,
      0.03351528224105251,
      0.0327603622298693,
      0.031990893441069174,
      0.03197737615889556,
      0.03647679964820849,
      0.03195888340476059,
      0.032360517842700644,
      0.033025312625662835,
      0.029824295225264242,
      0.029945886652441335,
      0.031193696246475822,
      0.029282096261284748,
      0.028615249714252642,
      0.029932990113885814,
      0.030655055009948487,
      0.029083746191873087,
      0.028539693319946317,
      0.028655396596341268,
      0.02905675329396785,
      0.0301386389726132,
      0.028840922258497284,
      0.028497379753075865,
      0.02814620391275518,
      0.027425888910651237,
      0.027530533031740353,
      0.027154822705149913,
      0.0273250974224523,
      0.027188088359661355,
      0.026959556737539078,
      0.02721983116226317,
      0.026734624904621387,
      0.026484974579835858,
      0.026624461641954984,
      0.02674813809407025,
      0.027373048297483188,
      0.028315987294978855,
      0.02713852817676418,
      0.0279197071327723,
      0.02773677537064178,
      0.02626501835657733,
      0.027091022753645153,
      0.02618089070251189,
      0.025999057513879525,
      0.025168243299152234,
      0.02627854034835224,
      0.02514740953025103,
      0.025427879994405177,
      0.026585996094978158,
      0.025815371530657508,
      0.025390840250022594,
      0.025297267806088212,
      0.025284382999001005,
      0.025714284357453928,
      0.02562293077952061,
      0.025967695418307433,
      0.024329648133876277
    ],
    "val_loss": [
      0.35214368958851533,
      0.3751832474759239,
      0.27598670767452904,
      0.26770334289280956,
      0.19337283951525916,
      0.17967913875322855,
      0.26834818157562595,
      0.19933391297737996,
      0.1980295774420935,
      0.17553156609842163,
      0.19019635437714483,
      0.1951425478732336,
      0.2743629566031302,
      0.2146900047932913,
      0.24232751909018813,
      0.28204349546643076,
      0.25096019194043145,
      0.28384961151032745,
      0.28941044626300205,
      0.32560708919751963,
      0.2935453263351214,
      0.3943772249169157,
      0.32878882113375707,
      0.4117581653548126,
      0.4408668439255325,
      0.45421569724148975,
      0.432482112661941,
      0.67410255337279,
      0.5138031856943212,
      0.4977403659496211,
      0.7704721729265537,
      0.47332572254971295,
      0.5658837929591091,
      0.4593991482251151,
      0.7560438439751903,
      0.6012463440538612,
      0.8114257532612471,
      0.5299286260520537,
      0.5970438942592033,
      0.7003051181753238,
      0.47203496223995967,
      0.7601236573749495,
      0.7095189796994903,
      0.6828233636079166,
      0.5573879855512056,
      0.8306068283042864,
      0.5616982091932061,
      0.6587273510797562,
      0.8184011673365168,
      0.6709398302489412,
      0.5963850101556428,
      0.7347792556654372,
      0.7574372194975079,
      0.9204666010734296,
      0.6464503463469222,
      0.6560370184949593,
      0.6434916654367469,
      0.6655592434554399,
      0.6498650290339649,
      0.4312064541436866,
      0.6677186798728155,
      1.1833203376164871,
      0.5874242372643537,
      0.6034606870732264,
      0.5783954250520307,
      0.6460739951524995,
      0.5020522334317337,
      0.5599474473270828,
      0.581139047050146,
      0.5712612739758577,
      0.4873291564001116,
      0.48126450806164633,
      0.5079360299682367,
      0.6167583527589986,
      0.5176239106748365,
      0.6178311553398916,
      0.40604243810639945,
      0.518958369119394,
      0.43450143667841384,
      0.4949264031483563
    ],
    "best_epoch": 10,
    "best_val_loss": 0.17553156609842163,
    "test_loss": 4.919986684713067,
    "tracker": {
      "initial_train_loss": 0.576406834394974,
      "train_threshold": 0.19213561146499133,
      "best_tracking": true,
      "patience_active": true,
      "patience_best_train": null,
      "patience_best_val": 0.17553156609842163,
      "patience_no_improve_epochs": 70,
      "best_train_loss": Infinity,
      "forced_stop_due_to_threshold": false
    }
  },
  "model_files": {
    "best": "scripts/outputs/gru-trc-value/trial_50_227e69/best_model.pt",
    "last": "scripts/outputs/gru-trc-value/trial_50_227e69/last_model.pt"
  },
  "config_path": "/home/amoris/data-analysis-on-dbps/scripts/outputs/gru-trc-value/trial_50_227e69/config.yaml"
}