{
  "model_name": "gru-trc-rate/trial_48_ff6cda",
  "model_type": "GRU",
  "model_format": "torch",
  "model_params": {
    "history_length": 116,
    "units": 190,
    "num_layers": 6,
    "dropout": 0.3860292105674271
  },
  "training_params": {
    "max_epochs": 500,
    "batch_size": 258,
    "learning_rate": 0.001234010630866871,
    "weight_decay": 0.0003691130233829156,
    "checkpoint_interval": 10,
    "seed": 947
  },
  "data_csv": "data/time_aligned_data.csv",
  "timestamp_column": "Date, Time",
  "columns": [
    "TRC-DT",
    "TRC-RT",
    "TRC-PPL1",
    "TRC-PPL2",
    "pH-DT",
    "pH-RT",
    "pH-PPL1",
    "pH-PPL2",
    "cond-DT",
    "cond-PPL1",
    "cond-PPL2",
    "fDOM-RT",
    "fDOM-PPL1",
    "fDOM-PPL2",
    "DO-RT",
    "DO-PPL1",
    "DO-PPL2",
    "TOC-RT",
    "TOC-PPL1",
    "TOC-PPL2",
    "DOC-RT",
    "DOC-PPL1",
    "DOC-PPL2",
    "minutes_since_start"
  ],
  "feature_columns": [
    "TRC-DT",
    "TRC-RT",
    "pH-DT",
    "pH-RT",
    "cond-DT",
    "fDOM-RT",
    "DO-RT",
    "TOC-RT",
    "DOC-RT",
    "minutes_since_start"
  ],
  "target_columns": [
    "TRC-PPL1",
    "TRC-PPL2"
  ],
  "target_mode": "rate",
  "target_base_columns": [
    "TRC-RT",
    "TRC-RT"
  ],
  "split_boundaries": {
    "train_end": 7796,
    "val_end": 9466,
    "test_end": 11138
  },
  "dataset_sizes": {
    "train": 7681,
    "val": 1670,
    "test": 1672
  },
  "input_dim": 10,
  "sequence_length": 116,
  "training_history": {
    "epochs": [
      1,
      2,
      3,
      4,
      5,
      6,
      7,
      8,
      9,
      10,
      11,
      12,
      13,
      14,
      15,
      16,
      17,
      18,
      19,
      20,
      21,
      22,
      23,
      24,
      25,
      26,
      27,
      28,
      29,
      30,
      31,
      32,
      33,
      34,
      35,
      36,
      37,
      38,
      39,
      40,
      41,
      42,
      43,
      44,
      45,
      46,
      47,
      48,
      49,
      50,
      51,
      52,
      53,
      54,
      55,
      56,
      57,
      58,
      59,
      60,
      61,
      62,
      63,
      64,
      65,
      66,
      67,
      68,
      69,
      70,
      71,
      72,
      73,
      74,
      75,
      76,
      77,
      78,
      79,
      80,
      81,
      82,
      83,
      84,
      85,
      86,
      87
    ],
    "train_loss": [
      0.3385349783099205,
      0.1419940847811825,
      0.07528861983301055,
      0.05589855772422139,
      0.05117536973328954,
      0.04555529029645843,
      0.04030024411214731,
      0.04114857430428814,
      0.03849853611944197,
      0.035138551515362534,
      0.03648676998334197,
      0.03460225101418249,
      0.028468478563190857,
      0.02986410043841693,
      0.031639628062361064,
      0.029551440668267488,
      0.02711085880643501,
      0.027077205461442527,
      0.02541037042350132,
      0.024689991583412566,
      0.025550225626179177,
      0.025505577149920872,
      0.02389120239880367,
      0.04152819112597026,
      0.029871211387823296,
      0.02400658709319475,
      0.02363499366678176,
      0.02329747358892613,
      0.021334097758391426,
      0.02151572272373571,
      0.021718191064902928,
      0.021240592109568805,
      0.023509695493785794,
      0.023810579387773964,
      0.022990453307857706,
      0.025305964608245444,
      0.023094304874510276,
      0.022827027284085186,
      0.021379116565656452,
      0.02013292183713737,
      0.020656537110112776,
      0.023093142913010123,
      0.021966821332316026,
      0.020813587407209636,
      0.02219827063435022,
      0.02197701604730092,
      0.02026104839593114,
      0.01987972042634026,
      0.019925827124102586,
      0.022127497530459984,
      0.02206363249339756,
      0.019950504275178277,
      0.02043229918075778,
      0.020744764106002594,
      0.021106707011242194,
      0.02293349066141752,
      0.022349026878160077,
      0.023239427744855313,
      0.020409893194307357,
      0.020202647172697367,
      0.019580640102719798,
      0.020985690208510595,
      0.01963191338964054,
      0.019893783428499498,
      0.020536929219350065,
      0.019974011804652917,
      0.019815944163804097,
      0.020634372022534982,
      0.01977702773803846,
      0.019166084979582602,
      0.019175143034583328,
      0.01857106872640144,
      0.020156660323698002,
      0.02057245311039552,
      0.019233433857837576,
      0.021241108644033467,
      0.0195541189525889,
      0.017720897250239263,
      0.020767808333718284,
      0.019863469077788548,
      0.01844906761573986,
      0.02040818143384273,
      0.02097330549619088,
      0.019632502579876043,
      0.01905190969406666,
      0.02012479509088874,
      0.01957032254603269
    ],
    "val_loss": [
      0.4462222228819382,
      0.24359338871108557,
      0.2630189115906547,
      0.26301684527250824,
      0.39695215264926415,
      0.573019418611141,
      0.4188426649945225,
      0.481753518927597,
      0.6381368047016823,
      0.6759737791593917,
      0.6064844344190494,
      0.5306274066472839,
      0.5003110349022164,
      0.49866476002746,
      0.505304129328021,
      0.5198053274147525,
      0.41273214821285475,
      0.37669114799288933,
      0.33021611428769404,
      0.3764537422666828,
      0.2942898484984201,
      0.28749142606145967,
      0.2738371223657431,
      0.3014608092472225,
      0.29122754341649437,
      0.2977118463127199,
      0.28628467448992645,
      0.2726767618454502,
      0.2642991077355639,
      0.25963084712446094,
      0.2538570181539137,
      0.25911157256561124,
      0.2647209462782223,
      0.2770927290069664,
      0.26348513122759537,
      0.2586453183526229,
      0.25321387359705155,
      0.25675900683788483,
      0.2569605822290132,
      0.25601500131992877,
      0.25833999618084846,
      0.2598888148648475,
      0.2659676386902254,
      0.2588000206979449,
      0.2694242898530946,
      0.26406801783529943,
      0.2754312309564766,
      0.26730605608778085,
      0.2658853020318254,
      0.266410593012582,
      0.2727442347316328,
      0.2675671668020551,
      0.26456906480525066,
      0.2656937234059065,
      0.27510826187040993,
      0.28167294367567863,
      0.2607170201748788,
      0.27898199135314916,
      0.2735272915554261,
      0.28484988273260836,
      0.27341768258658355,
      0.2679251823462769,
      0.2803644223239072,
      0.2711837917833985,
      0.3034113600203199,
      0.28526343385616465,
      0.28061684200506726,
      0.29186686782422894,
      0.26926097652378556,
      0.26980341197532454,
      0.28202216949336184,
      0.29932196813518414,
      0.29519973130015553,
      0.2819488662088703,
      0.2835503206683133,
      0.2930419762178274,
      0.28557548398029303,
      0.2637609598834714,
      0.2895667689133012,
      0.281210688093376,
      0.298321556888833,
      0.28294713912966724,
      0.2859642054037955,
      0.2950292629485359,
      0.27541259426378206,
      0.2909312099686818,
      0.28035959397515137
    ],
    "best_epoch": 37,
    "best_val_loss": 0.25321387359705155,
    "best_val_abs_mse": 0.36002883315086365,
    "test_loss": 4.541170994203056,
    "test_abs_mse": 44.743656158447266,
    "tracker": {
      "initial_train_loss": 0.3385349783099205,
      "train_threshold": 0.1128449927699735,
      "best_tracking": true,
      "patience_active": true,
      "patience_best_train": null,
      "patience_best_val": 0.25321387359705155,
      "patience_no_improve_epochs": 50,
      "best_train_loss": Infinity,
      "forced_stop_due_to_threshold": false
    }
  },
  "model_files": {
    "best": "scripts/outputs/gru-trc-rate/trial_48_ff6cda/best_model.pt",
    "last": "scripts/outputs/gru-trc-rate/trial_48_ff6cda/last_model.pt"
  },
  "config_path": "/home/amoris/data-analysis-on-dbps/scripts/outputs/gru-trc-rate/trial_48_ff6cda/config.yaml"
}