{
  "model_name": "lstm-trc-rate/trial_12_a17ec5",
  "model_type": "LSTM",
  "model_format": "torch",
  "model_params": {
    "history_length": 254,
    "units": 130,
    "num_layers": 2,
    "dropout": 0.41316099712073023
  },
  "training_params": {
    "max_epochs": 500,
    "batch_size": 72,
    "learning_rate": 0.0002537961566756894,
    "weight_decay": 0.000362187652632394,
    "checkpoint_interval": 10,
    "seed": 947
  },
  "data_csv": "data/time_aligned_data.csv",
  "timestamp_column": "Date, Time",
  "columns": [
    "TRC-DT",
    "TRC-RT",
    "TRC-PPL1",
    "TRC-PPL2",
    "pH-DT",
    "pH-RT",
    "pH-PPL1",
    "pH-PPL2",
    "cond-DT",
    "cond-PPL1",
    "cond-PPL2",
    "fDOM-RT",
    "fDOM-PPL1",
    "fDOM-PPL2",
    "DO-RT",
    "DO-PPL1",
    "DO-PPL2",
    "TOC-RT",
    "TOC-PPL1",
    "TOC-PPL2",
    "DOC-RT",
    "DOC-PPL1",
    "DOC-PPL2",
    "minutes_since_start"
  ],
  "feature_columns": [
    "TRC-DT",
    "TRC-RT",
    "pH-DT",
    "pH-RT",
    "cond-DT",
    "fDOM-RT",
    "DO-RT",
    "TOC-RT",
    "DOC-RT",
    "minutes_since_start"
  ],
  "target_columns": [
    "TRC-PPL1",
    "TRC-PPL2"
  ],
  "target_mode": "rate",
  "target_base_columns": [
    "TRC-RT",
    "TRC-RT"
  ],
  "split_boundaries": {
    "train_end": 7796,
    "val_end": 9466,
    "test_end": 11138
  },
  "dataset_sizes": {
    "train": 7543,
    "val": 1670,
    "test": 1672
  },
  "input_dim": 10,
  "sequence_length": 254,
  "training_history": {
    "epochs": [
      1,
      2,
      3,
      4,
      5,
      6,
      7,
      8,
      9,
      10,
      11,
      12,
      13,
      14,
      15,
      16,
      17,
      18,
      19,
      20,
      21,
      22,
      23,
      24,
      25,
      26,
      27,
      28,
      29,
      30,
      31,
      32,
      33,
      34,
      35,
      36,
      37,
      38,
      39,
      40,
      41,
      42,
      43,
      44,
      45,
      46,
      47,
      48,
      49,
      50,
      51,
      52,
      53,
      54,
      55,
      56,
      57,
      58,
      59,
      60,
      61,
      62,
      63,
      64,
      65,
      66,
      67,
      68,
      69,
      70,
      71,
      72,
      73,
      74,
      75,
      76,
      77,
      78,
      79,
      80
    ],
    "train_loss": [
      0.4148286484190771,
      0.07414709806371143,
      0.04415633277153915,
      0.03634876307002764,
      0.04419143570172926,
      0.03368993241294979,
      0.02914853331828116,
      0.02845196109391027,
      0.026477124519032776,
      0.024526995365339612,
      0.02373309450622351,
      0.02277216325295109,
      0.024715619241979542,
      0.02204701622762107,
      0.02211803426376139,
      0.021530406647113025,
      0.020569248769215495,
      0.02149690392492708,
      0.026332875532948195,
      0.022968768888777517,
      0.021285713603985526,
      0.020775116055790965,
      0.020021460637999405,
      0.020083496159150747,
      0.01987468713360362,
      0.019243051785539603,
      0.019599810541940432,
      0.01864311979061513,
      0.018413454182589228,
      0.018810121882096947,
      0.018680606356173867,
      0.018845256828892758,
      0.0181827983575345,
      0.01839745827201948,
      0.018505704969594416,
      0.017827646266661626,
      0.017722041089935706,
      0.017684859882861902,
      0.018130247256331257,
      0.018015265908281414,
      0.017760549341669832,
      0.01812742726120964,
      0.017526995799334203,
      0.01765796124473872,
      0.0189595856098452,
      0.01803777253730108,
      0.017181707100640726,
      0.017722346591397115,
      0.01786040100742521,
      0.01741153698344928,
      0.017575802162475316,
      0.017167731762242525,
      0.016808870405918816,
      0.017375211162638574,
      0.017458628570475993,
      0.017264547387892897,
      0.016741049244711464,
      0.016710403922169385,
      0.01820563587436511,
      0.017628612014055488,
      0.01686259700709157,
      0.0168766229586676,
      0.017191155599416624,
      0.016949581369524545,
      0.01718708336966693,
      0.016804006145275604,
      0.019311623279379152,
      0.019328589781913347,
      0.01680624885954991,
      0.016926157438761358,
      0.016536290631049843,
      0.016766447609582607,
      0.016794250381414855,
      0.01642169162999465,
      0.017090915227300225,
      0.016869931863913497,
      0.016626842475041745,
      0.016880509952147682,
      0.016603809646421525,
      0.040993567698872344
    ],
    "val_loss": [
      0.24036032878710123,
      0.2426210626469044,
      0.24276014326396816,
      0.2539091845695487,
      0.2595544688448221,
      0.2423590903956733,
      0.2503762918675017,
      0.25117186290953686,
      0.2442791136260518,
      0.2775638945445329,
      0.26663667219663095,
      0.3136052901605646,
      0.2870369421686241,
      0.26998816650963114,
      0.29169984276958566,
      0.26926670374270684,
      0.2840300757014109,
      0.2758146058388813,
      0.2771731707239579,
      0.2912186335482283,
      0.30477615865226276,
      0.30457243806052353,
      0.32133980166769316,
      0.34241981042359404,
      0.3141139605712748,
      0.3194801785185665,
      0.3131954920862963,
      0.31014798683320693,
      0.31348430134222177,
      0.34129878071075426,
      0.33665746978656974,
      0.3321668768580445,
      0.32045065471512113,
      0.3378708593011973,
      0.334908003810637,
      0.3401477771337161,
      0.3388494683596902,
      0.33739803066689095,
      0.33591110055853507,
      0.3433117644872494,
      0.34240029827206436,
      0.33430078777813627,
      0.3386203177674802,
      0.34900172693643744,
      0.3340186894475343,
      0.34113784721511564,
      0.3391710806704924,
      0.33951396532133665,
      0.3306410539159161,
      0.34706194213853625,
      0.34040362087641646,
      0.34240969251283626,
      0.33926927486133435,
      0.3478426780752436,
      0.344179069344512,
      0.35067334722972915,
      0.341970623364884,
      0.34422359928310275,
      0.3563630454465301,
      0.34621680101859353,
      0.3503811298774745,
      0.35897666983261795,
      0.3494084165124836,
      0.3514613746927527,
      0.35503403891971014,
      0.34259707553390256,
      0.3238414124189737,
      0.3311973068127018,
      0.33867151110382854,
      0.3434051825391675,
      0.34781193595357285,
      0.34828016894038566,
      0.34978963331191126,
      0.35513991999055095,
      0.35313163615629345,
      0.36340806822398464,
      0.3553788280817206,
      0.3623531042860297,
      0.35582862971963997,
      0.25048612208066584
    ],
    "best_epoch": 6,
    "best_val_loss": 0.2423590903956733,
    "best_val_abs_mse": 0.3670271933078766,
    "test_loss": 4.349910728383863,
    "test_abs_mse": 42.93016815185547,
    "tracker": {
      "initial_train_loss": 0.4148286484190771,
      "train_threshold": 0.13827621613969235,
      "best_tracking": true,
      "patience_active": true,
      "patience_best_train": null,
      "patience_best_val": 0.2423590903956733,
      "patience_no_improve_epochs": 74,
      "best_train_loss": Infinity,
      "forced_stop_due_to_threshold": false
    }
  },
  "model_files": {
    "best": "scripts/outputs/lstm-trc-rate/trial_12_a17ec5/best_model.pt",
    "last": "scripts/outputs/lstm-trc-rate/trial_12_a17ec5/last_model.pt"
  },
  "config_path": "/home/amoris/data-analysis-on-dbps/scripts/outputs/lstm-trc-rate/trial_12_a17ec5/config.yaml"
}