{
  "model_name": "lstm-trc-rate/trial_43_775b80",
  "model_type": "LSTM",
  "model_format": "torch",
  "model_params": {
    "history_length": 69,
    "units": 319,
    "num_layers": 3,
    "dropout": 0.28318334588780614
  },
  "training_params": {
    "max_epochs": 500,
    "batch_size": 234,
    "learning_rate": 0.0005273315595215179,
    "weight_decay": 0.0008731179445059461,
    "checkpoint_interval": 10,
    "seed": 947
  },
  "data_csv": "data/time_aligned_data.csv",
  "timestamp_column": "Date, Time",
  "columns": [
    "TRC-DT",
    "TRC-RT",
    "TRC-PPL1",
    "TRC-PPL2",
    "pH-DT",
    "pH-RT",
    "pH-PPL1",
    "pH-PPL2",
    "cond-DT",
    "cond-PPL1",
    "cond-PPL2",
    "fDOM-RT",
    "fDOM-PPL1",
    "fDOM-PPL2",
    "DO-RT",
    "DO-PPL1",
    "DO-PPL2",
    "TOC-RT",
    "TOC-PPL1",
    "TOC-PPL2",
    "DOC-RT",
    "DOC-PPL1",
    "DOC-PPL2",
    "minutes_since_start"
  ],
  "feature_columns": [
    "TRC-DT",
    "TRC-RT",
    "pH-DT",
    "pH-RT",
    "cond-DT",
    "fDOM-RT",
    "DO-RT",
    "TOC-RT",
    "DOC-RT",
    "minutes_since_start"
  ],
  "target_columns": [
    "TRC-PPL1",
    "TRC-PPL2"
  ],
  "target_mode": "rate",
  "target_base_columns": [
    "TRC-RT",
    "TRC-RT"
  ],
  "split_boundaries": {
    "train_end": 7796,
    "val_end": 9466,
    "test_end": 11138
  },
  "dataset_sizes": {
    "train": 7728,
    "val": 1670,
    "test": 1672
  },
  "input_dim": 10,
  "sequence_length": 69,
  "training_history": {
    "epochs": [
      1,
      2,
      3,
      4,
      5,
      6,
      7,
      8,
      9,
      10,
      11,
      12,
      13,
      14,
      15,
      16,
      17,
      18,
      19,
      20,
      21,
      22,
      23,
      24,
      25,
      26,
      27,
      28,
      29,
      30,
      31,
      32,
      33,
      34,
      35,
      36,
      37,
      38,
      39,
      40,
      41,
      42,
      43,
      44,
      45,
      46,
      47,
      48,
      49,
      50,
      51,
      52,
      53,
      54,
      55,
      56,
      57,
      58,
      59,
      60,
      61,
      62,
      63,
      64,
      65,
      66,
      67,
      68,
      69,
      70,
      71,
      72,
      73,
      74,
      75,
      76,
      77,
      78,
      79,
      80
    ],
    "train_loss": [
      0.45534267841103654,
      0.13008133285846676,
      0.0861337005698718,
      0.06172864780882779,
      0.044316119621421055,
      0.039048483991497976,
      0.03930199855753446,
      0.03890036350630964,
      0.0383294074425925,
      0.03189344160976062,
      0.03825281219707328,
      0.0546579797454294,
      0.030675955465271697,
      0.02907770190110303,
      0.03373341821712551,
      0.030506793901277994,
      0.02708899003731214,
      0.028851884216220574,
      0.02606375847497712,
      0.029414202743180975,
      0.03148871571872591,
      0.03960198786265871,
      0.029807274977485677,
      0.028624483470961175,
      0.025024827078031088,
      0.024433597267217794,
      0.026736993248638066,
      0.023173969124027336,
      0.02959501373607619,
      0.024641896196010506,
      0.02446331691448085,
      0.024683128780633303,
      0.023929850185313118,
      0.024103174124908002,
      0.02568468745936703,
      0.03257908489155982,
      0.026962063388800632,
      0.02401950626101877,
      0.023245135993228194,
      0.023190255965227665,
      0.026739356417486572,
      0.026480750953026624,
      0.02273438887103744,
      0.023376483504909167,
      0.0230653814650401,
      0.02209867197464897,
      0.020747893086420544,
      0.02204029827367121,
      0.021275594422697837,
      0.022197940592185494,
      0.021199783028294304,
      0.02072002154974533,
      0.023793061207459304,
      0.02113319883232948,
      0.02186656277626753,
      0.02462205532229627,
      0.02060322819699921,
      0.020567395102510357,
      0.02013213429397539,
      0.021958688537225775,
      0.021994304115831944,
      0.020636076181374998,
      0.022010948996331475,
      0.020872303944150482,
      0.020333401018591678,
      0.024212170868059216,
      0.0224672664196942,
      0.02295459847122153,
      0.020120353323714056,
      0.01949249972409991,
      0.021521216078179813,
      0.020027240190180654,
      0.023221601865121295,
      0.022017249782563923,
      0.020187941885998716,
      0.02463583447695681,
      0.019319687540475163,
      0.02032525216804829,
      0.019078339502122833,
      0.018625628988414727
    ],
    "val_loss": [
      0.3309705140347966,
      0.25251464363700615,
      0.2252645949760597,
      0.1984607135419717,
      0.2168236670714474,
      0.2358668839101663,
      0.40107958738853833,
      0.5615098069349449,
      0.5931060698820267,
      1.1520722252701572,
      2.8080788832046313,
      0.2793989927067371,
      0.34524498493326994,
      0.4888990998513506,
      0.4116539844228122,
      0.5050597986953701,
      0.8701739235641713,
      0.7873348851381483,
      0.8491079839738365,
      1.153770137234719,
      1.4202202933767956,
      0.6425331733674703,
      0.7330373129110315,
      0.6558299868808178,
      0.8222451820523439,
      1.0167606646607736,
      0.6168747691426448,
      0.6347692424487211,
      0.8682501138929657,
      0.6840047026108839,
      0.5780950525541327,
      0.6355432874785212,
      0.6650102274548151,
      0.48383714268262873,
      0.5602781806676509,
      0.5682880455817648,
      0.5451070239867815,
      0.5557235590310511,
      0.6139668036988395,
      0.5152622725926117,
      0.5557178982182177,
      0.38236413074066183,
      0.4112372806463056,
      0.39396257117212174,
      0.4584993094005092,
      0.4257748929014106,
      0.4666753160984752,
      0.42047383538754046,
      0.442792344541696,
      0.386741344329572,
      0.39639774778199766,
      0.4123354006870956,
      0.39840288461146955,
      0.4543125945427817,
      0.39132349606001093,
      0.3752738041323638,
      0.4045367134076928,
      0.402838727113551,
      0.39480198080802037,
      0.42969007641969326,
      0.393355772530515,
      0.3990969481225499,
      0.39236029211409434,
      0.39984291568175406,
      0.4112731834416261,
      0.36314423147388203,
      0.39049164559357535,
      0.36749214669187624,
      0.3752642605319887,
      0.3938269929569995,
      0.3997854029414004,
      0.3965337533615306,
      0.3913386216219849,
      0.3754772314969116,
      0.3842853171828978,
      0.38053392097800076,
      0.46457284659058035,
      0.38628067450073666,
      0.42281016451111453,
      0.37961684949249924
    ],
    "best_epoch": 4,
    "best_val_loss": 0.1984607135419717,
    "best_val_abs_mse": 0.2885478138923645,
    "test_loss": 4.7451361179637,
    "test_abs_mse": 45.06965255737305,
    "tracker": {
      "initial_train_loss": 0.45534267841103654,
      "train_threshold": 0.15178089280367885,
      "best_tracking": true,
      "patience_active": true,
      "patience_best_train": null,
      "patience_best_val": 0.1984607135419717,
      "patience_no_improve_epochs": 76,
      "best_train_loss": Infinity,
      "forced_stop_due_to_threshold": false
    }
  },
  "model_files": {
    "best": "scripts/outputs/lstm-trc-rate/trial_43_775b80/best_model.pt",
    "last": "scripts/outputs/lstm-trc-rate/trial_43_775b80/last_model.pt"
  },
  "config_path": "/home/amoris/data-analysis-on-dbps/scripts/outputs/lstm-trc-rate/trial_43_775b80/config.yaml"
}