{
  "model_name": "rnn-other-value/trial_26_5b9a64",
  "model_type": "RNN",
  "model_format": "torch",
  "model_params": {
    "history_length": 79,
    "units": 186,
    "num_layers": 4,
    "dropout": 0.25733139059901766
  },
  "training_params": {
    "max_epochs": 500,
    "batch_size": 322,
    "learning_rate": 0.0012272915269195509,
    "weight_decay": 0.00044137089278137873,
    "checkpoint_interval": 10,
    "seed": 947
  },
  "data_csv": "data/time_aligned_data.csv",
  "timestamp_column": "Date, Time",
  "columns": [
    "TRC-DT",
    "TRC-RT",
    "TRC-PPL1",
    "TRC-PPL2",
    "pH-DT",
    "pH-RT",
    "pH-PPL1",
    "pH-PPL2",
    "cond-DT",
    "cond-PPL1",
    "cond-PPL2",
    "fDOM-RT",
    "fDOM-PPL1",
    "fDOM-PPL2",
    "DO-RT",
    "DO-PPL1",
    "DO-PPL2",
    "TOC-RT",
    "TOC-PPL1",
    "TOC-PPL2",
    "DOC-RT",
    "DOC-PPL1",
    "DOC-PPL2",
    "minutes_since_start"
  ],
  "feature_columns": [
    "TRC-DT",
    "TRC-RT",
    "pH-DT",
    "pH-RT",
    "cond-DT",
    "fDOM-RT",
    "DO-RT",
    "TOC-RT",
    "DOC-RT",
    "minutes_since_start"
  ],
  "target_columns": [
    "TOC-PPL1",
    "TOC-PPL2",
    "DOC-PPL1",
    "DOC-PPL2",
    "pH-PPL1",
    "pH-PPL2"
  ],
  "split_boundaries": {
    "train_end": 7796,
    "val_end": 9466,
    "test_end": 11138
  },
  "dataset_sizes": {
    "train": 7718,
    "val": 1670,
    "test": 1672
  },
  "input_dim": 10,
  "sequence_length": 79,
  "training_history": {
    "epochs": [
      1,
      2,
      3,
      4,
      5,
      6,
      7,
      8,
      9,
      10,
      11,
      12,
      13,
      14,
      15,
      16,
      17,
      18,
      19,
      20,
      21,
      22,
      23,
      24,
      25,
      26,
      27,
      28,
      29,
      30,
      31,
      32,
      33,
      34,
      35,
      36,
      37,
      38,
      39,
      40,
      41,
      42,
      43,
      44,
      45,
      46,
      47,
      48,
      49,
      50,
      51,
      52,
      53,
      54,
      55,
      56,
      57,
      58,
      59,
      60,
      61,
      62,
      63,
      64,
      65,
      66,
      67,
      68,
      69,
      70,
      71,
      72,
      73,
      74,
      75,
      76,
      77,
      78,
      79,
      80
    ],
    "train_loss": [
      0.4022400198853303,
      0.2573644082861016,
      0.22469212260385904,
      0.18906441502356103,
      0.16136098891905967,
      0.16771014738682175,
      0.14631303934798892,
      0.13122919039671888,
      0.12844959744543077,
      0.1197461776838892,
      0.12454154987653694,
      0.11862914996517541,
      0.11103460869970765,
      0.10630332540318149,
      0.09880141149911896,
      0.10369208520922707,
      0.09689496509126506,
      0.10742459828277795,
      0.1777442905276697,
      0.13206514600113162,
      0.10874034551820103,
      0.09928411003042917,
      0.136416157780456,
      0.1288603986095783,
      0.10378215702148755,
      0.09876136083844166,
      0.09223565045308807,
      0.08414928872069721,
      0.10823910169633567,
      0.12159436712358615,
      0.11164008333109054,
      0.08952593840861388,
      0.09045702318633644,
      0.08106199241875367,
      0.08019502540115372,
      0.08772871059460416,
      0.12914761578281422,
      0.08582813096775481,
      0.07329411219480156,
      0.07025056349436494,
      0.06585132957651658,
      0.06893513517333115,
      0.07185836753393585,
      0.06271411760112386,
      0.060408489242385295,
      0.06603050259928779,
      0.061592436941732984,
      0.10300653618785748,
      0.07533840800438343,
      0.07208873912977815,
      0.21085512401774067,
      0.14396620536791163,
      0.11351887709730245,
      0.09402526389922339,
      0.08542447574639388,
      0.09093289506090957,
      0.07828556245999437,
      0.06920341319851259,
      0.06851467532575146,
      0.06841209182338598,
      0.09020519722663359,
      0.09038668639241615,
      0.06688989684599674,
      0.054917939083545,
      0.05241157513968096,
      0.0647012029160765,
      0.09605822183846284,
      0.07510777261763633,
      0.056824080215491415,
      0.05182800550968513,
      0.06051341507870566,
      0.055167820756416554,
      0.06519013399706662,
      0.05445480992885784,
      0.07210500187733594,
      0.09997716753995305,
      0.07118098101168137,
      0.0644223308642005,
      0.12414083815483609,
      0.09879216225685064
    ],
    "val_loss": [
      0.41507520697074024,
      0.40498847033449276,
      0.3712487882482791,
      0.618357744955731,
      0.6345825800995627,
      0.5968189856517101,
      0.6577553123414159,
      0.7261214898731894,
      0.6211040028733408,
      0.6169945213876799,
      0.5069254372558908,
      0.5382532141522733,
      0.6433315345627105,
      0.6639664512819159,
      0.5667404067016647,
      0.5967342847210918,
      0.6992742714633842,
      0.8509567980816264,
      0.6418073564410923,
      0.6021036950414053,
      0.423802308417009,
      0.5422905500509781,
      0.6126702848933414,
      0.5911723053027056,
      0.689227082914935,
      0.6428297877311706,
      0.6558355273957738,
      0.512671808175698,
      0.4266805135204407,
      0.3524894977668802,
      0.6865287522891325,
      0.48960848310125804,
      0.5918298923594509,
      0.5459558868256514,
      0.5857868119092758,
      0.627646537464179,
      0.670606630808579,
      0.4163148825843177,
      0.526674007218398,
      0.572828819477808,
      0.7298750611077882,
      0.6057961232201782,
      0.6257261606613675,
      0.5905364256776021,
      0.5570093704911763,
      0.6604190727952355,
      0.4106272827811584,
      0.43816232041506,
      0.6025159179539737,
      0.5051480020770056,
      0.4578019362723756,
      0.5648818884691792,
      0.44261207679610054,
      0.4790477176804742,
      0.5008532045130244,
      0.5674967132999511,
      0.5218066372289629,
      0.5609682098655644,
      0.5336615226538238,
      0.5611838316578351,
      0.657120221746182,
      0.6246348911149059,
      0.6559727336742921,
      0.5891677313757514,
      0.5301266286098315,
      0.5368119357499533,
      0.4109037123575896,
      0.5189548432291625,
      0.5088498991585063,
      0.48534287116573954,
      0.45118864630153793,
      0.5121484862116282,
      0.49229404981621727,
      0.5185296352662726,
      0.4247343435615836,
      0.5091527919569415,
      0.6498668195021724,
      0.5659023625318875,
      0.3931682259290518,
      0.39958822800370747
    ],
    "best_epoch": 30,
    "best_val_loss": 0.3524894977668802,
    "test_loss": 0.5106319006193768,
    "tracker": {
      "initial_train_loss": 0.4022400198853303,
      "train_threshold": 0.13408000662844344,
      "best_tracking": true,
      "patience_active": true,
      "patience_best_train": null,
      "patience_best_val": 0.3524894977668802,
      "patience_no_improve_epochs": 50,
      "best_train_loss": Infinity,
      "forced_stop_due_to_threshold": false
    }
  },
  "model_files": {
    "best": "scripts/outputs/rnn-other-value/trial_26_5b9a64/best_model.pt",
    "last": "scripts/outputs/rnn-other-value/trial_26_5b9a64/last_model.pt"
  },
  "config_path": "/home/amoris/data-analysis-on-dbps/scripts/outputs/rnn-other-value/trial_26_5b9a64/config.yaml"
}