{
  "model_name": "gru-trc-rate/trial_51_a955dc",
  "model_type": "GRU",
  "model_format": "torch",
  "model_params": {
    "history_length": 127,
    "units": 87,
    "num_layers": 6,
    "dropout": 0.30471184816878494
  },
  "training_params": {
    "max_epochs": 500,
    "batch_size": 159,
    "learning_rate": 0.0003928813326868875,
    "weight_decay": 0.00013073536405697179,
    "checkpoint_interval": 10,
    "seed": 947
  },
  "data_csv": "data/time_aligned_data.csv",
  "timestamp_column": "Date, Time",
  "columns": [
    "TRC-DT",
    "TRC-RT",
    "TRC-PPL1",
    "TRC-PPL2",
    "pH-DT",
    "pH-RT",
    "pH-PPL1",
    "pH-PPL2",
    "cond-DT",
    "cond-PPL1",
    "cond-PPL2",
    "fDOM-RT",
    "fDOM-PPL1",
    "fDOM-PPL2",
    "DO-RT",
    "DO-PPL1",
    "DO-PPL2",
    "TOC-RT",
    "TOC-PPL1",
    "TOC-PPL2",
    "DOC-RT",
    "DOC-PPL1",
    "DOC-PPL2",
    "minutes_since_start"
  ],
  "feature_columns": [
    "TRC-DT",
    "TRC-RT",
    "pH-DT",
    "pH-RT",
    "cond-DT",
    "fDOM-RT",
    "DO-RT",
    "TOC-RT",
    "DOC-RT",
    "minutes_since_start"
  ],
  "target_columns": [
    "TRC-PPL1",
    "TRC-PPL2"
  ],
  "target_mode": "rate",
  "target_base_columns": [
    "TRC-RT",
    "TRC-RT"
  ],
  "split_boundaries": {
    "train_end": 7796,
    "val_end": 9466,
    "test_end": 11138
  },
  "dataset_sizes": {
    "train": 7670,
    "val": 1670,
    "test": 1672
  },
  "input_dim": 10,
  "sequence_length": 127,
  "training_history": {
    "epochs": [
      1,
      2,
      3,
      4,
      5,
      6,
      7,
      8,
      9,
      10,
      11,
      12,
      13,
      14,
      15,
      16,
      17,
      18,
      19,
      20,
      21,
      22,
      23,
      24,
      25,
      26,
      27,
      28,
      29,
      30,
      31,
      32,
      33,
      34,
      35,
      36,
      37,
      38,
      39,
      40,
      41,
      42,
      43,
      44,
      45,
      46,
      47,
      48,
      49,
      50,
      51,
      52,
      53,
      54,
      55,
      56,
      57,
      58,
      59,
      60,
      61,
      62,
      63,
      64,
      65,
      66,
      67,
      68,
      69,
      70,
      71,
      72,
      73,
      74,
      75,
      76,
      77,
      78,
      79,
      80
    ],
    "train_loss": [
      0.47528197899596786,
      0.1593665425778601,
      0.11153986134324732,
      0.083281402212156,
      0.06385352797660554,
      0.05507792876511229,
      0.050994859080679106,
      0.04862437075904948,
      0.04599714194226529,
      0.042662364800583275,
      0.04025468416633437,
      0.037975793686176915,
      0.03587373364862477,
      0.03490307105697857,
      0.031922281488552785,
      0.03225770525250589,
      0.030138162997061922,
      0.02861522307262466,
      0.028053783763302042,
      0.027489432689370746,
      0.027047847945733672,
      0.025688452388960115,
      0.025585366139307404,
      0.025174000245826184,
      0.025259247016904796,
      0.024507932466451162,
      0.024928663725171826,
      0.024502330149294423,
      0.023658914081363742,
      0.023143861621783408,
      0.02314294447692541,
      0.022731709099742627,
      0.022289555469064002,
      0.02244986295360086,
      0.021500501895840664,
      0.021469768679990994,
      0.020722180128223817,
      0.020745664611070223,
      0.021408855675864175,
      0.02041278171706386,
      0.020111107208548695,
      0.01997211680734212,
      0.019950394317838016,
      0.019553414827171406,
      0.019779098851088982,
      0.019829006722097368,
      0.019827524719533973,
      0.020672550896787347,
      0.01932074260986574,
      0.018642010491079077,
      0.019710533487619017,
      0.019289521821027784,
      0.019449926439837846,
      0.019852341557312587,
      0.018569642965921056,
      0.01879177748722254,
      0.018348789733204373,
      0.018692304412294008,
      0.017969936702031317,
      0.0186108890787311,
      0.018460437255720892,
      0.01903873780047742,
      0.018700840353669486,
      0.018260326129754683,
      0.018320801300804143,
      0.018126148269226414,
      0.017702143889216822,
      0.018260528917777723,
      0.017990176288005463,
      0.017961493489906832,
      0.01758059704023009,
      0.017849637285807452,
      0.017782416651474682,
      0.017623501107086957,
      0.01824645469319731,
      0.017440306722894407,
      0.01717055686427744,
      0.017489423214262438,
      0.017521300868433565,
      0.01765610585584168
    ],
    "val_loss": [
      0.29281624011293855,
      0.43061838644127287,
      0.30850961323894427,
      0.20073343110744823,
      0.1798705873308246,
      0.23100173068929933,
      0.1822854864873929,
      0.19543683118449,
      0.209367727358898,
      0.19903719781223173,
      0.2507954583508883,
      0.34530140188952047,
      0.4306013204904641,
      0.3206608513403617,
      0.3307198713483389,
      0.3428502970492233,
      0.31478577146786235,
      0.36024342451445357,
      0.42939342642481815,
      0.5312084876792784,
      0.6278499402663487,
      0.7654696919079759,
      0.5795725865613022,
      0.6568184778629663,
      0.4644702588001679,
      0.9335993012826065,
      0.9477065242458871,
      0.931436224933156,
      1.1685396521290887,
      0.8495441546117117,
      0.6711581755251049,
      0.9097909910537436,
      0.8217930637210786,
      1.0370302997652197,
      0.8146742662927973,
      1.1230346286033621,
      0.7635754729392464,
      1.1783767635292726,
      0.8856886656954884,
      1.0896740566927963,
      0.861180763798738,
      0.896234531985027,
      0.8875729407267477,
      0.8621209202624277,
      0.9054992268821169,
      0.9156137943368204,
      1.3496298058716927,
      1.0048538652934624,
      1.1320356561941747,
      0.8379204768207883,
      1.0706242307619063,
      1.0116901349198228,
      1.286957675215236,
      1.1412873058161603,
      0.9934766724058789,
      0.8516826633854719,
      1.1505974937185734,
      1.3314105518385322,
      1.4052548162159537,
      0.9989011432908609,
      1.2905778614770689,
      1.0374609885714994,
      1.2524943171682472,
      1.28029641472807,
      1.2711831162577707,
      1.2356867001062917,
      1.123052164133705,
      1.3179831043320769,
      0.8962312162335137,
      1.6035289066826959,
      1.4847529893082951,
      1.3984495522443228,
      1.4427613603375005,
      1.49474494412296,
      1.4709057360697917,
      1.400034868558813,
      1.4378602237100462,
      1.4525229169145049,
      1.658735225579428,
      1.5681703196135823
    ],
    "best_epoch": 5,
    "best_val_loss": 0.1798705873308246,
    "best_val_abs_mse": 0.43526604771614075,
    "test_loss": 3.812106746805912,
    "test_abs_mse": 38.71953201293945,
    "tracker": {
      "initial_train_loss": 0.47528197899596786,
      "train_threshold": 0.15842732633198928,
      "best_tracking": true,
      "patience_active": true,
      "patience_best_train": null,
      "patience_best_val": 0.1798705873308246,
      "patience_no_improve_epochs": 75,
      "best_train_loss": Infinity,
      "forced_stop_due_to_threshold": false
    }
  },
  "model_files": {
    "best": "scripts/outputs/gru-trc-rate/trial_51_a955dc/best_model.pt",
    "last": "scripts/outputs/gru-trc-rate/trial_51_a955dc/last_model.pt"
  },
  "config_path": "/home/amoris/data-analysis-on-dbps/scripts/outputs/gru-trc-rate/trial_51_a955dc/config.yaml"
}