{
  "model_name": "gru-other-value/trial_38_dc7202",
  "model_type": "GRU",
  "model_format": "torch",
  "model_params": {
    "history_length": 82,
    "units": 201,
    "num_layers": 3,
    "dropout": 0.3465503901953955
  },
  "training_params": {
    "max_epochs": 500,
    "batch_size": 235,
    "learning_rate": 0.0008724857351499996,
    "weight_decay": 0.00024843630478401296,
    "checkpoint_interval": 10,
    "seed": 947
  },
  "data_csv": "data/time_aligned_data.csv",
  "timestamp_column": "Date, Time",
  "columns": [
    "TRC-DT",
    "TRC-RT",
    "TRC-PPL1",
    "TRC-PPL2",
    "pH-DT",
    "pH-RT",
    "pH-PPL1",
    "pH-PPL2",
    "cond-DT",
    "cond-PPL1",
    "cond-PPL2",
    "fDOM-RT",
    "fDOM-PPL1",
    "fDOM-PPL2",
    "DO-RT",
    "DO-PPL1",
    "DO-PPL2",
    "TOC-RT",
    "TOC-PPL1",
    "TOC-PPL2",
    "DOC-RT",
    "DOC-PPL1",
    "DOC-PPL2",
    "minutes_since_start"
  ],
  "feature_columns": [
    "TRC-DT",
    "TRC-RT",
    "pH-DT",
    "pH-RT",
    "cond-DT",
    "fDOM-RT",
    "DO-RT",
    "TOC-RT",
    "DOC-RT",
    "minutes_since_start"
  ],
  "target_columns": [
    "TOC-PPL1",
    "TOC-PPL2",
    "DOC-PPL1",
    "DOC-PPL2",
    "pH-PPL1",
    "pH-PPL2"
  ],
  "split_boundaries": {
    "train_end": 7796,
    "val_end": 9466,
    "test_end": 11138
  },
  "dataset_sizes": {
    "train": 7715,
    "val": 1670,
    "test": 1672
  },
  "input_dim": 10,
  "sequence_length": 82,
  "training_history": {
    "epochs": [
      1,
      2,
      3,
      4,
      5,
      6,
      7,
      8,
      9,
      10,
      11,
      12,
      13,
      14,
      15,
      16,
      17,
      18,
      19,
      20,
      21,
      22,
      23,
      24,
      25,
      26,
      27,
      28,
      29,
      30,
      31,
      32,
      33,
      34,
      35,
      36,
      37,
      38,
      39,
      40,
      41,
      42,
      43,
      44,
      45,
      46,
      47,
      48,
      49,
      50,
      51,
      52,
      53,
      54,
      55,
      56,
      57,
      58,
      59,
      60,
      61,
      62,
      63,
      64,
      65,
      66,
      67,
      68,
      69,
      70,
      71,
      72,
      73,
      74,
      75,
      76,
      77,
      78,
      79,
      80
    ],
    "train_loss": [
      0.38110093879607,
      0.2434682279477549,
      0.21752226442504222,
      0.19612570437261675,
      0.17056192615089366,
      0.1474200182256958,
      0.1328671511916935,
      0.12719389312910864,
      0.14172838880829586,
      0.11575368999932698,
      0.1013294733379927,
      0.09228267926271287,
      0.07920029854048248,
      0.07263403721226165,
      0.06558642739445764,
      0.055331724743544086,
      0.057492770988564174,
      0.053463133509504435,
      0.04834155058723646,
      0.047176009861297295,
      0.048240469308716095,
      0.04675771757883061,
      0.042767446461584535,
      0.042851904574938586,
      0.04640426749166775,
      0.038962373260121336,
      0.03963059565741677,
      0.04284687684782511,
      0.03595025508712231,
      0.03359576682146694,
      0.03290474832743619,
      0.035677151840206714,
      0.03334812039288506,
      0.03160244031016771,
      0.03214702438454464,
      0.03361534653442754,
      0.029449000214639996,
      0.031506885235437466,
      0.032628865573345184,
      0.03359309401138603,
      0.030130539596447757,
      0.02832165342464087,
      0.041489518262634244,
      0.03558900352864395,
      0.029684231935849997,
      0.027973079577098013,
      0.028345435163656844,
      0.029408436545007275,
      0.028279398193151936,
      0.027660462568313057,
      0.027770523401973158,
      0.027985192548027303,
      0.029026763210687558,
      0.02748502809880271,
      0.026568820343937722,
      0.027557933056028106,
      0.02853695271453414,
      0.028727903900570246,
      0.02674214502317289,
      0.02655239338664868,
      0.029561586207236396,
      0.04052921282085249,
      0.03407807363896152,
      0.028109008177139506,
      0.02533624920214219,
      0.02534387782771365,
      0.026154595232259045,
      0.026512281790530227,
      0.024619162098365177,
      0.02469266790290661,
      0.026680556982417655,
      0.02603338240529335,
      0.025755980838517517,
      0.023907455920506745,
      0.02462723523339743,
      0.026978490630325296,
      0.02668033764659586,
      0.028080045677146892,
      0.024988208424809377,
      0.025038268700802165
    ],
    "val_loss": [
      0.42272400271571325,
      0.3867769355099358,
      0.5788199498937159,
      0.6865367096385913,
      0.7314431842884974,
      0.8581116037097519,
      0.8138948117276865,
      0.7368856641703737,
      0.7151310667618663,
      0.7578030334350592,
      0.6089382257736372,
      0.580699403664309,
      0.7903712023116515,
      0.6568752148015771,
      0.656419431444949,
      0.5198662978134112,
      0.53422776261668,
      0.6149793218174381,
      0.49628863800428585,
      0.4823011540456446,
      0.5284294364918135,
      0.5564487584515246,
      0.6124966256097405,
      0.5075895003751366,
      0.4525809990253277,
      0.43199575737029494,
      0.45451857655972777,
      0.44473203954225526,
      0.4893483634658916,
      0.47374897534975746,
      0.5233010882121361,
      0.6623254206901539,
      0.5055140214052029,
      0.49715640525261084,
      0.46034349929429813,
      0.5335228306179989,
      0.5301055195267329,
      0.527524633589619,
      0.5458750070301358,
      0.49156820381472927,
      0.48241649951763493,
      0.4762931165402521,
      0.4943342175847756,
      0.4983902912207706,
      0.453115888118387,
      0.46530234902918693,
      0.4765512580107786,
      0.4652126743318792,
      0.48557242956347096,
      0.4629594001495196,
      0.47258896362817215,
      0.44813245222597065,
      0.49899845467713067,
      0.4801998312423329,
      0.48680296103040616,
      0.49292319981816285,
      0.49359018516219305,
      0.4761808246463359,
      0.47225877169720426,
      0.49305877486567296,
      0.48380206980391177,
      0.4806017164520161,
      0.46640535729552457,
      0.4397460496175789,
      0.44872683491892446,
      0.4556626685989831,
      0.4738193541586756,
      0.46045981142335307,
      0.4774994507967355,
      0.4718937421005643,
      0.47598659728993914,
      0.4825706111635277,
      0.47069403899465495,
      0.4750460532164859,
      0.4661873018670225,
      0.479547388227043,
      0.4631632019035117,
      0.4850045444365747,
      0.45580753576969674,
      0.4646441356507604
    ],
    "best_epoch": 26,
    "best_val_loss": 0.43199575737029494,
    "test_loss": 0.3982529165980776,
    "tracker": {
      "initial_train_loss": 0.38110093879607,
      "train_threshold": 0.12703364626535665,
      "best_tracking": true,
      "patience_active": true,
      "patience_best_train": null,
      "patience_best_val": 0.43199575737029494,
      "patience_no_improve_epochs": 54,
      "best_train_loss": Infinity,
      "forced_stop_due_to_threshold": false
    }
  },
  "model_files": {
    "best": "scripts/outputs/gru-other-value/trial_38_dc7202/best_model.pt",
    "last": "scripts/outputs/gru-other-value/trial_38_dc7202/last_model.pt"
  },
  "config_path": "/home/amoris/data-analysis-on-dbps/scripts/outputs/gru-other-value/trial_38_dc7202/config.yaml"
}