{
  "model_name": "mlp-other-value/trial_9_a8988a",
  "model_type": "MLP",
  "model_format": "torch",
  "model_params": {
    "history_length": 1,
    "hidden_layers": [
      512,
      256,
      128
    ],
    "dropout": 0.11729150560618727,
    "mid_layer_count": 13,
    "mid_layer_size": 274
  },
  "training_params": {
    "max_epochs": 400,
    "batch_size": 361,
    "learning_rate": 0.0004636692297022531,
    "weight_decay": 0.0011086785658297247,
    "checkpoint_interval": 10,
    "seed": 42
  },
  "data_csv": "data/time_aligned_data.csv",
  "timestamp_column": "Date, Time",
  "columns": [
    "TRC-DT",
    "TRC-RT",
    "TRC-PPL1",
    "TRC-PPL2",
    "pH-DT",
    "pH-RT",
    "pH-PPL1",
    "pH-PPL2",
    "cond-DT",
    "cond-PPL1",
    "cond-PPL2",
    "fDOM-RT",
    "fDOM-PPL1",
    "fDOM-PPL2",
    "DO-RT",
    "DO-PPL1",
    "DO-PPL2",
    "TOC-RT",
    "TOC-PPL1",
    "TOC-PPL2",
    "DOC-RT",
    "DOC-PPL1",
    "DOC-PPL2",
    "minutes_since_start"
  ],
  "feature_columns": [
    "TRC-DT",
    "TRC-RT",
    "pH-DT",
    "pH-RT",
    "cond-DT",
    "fDOM-RT",
    "DO-RT",
    "TOC-RT",
    "DOC-RT",
    "minutes_since_start"
  ],
  "target_columns": [
    "TOC-PPL1",
    "TOC-PPL2",
    "DOC-PPL1",
    "DOC-PPL2",
    "pH-PPL1",
    "pH-PPL2"
  ],
  "split_boundaries": {
    "train_end": 7796,
    "val_end": 9466,
    "test_end": 11138
  },
  "dataset_sizes": {
    "train": 7796,
    "val": 1670,
    "test": 1672
  },
  "input_dim": 10,
  "sequence_length": null,
  "training_history": {
    "epochs": [
      1,
      2,
      3,
      4,
      5,
      6,
      7,
      8,
      9,
      10,
      11,
      12,
      13,
      14,
      15,
      16,
      17,
      18,
      19,
      20,
      21,
      22,
      23,
      24,
      25,
      26,
      27,
      28,
      29,
      30,
      31,
      32,
      33,
      34,
      35,
      36,
      37,
      38,
      39,
      40,
      41,
      42,
      43,
      44,
      45,
      46,
      47,
      48,
      49,
      50,
      51,
      52,
      53,
      54,
      55,
      56,
      57,
      58,
      59,
      60,
      61,
      62,
      63,
      64,
      65,
      66,
      67,
      68,
      69,
      70,
      71,
      72,
      73,
      74,
      75,
      76,
      77,
      78,
      79,
      80
    ],
    "train_loss": [
      0.5635251860402375,
      0.2986590202884407,
      0.2539244517435503,
      0.2327333620403931,
      0.21685925487901017,
      0.20572128904368892,
      0.19814394667301194,
      0.19097375713781922,
      0.18479887554742178,
      0.17878179302417113,
      0.17560750144935683,
      0.17179502918742875,
      0.16648406532902238,
      0.16258361024075804,
      0.16107257857551754,
      0.15761561193271684,
      0.15439792236971697,
      0.1530354940100717,
      0.14918642177635,
      0.14762418778119116,
      0.14730660589827582,
      0.14463551629577434,
      0.14185049273589748,
      0.14093422612940856,
      0.13759620365361303,
      0.1386525306856406,
      0.1360330133196664,
      0.13614752179364353,
      0.135203285741043,
      0.13253785237161517,
      0.13214311580732274,
      0.13153288026114285,
      0.13078069989175262,
      0.1290173905754912,
      0.12917633916802318,
      0.12719398300871138,
      0.1283475297759777,
      0.1255772116418647,
      0.1257624666728825,
      0.12513047345211992,
      0.12446676522757133,
      0.12242598606587955,
      0.12192124301991046,
      0.12195828970542713,
      0.1209845095872879,
      0.12102466143319826,
      0.11960143926699171,
      0.11918661361316524,
      0.11915607559563962,
      0.11884760860833465,
      0.1183577088353388,
      0.11673930449733341,
      0.11658476522453264,
      0.11630962047918966,
      0.11610702601949058,
      0.11594050486365179,
      0.11539824908860162,
      0.11336641222632286,
      0.11453791200663567,
      0.11382644003751248,
      0.11284751247991165,
      0.11224537004089281,
      0.11254330752479565,
      0.11261249752786907,
      0.11097720897483666,
      0.11049244011546355,
      0.10982359372549573,
      0.11004952598590616,
      0.11046242753398333,
      0.10978781999117017,
      0.10728473702551708,
      0.10880122031766125,
      0.10825701530214271,
      0.1079597356158183,
      0.10820780947456579,
      0.10737375068689016,
      0.10668353080986523,
      0.10837134193741799,
      0.10753828181998433,
      0.10762993007776002
    ],
    "val_loss": [
      0.4493679723875251,
      0.3523550065334686,
      0.3736015322501074,
      0.39413399606229305,
      0.4110809479555684,
      0.45516460223826105,
      0.5607034352591295,
      0.536623483775797,
      0.5372999567293122,
      0.5714257327516279,
      0.49098653184350377,
      0.5676793534777121,
      0.5757757715256271,
      0.568664035089537,
      0.5439507593071746,
      0.5941238368788879,
      0.5672772255263285,
      0.5895268100865944,
      0.6248483595466185,
      0.6401953834705724,
      0.692816991479454,
      0.5898697487965315,
      0.6199277088402988,
      0.629408318647546,
      0.5424097625527553,
      0.5534490008018688,
      0.5470443561762393,
      0.5836099103762361,
      0.6502695233522061,
      0.5807954065680146,
      0.6061853248023701,
      0.654545553537186,
      0.6363283483969594,
      0.5567058379421691,
      0.5724162470080896,
      0.5894843886801583,
      0.5627014383495211,
      0.5908029108659593,
      0.6285874181744938,
      0.6505514534156837,
      0.6028574282269992,
      0.5435644386235825,
      0.5868900029780622,
      0.6093860503219202,
      0.6204156555101543,
      0.5667773764067424,
      0.5972672876751352,
      0.6411165965888315,
      0.5429432274606414,
      0.6331477110435862,
      0.5966737637619772,
      0.5485082858336899,
      0.5314003428120813,
      0.6072295175251846,
      0.5791154857033384,
      0.6064883478967372,
      0.5663633441764437,
      0.5986945780942183,
      0.6155524247688448,
      0.5928014499698571,
      0.5677531858939611,
      0.556928748115451,
      0.5869500577003656,
      0.5554385189480053,
      0.5780195245842734,
      0.5789696307908632,
      0.6096834503649594,
      0.5905876223287897,
      0.5618603551994541,
      0.5723916850136426,
      0.575558921846444,
      0.600616284361678,
      0.568557503560703,
      0.570612268948448,
      0.5874097923140326,
      0.5596491878350338,
      0.6315307711145122,
      0.5737893806781598,
      0.5920912270595927,
      0.6674081884190708
    ],
    "best_epoch": 11,
    "best_val_loss": 0.49098653184350377,
    "test_loss": 0.5050117114389484,
    "tracker": {
      "initial_train_loss": 0.5635251860402375,
      "train_threshold": 0.18784172868007917,
      "best_tracking": true,
      "patience_active": true,
      "patience_best_train": null,
      "patience_best_val": 0.49098653184350377,
      "patience_no_improve_epochs": 69,
      "best_train_loss": Infinity,
      "forced_stop_due_to_threshold": false
    }
  },
  "model_files": {
    "best": "scripts/outputs/mlp-other-value/trial_9_a8988a/best_model.pt",
    "last": "scripts/outputs/mlp-other-value/trial_9_a8988a/last_model.pt"
  },
  "config_path": "/home/amoris/data-analysis-on-dbps/scripts/outputs/mlp-other-value/trial_9_a8988a/config.yaml"
}