{
  "model_name": "lstm-trc-rate/trial_29_ffbea1",
  "model_type": "LSTM",
  "model_format": "torch",
  "model_params": {
    "history_length": 210,
    "units": 310,
    "num_layers": 3,
    "dropout": 0.4253858537240655
  },
  "training_params": {
    "max_epochs": 500,
    "batch_size": 206,
    "learning_rate": 0.0009235247758698109,
    "weight_decay": 0.0006278398393733052,
    "checkpoint_interval": 10,
    "seed": 947
  },
  "data_csv": "data/time_aligned_data.csv",
  "timestamp_column": "Date, Time",
  "columns": [
    "TRC-DT",
    "TRC-RT",
    "TRC-PPL1",
    "TRC-PPL2",
    "pH-DT",
    "pH-RT",
    "pH-PPL1",
    "pH-PPL2",
    "cond-DT",
    "cond-PPL1",
    "cond-PPL2",
    "fDOM-RT",
    "fDOM-PPL1",
    "fDOM-PPL2",
    "DO-RT",
    "DO-PPL1",
    "DO-PPL2",
    "TOC-RT",
    "TOC-PPL1",
    "TOC-PPL2",
    "DOC-RT",
    "DOC-PPL1",
    "DOC-PPL2",
    "minutes_since_start"
  ],
  "feature_columns": [
    "TRC-DT",
    "TRC-RT",
    "pH-DT",
    "pH-RT",
    "cond-DT",
    "fDOM-RT",
    "DO-RT",
    "TOC-RT",
    "DOC-RT",
    "minutes_since_start"
  ],
  "target_columns": [
    "TRC-PPL1",
    "TRC-PPL2"
  ],
  "target_mode": "rate",
  "target_base_columns": [
    "TRC-RT",
    "TRC-RT"
  ],
  "split_boundaries": {
    "train_end": 7796,
    "val_end": 9466,
    "test_end": 11138
  },
  "dataset_sizes": {
    "train": 7587,
    "val": 1670,
    "test": 1672
  },
  "input_dim": 10,
  "sequence_length": 210,
  "training_history": {
    "epochs": [
      1,
      2,
      3,
      4,
      5,
      6,
      7,
      8,
      9,
      10,
      11,
      12,
      13,
      14,
      15,
      16,
      17,
      18,
      19,
      20,
      21,
      22,
      23,
      24,
      25,
      26,
      27,
      28,
      29,
      30,
      31,
      32,
      33,
      34,
      35,
      36,
      37,
      38,
      39,
      40,
      41,
      42,
      43,
      44,
      45,
      46,
      47,
      48,
      49,
      50,
      51,
      52,
      53,
      54,
      55,
      56,
      57,
      58,
      59,
      60,
      61,
      62,
      63,
      64,
      65,
      66,
      67,
      68,
      69,
      70,
      71,
      72,
      73,
      74,
      75,
      76,
      77,
      78,
      79,
      80
    ],
    "train_loss": [
      0.30506947855496414,
      0.08149716449248173,
      0.0503478003748049,
      0.03950484330086223,
      0.035784497541374596,
      0.03236174224065088,
      0.040522293001707954,
      0.030563944101007587,
      0.028491731208439904,
      0.0301059926721938,
      0.028626697299739535,
      0.028305055978420115,
      0.030206880540429516,
      0.02644719240623052,
      0.02444333398619651,
      0.02524939358049786,
      0.026184616994377383,
      0.027329239313993607,
      0.025362993990583855,
      0.02780108737237717,
      0.026529943867064486,
      0.024592486275103437,
      0.022845290495195424,
      0.02329002949455219,
      0.022759504030731507,
      0.022224923522625655,
      0.0222063210726676,
      0.021443946861026235,
      0.022538020326720958,
      0.021547318375688445,
      0.023251318283054028,
      0.023070201467508083,
      0.02109092554214743,
      0.020108013384017655,
      0.020817836288952445,
      0.02102525292411967,
      0.022174360033670196,
      0.020554802745445154,
      0.022598536998373303,
      0.02576630296637587,
      0.02229740845312734,
      0.020631032752216106,
      0.023071840882971067,
      0.020683980032190814,
      0.020307314595794573,
      0.022811236227756358,
      0.02118880972212186,
      0.020027929915504852,
      0.020760505390111064,
      0.019237058473370663,
      0.021179672834639323,
      0.020096733350332772,
      0.02237870482180655,
      0.02026283044328257,
      0.019165309610296274,
      0.020651405131933136,
      0.020349501042819643,
      0.019479740013570848,
      0.019164452835754457,
      0.019824495568529756,
      0.020418930449415625,
      0.024668935173735782,
      0.020579200623677515,
      0.019851437366588544,
      0.02061336876435864,
      0.019605817787837286,
      0.02591583907434328,
      0.019915046491474207,
      0.019977720738138798,
      0.01914820289802721,
      0.018939576754342807,
      0.018455058735203284,
      0.01920760818625158,
      0.055772820883617735,
      0.03060852069885454,
      0.026704072417315483,
      0.026331113792314616,
      0.02253962269624153,
      0.023720823319932523,
      0.02317109232378309
    ],
    "val_loss": [
      0.39789285702619726,
      0.2361086992981905,
      0.1860951376175452,
      0.2206479265148233,
      0.30336358192750434,
      0.3166162958602884,
      0.36995467519510294,
      0.293494431056573,
      0.8095721773178635,
      0.3474211363556856,
      0.4396435309714543,
      0.3667511787198618,
      0.3672476272940814,
      0.3961577120633004,
      0.4140850542704324,
      0.4112975749783887,
      0.4084385637327761,
      0.4263965183768622,
      0.4532008219443395,
      0.3974029644163783,
      0.42419499117144926,
      0.41281090313178337,
      0.4473925960545768,
      0.45738261163591626,
      0.400237556426468,
      0.4152299273892969,
      0.4315679827493108,
      0.44181246475768304,
      0.4064303789711641,
      0.4158817878004141,
      0.418943000272541,
      0.4641477983734922,
      0.4234115165306958,
      0.4117992181665526,
      0.40963846859103903,
      0.37818346341213066,
      0.43874528567992643,
      0.4240247686466057,
      0.47664181241196785,
      0.4758206328566738,
      0.4162964504903662,
      0.4091504693678218,
      0.39776253241621806,
      0.40458324728477857,
      0.4035551247660985,
      0.39272124070651876,
      0.3783999560679683,
      0.370645117732936,
      0.3823612668735538,
      0.3986973616824357,
      0.3886620554760723,
      0.3827777043587255,
      0.39621373984717323,
      0.40468596107588556,
      0.40027779853807954,
      0.40731177357454856,
      0.388874270824972,
      0.3907540740188724,
      0.3854531871143751,
      0.39881157579491594,
      0.37991448458574134,
      0.39724488791502166,
      0.4058686771971023,
      0.41889066254262797,
      0.40334039933221066,
      0.44358948286243544,
      0.41500699399429525,
      0.41815177514301444,
      0.4105200719579073,
      0.4131097283035874,
      0.4229972239851416,
      0.4299363070485478,
      0.39722921109485054,
      0.3397176901826602,
      0.3874954061236924,
      0.38184027095174716,
      0.375681328537043,
      0.38535030208037285,
      0.41273119752769344,
      0.37323628524374103
    ],
    "best_epoch": 3,
    "best_val_loss": 0.1860951376175452,
    "best_val_abs_mse": 0.16765595972537994,
    "test_loss": 5.023158987458243,
    "test_abs_mse": 47.96981430053711,
    "tracker": {
      "initial_train_loss": 0.30506947855496414,
      "train_threshold": 0.10168982618498805,
      "best_tracking": true,
      "patience_active": true,
      "patience_best_train": null,
      "patience_best_val": 0.1860951376175452,
      "patience_no_improve_epochs": 77,
      "best_train_loss": Infinity,
      "forced_stop_due_to_threshold": false
    }
  },
  "model_files": {
    "best": "scripts/outputs/lstm-trc-rate/trial_29_ffbea1/best_model.pt",
    "last": "scripts/outputs/lstm-trc-rate/trial_29_ffbea1/last_model.pt"
  },
  "config_path": "/home/amoris/data-analysis-on-dbps/scripts/outputs/lstm-trc-rate/trial_29_ffbea1/config.yaml"
}