{
  "model_name": "rnn-trc-rate/trial_41_dca351",
  "model_type": "RNN",
  "model_format": "torch",
  "model_params": {
    "history_length": 57,
    "units": 181,
    "num_layers": 8,
    "dropout": 0.49870740697928057
  },
  "training_params": {
    "max_epochs": 500,
    "batch_size": 107,
    "learning_rate": 0.0012885032318857082,
    "weight_decay": 0.008901331270131613,
    "checkpoint_interval": 10,
    "seed": 947
  },
  "data_csv": "data/time_aligned_data.csv",
  "timestamp_column": "Date, Time",
  "columns": [
    "TRC-DT",
    "TRC-RT",
    "TRC-PPL1",
    "TRC-PPL2",
    "pH-DT",
    "pH-RT",
    "pH-PPL1",
    "pH-PPL2",
    "cond-DT",
    "cond-PPL1",
    "cond-PPL2",
    "fDOM-RT",
    "fDOM-PPL1",
    "fDOM-PPL2",
    "DO-RT",
    "DO-PPL1",
    "DO-PPL2",
    "TOC-RT",
    "TOC-PPL1",
    "TOC-PPL2",
    "DOC-RT",
    "DOC-PPL1",
    "DOC-PPL2",
    "minutes_since_start"
  ],
  "feature_columns": [
    "TRC-DT",
    "TRC-RT",
    "pH-DT",
    "pH-RT",
    "cond-DT",
    "fDOM-RT",
    "DO-RT",
    "TOC-RT",
    "DOC-RT",
    "minutes_since_start"
  ],
  "target_columns": [
    "TRC-PPL1",
    "TRC-PPL2"
  ],
  "target_mode": "rate",
  "target_base_columns": [
    "TRC-RT",
    "TRC-RT"
  ],
  "split_boundaries": {
    "train_end": 7796,
    "val_end": 9466,
    "test_end": 11138
  },
  "dataset_sizes": {
    "train": 7740,
    "val": 1670,
    "test": 1672
  },
  "input_dim": 10,
  "sequence_length": 57,
  "training_history": {
    "epochs": [
      1,
      2,
      3,
      4,
      5,
      6,
      7,
      8,
      9,
      10,
      11,
      12,
      13,
      14,
      15,
      16,
      17,
      18,
      19,
      20,
      21,
      22,
      23,
      24,
      25,
      26,
      27,
      28,
      29,
      30,
      31,
      32,
      33,
      34,
      35,
      36,
      37,
      38,
      39,
      40,
      41,
      42,
      43,
      44,
      45,
      46,
      47,
      48,
      49,
      50,
      51,
      52,
      53,
      54,
      55,
      56,
      57,
      58,
      59,
      60,
      61,
      62,
      63,
      64,
      65,
      66,
      67,
      68,
      69,
      70,
      71,
      72,
      73,
      74,
      75,
      76,
      77,
      78,
      79,
      80
    ],
    "train_loss": [
      0.37452326324366475,
      0.2141460182804624,
      0.17758190998908624,
      0.1681523569082259,
      0.11702277612239508,
      0.14606390927054316,
      0.10739052835226214,
      0.0966224168554834,
      0.10024548046464143,
      0.11209205350518535,
      0.09579740370111178,
      0.11332520643870035,
      0.0787244996893429,
      0.0838431122787393,
      0.0903869356916741,
      0.07691958922247862,
      0.08565573196867794,
      0.08200224059217583,
      0.07556116859589822,
      0.08457364675562434,
      0.07774665335756402,
      0.07193421715827182,
      0.08176662853897311,
      0.07366995222491118,
      0.0771635310382652,
      0.07264168444799514,
      0.09474432763357186,
      0.06571809777686763,
      0.07525878371117344,
      0.09115138074830752,
      0.07733516727191533,
      0.07028947234182625,
      0.1583523758915698,
      0.0689351704063072,
      0.06382448041922285,
      0.06660488960970896,
      0.07410821262073224,
      0.07720606481988532,
      0.0796950632768854,
      0.0705532332603129,
      0.07052511192222899,
      0.08047928926017549,
      0.06639632102997266,
      0.09311674344148824,
      0.0631203599081637,
      0.07832334972292339,
      0.065515259121008,
      0.11584061899773526,
      0.06712585736778433,
      0.07738189951634607,
      0.06933784454781802,
      0.07830046821982438,
      0.06797369066625833,
      0.06672409551954547,
      0.07211930324691673,
      0.06233151148119099,
      0.0701176193010938,
      0.0792840308305213,
      0.059124961122389144,
      0.06549817312470317,
      0.0664263730964958,
      0.06952910569450729,
      0.06666969378943283,
      0.13175031552741,
      0.09031035605028695,
      0.07107513213833404,
      0.06342543345329758,
      0.05988045675001403,
      0.06313378830279105,
      0.06511973278399663,
      0.059705784805215295,
      0.07003259119657121,
      0.06660120185580133,
      0.07107638920770443,
      0.06440079069482187,
      0.06323693902003133,
      0.06103982558372871,
      0.062333912461591784,
      0.06109492029388284,
      0.09202633828733318
    ],
    "val_loss": [
      0.367974322782216,
      0.4486836278331494,
      0.6035589665799084,
      0.2920667355422845,
      0.2862816474729491,
      0.28231162886375083,
      0.28239538075324305,
      0.44491799189123565,
      0.319738648492776,
      0.38142316519857167,
      0.2933020100131363,
      0.28070033045184467,
      0.3150397496643716,
      0.26940678770871396,
      0.2949313996772388,
      0.32006752979300335,
      0.31143140880736764,
      0.28345799597571353,
      0.2804914998280966,
      0.2918516743348209,
      0.29289482030682934,
      0.30451246674680066,
      0.3115257430509357,
      0.3719325176122303,
      0.29620901146111733,
      0.33266444457862193,
      0.28549224469520734,
      0.3065726282086201,
      0.2857192006341355,
      0.30910362319095047,
      0.32047849052145094,
      0.2922510132305101,
      0.27865924472937326,
      0.2971846192584423,
      0.31177697301267865,
      0.3585958388394224,
      0.29456777761573205,
      0.3743519566150126,
      0.2978892049434299,
      0.3184564680485668,
      0.39092746029446224,
      0.30710718033021084,
      0.34844851974107904,
      0.28940452911227404,
      0.3003975172331947,
      0.28785137714829273,
      0.5074906228589797,
      0.3143493059063386,
      0.39111451184945906,
      0.40490961317084506,
      0.3362285457997622,
      0.27434731173345783,
      0.3016939393127571,
      0.3047442885048821,
      0.39783045698604186,
      0.2872798791099451,
      0.293477944987352,
      0.2987361772777791,
      0.3119831019019831,
      0.3042985845290258,
      0.33380876953105726,
      0.2944506931782304,
      0.3310035618880909,
      0.8582159397889397,
      0.35733106629755684,
      0.28190250624038143,
      0.30348025588932154,
      0.31038054724162567,
      0.3063248980544998,
      0.3406680777088968,
      0.3617146277320599,
      0.303940310351506,
      0.31124762372967013,
      0.28585451716211385,
      0.3040276583752589,
      0.3116791850011684,
      0.2871904372722803,
      0.3105105073665252,
      0.35801775816404174,
      0.2753101662269788
    ],
    "best_epoch": 14,
    "best_val_loss": 0.26940678770871396,
    "best_val_abs_mse": 0.4022693634033203,
    "test_loss": 4.037136402711914,
    "test_abs_mse": 38.952030181884766,
    "tracker": {
      "initial_train_loss": 0.37452326324366475,
      "train_threshold": 0.12484108774788825,
      "best_tracking": true,
      "patience_active": true,
      "patience_best_train": null,
      "patience_best_val": 0.26940678770871396,
      "patience_no_improve_epochs": 66,
      "best_train_loss": Infinity,
      "forced_stop_due_to_threshold": false
    }
  },
  "model_files": {
    "best": "scripts/outputs/rnn-trc-rate/trial_41_dca351/best_model.pt",
    "last": "scripts/outputs/rnn-trc-rate/trial_41_dca351/last_model.pt"
  },
  "config_path": "/home/amoris/data-analysis-on-dbps/scripts/outputs/rnn-trc-rate/trial_41_dca351/config.yaml"
}