{
  "model_name": "gru-trc-rate/trial_5_a4912a",
  "model_type": "GRU",
  "model_format": "torch",
  "model_params": {
    "history_length": 101,
    "units": 246,
    "num_layers": 2,
    "dropout": 0.3759202597320579
  },
  "training_params": {
    "max_epochs": 500,
    "batch_size": 295,
    "learning_rate": 0.00021310704350428324,
    "weight_decay": 0.0031191823671789234,
    "checkpoint_interval": 10,
    "seed": 947
  },
  "data_csv": "data/time_aligned_data.csv",
  "timestamp_column": "Date, Time",
  "columns": [
    "TRC-DT",
    "TRC-RT",
    "TRC-PPL1",
    "TRC-PPL2",
    "pH-DT",
    "pH-RT",
    "pH-PPL1",
    "pH-PPL2",
    "cond-DT",
    "cond-PPL1",
    "cond-PPL2",
    "fDOM-RT",
    "fDOM-PPL1",
    "fDOM-PPL2",
    "DO-RT",
    "DO-PPL1",
    "DO-PPL2",
    "TOC-RT",
    "TOC-PPL1",
    "TOC-PPL2",
    "DOC-RT",
    "DOC-PPL1",
    "DOC-PPL2",
    "minutes_since_start"
  ],
  "feature_columns": [
    "TRC-DT",
    "TRC-RT",
    "pH-DT",
    "pH-RT",
    "cond-DT",
    "fDOM-RT",
    "DO-RT",
    "TOC-RT",
    "DOC-RT",
    "minutes_since_start"
  ],
  "target_columns": [
    "TRC-PPL1",
    "TRC-PPL2"
  ],
  "target_mode": "rate",
  "target_base_columns": [
    "TRC-RT",
    "TRC-RT"
  ],
  "split_boundaries": {
    "train_end": 7796,
    "val_end": 9466,
    "test_end": 11138
  },
  "dataset_sizes": {
    "train": 7696,
    "val": 1670,
    "test": 1672
  },
  "input_dim": 10,
  "sequence_length": 101,
  "training_history": {
    "epochs": [
      1,
      2,
      3,
      4,
      5,
      6,
      7,
      8,
      9,
      10,
      11,
      12,
      13,
      14,
      15,
      16,
      17,
      18,
      19,
      20,
      21,
      22,
      23,
      24,
      25,
      26,
      27,
      28,
      29,
      30,
      31,
      32,
      33,
      34,
      35,
      36,
      37,
      38,
      39,
      40,
      41,
      42,
      43,
      44,
      45,
      46,
      47,
      48,
      49,
      50,
      51,
      52,
      53,
      54,
      55,
      56,
      57,
      58,
      59,
      60,
      61,
      62,
      63,
      64,
      65,
      66,
      67,
      68,
      69,
      70,
      71,
      72,
      73,
      74,
      75,
      76,
      77,
      78,
      79,
      80
    ],
    "train_loss": [
      0.6413044988326806,
      0.23635433240563236,
      0.19370035038536837,
      0.1756115612804332,
      0.15748982352597674,
      0.13435124257471018,
      0.10989207825226527,
      0.09638420147569599,
      0.07928918920488343,
      0.0696579513107107,
      0.06248359419279606,
      0.055836032156826705,
      0.05811736791872898,
      0.05030313321716479,
      0.05168540933239128,
      0.05821004445110825,
      0.04796564417529131,
      0.0451890515287459,
      0.04288141497337258,
      0.04386281085262567,
      0.044710906873517156,
      0.04279034086232018,
      0.04431306848761368,
      0.04240286813055605,
      0.03985114190378952,
      0.03961092464552259,
      0.04026417387165362,
      0.044722694419556744,
      0.03930293480921808,
      0.040007418513359996,
      0.039922022831426804,
      0.03916254020276675,
      0.037784238513404206,
      0.0388256937561638,
      0.03773912132558899,
      0.04042100711491369,
      0.03659228077632706,
      0.03726313848642868,
      0.03725557312032444,
      0.036703113446654966,
      0.03664705384955422,
      0.035519939498770636,
      0.03743144495363334,
      0.033728499769033735,
      0.03381126714248806,
      0.03538463905472076,
      0.03413731026803986,
      0.03564365713696408,
      0.03588205793114445,
      0.03603787387996184,
      0.03265608579966892,
      0.03283281072832861,
      0.03312586190003762,
      0.032453492403382786,
      0.03206226450614747,
      0.0311163390179217,
      0.0313766292200023,
      0.033431823996114475,
      0.03176153613532276,
      0.0315727640106488,
      0.030802696316673376,
      0.03079187359976468,
      0.030976494219494895,
      0.031760333279939656,
      0.032180243812156784,
      0.031203234235450177,
      0.03163177070349238,
      0.03347242232813866,
      0.03327449738399441,
      0.029818863347521256,
      0.030499723152762857,
      0.03082911627901536,
      0.0312914590224461,
      0.029759054016292853,
      0.032852718767539646,
      0.03237465313871017,
      0.029171859561136524,
      0.031119306686502764,
      0.03252616845697683,
      0.02846925993030794
    ],
    "val_loss": [
      0.5572528421968043,
      0.3061282718609907,
      0.39177573313880826,
      0.34585382097852446,
      0.3079693807947065,
      0.28474760731447957,
      0.2538765124798178,
      0.24690425757341042,
      0.2395927862314407,
      0.25374061297513767,
      0.2440611326364343,
      0.22980899303526936,
      0.21845999589847948,
      0.21863762774465684,
      0.23143167028616288,
      0.2152191413800695,
      0.21239046058701183,
      0.2120291557954903,
      0.21657351523771615,
      0.21376069137146195,
      0.21457464207231464,
      0.22979615790446004,
      0.21889433983021866,
      0.22678616810255423,
      0.22492564385924155,
      0.23590363904521494,
      0.24053399749434815,
      0.22696934193149657,
      0.22547104727186842,
      0.22986964801114476,
      0.24313692919196125,
      0.23127999464551846,
      0.2454301324745495,
      0.24246241727252743,
      0.29003948055787715,
      0.2540622510930557,
      0.24068179848174492,
      0.2731229038741774,
      0.26232801851242066,
      0.26355078398712917,
      0.28934480641371835,
      0.27593302962085803,
      0.2915130576152288,
      0.2821051121694956,
      0.2678418359412494,
      0.2901246334554371,
      0.2955806102425217,
      0.27209538199609806,
      0.277883192624696,
      0.2931114731880719,
      0.28903786103034806,
      0.29047145639284105,
      0.2894463580335953,
      0.2895187196673123,
      0.3023052113576831,
      0.31341849230675994,
      0.2942283575082878,
      0.3220696681496983,
      0.3051479565994647,
      0.32176407609514135,
      0.31659779711598585,
      0.3049495824819018,
      0.28982319743065776,
      0.34100766279204875,
      0.29231948708323485,
      0.33500942242092,
      0.36279783656675657,
      0.31832437585860845,
      0.3328685430575631,
      0.3040539925851062,
      0.3160065422949944,
      0.35922509629257066,
      0.317576030681947,
      0.3088047849850919,
      0.3480182644872073,
      0.3306360003945535,
      0.3034040046476586,
      0.3246534069007385,
      0.3364487133117136,
      0.325677599010621
    ],
    "best_epoch": 18,
    "best_val_loss": 0.2120291557954903,
    "best_val_abs_mse": 0.21790815889835358,
    "test_loss": 5.10058536419743,
    "test_abs_mse": 49.56816482543945,
    "tracker": {
      "initial_train_loss": 0.6413044988326806,
      "train_threshold": 0.2137681662775602,
      "best_tracking": true,
      "patience_active": true,
      "patience_best_train": null,
      "patience_best_val": 0.2120291557954903,
      "patience_no_improve_epochs": 62,
      "best_train_loss": Infinity,
      "forced_stop_due_to_threshold": false
    }
  },
  "model_files": {
    "best": "scripts/outputs/gru-trc-rate/trial_5_a4912a/best_model.pt",
    "last": "scripts/outputs/gru-trc-rate/trial_5_a4912a/last_model.pt"
  },
  "config_path": "/home/amoris/data-analysis-on-dbps/scripts/outputs/gru-trc-rate/trial_5_a4912a/config.yaml"
}