{
  "model_name": "gru-other-value/trial_4_d1c765",
  "model_type": "GRU",
  "model_format": "torch",
  "model_params": {
    "history_length": 60,
    "units": 261,
    "num_layers": 5,
    "dropout": 0.3569491154599645
  },
  "training_params": {
    "max_epochs": 500,
    "batch_size": 167,
    "learning_rate": 0.0006187812605863049,
    "weight_decay": 0.00011198789458754878,
    "checkpoint_interval": 10,
    "seed": 947
  },
  "data_csv": "data/time_aligned_data.csv",
  "timestamp_column": "Date, Time",
  "columns": [
    "TRC-DT",
    "TRC-RT",
    "TRC-PPL1",
    "TRC-PPL2",
    "pH-DT",
    "pH-RT",
    "pH-PPL1",
    "pH-PPL2",
    "cond-DT",
    "cond-PPL1",
    "cond-PPL2",
    "fDOM-RT",
    "fDOM-PPL1",
    "fDOM-PPL2",
    "DO-RT",
    "DO-PPL1",
    "DO-PPL2",
    "TOC-RT",
    "TOC-PPL1",
    "TOC-PPL2",
    "DOC-RT",
    "DOC-PPL1",
    "DOC-PPL2",
    "minutes_since_start"
  ],
  "feature_columns": [
    "TRC-DT",
    "TRC-RT",
    "pH-DT",
    "pH-RT",
    "cond-DT",
    "fDOM-RT",
    "DO-RT",
    "TOC-RT",
    "DOC-RT",
    "minutes_since_start"
  ],
  "target_columns": [
    "TOC-PPL1",
    "TOC-PPL2",
    "DOC-PPL1",
    "DOC-PPL2",
    "pH-PPL1",
    "pH-PPL2"
  ],
  "split_boundaries": {
    "train_end": 7796,
    "val_end": 9466,
    "test_end": 11138
  },
  "dataset_sizes": {
    "train": 7737,
    "val": 1670,
    "test": 1672
  },
  "input_dim": 10,
  "sequence_length": 60,
  "training_history": {
    "epochs": [
      1,
      2,
      3,
      4,
      5,
      6,
      7,
      8,
      9,
      10,
      11,
      12,
      13,
      14,
      15,
      16,
      17,
      18,
      19,
      20,
      21,
      22,
      23,
      24,
      25,
      26,
      27,
      28,
      29,
      30,
      31,
      32,
      33,
      34,
      35,
      36,
      37,
      38,
      39,
      40,
      41,
      42,
      43,
      44,
      45,
      46,
      47,
      48,
      49,
      50,
      51,
      52,
      53,
      54,
      55,
      56,
      57,
      58,
      59,
      60,
      61,
      62,
      63,
      64,
      65,
      66,
      67,
      68,
      69,
      70,
      71,
      72,
      73,
      74,
      75,
      76,
      77,
      78,
      79,
      80
    ],
    "train_loss": [
      0.35924794590872233,
      0.23008635780932107,
      0.2014402832300977,
      0.17297473595488114,
      0.1469166372691197,
      0.13401511392517731,
      0.11995094873495492,
      0.11795891668655713,
      0.10536353114818563,
      0.08750637688096125,
      0.08067392116525429,
      0.07563131522347302,
      0.06488727828223174,
      0.06013169475414963,
      0.05854218662568992,
      0.05241440743192524,
      0.04771813040165163,
      0.04470356056943133,
      0.03895710841065863,
      0.03584926126601122,
      0.03576184699620728,
      0.03481646631545216,
      0.038662808444228175,
      0.039144704037480646,
      0.03300928326748062,
      0.030526723456529896,
      0.0306669713745607,
      0.02937806620437946,
      0.030188479828514053,
      0.029834084571731003,
      0.028142687480974232,
      0.027774655581901543,
      0.027493772672673937,
      0.029772630942167123,
      0.03104942850816715,
      0.027770344194911225,
      0.029807291879211884,
      0.02655746600414541,
      0.02676936024861333,
      0.02694875520592753,
      0.026568338798817176,
      0.025478589601397775,
      0.028571606971563274,
      0.04915163744829862,
      0.027878685667677507,
      0.023877147814824442,
      0.024720230338767822,
      0.02422383158827985,
      0.024270340056623603,
      0.025966825024838117,
      0.02535628840323411,
      0.02436662668306166,
      0.0253133573496532,
      0.02502942087505043,
      0.023964313836665953,
      0.0238197338116736,
      0.04958472592512759,
      0.07782927404377016,
      0.036878979107764887,
      0.024636472578135067,
      0.023282266548270553,
      0.023214766902795392,
      0.02272859471648473,
      0.022248158039985214,
      0.02326776625012433,
      0.02352931253738192,
      0.024430913100021746,
      0.025199476873611192,
      0.024382785829818107,
      0.022810890623996067,
      0.022274346315588802,
      0.023030918907902338,
      0.024458754037085455,
      0.04213542029761376,
      0.02708441663412595,
      0.022788755485663524,
      0.02192145961215095,
      0.021777684220010664,
      0.02177948819773595,
      0.02185507699812554
    ],
    "val_loss": [
      0.45131650269031526,
      0.6332280829548835,
      0.7586167320609093,
      0.7604782357811928,
      0.7282871916890145,
      0.6163961812853813,
      0.7611021488904953,
      0.6336083427071572,
      0.5790350273251533,
      0.665884168446064,
      0.5398902401328087,
      0.5902808517217636,
      0.4964564546942711,
      0.5387625142931938,
      0.5926071658730507,
      0.5015462756156921,
      0.6242373809218407,
      0.5632992148399353,
      0.4759409844875336,
      0.5256954707205296,
      0.46030327677726746,
      0.5076963871717453,
      0.446957752853632,
      0.5330189414322376,
      0.4841437265276909,
      0.48057585060596464,
      0.4841009184718132,
      0.513838230073452,
      0.4682799570262432,
      0.558863603323698,
      0.5229703098535537,
      0.5387515418231488,
      0.5342395819723607,
      0.5250638410449028,
      0.5433617249131203,
      0.5350499525666237,
      0.5348643273115158,
      0.5285055473446846,
      0.5115563221275806,
      0.5413124457001686,
      0.5198856525123119,
      0.5571441009640694,
      0.5646577253937721,
      0.5544042363762856,
      0.5368012472987175,
      0.5176555328071117,
      0.5198207184672355,
      0.5062446624040604,
      0.5281543359160423,
      0.49932593330740926,
      0.5614599414169789,
      0.5386347606778145,
      0.5519821505993605,
      0.5631793722510338,
      0.5494310736656189,
      0.5396011553704738,
      0.5845981225371361,
      0.5759341940283775,
      0.5557521790266037,
      0.5908896043896675,
      0.5741154946386814,
      0.554107093065977,
      0.5503847800195217,
      0.5694290310144424,
      0.5725229293107986,
      0.5514887556433677,
      0.5915593519806862,
      0.5816824175417423,
      0.5527648881077767,
      0.5904585391283035,
      0.580171537399292,
      0.5501322329044342,
      0.5525185659527778,
      0.6166248127818108,
      0.5423080265522003,
      0.580502799898386,
      0.5753982327878475,
      0.5655259765684605,
      0.5615185610949993,
      0.5604304015636444
    ],
    "best_epoch": 23,
    "best_val_loss": 0.446957752853632,
    "test_loss": 0.5832274451976616,
    "tracker": {
      "initial_train_loss": 0.35924794590872233,
      "train_threshold": 0.11974931530290744,
      "best_tracking": true,
      "patience_active": true,
      "patience_best_train": null,
      "patience_best_val": 0.446957752853632,
      "patience_no_improve_epochs": 57,
      "best_train_loss": Infinity,
      "forced_stop_due_to_threshold": false
    }
  },
  "model_files": {
    "best": "scripts/outputs/gru-other-value/trial_4_d1c765/best_model.pt",
    "last": "scripts/outputs/gru-other-value/trial_4_d1c765/last_model.pt"
  },
  "config_path": "/home/amoris/data-analysis-on-dbps/scripts/outputs/gru-other-value/trial_4_d1c765/config.yaml"
}