{
  "model_name": "rnn-trc-value/trial_3_93745e",
  "model_type": "RNN",
  "model_format": "torch",
  "model_params": {
    "history_length": 121,
    "units": 303,
    "num_layers": 7,
    "dropout": 0.3866564378124509
  },
  "training_params": {
    "max_epochs": 500,
    "batch_size": 93,
    "learning_rate": 0.00040779640899546237,
    "weight_decay": 0.004625015050926416,
    "checkpoint_interval": 10,
    "seed": 947
  },
  "data_csv": "data/time_aligned_data.csv",
  "timestamp_column": "Date, Time",
  "columns": [
    "TRC-DT",
    "TRC-RT",
    "TRC-PPL1",
    "TRC-PPL2",
    "pH-DT",
    "pH-RT",
    "pH-PPL1",
    "pH-PPL2",
    "cond-DT",
    "cond-PPL1",
    "cond-PPL2",
    "fDOM-RT",
    "fDOM-PPL1",
    "fDOM-PPL2",
    "DO-RT",
    "DO-PPL1",
    "DO-PPL2",
    "TOC-RT",
    "TOC-PPL1",
    "TOC-PPL2",
    "DOC-RT",
    "DOC-PPL1",
    "DOC-PPL2",
    "minutes_since_start"
  ],
  "feature_columns": [
    "TRC-DT",
    "TRC-RT",
    "pH-DT",
    "pH-RT",
    "cond-DT",
    "fDOM-RT",
    "DO-RT",
    "TOC-RT",
    "DOC-RT",
    "minutes_since_start"
  ],
  "target_columns": [
    "TRC-PPL1",
    "TRC-PPL2"
  ],
  "split_boundaries": {
    "train_end": 7796,
    "val_end": 9466,
    "test_end": 11138
  },
  "dataset_sizes": {
    "train": 7676,
    "val": 1670,
    "test": 1672
  },
  "input_dim": 10,
  "sequence_length": 121,
  "training_history": {
    "epochs": [
      1,
      2,
      3,
      4,
      5,
      6,
      7,
      8,
      9,
      10,
      11,
      12,
      13,
      14,
      15,
      16,
      17,
      18,
      19,
      20,
      21,
      22,
      23,
      24,
      25,
      26,
      27,
      28,
      29,
      30,
      31,
      32,
      33,
      34,
      35,
      36,
      37,
      38,
      39,
      40,
      41,
      42,
      43,
      44,
      45,
      46,
      47,
      48,
      49,
      50,
      51,
      52,
      53,
      54,
      55,
      56,
      57,
      58,
      59,
      60,
      61,
      62,
      63,
      64,
      65,
      66,
      67,
      68,
      69,
      70,
      71,
      72,
      73,
      74,
      75,
      76,
      77,
      78,
      79,
      80,
      81,
      82,
      83,
      84
    ],
    "train_loss": [
      0.2619382262379397,
      0.10998912625414684,
      0.08344060281139215,
      0.07236096555189486,
      0.0656357614780665,
      0.06227124488314127,
      0.05780962182411758,
      0.0602880154031175,
      0.055669050875793,
      0.057330652358473407,
      0.05503908383411051,
      0.06236091663807615,
      0.04864075517892418,
      0.04798790560758645,
      0.053229431874580284,
      0.05242117541954271,
      0.048986242021715004,
      0.050510085194646816,
      0.04845701476511482,
      0.04827456498337078,
      0.05556546453990279,
      0.047921947713401664,
      0.05031594940897518,
      0.05530866485772389,
      0.04526363308708911,
      0.04859307981006424,
      0.046234695639785474,
      0.05428397461263353,
      0.04446756266302091,
      0.04523348384971161,
      0.045084308570812866,
      0.04394490836788049,
      0.04351168869348624,
      0.04604368288300004,
      0.044116813490005166,
      0.047417505906332806,
      0.04393488608971394,
      0.044106528625948285,
      0.05323317109904659,
      0.04547227954384233,
      0.03982372172691274,
      0.041799977758327625,
      0.041544130238703895,
      0.0428529435231478,
      0.05022588757062336,
      0.04526981358271269,
      0.03871328358253568,
      0.04152062991604892,
      0.04518284123058956,
      0.03945633344989952,
      0.05089177463568627,
      0.042728541878504854,
      0.04221962120116083,
      0.042455460296273076,
      0.04232839250999225,
      0.045995340177108913,
      0.04247292240624427,
      0.038962618937767333,
      0.0419136244107723,
      0.04237252026975908,
      0.04252151579393725,
      0.043952766725324666,
      0.044430053265112075,
      0.04512116266924106,
      0.0410239711037918,
      0.05340455273999102,
      0.043927584308645594,
      0.03881006276403875,
      0.040664390151725266,
      0.04228349772625064,
      0.03908120164766116,
      0.04281812852128191,
      0.04074870762835029,
      0.04180718317905508,
      0.03821524056844285,
      0.05184969337246516,
      0.040013540077783696,
      0.04031621524166275,
      0.04085179509467884,
      0.04166643014405779,
      0.037162314336785754,
      0.04458553571285075,
      0.0416343855118809,
      0.03759627649633368
    ],
    "val_loss": [
      0.3359928137661811,
      0.2937108196262382,
      0.2905030636406855,
      0.29573819215582337,
      0.32472087191919724,
      0.28393491786865593,
      0.32616622418745195,
      0.2899144547985878,
      0.28951277065196795,
      0.2940504718772666,
      0.2839279791262157,
      0.27890188721549547,
      0.2882762899856546,
      0.31712163110224606,
      0.28546378926602667,
      0.3037433396601035,
      0.3163853764500536,
      0.2906457579800647,
      0.2838298540194324,
      0.2845968448372926,
      0.28287964749992073,
      0.28721750016787095,
      0.28109992792283345,
      0.2836506350378612,
      0.28610231697804733,
      0.32911384047126163,
      0.2901197719895197,
      0.2836023101181595,
      0.29524143808493447,
      0.2993105584030558,
      0.29013294558525976,
      0.30394831932411936,
      0.29210494286910504,
      0.2784323181042414,
      0.2993432253967234,
      0.28076448498104145,
      0.2825819419797309,
      0.30236698082218805,
      0.2934656484755213,
      0.281533907513374,
      0.28392370704137637,
      0.29856983130117376,
      0.27960240132437497,
      0.2848262483153693,
      0.28408776258235563,
      0.3011949430125024,
      0.29098804111252285,
      0.2827829939129199,
      0.289767016231746,
      0.2858419161579923,
      0.2824203350207584,
      0.28030718471408783,
      0.2797683678121267,
      0.29486669017682354,
      0.28945669035934757,
      0.28499894695033035,
      0.2939671823141461,
      0.2939001241955393,
      0.2957912334079246,
      0.28491843169454684,
      0.28157848747346753,
      0.29549680468542666,
      0.2821129384801952,
      0.28648087192371396,
      0.27931587813634,
      0.29634716143931994,
      0.28559246251393045,
      0.28483170482502906,
      0.28087460555604654,
      0.29897521012602096,
      0.28206270218765483,
      0.28672742315729755,
      0.29205782239933215,
      0.2824037965253263,
      0.28427724683891514,
      0.30105647813238784,
      0.28424787445518074,
      0.295548890250551,
      0.2885589469882275,
      0.2998813786560636,
      0.2875939050008972,
      0.2981951546258555,
      0.2890129781924857,
      0.2912166083845014
    ],
    "best_epoch": 34,
    "best_val_loss": 0.2784323181042414,
    "test_loss": 4.750444888141737,
    "tracker": {
      "initial_train_loss": 0.2619382262379397,
      "train_threshold": 0.08731274207931324,
      "best_tracking": true,
      "patience_active": true,
      "patience_best_train": null,
      "patience_best_val": 0.2784323181042414,
      "patience_no_improve_epochs": 50,
      "best_train_loss": Infinity,
      "forced_stop_due_to_threshold": false
    }
  },
  "model_files": {
    "best": "scripts/outputs/rnn-trc-value/trial_3_93745e/best_model.pt",
    "last": "scripts/outputs/rnn-trc-value/trial_3_93745e/last_model.pt"
  },
  "config_path": "/home/amoris/data-analysis-on-dbps/scripts/outputs/rnn-trc-value/trial_3_93745e/config.yaml"
}