{
  "model_name": "gru-trc-value/trial_63_eb5e91",
  "model_type": "GRU",
  "model_format": "torch",
  "model_params": {
    "history_length": 46,
    "units": 200,
    "num_layers": 5,
    "dropout": 0.32902529202191766
  },
  "training_params": {
    "max_epochs": 500,
    "batch_size": 345,
    "learning_rate": 0.00034855150311323445,
    "weight_decay": 0.00015103307317830086,
    "checkpoint_interval": 10,
    "seed": 947
  },
  "data_csv": "data/time_aligned_data.csv",
  "timestamp_column": "Date, Time",
  "columns": [
    "TRC-DT",
    "TRC-RT",
    "TRC-PPL1",
    "TRC-PPL2",
    "pH-DT",
    "pH-RT",
    "pH-PPL1",
    "pH-PPL2",
    "cond-DT",
    "cond-PPL1",
    "cond-PPL2",
    "fDOM-RT",
    "fDOM-PPL1",
    "fDOM-PPL2",
    "DO-RT",
    "DO-PPL1",
    "DO-PPL2",
    "TOC-RT",
    "TOC-PPL1",
    "TOC-PPL2",
    "DOC-RT",
    "DOC-PPL1",
    "DOC-PPL2",
    "minutes_since_start"
  ],
  "feature_columns": [
    "TRC-DT",
    "TRC-RT",
    "pH-DT",
    "pH-RT",
    "cond-DT",
    "fDOM-RT",
    "DO-RT",
    "TOC-RT",
    "DOC-RT",
    "minutes_since_start"
  ],
  "target_columns": [
    "TRC-PPL1",
    "TRC-PPL2"
  ],
  "split_boundaries": {
    "train_end": 7796,
    "val_end": 9466,
    "test_end": 11138
  },
  "dataset_sizes": {
    "train": 7751,
    "val": 1670,
    "test": 1672
  },
  "input_dim": 10,
  "sequence_length": 46,
  "training_history": {
    "epochs": [
      1,
      2,
      3,
      4,
      5,
      6,
      7,
      8,
      9,
      10,
      11,
      12,
      13,
      14,
      15,
      16,
      17,
      18,
      19,
      20,
      21,
      22,
      23,
      24,
      25,
      26,
      27,
      28,
      29,
      30,
      31,
      32,
      33,
      34,
      35,
      36,
      37,
      38,
      39,
      40,
      41,
      42,
      43,
      44,
      45,
      46,
      47,
      48,
      49,
      50,
      51,
      52,
      53,
      54,
      55,
      56,
      57,
      58,
      59,
      60,
      61,
      62,
      63,
      64,
      65,
      66,
      67,
      68,
      69,
      70,
      71,
      72,
      73,
      74,
      75,
      76,
      77,
      78,
      79,
      80
    ],
    "train_loss": [
      0.4901868643941087,
      0.18841694741999007,
      0.14326481936770305,
      0.11212196271833397,
      0.08211766388985807,
      0.05973257142110819,
      0.05403332988170559,
      0.046023223803375875,
      0.04234446325402939,
      0.03855666720504577,
      0.039311237898530874,
      0.034962638029801034,
      0.033285528664596005,
      0.03215209113914818,
      0.03225167290769097,
      0.030730926241029265,
      0.030734544387778118,
      0.029076492126467318,
      0.02891805713294345,
      0.027772692084666175,
      0.02900212389646369,
      0.02820138212636069,
      0.025774092333341565,
      0.026035314890105576,
      0.025519829923259397,
      0.024566378577084498,
      0.024348077781564757,
      0.02410350841655222,
      0.02316801285354603,
      0.024303776209273042,
      0.02506983295657868,
      0.022390605760213175,
      0.021478046433729303,
      0.023129358556044206,
      0.02175046519572551,
      0.020295302928024655,
      0.021866411827394093,
      0.021950543855347338,
      0.020508097971095884,
      0.02070346801854029,
      0.01986165918431933,
      0.020350479407551025,
      0.020067294832949115,
      0.02042711903658925,
      0.020292817871984458,
      0.020000805293461335,
      0.020028830315221312,
      0.018943333760655597,
      0.019263169935487143,
      0.01938086003617823,
      0.019221545249577445,
      0.019320241543146554,
      0.01933390377448645,
      0.020445460691296383,
      0.019932446338081573,
      0.01903686402724829,
      0.018384445270727932,
      0.01880372485328322,
      0.019264319486009616,
      0.020480917186340875,
      0.018881129918935036,
      0.019703023660740088,
      0.01973962621868364,
      0.01963234103619168,
      0.01821606672570684,
      0.018457180110168385,
      0.017647965943844275,
      0.019327457900261313,
      0.01973283946934192,
      0.018374833853180225,
      0.018115765926392212,
      0.017602174979488114,
      0.017939804456243706,
      0.018457179242407886,
      0.018089511981703763,
      0.01828701527186777,
      0.01792838530565228,
      0.017750928670344793,
      0.01791224735360648,
      0.018775776647672455
    ],
    "val_loss": [
      0.3020211056900952,
      0.3427711202132845,
      0.35568243238383423,
      0.21898724659608154,
      0.1902947625937219,
      0.2273415678186331,
      0.22196563779415485,
      0.22638011451609835,
      0.25563618584262754,
      0.42152413855234305,
      0.3707633415337451,
      0.5182654252777735,
      0.748613207160445,
      0.9166683108283731,
      0.7766556107846205,
      0.9007843535527319,
      0.770999518630212,
      0.7860589711508619,
      0.6779544166607147,
      0.5919353020974173,
      1.0667981940940647,
      0.9003976371674659,
      0.6058784566574289,
      0.8345591802328468,
      0.6282836952899209,
      0.6093419027587254,
      0.5611010857015669,
      0.645962362919382,
      0.6028265423269686,
      0.5321144349036548,
      0.6137336731001646,
      0.5762906918291025,
      0.4759608411681866,
      0.6502919803724853,
      0.6058762545201057,
      0.6253464548307621,
      0.518138063971154,
      0.5423922144590381,
      0.48152300993727887,
      0.5380939683112913,
      0.632601056571403,
      0.48058637982223207,
      0.5869393290806851,
      0.5024262473355242,
      0.4962547550167509,
      0.6473957454439944,
      0.5812289993094648,
      0.5397526225142047,
      0.6272850200522714,
      0.5829317505376603,
      0.5383385640741911,
      0.4819924944264446,
      0.49350614544048815,
      0.706146565918437,
      0.5020896891343914,
      0.6113438515806805,
      0.5791592217736437,
      0.5709305602923304,
      0.5720476248206761,
      0.602769019762556,
      0.542987644895465,
      0.4427441107611099,
      0.4657965601382855,
      0.5591494790585099,
      0.5618831169886325,
      0.5382090743441514,
      0.5771805073307481,
      0.5054526565663383,
      0.4873314080034901,
      0.5233644919113039,
      0.5543995710970935,
      0.5377716327666077,
      0.507654529516613,
      0.5122211746994161,
      0.5663965987989645,
      0.5400852221036385,
      0.5141730250143809,
      0.5187423801004976,
      0.6432810910938386,
      0.4421816422286148
    ],
    "best_epoch": 5,
    "best_val_loss": 0.1902947625937219,
    "test_loss": 4.766226672099537,
    "tracker": {
      "initial_train_loss": 0.4901868643941087,
      "train_threshold": 0.1633956214647029,
      "best_tracking": true,
      "patience_active": true,
      "patience_best_train": null,
      "patience_best_val": 0.1902947625937219,
      "patience_no_improve_epochs": 75,
      "best_train_loss": Infinity,
      "forced_stop_due_to_threshold": false
    }
  },
  "model_files": {
    "best": "scripts/outputs/gru-trc-value/trial_63_eb5e91/best_model.pt",
    "last": "scripts/outputs/gru-trc-value/trial_63_eb5e91/last_model.pt"
  },
  "config_path": "/home/amoris/data-analysis-on-dbps/scripts/outputs/gru-trc-value/trial_63_eb5e91/config.yaml"
}