{
  "model_name": "rnn-trc-value/trial_49_090b87",
  "model_type": "RNN",
  "model_format": "torch",
  "model_params": {
    "history_length": 244,
    "units": 98,
    "num_layers": 3,
    "dropout": 0.3028972676526679
  },
  "training_params": {
    "max_epochs": 500,
    "batch_size": 80,
    "learning_rate": 0.00048518850565674657,
    "weight_decay": 0.0016602284728254903,
    "checkpoint_interval": 10,
    "seed": 947
  },
  "data_csv": "data/time_aligned_data.csv",
  "timestamp_column": "Date, Time",
  "columns": [
    "TRC-DT",
    "TRC-RT",
    "TRC-PPL1",
    "TRC-PPL2",
    "pH-DT",
    "pH-RT",
    "pH-PPL1",
    "pH-PPL2",
    "cond-DT",
    "cond-PPL1",
    "cond-PPL2",
    "fDOM-RT",
    "fDOM-PPL1",
    "fDOM-PPL2",
    "DO-RT",
    "DO-PPL1",
    "DO-PPL2",
    "TOC-RT",
    "TOC-PPL1",
    "TOC-PPL2",
    "DOC-RT",
    "DOC-PPL1",
    "DOC-PPL2",
    "minutes_since_start"
  ],
  "feature_columns": [
    "TRC-DT",
    "TRC-RT",
    "pH-DT",
    "pH-RT",
    "cond-DT",
    "fDOM-RT",
    "DO-RT",
    "TOC-RT",
    "DOC-RT",
    "minutes_since_start"
  ],
  "target_columns": [
    "TRC-PPL1",
    "TRC-PPL2"
  ],
  "split_boundaries": {
    "train_end": 7796,
    "val_end": 9466,
    "test_end": 11138
  },
  "dataset_sizes": {
    "train": 7553,
    "val": 1670,
    "test": 1672
  },
  "input_dim": 10,
  "sequence_length": 244,
  "training_history": {
    "epochs": [
      1,
      2,
      3,
      4,
      5,
      6,
      7,
      8,
      9,
      10,
      11,
      12,
      13,
      14,
      15,
      16,
      17,
      18,
      19,
      20,
      21,
      22,
      23,
      24,
      25,
      26,
      27,
      28,
      29,
      30,
      31,
      32,
      33,
      34,
      35,
      36,
      37,
      38,
      39,
      40,
      41,
      42,
      43,
      44,
      45,
      46,
      47,
      48,
      49,
      50,
      51,
      52,
      53,
      54,
      55,
      56,
      57,
      58,
      59,
      60,
      61,
      62,
      63,
      64,
      65,
      66,
      67,
      68,
      69,
      70,
      71,
      72,
      73,
      74,
      75,
      76,
      77,
      78,
      79,
      80,
      81
    ],
    "train_loss": [
      0.30582006173458665,
      0.08619241320868289,
      0.058144581545966516,
      0.04502717161709688,
      0.04290690473836336,
      0.03970635356720624,
      0.039021857435002825,
      0.035337404367068455,
      0.03189981764008095,
      0.03642031098815222,
      0.03166119068935977,
      0.031432399400220745,
      0.03014962015902619,
      0.029695747925002385,
      0.02934676165684247,
      0.028200441935909405,
      0.02702563734522651,
      0.02837522864819173,
      0.02691769484279133,
      0.028016340312548352,
      0.02833469628234202,
      0.025525947429035557,
      0.026808508687479898,
      0.027466165961535675,
      0.025257454646706156,
      0.025667629758699767,
      0.02506748111379726,
      0.025083116320189097,
      0.024093099298515684,
      0.024257443808773788,
      0.028353668248467568,
      0.024115816588301097,
      0.024990328468109113,
      0.024911181375090373,
      0.023736826453777664,
      0.025792044173498493,
      0.024381600494199237,
      0.025331056603191942,
      0.022646403347553756,
      0.023643973469290293,
      0.022929345227370557,
      0.027317685563761903,
      0.024805677070223336,
      0.02470844649824065,
      0.02342398431979235,
      0.02544476656130011,
      0.023325022834064738,
      0.025736560274147835,
      0.024529938677425228,
      0.03375908211475332,
      0.025590360869453644,
      0.023285737594346188,
      0.022211693018412457,
      0.021423825300420085,
      0.02572153966889174,
      0.022336932527305557,
      0.024732610540493867,
      0.023237398756658353,
      0.026237180488578423,
      0.02490874921330139,
      0.02322285746625089,
      0.022252104639332294,
      0.02548791541090694,
      0.022200304841481895,
      0.022104786126951454,
      0.024011496467301028,
      0.022240311756195428,
      0.02165177922538538,
      0.025188648818495037,
      0.02223713101081054,
      0.021151352508293704,
      0.0222579702368978,
      0.02316282222467425,
      0.02379602910431666,
      0.02269538629326097,
      0.023333266970052807,
      0.023431453011425917,
      0.024426754370951247,
      0.022404138606096417,
      0.022375405678153434,
      0.021793524196326308
    ],
    "val_loss": [
      0.3214865455370463,
      0.28125640839159843,
      0.28070161103488445,
      0.29368231717697874,
      0.32176327317239284,
      0.2962075728856161,
      0.3050733827902171,
      0.3250344400098938,
      0.3071310014692609,
      0.2921481518866773,
      0.3015229563245516,
      0.30048350316143324,
      0.31140925405089726,
      0.3100375359554491,
      0.29961612673398264,
      0.2866151452867571,
      0.3028172974636455,
      0.2930404188301035,
      0.2970100572098515,
      0.28724893949881286,
      0.28811300117634014,
      0.2904604411499943,
      0.2919501591317668,
      0.3037485458001405,
      0.28185685572331537,
      0.28663533060493585,
      0.30119619442674217,
      0.29121532152869745,
      0.29653342790946274,
      0.29040979687682167,
      0.27464758519997856,
      0.2814537035580167,
      0.27778428739416383,
      0.2908732189746674,
      0.29629153031075073,
      0.2976719171344163,
      0.294222906722637,
      0.2805763466540211,
      0.2889636693421952,
      0.2876078696129565,
      0.2986831351846992,
      0.27849800884723663,
      0.29677111820546453,
      0.2922760009944082,
      0.30010389300163637,
      0.2975016061417357,
      0.2953054189325093,
      0.28985753726816466,
      0.28813401141209516,
      0.2764952817184482,
      0.2869250810074949,
      0.2924303261641257,
      0.2992316003509624,
      0.29721216772666237,
      0.29147667384254716,
      0.3041269381246167,
      0.30614302405518684,
      0.2959899929112303,
      0.2900617958275144,
      0.29861711813304237,
      0.30479305937975465,
      0.3066475291452008,
      0.3026388391049322,
      0.30154458045245647,
      0.2953298887360596,
      0.2826965907198226,
      0.31090889888966156,
      0.2943935010604516,
      0.3029582324231456,
      0.28945282984993415,
      0.3137789478380523,
      0.31189908274633443,
      0.30196521114446445,
      0.2876194838635222,
      0.2907391650947982,
      0.3029871442896163,
      0.3068208066735439,
      0.293732052033176,
      0.30583974174753636,
      0.30568536852826617,
      0.30021211009717985
    ],
    "best_epoch": 31,
    "best_val_loss": 0.27464758519997856,
    "test_loss": 4.405729352572318,
    "tracker": {
      "initial_train_loss": 0.30582006173458665,
      "train_threshold": 0.10194002057819555,
      "best_tracking": true,
      "patience_active": true,
      "patience_best_train": null,
      "patience_best_val": 0.27464758519997856,
      "patience_no_improve_epochs": 50,
      "best_train_loss": Infinity,
      "forced_stop_due_to_threshold": false
    }
  },
  "model_files": {
    "best": "scripts/outputs/rnn-trc-value/trial_49_090b87/best_model.pt",
    "last": "scripts/outputs/rnn-trc-value/trial_49_090b87/last_model.pt"
  },
  "config_path": "/home/amoris/data-analysis-on-dbps/scripts/outputs/rnn-trc-value/trial_49_090b87/config.yaml"
}