{
  "model_name": "gru-trc-rate/trial_28_e1d64a",
  "model_type": "GRU",
  "model_format": "torch",
  "model_params": {
    "history_length": 121,
    "units": 157,
    "num_layers": 7,
    "dropout": 0.356471547755208
  },
  "training_params": {
    "max_epochs": 500,
    "batch_size": 92,
    "learning_rate": 0.00036954613090444934,
    "weight_decay": 0.0009208201277130571,
    "checkpoint_interval": 10,
    "seed": 947
  },
  "data_csv": "data/time_aligned_data.csv",
  "timestamp_column": "Date, Time",
  "columns": [
    "TRC-DT",
    "TRC-RT",
    "TRC-PPL1",
    "TRC-PPL2",
    "pH-DT",
    "pH-RT",
    "pH-PPL1",
    "pH-PPL2",
    "cond-DT",
    "cond-PPL1",
    "cond-PPL2",
    "fDOM-RT",
    "fDOM-PPL1",
    "fDOM-PPL2",
    "DO-RT",
    "DO-PPL1",
    "DO-PPL2",
    "TOC-RT",
    "TOC-PPL1",
    "TOC-PPL2",
    "DOC-RT",
    "DOC-PPL1",
    "DOC-PPL2",
    "minutes_since_start"
  ],
  "feature_columns": [
    "TRC-DT",
    "TRC-RT",
    "pH-DT",
    "pH-RT",
    "cond-DT",
    "fDOM-RT",
    "DO-RT",
    "TOC-RT",
    "DOC-RT",
    "minutes_since_start"
  ],
  "target_columns": [
    "TRC-PPL1",
    "TRC-PPL2"
  ],
  "target_mode": "rate",
  "target_base_columns": [
    "TRC-RT",
    "TRC-RT"
  ],
  "split_boundaries": {
    "train_end": 7796,
    "val_end": 9466,
    "test_end": 11138
  },
  "dataset_sizes": {
    "train": 7676,
    "val": 1670,
    "test": 1672
  },
  "input_dim": 10,
  "sequence_length": 121,
  "training_history": {
    "epochs": [
      1,
      2,
      3,
      4,
      5,
      6,
      7,
      8,
      9,
      10,
      11,
      12,
      13,
      14,
      15,
      16,
      17,
      18,
      19,
      20,
      21,
      22,
      23,
      24,
      25,
      26,
      27,
      28,
      29,
      30,
      31,
      32,
      33,
      34,
      35,
      36,
      37,
      38,
      39,
      40,
      41,
      42,
      43,
      44,
      45,
      46,
      47,
      48,
      49,
      50,
      51,
      52,
      53,
      54,
      55,
      56,
      57,
      58,
      59,
      60,
      61,
      62,
      63,
      64,
      65,
      66,
      67,
      68,
      69,
      70,
      71,
      72,
      73,
      74,
      75,
      76,
      77,
      78,
      79,
      80
    ],
    "train_loss": [
      0.27610384704716945,
      0.11307918018292114,
      0.07592253699129978,
      0.05897063822711179,
      0.05485143912970678,
      0.05368466699547355,
      0.0481521552481988,
      0.04432115131147583,
      0.042102755931142474,
      0.04423134921602963,
      0.04152655968594949,
      0.040897625253388754,
      0.03936858382901063,
      0.03989169445061603,
      0.03838645670331972,
      0.0386435416521754,
      0.03783322071026644,
      0.036001731271294024,
      0.03457523992167686,
      0.03583977365145123,
      0.036720916579335294,
      0.03553200295896751,
      0.03867690797473938,
      0.03441027619930808,
      0.03268197363066822,
      0.03471568102864408,
      0.033769444329057464,
      0.035099991970443674,
      0.031020634651859644,
      0.03153779595671003,
      0.03279872059165934,
      0.03115484503414744,
      0.02988921905566374,
      0.029410996806767536,
      0.030271448991870495,
      0.03213850087027583,
      0.03193782564833054,
      0.029886001151262814,
      0.030320099289487774,
      0.029346164009218852,
      0.031095434839236918,
      0.02917125108086423,
      0.030275465187739433,
      0.02880947938583958,
      0.02991743189723868,
      0.028816615779257617,
      0.028564323396958243,
      0.03239418890612581,
      0.029431691273868302,
      0.030186188573705895,
      0.02844355930052523,
      0.02983179494521157,
      0.027032072079785793,
      0.028763755760919992,
      0.03020019106733855,
      0.03405020988258519,
      0.02727319564284012,
      0.028512493379650915,
      0.027872538920093975,
      0.027235325178351796,
      0.02745617090599682,
      0.03396201216717168,
      0.027233698597025475,
      0.02712890806201692,
      0.027689356176321428,
      0.027490942108523975,
      0.028838021326431575,
      0.026478413358493793,
      0.02880916952962612,
      0.02834946937847411,
      0.027229938166892547,
      0.026566233021974438,
      0.026726251553478124,
      0.029730318467471983,
      0.026686782392985255,
      0.028208179178066773,
      0.0273193340241878,
      0.02822151236282686,
      0.02677896459465104,
      0.02711177896271465
    ],
    "val_loss": [
      0.3102024221313214,
      0.1881800528414949,
      0.1988638085296411,
      0.19594916709793542,
      0.34928535019120055,
      0.22581366661958352,
      0.23685203204879504,
      0.2283594011948137,
      0.22275198510217809,
      0.21130869251168416,
      0.21323450764942312,
      0.2094130198934121,
      0.19395406135095808,
      0.21538414079807475,
      0.21487904964628335,
      0.22797986493853037,
      0.21327172662326677,
      0.23576362315052285,
      0.21360444808880727,
      0.20963148915035995,
      0.24292458045982315,
      0.32107684868806136,
      0.22055962674185903,
      0.25294315922046134,
      0.2085724006735993,
      0.3414851403254235,
      0.22091444902969692,
      0.4126124397232504,
      0.3906391842547291,
      0.3122855915727016,
      0.23910958881595892,
      0.32505793296648355,
      0.3701366034676572,
      0.6204415019490048,
      0.32802222862304325,
      0.6298225908222312,
      0.5673083850634312,
      0.6642910915666711,
      0.28393445187610783,
      0.45327141153330575,
      0.4888752134884903,
      0.662360809047422,
      0.49616703147927443,
      0.7322984704223579,
      0.5474883109866502,
      0.4933802066315077,
      0.6208105813421889,
      0.37322802560593554,
      0.8346956344734052,
      0.8480158569971601,
      1.044470454582911,
      0.7782560212883407,
      0.715976390403188,
      1.0809844238761657,
      0.562740059710013,
      0.8752683872992764,
      0.9590770876514697,
      0.7069344166822419,
      0.9021428306614925,
      1.0458305087498205,
      1.445257772866659,
      0.565417099235479,
      0.8422905352390455,
      0.719741935349867,
      0.7860712805818655,
      0.9757940896480026,
      0.8463570935283592,
      0.9499508301208833,
      0.8607438974216313,
      0.8288690729367876,
      0.7775828510032086,
      1.0600397124618828,
      0.5892171745216418,
      0.628918079929259,
      0.9609658879389663,
      1.215737174870725,
      0.39399659162956086,
      1.0285319834546058,
      0.8025158290243791,
      0.8488650952226031
    ],
    "best_epoch": 13,
    "best_val_loss": 0.19395406135095808,
    "best_val_abs_mse": 0.371569961309433,
    "test_loss": 4.133186078813088,
    "test_abs_mse": 40.374515533447266,
    "tracker": {
      "initial_train_loss": 0.27610384704716945,
      "train_threshold": 0.09203461568238981,
      "best_tracking": true,
      "patience_active": true,
      "patience_best_train": null,
      "patience_best_val": 0.19395406135095808,
      "patience_no_improve_epochs": 67,
      "best_train_loss": Infinity,
      "forced_stop_due_to_threshold": false
    }
  },
  "model_files": {
    "best": "scripts/outputs/gru-trc-rate/trial_28_e1d64a/best_model.pt",
    "last": "scripts/outputs/gru-trc-rate/trial_28_e1d64a/last_model.pt"
  },
  "config_path": "/home/amoris/data-analysis-on-dbps/scripts/outputs/gru-trc-rate/trial_28_e1d64a/config.yaml"
}