{
  "model_name": "gru-trc-rate/trial_12_dfa5ff",
  "model_type": "GRU",
  "model_format": "torch",
  "model_params": {
    "history_length": 113,
    "units": 207,
    "num_layers": 9,
    "dropout": 0.41680795519617103
  },
  "training_params": {
    "max_epochs": 500,
    "batch_size": 205,
    "learning_rate": 0.0003167682092943563,
    "weight_decay": 0.0013081274054542583,
    "checkpoint_interval": 10,
    "seed": 947
  },
  "data_csv": "data/time_aligned_data.csv",
  "timestamp_column": "Date, Time",
  "columns": [
    "TRC-DT",
    "TRC-RT",
    "TRC-PPL1",
    "TRC-PPL2",
    "pH-DT",
    "pH-RT",
    "pH-PPL1",
    "pH-PPL2",
    "cond-DT",
    "cond-PPL1",
    "cond-PPL2",
    "fDOM-RT",
    "fDOM-PPL1",
    "fDOM-PPL2",
    "DO-RT",
    "DO-PPL1",
    "DO-PPL2",
    "TOC-RT",
    "TOC-PPL1",
    "TOC-PPL2",
    "DOC-RT",
    "DOC-PPL1",
    "DOC-PPL2",
    "minutes_since_start"
  ],
  "feature_columns": [
    "TRC-DT",
    "TRC-RT",
    "pH-DT",
    "pH-RT",
    "cond-DT",
    "fDOM-RT",
    "DO-RT",
    "TOC-RT",
    "DOC-RT",
    "minutes_since_start"
  ],
  "target_columns": [
    "TRC-PPL1",
    "TRC-PPL2"
  ],
  "target_mode": "rate",
  "target_base_columns": [
    "TRC-RT",
    "TRC-RT"
  ],
  "split_boundaries": {
    "train_end": 7796,
    "val_end": 9466,
    "test_end": 11138
  },
  "dataset_sizes": {
    "train": 7684,
    "val": 1670,
    "test": 1672
  },
  "input_dim": 10,
  "sequence_length": 113,
  "training_history": {
    "epochs": [
      1,
      2,
      3,
      4,
      5,
      6,
      7,
      8,
      9,
      10,
      11,
      12,
      13,
      14,
      15,
      16,
      17,
      18,
      19,
      20,
      21,
      22,
      23,
      24,
      25,
      26,
      27,
      28,
      29,
      30,
      31,
      32,
      33,
      34,
      35,
      36,
      37,
      38,
      39,
      40,
      41,
      42,
      43,
      44,
      45,
      46,
      47,
      48,
      49,
      50,
      51,
      52,
      53,
      54,
      55,
      56,
      57,
      58,
      59,
      60,
      61,
      62,
      63,
      64,
      65,
      66,
      67,
      68,
      69,
      70,
      71,
      72,
      73,
      74,
      75,
      76,
      77,
      78,
      79,
      80
    ],
    "train_loss": [
      0.4835941793900303,
      0.17284638270491395,
      0.13508320271189264,
      0.09870446189551506,
      0.08507666422441051,
      0.06989430971996338,
      0.06387078131751227,
      0.06151059895360194,
      0.05681057911674564,
      0.05749118203352526,
      0.05719898913476475,
      0.052706826886938826,
      0.050146827039845535,
      0.048521261915801125,
      0.048363065680625664,
      0.04638524008948765,
      0.04629160617398198,
      0.042993439603373915,
      0.04112775451593384,
      0.046575325773907696,
      0.04121440662316423,
      0.04063226387267355,
      0.04069370270756649,
      0.04614370989863882,
      0.042553388295459564,
      0.03762437866608972,
      0.04230283306962978,
      0.038592554101859106,
      0.03660468889360608,
      0.03837441402680897,
      0.039128953509540806,
      0.03721179649668209,
      0.03796311900943696,
      0.036701834980953044,
      0.03565901302442125,
      0.03505659673725609,
      0.036300703480292865,
      0.040577092372561685,
      0.035571578001426046,
      0.03561824138112898,
      0.03503414271578759,
      0.03435582104650506,
      0.036092160838544135,
      0.03703015492715132,
      0.047088987203697905,
      0.0340559478216009,
      0.033119084934312766,
      0.03547584627236723,
      0.03250177662416261,
      0.03381812427181291,
      0.032613078648838244,
      0.03182435676601911,
      0.03533480960884476,
      0.03418694970133496,
      0.03646432310788815,
      0.030183335360409163,
      0.034252289860067675,
      0.03217286653288256,
      0.03517943627808489,
      0.03578708973993925,
      0.031508603304399606,
      0.030757916485478657,
      0.03367793516273853,
      0.03602132872270613,
      0.03351790201038177,
      0.033059088619913614,
      0.031012072552476448,
      0.036662997122328456,
      0.036624901108676444,
      0.03150508824211314,
      0.03156557621701947,
      0.03205629156680389,
      0.031513467638567674,
      0.030569996025931055,
      0.03020646827021989,
      0.03234863374236814,
      0.030161557267024873,
      0.030468859818397028,
      0.03299258211758502,
      0.032667208957218724
    ],
    "val_loss": [
      0.32997934776776566,
      0.38127523126404084,
      0.40555360560824055,
      0.549749554631239,
      0.28531942709521974,
      0.29781443163931015,
      0.2819791384777445,
      0.24549922331453797,
      0.24912672419614063,
      0.2382539806184833,
      0.2595326520814867,
      0.2554020834250186,
      0.239596031717733,
      0.2739438464318564,
      0.35189596556885516,
      0.3343666042284873,
      0.3044554961142604,
      0.37043002448574514,
      0.33999696680662517,
      0.30687164092536817,
      0.3828939472375337,
      0.29932554167120934,
      0.3529770812298545,
      0.3285740694187269,
      0.3546321988328845,
      0.3664987016982304,
      0.3012359574727134,
      0.35331872781504414,
      0.3443297665276213,
      0.3137970290308495,
      0.3052860683019825,
      0.3003246411123497,
      0.34944683336792237,
      0.3224812544391541,
      0.3129413935305651,
      0.3306780550294294,
      0.32381275372055474,
      0.31185606981398994,
      0.3309250398076134,
      0.33117109112173854,
      0.3321222885550853,
      0.3103695675775319,
      0.33692169422562607,
      0.3321053842249923,
      0.3240423633209513,
      0.33544519409805,
      0.3014359701212919,
      0.34619216723534874,
      0.3335403634157188,
      0.37474280633701534,
      0.36258123214997934,
      0.39254227921946677,
      0.33265012524419735,
      0.300397767166713,
      0.3451400666670528,
      0.3132080613707979,
      0.304152257985876,
      0.331471984899285,
      0.33632941866393934,
      0.34171179088089104,
      0.31726441131960487,
      0.3083244027670272,
      0.35149647859845334,
      0.3001375567045308,
      0.34574275278112665,
      0.368088553810191,
      0.33065328628806295,
      0.3056620759945251,
      0.3185589818150073,
      0.3493016887300029,
      0.33660984091170715,
      0.3044066644123125,
      0.3281844248716346,
      0.3068055617762451,
      0.3802553815153723,
      0.3680458035944643,
      0.3269299338934218,
      0.3124982023633972,
      0.3630284708506333,
      0.29342329117307764
    ],
    "best_epoch": 10,
    "best_val_loss": 0.2382539806184833,
    "best_val_abs_mse": 0.44866615533828735,
    "test_loss": 3.8682319813153963,
    "test_abs_mse": 38.068519592285156,
    "tracker": {
      "initial_train_loss": 0.4835941793900303,
      "train_threshold": 0.16119805979667676,
      "best_tracking": true,
      "patience_active": true,
      "patience_best_train": null,
      "patience_best_val": 0.2382539806184833,
      "patience_no_improve_epochs": 70,
      "best_train_loss": Infinity,
      "forced_stop_due_to_threshold": false
    }
  },
  "model_files": {
    "best": "scripts/outputs/gru-trc-rate/trial_12_dfa5ff/best_model.pt",
    "last": "scripts/outputs/gru-trc-rate/trial_12_dfa5ff/last_model.pt"
  },
  "config_path": "/home/amoris/data-analysis-on-dbps/scripts/outputs/gru-trc-rate/trial_12_dfa5ff/config.yaml"
}