{
  "model_name": "gru-trc-value/trial_53_910313",
  "model_type": "GRU",
  "model_format": "torch",
  "model_params": {
    "history_length": 95,
    "units": 145,
    "num_layers": 6,
    "dropout": 0.3923516822691078
  },
  "training_params": {
    "max_epochs": 500,
    "batch_size": 252,
    "learning_rate": 0.00030757877118431284,
    "weight_decay": 0.0002047068696423324,
    "checkpoint_interval": 10,
    "seed": 947
  },
  "data_csv": "data/time_aligned_data.csv",
  "timestamp_column": "Date, Time",
  "columns": [
    "TRC-DT",
    "TRC-RT",
    "TRC-PPL1",
    "TRC-PPL2",
    "pH-DT",
    "pH-RT",
    "pH-PPL1",
    "pH-PPL2",
    "cond-DT",
    "cond-PPL1",
    "cond-PPL2",
    "fDOM-RT",
    "fDOM-PPL1",
    "fDOM-PPL2",
    "DO-RT",
    "DO-PPL1",
    "DO-PPL2",
    "TOC-RT",
    "TOC-PPL1",
    "TOC-PPL2",
    "DOC-RT",
    "DOC-PPL1",
    "DOC-PPL2",
    "minutes_since_start"
  ],
  "feature_columns": [
    "TRC-DT",
    "TRC-RT",
    "pH-DT",
    "pH-RT",
    "cond-DT",
    "fDOM-RT",
    "DO-RT",
    "TOC-RT",
    "DOC-RT",
    "minutes_since_start"
  ],
  "target_columns": [
    "TRC-PPL1",
    "TRC-PPL2"
  ],
  "split_boundaries": {
    "train_end": 7796,
    "val_end": 9466,
    "test_end": 11138
  },
  "dataset_sizes": {
    "train": 7702,
    "val": 1670,
    "test": 1672
  },
  "input_dim": 10,
  "sequence_length": 95,
  "training_history": {
    "epochs": [
      1,
      2,
      3,
      4,
      5,
      6,
      7,
      8,
      9,
      10,
      11,
      12,
      13,
      14,
      15,
      16,
      17,
      18,
      19,
      20,
      21,
      22,
      23,
      24,
      25,
      26,
      27,
      28,
      29,
      30,
      31,
      32,
      33,
      34,
      35,
      36,
      37,
      38,
      39,
      40,
      41,
      42,
      43,
      44,
      45,
      46,
      47,
      48,
      49,
      50,
      51,
      52,
      53,
      54,
      55,
      56,
      57,
      58,
      59,
      60,
      61,
      62,
      63,
      64,
      65,
      66,
      67,
      68,
      69,
      70,
      71,
      72,
      73,
      74,
      75,
      76,
      77,
      78,
      79,
      80
    ],
    "train_loss": [
      0.5412977671381778,
      0.18596458837865884,
      0.1356742256970351,
      0.10118433084388238,
      0.08081207957609199,
      0.06498177879195156,
      0.05512867265573665,
      0.05071473320144643,
      0.046477465451893574,
      0.04317400132416441,
      0.04071800522477216,
      0.038081981144000014,
      0.037388569973089945,
      0.03440164121497114,
      0.03471786862853997,
      0.03367163018804499,
      0.03270753626079257,
      0.031822961046266356,
      0.030284160881135655,
      0.029358174569635877,
      0.029570156362529732,
      0.02877318211938771,
      0.028520668314838064,
      0.028156227976571302,
      0.02920606672247256,
      0.02783552451062608,
      0.026789292406800568,
      0.025892117481279207,
      0.02609110673126757,
      0.025725441605870335,
      0.02584118743276432,
      0.025633401191236912,
      0.024514581401107127,
      0.024588242569811094,
      0.023848669321966214,
      0.024543374341529735,
      0.024319210168340863,
      0.023386758903800372,
      0.02319887287670979,
      0.022604568497456998,
      0.02294540338138889,
      0.022751453875048195,
      0.0230833478388044,
      0.022561199012664936,
      0.022201335953388454,
      0.02252441546288412,
      0.021594522851735732,
      0.021091094137522748,
      0.020565017928681074,
      0.02035973214195382,
      0.020134768363884503,
      0.02060587841739781,
      0.020441984889825206,
      0.020331675180465456,
      0.020109815991228974,
      0.02042281897547523,
      0.02085427330215313,
      0.01960837660621928,
      0.019807615917407206,
      0.019216846242272306,
      0.019874201374096054,
      0.020159647776569926,
      0.019807801349995446,
      0.01943189509830144,
      0.019464262616313982,
      0.01920967080788283,
      0.019235957589487044,
      0.019275734588499967,
      0.01914735346494697,
      0.018914020397552606,
      0.018689739721737972,
      0.019011853849967557,
      0.01878875944839843,
      0.018511157964606062,
      0.01901871470385745,
      0.019117618659213746,
      0.019250301442995874,
      0.01841066320291574,
      0.01913082921527804,
      0.018566325113904752
    ],
    "val_loss": [
      0.3439870553280779,
      0.3346119745584305,
      0.3918662623195591,
      0.28060374376838076,
      0.19920722461210755,
      0.2269212396023516,
      0.18518399001952418,
      0.19945768837086456,
      0.18629727682132208,
      0.22816474014770485,
      0.24707757984092849,
      0.23947599954055454,
      0.2519397672600375,
      0.2838100437454121,
      0.25148652049149584,
      0.2657636292189538,
      0.29262374995532864,
      0.31439876733068933,
      0.2702497059668966,
      0.2725290065173974,
      0.27551335459073145,
      0.28525186541997744,
      0.28121336933203084,
      0.27206572055102823,
      0.2754982610082555,
      0.2979927650468792,
      0.28678260284537327,
      0.2796998801434825,
      0.27682367709136296,
      0.28928807141805835,
      0.27967522997788324,
      0.27188148742128987,
      0.27424906670244154,
      0.27302729913931406,
      0.273331731651536,
      0.2754379852000111,
      0.27486885976113246,
      0.2758040354369643,
      0.27708387838866183,
      0.2685738888240146,
      0.2686461901325666,
      0.2694354523620206,
      0.2740623312885176,
      0.2723589223926653,
      0.26572546525272783,
      0.2637563583424348,
      0.26904515576755217,
      0.2678240017218147,
      0.26500279074479005,
      0.2702304386271688,
      0.2666755017316984,
      0.2679329672616399,
      0.26915627484193105,
      0.2736993574275228,
      0.2598198774242829,
      0.2748611261923156,
      0.27197235177555484,
      0.28034550079150117,
      0.2722014321984645,
      0.3101048012291957,
      0.32148863561228364,
      0.2778702820935649,
      0.2889023676603854,
      0.2722521541762852,
      0.30610194604643093,
      0.30206592941355564,
      0.29892561131430245,
      0.3264094998156596,
      0.3185095306285127,
      0.3118715247797395,
      0.33844448969125035,
      0.31515903987748894,
      0.33002734964122316,
      0.3505153722614942,
      0.37059578824632183,
      0.3354428872733773,
      0.3618109088814901,
      0.32364752112391465,
      0.3630559774216064,
      0.4008957318604706
    ],
    "best_epoch": 7,
    "best_val_loss": 0.18518399001952418,
    "test_loss": 4.03058179343146,
    "tracker": {
      "initial_train_loss": 0.5412977671381778,
      "train_threshold": 0.18043258904605927,
      "best_tracking": true,
      "patience_active": true,
      "patience_best_train": null,
      "patience_best_val": 0.18518399001952418,
      "patience_no_improve_epochs": 73,
      "best_train_loss": Infinity,
      "forced_stop_due_to_threshold": false
    }
  },
  "model_files": {
    "best": "scripts/outputs/gru-trc-value/trial_53_910313/best_model.pt",
    "last": "scripts/outputs/gru-trc-value/trial_53_910313/last_model.pt"
  },
  "config_path": "/home/amoris/data-analysis-on-dbps/scripts/outputs/gru-trc-value/trial_53_910313/config.yaml"
}