{
  "model_name": "mlp_with_history-trc-value/trial_55_85a203",
  "model_type": "MLP_WITH_HISTORY",
  "model_format": "torch",
  "model_params": {
    "history_length": 43,
    "hidden_layers": [
      4096,
      3072,
      2048,
      1024,
      768,
      512,
      256,
      128
    ],
    "dropout": 0.12330197986091412,
    "mid_layer_count": 2,
    "mid_layer_size": 487
  },
  "training_params": {
    "max_epochs": 500,
    "batch_size": 426,
    "learning_rate": 0.0019044325435645484,
    "weight_decay": 0.0006122996900488016,
    "checkpoint_interval": 10,
    "seed": 77
  },
  "data_csv": "data/time_aligned_data.csv",
  "timestamp_column": "Date, Time",
  "columns": [
    "TRC-DT",
    "TRC-RT",
    "TRC-PPL1",
    "TRC-PPL2",
    "pH-DT",
    "pH-RT",
    "pH-PPL1",
    "pH-PPL2",
    "cond-DT",
    "cond-PPL1",
    "cond-PPL2",
    "fDOM-RT",
    "fDOM-PPL1",
    "fDOM-PPL2",
    "DO-RT",
    "DO-PPL1",
    "DO-PPL2",
    "TOC-RT",
    "TOC-PPL1",
    "TOC-PPL2",
    "DOC-RT",
    "DOC-PPL1",
    "DOC-PPL2",
    "minutes_since_start"
  ],
  "feature_columns": [
    "TRC-DT",
    "TRC-RT",
    "pH-DT",
    "pH-RT",
    "cond-DT",
    "fDOM-RT",
    "DO-RT",
    "TOC-RT",
    "DOC-RT",
    "minutes_since_start"
  ],
  "target_columns": [
    "TRC-PPL1",
    "TRC-PPL2"
  ],
  "split_boundaries": {
    "train_end": 7796,
    "val_end": 9466,
    "test_end": 11138
  },
  "dataset_sizes": {
    "train": 7754,
    "val": 1670,
    "test": 1672
  },
  "input_dim": 430,
  "sequence_length": null,
  "training_history": {
    "epochs": [
      1,
      2,
      3,
      4,
      5,
      6,
      7,
      8,
      9,
      10,
      11,
      12,
      13,
      14,
      15,
      16,
      17,
      18,
      19,
      20,
      21,
      22,
      23,
      24,
      25,
      26,
      27,
      28,
      29,
      30,
      31,
      32,
      33,
      34,
      35,
      36,
      37,
      38,
      39,
      40,
      41,
      42,
      43,
      44,
      45,
      46,
      47,
      48,
      49,
      50,
      51,
      52,
      53,
      54,
      55,
      56,
      57,
      58,
      59,
      60,
      61,
      62,
      63,
      64,
      65,
      66,
      67,
      68,
      69,
      70,
      71,
      72,
      73,
      74,
      75,
      76,
      77,
      78,
      79,
      80
    ],
    "train_loss": [
      1.10303675395052,
      0.43465486311454393,
      0.1710886306674449,
      0.13569693217956746,
      0.12384990728605584,
      0.10974478086099694,
      0.12637664516823238,
      0.10765364145014991,
      0.10972569070358636,
      0.09675582573451977,
      0.09820614201308588,
      0.09316114381605244,
      0.0859846002240909,
      0.08704599567086296,
      0.12208298939095966,
      0.08374121721746505,
      0.07666496980261765,
      0.06876799101978041,
      0.07008916870728116,
      0.06425528726013228,
      0.071079186420635,
      0.05827766560308245,
      0.05350996127848408,
      0.06542983577174258,
      0.05559764586356395,
      0.054187281250853744,
      0.05103251867347967,
      0.04909353479762221,
      0.04444318706338357,
      0.04726941101704641,
      0.042993465058461335,
      0.050319578909853974,
      0.044902217839377305,
      0.04384208321456046,
      0.04502143388672191,
      0.044377043179308656,
      0.04300983972234427,
      0.039218982062351776,
      0.0471075666169469,
      0.054317989984999496,
      0.05235819411717465,
      0.045325823463566804,
      0.044286587926793845,
      0.03787374533645603,
      0.03965317617947135,
      0.03763266379743438,
      0.0385044137679419,
      0.05296808592773357,
      0.18840096631491648,
      0.23910364774213122,
      0.10488035868462257,
      0.07279439496012395,
      0.06429498987827284,
      0.05545737849188614,
      0.05406293209842994,
      0.04985175627195592,
      0.047352481749689944,
      0.04403252758831362,
      0.03832899035560676,
      0.04098078899848452,
      0.04323371624882024,
      0.03912412807891164,
      0.039419932492213795,
      0.03793697427167455,
      0.03891644803799933,
      0.03639406823188735,
      0.03800238630772098,
      0.03717940534674725,
      0.03608313282754254,
      0.03561806875317789,
      0.036876671122872774,
      0.038176844671449314,
      0.13987269454225149,
      0.15229136626307485,
      0.06886864142232499,
      0.06275423257478371,
      0.04539459646382312,
      0.04359192833850179,
      0.040248555887220504,
      0.037623854896434654
    ],
    "val_loss": [
      0.3337291145217633,
      0.19062469185380165,
      0.15167739682211848,
      0.17076358290801863,
      0.1717278235775982,
      0.19082160381053737,
      0.2885331510515984,
      0.21560391145730448,
      0.23562447046805285,
      0.24644563130722075,
      0.2557357600193002,
      0.23697633638442633,
      0.23267019758681337,
      0.2650556139469504,
      0.26437669547419707,
      0.33754357155747045,
      0.2912665173589826,
      0.3624776909808199,
      0.4630981692564702,
      0.3663796827910903,
      0.39414084005632444,
      0.3488134366621871,
      0.32034011666780104,
      0.3368488160123725,
      0.3638371252750387,
      0.4012187308447804,
      0.329258732653842,
      0.31961943354613764,
      0.4017707113310427,
      0.35036211242442,
      0.3620773977393697,
      0.39813156762567464,
      0.42736372678445844,
      0.37131427123830346,
      0.5246682880390547,
      0.4225290419611924,
      0.3590243374337693,
      0.4386173978024079,
      0.44957482567848916,
      0.31042426125910466,
      0.38416793112849407,
      0.4310361028877561,
      0.37054809781828685,
      0.4392197357077977,
      0.39694299309508885,
      0.42095662814057516,
      0.43083063555647155,
      0.38395066454025084,
      0.30941594035593334,
      0.3089640831786715,
      0.2972868063983446,
      0.2981310594358487,
      0.3384583181205267,
      0.3439306812505879,
      0.3640799714977334,
      0.38312762421806773,
      0.33103524526346945,
      0.4320581145651505,
      0.3881339095399051,
      0.376729445192896,
      0.3932348125619803,
      0.3816831710586648,
      0.5310559545515362,
      0.48335279872094444,
      0.4553958522680098,
      0.42517406592692086,
      0.42958400549512066,
      0.4096262499333142,
      0.4359910438651453,
      0.4847014516435876,
      0.5347327916877356,
      0.3288498214328896,
      0.29040128828701145,
      0.2963060074290651,
      0.2850343790083767,
      0.29052920013576927,
      0.3833868428440151,
      0.3606374743121291,
      0.3867123863252694,
      0.380626458241911
    ],
    "best_epoch": 3,
    "best_val_loss": 0.15167739682211848,
    "test_loss": 4.529717851911435,
    "tracker": {
      "initial_train_loss": 1.10303675395052,
      "train_threshold": 0.36767891798350666,
      "best_tracking": true,
      "patience_active": true,
      "patience_best_train": null,
      "patience_best_val": 0.15167739682211848,
      "patience_no_improve_epochs": 78,
      "best_train_loss": Infinity,
      "forced_stop_due_to_threshold": false
    }
  },
  "model_files": {
    "best": "scripts/outputs/mlp_with_history-trc-value/trial_55_85a203/best_model.pt",
    "last": "scripts/outputs/mlp_with_history-trc-value/trial_55_85a203/last_model.pt"
  },
  "config_path": "/home/amoris/data-analysis-on-dbps/scripts/outputs/mlp_with_history-trc-value/trial_55_85a203/config.yaml"
}