{
  "model_name": "rnn-trc-rate/trial_34_c4d8d2",
  "model_type": "RNN",
  "model_format": "torch",
  "model_params": {
    "history_length": 81,
    "units": 175,
    "num_layers": 5,
    "dropout": 0.4702996114247748
  },
  "training_params": {
    "max_epochs": 500,
    "batch_size": 119,
    "learning_rate": 0.0019772325664695668,
    "weight_decay": 0.005911122471315081,
    "checkpoint_interval": 10,
    "seed": 947
  },
  "data_csv": "data/time_aligned_data.csv",
  "timestamp_column": "Date, Time",
  "columns": [
    "TRC-DT",
    "TRC-RT",
    "TRC-PPL1",
    "TRC-PPL2",
    "pH-DT",
    "pH-RT",
    "pH-PPL1",
    "pH-PPL2",
    "cond-DT",
    "cond-PPL1",
    "cond-PPL2",
    "fDOM-RT",
    "fDOM-PPL1",
    "fDOM-PPL2",
    "DO-RT",
    "DO-PPL1",
    "DO-PPL2",
    "TOC-RT",
    "TOC-PPL1",
    "TOC-PPL2",
    "DOC-RT",
    "DOC-PPL1",
    "DOC-PPL2",
    "minutes_since_start"
  ],
  "feature_columns": [
    "TRC-DT",
    "TRC-RT",
    "pH-DT",
    "pH-RT",
    "cond-DT",
    "fDOM-RT",
    "DO-RT",
    "TOC-RT",
    "DOC-RT",
    "minutes_since_start"
  ],
  "target_columns": [
    "TRC-PPL1",
    "TRC-PPL2"
  ],
  "target_mode": "rate",
  "target_base_columns": [
    "TRC-RT",
    "TRC-RT"
  ],
  "split_boundaries": {
    "train_end": 7796,
    "val_end": 9466,
    "test_end": 11138
  },
  "dataset_sizes": {
    "train": 7716,
    "val": 1670,
    "test": 1672
  },
  "input_dim": 10,
  "sequence_length": 81,
  "training_history": {
    "epochs": [
      1,
      2,
      3,
      4,
      5,
      6,
      7,
      8,
      9,
      10,
      11,
      12,
      13,
      14,
      15,
      16,
      17,
      18,
      19,
      20,
      21,
      22,
      23,
      24,
      25,
      26,
      27,
      28,
      29,
      30,
      31,
      32,
      33,
      34,
      35,
      36,
      37,
      38,
      39,
      40,
      41,
      42,
      43,
      44,
      45,
      46,
      47,
      48,
      49,
      50,
      51,
      52,
      53,
      54,
      55,
      56,
      57,
      58,
      59,
      60,
      61,
      62,
      63,
      64,
      65,
      66,
      67,
      68,
      69,
      70,
      71,
      72,
      73,
      74,
      75,
      76,
      77,
      78,
      79,
      80
    ],
    "train_loss": [
      0.2686181148372208,
      0.47509098492809965,
      0.3152199384769422,
      0.18575874726568528,
      0.13442828291384992,
      0.1483657020436259,
      0.11847369163985108,
      0.1335729212582714,
      0.15785656325391625,
      0.08065458963262549,
      0.07186529443571764,
      0.06172428766150605,
      0.06689845898105126,
      0.0677655982249501,
      0.0644592768437832,
      0.0665794813598976,
      0.06271035883753348,
      0.06430425860679106,
      0.05940131468195304,
      0.06278189212738494,
      0.07198682306271613,
      0.06230944382464209,
      0.06706149263443602,
      0.062057205613465,
      0.05357522234135245,
      0.06280139678323467,
      0.05556596025820684,
      0.060108253350911085,
      0.17944539080438154,
      0.10322560554687966,
      0.08827475894159484,
      0.06157515713044125,
      0.12992839444237494,
      0.05896649412915087,
      0.05739949532760864,
      0.08025176340676439,
      0.09093862837503972,
      0.052628049904556856,
      0.05326953329563048,
      0.04886298804331963,
      0.04970602995000042,
      0.05831573286831008,
      0.05232946279696722,
      0.06022140420027011,
      0.05881934384141888,
      0.05164096882482802,
      0.055979129819208134,
      0.06126908884427673,
      0.04983958897425635,
      0.048550191062597677,
      0.049440676071224834,
      0.05128656391695551,
      0.05272893716294865,
      0.05025056890753219,
      0.04977429416098238,
      0.04811068014818702,
      0.054299829829486154,
      0.047230066522036644,
      0.05434022647675808,
      0.0466639789476983,
      0.0522094866658714,
      0.05608433475037153,
      0.052848040938334895,
      0.05617686492010001,
      0.050708743483851675,
      0.050516785749853695,
      0.048449593314687595,
      0.05096571192680291,
      0.04611024167195557,
      0.048878617482834404,
      0.05512701219721215,
      0.04650140872699276,
      0.04590641130235079,
      0.052455684442426515,
      0.04801276457404738,
      0.054479930321495264,
      0.05578712427852499,
      0.0486417980164583,
      0.056348539365502825,
      0.042958729832827613
    ],
    "val_loss": [
      0.3236777065399878,
      0.2861847928295771,
      0.44133464826081326,
      0.37685980805513747,
      0.28111244204069324,
      0.27248918571604225,
      0.40429538811172194,
      0.2753027939488609,
      0.30220013574925725,
      0.3175416893409398,
      0.2903594956493485,
      0.2860325719023536,
      0.2616057138042357,
      0.272350029517969,
      0.31008354377916114,
      0.30949474584065867,
      0.2774176435489319,
      0.2717384684061308,
      0.28140235376616796,
      0.28375149310014386,
      0.2664944933916994,
      0.2989797221474394,
      0.29971908133833886,
      0.32584623028105963,
      0.30038878639412675,
      0.3431642262298547,
      0.32303932872405666,
      0.28773042908953333,
      0.36453522858460863,
      0.2852602366491884,
      0.2912694330120872,
      0.27524711493135035,
      0.29081202345470825,
      0.3076245633327586,
      0.2775411851313746,
      0.2838743072270812,
      0.310474187760296,
      0.3058507088750244,
      0.28562100553539344,
      0.30099863780740493,
      0.3183162508030494,
      0.29693814710362587,
      0.3176926096834376,
      0.2791445677709615,
      0.3230179420075641,
      0.3245282813694752,
      0.36683657463796127,
      0.3400248581867018,
      0.381417382704819,
      0.31788663643183646,
      0.3089589908027542,
      0.34870918645874827,
      0.2914746206566067,
      0.31334089853516417,
      0.3156880249029505,
      0.34362284008324323,
      0.32181851601417727,
      0.3323197376496064,
      0.3117751170552062,
      0.3459169928709458,
      0.3580228012635144,
      0.32673958048982893,
      0.3220264856820692,
      0.28887105913955474,
      0.33322502857375286,
      0.3751691890512398,
      0.36703461702846124,
      0.3856522643704436,
      0.3306039791409216,
      0.3357661290752317,
      0.37998361472865777,
      0.35824404401470444,
      0.32368949827721377,
      0.3464592037755929,
      0.35211472365737495,
      0.31494054158335316,
      0.35236151522237386,
      0.31392611193576614,
      0.39465902673894776,
      0.4041720633958271
    ],
    "best_epoch": 13,
    "best_val_loss": 0.2616057138042357,
    "best_val_abs_mse": 0.32710716128349304,
    "test_loss": 4.260406236115255,
    "test_abs_mse": 41.11000061035156,
    "tracker": {
      "initial_train_loss": 0.2686181148372208,
      "train_threshold": 0.08953937161240694,
      "best_tracking": true,
      "patience_active": true,
      "patience_best_train": null,
      "patience_best_val": 0.2616057138042357,
      "patience_no_improve_epochs": 67,
      "best_train_loss": Infinity,
      "forced_stop_due_to_threshold": false
    }
  },
  "model_files": {
    "best": "scripts/outputs/rnn-trc-rate/trial_34_c4d8d2/best_model.pt",
    "last": "scripts/outputs/rnn-trc-rate/trial_34_c4d8d2/last_model.pt"
  },
  "config_path": "/home/amoris/data-analysis-on-dbps/scripts/outputs/rnn-trc-rate/trial_34_c4d8d2/config.yaml"
}