{
  "model_name": "mlp_with_history-trc-value/trial_51_1edeb6",
  "model_type": "MLP_WITH_HISTORY",
  "model_format": "torch",
  "model_params": {
    "history_length": 29,
    "hidden_layers": [
      4096,
      3072,
      2048,
      1024,
      768,
      512,
      256,
      128
    ],
    "dropout": 0.20974866082050445,
    "mid_layer_count": 4,
    "mid_layer_size": 721
  },
  "training_params": {
    "max_epochs": 500,
    "batch_size": 497,
    "learning_rate": 0.0018471127819058991,
    "weight_decay": 0.0010488769723778222,
    "checkpoint_interval": 10,
    "seed": 77
  },
  "data_csv": "data/time_aligned_data.csv",
  "timestamp_column": "Date, Time",
  "columns": [
    "TRC-DT",
    "TRC-RT",
    "TRC-PPL1",
    "TRC-PPL2",
    "pH-DT",
    "pH-RT",
    "pH-PPL1",
    "pH-PPL2",
    "cond-DT",
    "cond-PPL1",
    "cond-PPL2",
    "fDOM-RT",
    "fDOM-PPL1",
    "fDOM-PPL2",
    "DO-RT",
    "DO-PPL1",
    "DO-PPL2",
    "TOC-RT",
    "TOC-PPL1",
    "TOC-PPL2",
    "DOC-RT",
    "DOC-PPL1",
    "DOC-PPL2",
    "minutes_since_start"
  ],
  "feature_columns": [
    "TRC-DT",
    "TRC-RT",
    "pH-DT",
    "pH-RT",
    "cond-DT",
    "fDOM-RT",
    "DO-RT",
    "TOC-RT",
    "DOC-RT",
    "minutes_since_start"
  ],
  "target_columns": [
    "TRC-PPL1",
    "TRC-PPL2"
  ],
  "split_boundaries": {
    "train_end": 7796,
    "val_end": 9466,
    "test_end": 11138
  },
  "dataset_sizes": {
    "train": 7768,
    "val": 1670,
    "test": 1672
  },
  "input_dim": 290,
  "sequence_length": null,
  "training_history": {
    "epochs": [
      1,
      2,
      3,
      4,
      5,
      6,
      7,
      8,
      9,
      10,
      11,
      12,
      13,
      14,
      15,
      16,
      17,
      18,
      19,
      20,
      21,
      22,
      23,
      24,
      25,
      26,
      27,
      28,
      29,
      30,
      31,
      32,
      33,
      34,
      35,
      36,
      37,
      38,
      39,
      40,
      41,
      42,
      43,
      44,
      45,
      46,
      47,
      48,
      49,
      50,
      51,
      52,
      53,
      54,
      55,
      56,
      57,
      58,
      59,
      60,
      61,
      62,
      63,
      64,
      65,
      66,
      67,
      68,
      69,
      70,
      71,
      72,
      73,
      74,
      75,
      76,
      77,
      78,
      79,
      80
    ],
    "train_loss": [
      1.5503346112112675,
      0.7333643503418052,
      0.4660640998362697,
      0.2623551015259677,
      0.23371728433317185,
      0.1597028444784892,
      0.13330049435948582,
      0.13113524506288657,
      0.12541738730096608,
      0.12471446174798279,
      0.1151452729426685,
      0.11522208512151647,
      0.1184632133560142,
      0.11164467498644741,
      0.11924069300658395,
      0.10387331667527878,
      0.09672769954875035,
      0.09565589196373825,
      0.13107083256938615,
      0.09282991299012448,
      0.08800940504767592,
      0.09436967323441155,
      0.0919278651019357,
      0.07634982771895266,
      0.06855975583399024,
      0.06398851460519216,
      0.08878497832697403,
      0.10176377313309393,
      0.07226756389226945,
      0.06952036897883003,
      0.05998352384405742,
      0.06443367039652428,
      0.05725528316353625,
      0.060535384535820184,
      0.0591119385034759,
      0.05823632339293753,
      0.05213762707164248,
      0.06099673399431238,
      0.05889359597753576,
      0.07011928540787801,
      0.062291625251247325,
      0.06495148718096201,
      0.06140871341297083,
      0.058868122462616766,
      0.056066506589263154,
      0.059372030962527134,
      0.05578027865595264,
      0.060952795265159974,
      0.05232379095289323,
      0.0555814909964539,
      0.05121952880425216,
      0.05693830655941435,
      0.051930437935372366,
      0.05574852951929879,
      0.052764177800038205,
      0.056555627384362116,
      0.0642466291902255,
      0.0599453580233889,
      0.04788726088461436,
      0.05344198573856441,
      0.050190329880680964,
      0.04826211646567535,
      0.048792892607575404,
      0.04800277943823613,
      0.05292431925673778,
      0.049749765838146304,
      0.05039736867309706,
      0.055525452888884365,
      0.05266577465964211,
      0.05165945953496729,
      0.05343151139910692,
      0.05298281731333365,
      0.04804885116464293,
      0.0474825809948553,
      0.04839873817690814,
      0.051159188947443736,
      0.04871510329438579,
      0.0510143690064442,
      0.04801538220417794,
      0.05443698688564644
    ],
    "val_loss": [
      0.38733992178639964,
      0.3500365140373835,
      0.20643653553313837,
      0.22131312939221273,
      0.44108748435081835,
      0.23749593267451502,
      0.2728006563366887,
      0.2740351587043194,
      0.1949305280061539,
      0.2560863209475657,
      0.3034354309055084,
      0.5526431812140756,
      0.2982984967942456,
      0.3084429541279277,
      0.28802411072959977,
      0.3334286057462771,
      0.38262876127985956,
      0.36725169246692857,
      0.45180000973541934,
      0.47297810008247454,
      0.6860898975595208,
      0.444909581200716,
      0.42642887213942177,
      0.513690500793432,
      0.47665621247588696,
      0.5120868031459743,
      0.4148431503364515,
      0.45753239217788694,
      0.4154573674375069,
      0.45180036410867813,
      0.5090976205704634,
      0.42791726645416844,
      0.506215756995503,
      0.43318988739507286,
      0.4939472289488255,
      0.5168880625042372,
      0.5728739893030442,
      0.5906719392399766,
      0.4967018670820726,
      0.35267843223751305,
      0.41819616284578326,
      0.538692077979847,
      0.46275909432505596,
      0.4930989327377634,
      0.5643432997959014,
      0.4634524800574887,
      0.4737868657792935,
      0.4295304727891159,
      0.5625862233541504,
      0.5663651574994186,
      0.4624224258910218,
      0.5630388676417534,
      0.5747347547577883,
      0.4194107670370422,
      0.5486706891091552,
      0.3933832378567247,
      0.5782163181771597,
      0.4279342649337239,
      0.45778060369751233,
      0.48569546944523107,
      0.5137745711071317,
      0.5413192583203404,
      0.5861750242975122,
      0.4514539922035472,
      0.4456166436773039,
      0.6667400847652001,
      0.46106810949876637,
      0.4023482228333722,
      0.564993377140316,
      0.4810697720358204,
      0.4205951872209232,
      0.5477151466254703,
      0.5420462833315937,
      0.5736648783422338,
      0.5090643147341238,
      0.6105320441241036,
      0.6678323109885176,
      0.5925880974749783,
      0.5570249735528302,
      0.47662474923616577
    ],
    "best_epoch": 9,
    "best_val_loss": 0.1949305280061539,
    "test_loss": 4.539462924787872,
    "tracker": {
      "initial_train_loss": 1.5503346112112675,
      "train_threshold": 0.5167782037370892,
      "best_tracking": true,
      "patience_active": true,
      "patience_best_train": null,
      "patience_best_val": 0.1949305280061539,
      "patience_no_improve_epochs": 71,
      "best_train_loss": Infinity,
      "forced_stop_due_to_threshold": false
    }
  },
  "model_files": {
    "best": "scripts/outputs/mlp_with_history-trc-value/trial_51_1edeb6/best_model.pt",
    "last": "scripts/outputs/mlp_with_history-trc-value/trial_51_1edeb6/last_model.pt"
  },
  "config_path": "/home/amoris/data-analysis-on-dbps/scripts/outputs/mlp_with_history-trc-value/trial_51_1edeb6/config.yaml"
}