{
  "model_name": "rnn-trc-value/trial_31_9caeec",
  "model_type": "RNN",
  "model_format": "torch",
  "model_params": {
    "history_length": 135,
    "units": 205,
    "num_layers": 7,
    "dropout": 0.25050880249539687
  },
  "training_params": {
    "max_epochs": 500,
    "batch_size": 148,
    "learning_rate": 0.0015670259107723507,
    "weight_decay": 0.00013891826679087027,
    "checkpoint_interval": 10,
    "seed": 947
  },
  "data_csv": "data/time_aligned_data.csv",
  "timestamp_column": "Date, Time",
  "columns": [
    "TRC-DT",
    "TRC-RT",
    "TRC-PPL1",
    "TRC-PPL2",
    "pH-DT",
    "pH-RT",
    "pH-PPL1",
    "pH-PPL2",
    "cond-DT",
    "cond-PPL1",
    "cond-PPL2",
    "fDOM-RT",
    "fDOM-PPL1",
    "fDOM-PPL2",
    "DO-RT",
    "DO-PPL1",
    "DO-PPL2",
    "TOC-RT",
    "TOC-PPL1",
    "TOC-PPL2",
    "DOC-RT",
    "DOC-PPL1",
    "DOC-PPL2",
    "minutes_since_start"
  ],
  "feature_columns": [
    "TRC-DT",
    "TRC-RT",
    "pH-DT",
    "pH-RT",
    "cond-DT",
    "fDOM-RT",
    "DO-RT",
    "TOC-RT",
    "DOC-RT",
    "minutes_since_start"
  ],
  "target_columns": [
    "TRC-PPL1",
    "TRC-PPL2"
  ],
  "split_boundaries": {
    "train_end": 7796,
    "val_end": 9466,
    "test_end": 11138
  },
  "dataset_sizes": {
    "train": 7662,
    "val": 1670,
    "test": 1672
  },
  "input_dim": 10,
  "sequence_length": 135,
  "training_history": {
    "epochs": [
      1,
      2,
      3,
      4,
      5,
      6,
      7,
      8,
      9,
      10,
      11,
      12,
      13,
      14,
      15,
      16,
      17,
      18,
      19,
      20,
      21,
      22,
      23,
      24,
      25,
      26,
      27,
      28,
      29,
      30,
      31,
      32,
      33,
      34,
      35,
      36,
      37,
      38,
      39,
      40,
      41,
      42,
      43,
      44,
      45,
      46,
      47,
      48,
      49,
      50,
      51,
      52,
      53,
      54,
      55,
      56,
      57,
      58,
      59,
      60,
      61,
      62,
      63,
      64,
      65,
      66,
      67,
      68,
      69,
      70,
      71,
      72,
      73,
      74,
      75,
      76,
      77,
      78,
      79,
      80
    ],
    "train_loss": [
      0.5435336575017091,
      0.16553846333021285,
      0.08468005431053129,
      0.0689349482927488,
      0.05939016832878433,
      0.053418241720330585,
      0.04738579686955726,
      0.042796525776510726,
      0.047398221157092524,
      0.03945254028442478,
      0.03465835853178113,
      0.030313404909517647,
      0.37720834433884637,
      0.8113317993408518,
      0.7967421482170073,
      0.7996017139874685,
      0.8008596007489748,
      0.7948505358171973,
      0.7963012043348774,
      0.7969806845895742,
      0.7972919778673246,
      0.7952838733158296,
      0.7940058092385165,
      0.7918059799758923,
      0.7951096878354216,
      0.7963402138089922,
      0.7967134315050852,
      0.7941250805598393,
      0.7939605939111334,
      0.7929546282111556,
      0.7932055134494446,
      0.796965369229776,
      0.7942652855738433,
      0.7946029576954037,
      0.7929258800243715,
      0.7944812333574497,
      0.7955247479610299,
      0.7978815584324633,
      0.7935870624932817,
      0.7990631361880212,
      0.7969773597674966,
      0.7909923794219152,
      0.7894154308172717,
      0.7906036212966449,
      0.7875063439568102,
      0.7865673059335547,
      0.7873272524586984,
      0.7885445209185531,
      0.7896243047228808,
      0.7857880055422075,
      0.7859876230378525,
      0.7884315173578026,
      0.7961796225750922,
      0.7915519317706862,
      0.789959031229883,
      0.7856837344430999,
      0.9890680104626343,
      0.9286166074163327,
      0.9490978914463498,
      0.888659496868724,
      0.9019491489858983,
      1.0010903110332385,
      1.0091034803462695,
      1.0024417921010025,
      1.0065295767205342,
      1.0152481580738983,
      1.0011994187124278,
      1.0092773986404169,
      1.0081364115701583,
      1.00144876927503,
      0.9995455663311859,
      1.0017998787044264,
      1.0009386431949938,
      1.0037365761602308,
      0.9996313927099556,
      1.0070155720367222,
      1.0049958937288233,
      1.0014488815919005,
      1.0021860476916777,
      1.0013996030200838
    ],
    "val_loss": [
      0.4324544179046939,
      0.2956017762467176,
      0.32145641554080084,
      0.29777132604650397,
      0.2819186925932676,
      0.2846574246481864,
      0.30166875903388696,
      0.31311616451440455,
      0.28161933653190463,
      0.30634763565159845,
      0.2889493576245394,
      0.28523717279473465,
      0.3252064550797383,
      0.3555575309042445,
      0.5405759106853051,
      0.36331712147611345,
      0.3994332488425478,
      0.340094562142552,
      0.3692593384645656,
      0.3818075548210544,
      0.37378165725462453,
      0.39528069517569625,
      0.35629410906109266,
      0.3615265521014522,
      0.4200195192576882,
      0.3532870386978109,
      0.3784243479103385,
      0.4156614074985424,
      0.34543993309764803,
      0.38474083512486096,
      0.441002844336504,
      0.3882370839218893,
      0.41261479544068524,
      0.4002041874174586,
      0.4435945970747999,
      0.44684197556472827,
      0.387378804689039,
      0.36753999480230365,
      0.4627947011393701,
      0.4460938322329949,
      0.3784075572729825,
      0.3985821290287429,
      0.4356737312977899,
      0.41468743412437553,
      0.4101625022595514,
      0.3972195884067855,
      0.41118302131127454,
      0.43693154771884757,
      0.38288580009680306,
      0.3739739822234936,
      0.38318983700104103,
      0.48430725121926405,
      0.33214519491452654,
      0.330648964188413,
      0.4049797826184484,
      0.4142661223154582,
      0.35842535199519404,
      0.2955833349934595,
      0.28306936088079465,
      0.3067952420227899,
      0.2860858121362632,
      0.3408686234877852,
      0.337166385294613,
      0.3274522567223646,
      0.3501129428158977,
      0.35098855650710487,
      0.34176664541581436,
      0.32554703898237136,
      0.3185560772161998,
      0.3395638843585631,
      0.3612515554188968,
      0.34123293270250993,
      0.32381339515754565,
      0.32739886356863435,
      0.3454777147777066,
      0.32629772357776493,
      0.37994915537848445,
      0.312741727270409,
      0.4014350816518247,
      0.3429630798226345
    ],
    "best_epoch": 9,
    "best_val_loss": 0.28161933653190463,
    "test_loss": 4.341239477173564,
    "tracker": {
      "initial_train_loss": 0.5435336575017091,
      "train_threshold": 0.18117788583390304,
      "best_tracking": true,
      "patience_active": true,
      "patience_best_train": null,
      "patience_best_val": 0.28161933653190463,
      "patience_no_improve_epochs": 71,
      "best_train_loss": Infinity,
      "forced_stop_due_to_threshold": false
    }
  },
  "model_files": {
    "best": "scripts/outputs/rnn-trc-value/trial_31_9caeec/best_model.pt",
    "last": "scripts/outputs/rnn-trc-value/trial_31_9caeec/last_model.pt"
  },
  "config_path": "/home/amoris/data-analysis-on-dbps/scripts/outputs/rnn-trc-value/trial_31_9caeec/config.yaml"
}