{
  "model_name": "gru-other-value/trial_37_903494",
  "model_type": "GRU",
  "model_format": "torch",
  "model_params": {
    "history_length": 74,
    "units": 383,
    "num_layers": 3,
    "dropout": 0.4823922377037493
  },
  "training_params": {
    "max_epochs": 500,
    "batch_size": 248,
    "learning_rate": 0.0004158449701577258,
    "weight_decay": 0.00031009091502894975,
    "checkpoint_interval": 10,
    "seed": 947
  },
  "data_csv": "data/time_aligned_data.csv",
  "timestamp_column": "Date, Time",
  "columns": [
    "TRC-DT",
    "TRC-RT",
    "TRC-PPL1",
    "TRC-PPL2",
    "pH-DT",
    "pH-RT",
    "pH-PPL1",
    "pH-PPL2",
    "cond-DT",
    "cond-PPL1",
    "cond-PPL2",
    "fDOM-RT",
    "fDOM-PPL1",
    "fDOM-PPL2",
    "DO-RT",
    "DO-PPL1",
    "DO-PPL2",
    "TOC-RT",
    "TOC-PPL1",
    "TOC-PPL2",
    "DOC-RT",
    "DOC-PPL1",
    "DOC-PPL2",
    "minutes_since_start"
  ],
  "feature_columns": [
    "TRC-DT",
    "TRC-RT",
    "pH-DT",
    "pH-RT",
    "cond-DT",
    "fDOM-RT",
    "DO-RT",
    "TOC-RT",
    "DOC-RT",
    "minutes_since_start"
  ],
  "target_columns": [
    "TOC-PPL1",
    "TOC-PPL2",
    "DOC-PPL1",
    "DOC-PPL2",
    "pH-PPL1",
    "pH-PPL2"
  ],
  "split_boundaries": {
    "train_end": 7796,
    "val_end": 9466,
    "test_end": 11138
  },
  "dataset_sizes": {
    "train": 7723,
    "val": 1670,
    "test": 1672
  },
  "input_dim": 10,
  "sequence_length": 74,
  "training_history": {
    "epochs": [
      1,
      2,
      3,
      4,
      5,
      6,
      7,
      8,
      9,
      10,
      11,
      12,
      13,
      14,
      15,
      16,
      17,
      18,
      19,
      20,
      21,
      22,
      23,
      24,
      25,
      26,
      27,
      28,
      29,
      30,
      31,
      32,
      33,
      34,
      35,
      36,
      37,
      38,
      39,
      40,
      41,
      42,
      43,
      44,
      45,
      46,
      47,
      48,
      49,
      50,
      51,
      52,
      53,
      54,
      55,
      56,
      57,
      58,
      59,
      60,
      61,
      62,
      63,
      64,
      65,
      66,
      67,
      68,
      69,
      70,
      71,
      72,
      73,
      74,
      75,
      76,
      77,
      78,
      79,
      80
    ],
    "train_loss": [
      0.4000081686035549,
      0.24941297413794067,
      0.22570570365653728,
      0.21358066072168244,
      0.2043917709012484,
      0.1913002317130496,
      0.1762314955546543,
      0.16748173422576015,
      0.15508363948620987,
      0.14489011198116308,
      0.13308444522609678,
      0.13597203337527242,
      0.12203462545379029,
      0.10726970433802953,
      0.10858912045039863,
      0.10010604046465556,
      0.08920467103332586,
      0.10739466503202706,
      0.09490965268073359,
      0.07708745977197243,
      0.06948100605399038,
      0.0856915201206027,
      0.06737382528418537,
      0.06697837954186164,
      0.05477633233860214,
      0.056074269245680514,
      0.05508239416107217,
      0.054414799684137934,
      0.048397973418104576,
      0.04736130503728015,
      0.04739486795219288,
      0.046313288795616935,
      0.04450234934681826,
      0.04425284657041273,
      0.04646280022400981,
      0.04333798510964155,
      0.04040644889465657,
      0.03880708764697795,
      0.042087461597755386,
      0.03790068498384639,
      0.03656178988274184,
      0.03807482784067691,
      0.03718996566321031,
      0.03943310448858623,
      0.03434488537769451,
      0.0357152684311337,
      0.03426392411948925,
      0.034115749572755975,
      0.03292308654334668,
      0.03359612970666365,
      0.037207994116131356,
      0.04145797774211107,
      0.036265575378712604,
      0.03164124030465021,
      0.03137835304835378,
      0.03100614514282434,
      0.03308750183223737,
      0.03273710270418175,
      0.03151224489792531,
      0.030622236507823086,
      0.02902233775569555,
      0.028871483466511146,
      0.02922296446387391,
      0.029551695405213647,
      0.033624123629492735,
      0.031069741850263264,
      0.03690126304137619,
      0.05566557641736232,
      0.031797764995044324,
      0.02790623435020547,
      0.027339465132075535,
      0.028641579691506366,
      0.028505827150838558,
      0.028150909302810938,
      0.028425032777245545,
      0.027502057461759502,
      0.027218143756075813,
      0.02819265460321265,
      0.028598304465557802,
      0.02907836153716424
    ],
    "val_loss": [
      0.3668462475616775,
      0.3776975084207729,
      0.49564911419759966,
      0.530280614256145,
      0.646932725420969,
      0.7509683357027477,
      0.7300770795987752,
      0.7317211739317385,
      0.7625152082500344,
      0.7227026529654771,
      0.8014375684504024,
      0.7269251873393259,
      0.7162347536600993,
      0.80034201523501,
      0.7072162729180501,
      0.6596012695463832,
      0.5200227124962264,
      0.484063789159238,
      0.5447583887748375,
      0.5629045108478227,
      0.6021458904900236,
      0.45386242973590324,
      0.496413321516471,
      0.6156441660341389,
      0.5943245720363662,
      0.5504221471483836,
      0.4472862429961473,
      0.44025029600737337,
      0.5461302972125436,
      0.486775901788723,
      0.45974260839873443,
      0.5415606358094129,
      0.541847546443254,
      0.5124921930050421,
      0.5529444194839386,
      0.511390881052988,
      0.5512634229517268,
      0.4984996445164709,
      0.4606193596017575,
      0.5039699518751956,
      0.7045211587837357,
      0.6145249345345412,
      0.515496579544273,
      0.5266389226485155,
      0.5264878859063109,
      0.5570659364055017,
      0.5400804965082043,
      0.5630769026493598,
      0.5276745576344565,
      0.5485961058182631,
      0.4758345003613455,
      0.5207165051363185,
      0.6116706845289219,
      0.5645719723073308,
      0.5660622699531966,
      0.4725003647233198,
      0.49486415157774966,
      0.5206717174924063,
      0.6191186131831414,
      0.6211027468036034,
      0.5520236294426604,
      0.5936356485960727,
      0.4893155180051655,
      0.530214824862109,
      0.5599007782108055,
      0.5835990645928297,
      0.5199086624705149,
      0.5021256258387765,
      0.5925542226094686,
      0.5377199214375662,
      0.5778765354327813,
      0.5299440404612147,
      0.5544330250717209,
      0.5063476843748264,
      0.5172957291146238,
      0.49452187936463043,
      0.5142934013983447,
      0.5708587902034828,
      0.49833015417624377,
      0.49141867310701015
    ],
    "best_epoch": 28,
    "best_val_loss": 0.44025029600737337,
    "test_loss": 0.3841163996589241,
    "tracker": {
      "initial_train_loss": 0.4000081686035549,
      "train_threshold": 0.13333605620118497,
      "best_tracking": true,
      "patience_active": true,
      "patience_best_train": null,
      "patience_best_val": 0.44025029600737337,
      "patience_no_improve_epochs": 52,
      "best_train_loss": Infinity,
      "forced_stop_due_to_threshold": false
    }
  },
  "model_files": {
    "best": "scripts/outputs/gru-other-value/trial_37_903494/best_model.pt",
    "last": "scripts/outputs/gru-other-value/trial_37_903494/last_model.pt"
  },
  "config_path": "/home/amoris/data-analysis-on-dbps/scripts/outputs/gru-other-value/trial_37_903494/config.yaml"
}