{
  "model_name": "lstm-trc-rate/trial_95_e6cc50",
  "model_type": "LSTM",
  "model_format": "torch",
  "model_params": {
    "history_length": 145,
    "units": 302,
    "num_layers": 4,
    "dropout": 0.26491711194545625
  },
  "training_params": {
    "max_epochs": 500,
    "batch_size": 242,
    "learning_rate": 0.00038983536416946986,
    "weight_decay": 0.00021462798576786884,
    "checkpoint_interval": 10,
    "seed": 947
  },
  "data_csv": "data/time_aligned_data.csv",
  "timestamp_column": "Date, Time",
  "columns": [
    "TRC-DT",
    "TRC-RT",
    "TRC-PPL1",
    "TRC-PPL2",
    "pH-DT",
    "pH-RT",
    "pH-PPL1",
    "pH-PPL2",
    "cond-DT",
    "cond-PPL1",
    "cond-PPL2",
    "fDOM-RT",
    "fDOM-PPL1",
    "fDOM-PPL2",
    "DO-RT",
    "DO-PPL1",
    "DO-PPL2",
    "TOC-RT",
    "TOC-PPL1",
    "TOC-PPL2",
    "DOC-RT",
    "DOC-PPL1",
    "DOC-PPL2",
    "minutes_since_start"
  ],
  "feature_columns": [
    "TRC-DT",
    "TRC-RT",
    "pH-DT",
    "pH-RT",
    "cond-DT",
    "fDOM-RT",
    "DO-RT",
    "TOC-RT",
    "DOC-RT",
    "minutes_since_start"
  ],
  "target_columns": [
    "TRC-PPL1",
    "TRC-PPL2"
  ],
  "target_mode": "rate",
  "target_base_columns": [
    "TRC-RT",
    "TRC-RT"
  ],
  "split_boundaries": {
    "train_end": 7796,
    "val_end": 9466,
    "test_end": 11138
  },
  "dataset_sizes": {
    "train": 7652,
    "val": 1670,
    "test": 1672
  },
  "input_dim": 10,
  "sequence_length": 145,
  "training_history": {
    "epochs": [
      1,
      2,
      3,
      4,
      5,
      6,
      7,
      8,
      9,
      10,
      11,
      12,
      13,
      14,
      15,
      16,
      17,
      18,
      19,
      20,
      21,
      22,
      23,
      24,
      25,
      26,
      27,
      28,
      29,
      30,
      31,
      32,
      33,
      34,
      35,
      36,
      37,
      38,
      39,
      40,
      41,
      42,
      43,
      44,
      45,
      46,
      47,
      48,
      49,
      50,
      51,
      52,
      53,
      54,
      55,
      56,
      57,
      58,
      59,
      60,
      61,
      62,
      63,
      64,
      65,
      66,
      67,
      68,
      69,
      70,
      71,
      72,
      73,
      74,
      75,
      76,
      77,
      78,
      79,
      80
    ],
    "train_loss": [
      0.5382374165082128,
      0.1406343344908638,
      0.0848227206547489,
      0.05111387077674184,
      0.04160095073021773,
      0.03790438801616867,
      0.03689780329065412,
      0.032039782637511165,
      0.03085264299742554,
      0.029282247439762932,
      0.028954033625457714,
      0.028083236519514082,
      0.02591437747350505,
      0.02767201347283384,
      0.024896410805057837,
      0.024772141205698983,
      0.024726669984186624,
      0.022990442674667405,
      0.02298517967683837,
      0.021987117134653893,
      0.02183253365927617,
      0.021884759648041426,
      0.020961899898451656,
      0.021120966873163338,
      0.020180330558213118,
      0.020567257339947832,
      0.021099107748922787,
      0.020017236479452406,
      0.019421805078976763,
      0.019269005628180985,
      0.019879129027360654,
      0.022120312980867404,
      0.018779852558015002,
      0.02008605030619905,
      0.03963918757897067,
      0.02819195769676599,
      0.024868345678717256,
      0.022290407178531094,
      0.022055434249536224,
      0.020282426067144536,
      0.024691529851455497,
      0.022484000757632613,
      0.021791610873600792,
      0.020624257733201208,
      0.020376827795656326,
      0.019948465319742755,
      0.02098791589020857,
      0.020763456728455445,
      0.019563126700048634,
      0.019691530696880236,
      0.01853649872678911,
      0.020162900707256525,
      0.02045700227246818,
      0.019647936864916216,
      0.018630931091578106,
      0.01850320140490872,
      0.019221119808546235,
      0.018916173453963184,
      0.018683470315088154,
      0.018268631990771143,
      0.0187097927896229,
      0.018101864628264,
      0.018718912122820803,
      0.017800178460122495,
      0.017857686561224148,
      0.018375431224937473,
      0.018451952830179006,
      0.017990142096786274,
      0.01845793891332993,
      0.019084805023885185,
      0.018868948487293265,
      0.01798691531527404,
      0.021196508641372753,
      0.02052354985449835,
      0.0187329945175909,
      0.017894305909754514,
      0.018576917255572853,
      0.019121090804605945,
      0.01814560542590001,
      0.017291847017135566
    ],
    "val_loss": [
      0.27560511085979955,
      0.267754551402466,
      0.18293016861655756,
      0.19865256781706553,
      0.19164637291948952,
      0.1982353264030939,
      0.46426872033291233,
      0.8052225218740052,
      1.3077265909019702,
      1.3714862925251443,
      1.4649332132056623,
      1.352695596421104,
      1.3375788092390148,
      1.18136744265874,
      1.1065026062802819,
      1.0443484252240665,
      0.8838947951860592,
      0.978200696825892,
      0.7731851575795762,
      0.47281201051960803,
      0.4953398923495573,
      0.5968659301383231,
      0.35827145671951555,
      0.33692021958173035,
      0.3307858273944633,
      0.31498125059652826,
      0.31994903657563073,
      0.318251277176206,
      0.3247512430532607,
      0.3350439480879528,
      0.3208858802022334,
      0.327209598905669,
      0.34163474128497934,
      0.3267205859952701,
      0.2528620440133674,
      0.2556027105892311,
      0.26484467185989113,
      0.25846845643695243,
      0.26333898517587584,
      0.2666763038915431,
      0.2859120475563282,
      0.2773286799894657,
      0.27911217913120806,
      0.28368312834488774,
      0.2798519246034815,
      0.2878731049708799,
      0.2884734125819035,
      0.28623330788296497,
      0.29746473122633504,
      0.28941480822548893,
      0.3020478715595906,
      0.2894003390908955,
      0.3020295878727279,
      0.30603085142855874,
      0.30369721444959413,
      0.3008133801871431,
      0.30061935946166873,
      0.3117362217721111,
      0.3083589225092869,
      0.30754991078269694,
      0.2996441155449002,
      0.301564084334734,
      0.3175474568621484,
      0.31482282805362505,
      0.31929033129381207,
      0.30982260133424205,
      0.31981397457420824,
      0.30535005615901445,
      0.31636422416362575,
      0.32000298320042514,
      0.31256153783621543,
      0.311678470352185,
      0.32942729117181485,
      0.3054170143773813,
      0.3090865374258357,
      0.30801407200713715,
      0.31496992906901294,
      0.30871754254320427,
      0.3142868044579814,
      0.3097006745524927
    ],
    "best_epoch": 3,
    "best_val_loss": 0.18293016861655756,
    "best_val_abs_mse": 0.4240615963935852,
    "test_loss": 4.012619940858138,
    "test_abs_mse": 40.28535842895508,
    "tracker": {
      "initial_train_loss": 0.5382374165082128,
      "train_threshold": 0.17941247216940426,
      "best_tracking": true,
      "patience_active": true,
      "patience_best_train": null,
      "patience_best_val": 0.18293016861655756,
      "patience_no_improve_epochs": 77,
      "best_train_loss": Infinity,
      "forced_stop_due_to_threshold": false
    }
  },
  "model_files": {
    "best": "scripts/outputs/lstm-trc-rate/trial_95_e6cc50/best_model.pt",
    "last": "scripts/outputs/lstm-trc-rate/trial_95_e6cc50/last_model.pt"
  },
  "config_path": "/home/amoris/data-analysis-on-dbps/scripts/outputs/lstm-trc-rate/trial_95_e6cc50/config.yaml"
}