{
  "model_name": "gru-trc-value/trial_5_aa5177",
  "model_type": "GRU",
  "model_format": "torch",
  "model_params": {
    "history_length": 32,
    "units": 203,
    "num_layers": 6,
    "dropout": 0.44397204612418445
  },
  "training_params": {
    "max_epochs": 500,
    "batch_size": 77,
    "learning_rate": 0.0018194732462840319,
    "weight_decay": 0.0001216940537913248,
    "checkpoint_interval": 10,
    "seed": 947
  },
  "data_csv": "data/time_aligned_data.csv",
  "timestamp_column": "Date, Time",
  "columns": [
    "TRC-DT",
    "TRC-RT",
    "TRC-PPL1",
    "TRC-PPL2",
    "pH-DT",
    "pH-RT",
    "pH-PPL1",
    "pH-PPL2",
    "cond-DT",
    "cond-PPL1",
    "cond-PPL2",
    "fDOM-RT",
    "fDOM-PPL1",
    "fDOM-PPL2",
    "DO-RT",
    "DO-PPL1",
    "DO-PPL2",
    "TOC-RT",
    "TOC-PPL1",
    "TOC-PPL2",
    "DOC-RT",
    "DOC-PPL1",
    "DOC-PPL2",
    "minutes_since_start"
  ],
  "feature_columns": [
    "TRC-DT",
    "TRC-RT",
    "pH-DT",
    "pH-RT",
    "cond-DT",
    "fDOM-RT",
    "DO-RT",
    "TOC-RT",
    "DOC-RT",
    "minutes_since_start"
  ],
  "target_columns": [
    "TRC-PPL1",
    "TRC-PPL2"
  ],
  "split_boundaries": {
    "train_end": 7796,
    "val_end": 9466,
    "test_end": 11138
  },
  "dataset_sizes": {
    "train": 7765,
    "val": 1670,
    "test": 1672
  },
  "input_dim": 10,
  "sequence_length": 32,
  "training_history": {
    "epochs": [
      1,
      2,
      3,
      4,
      5,
      6,
      7,
      8,
      9,
      10,
      11,
      12,
      13,
      14,
      15,
      16,
      17,
      18,
      19,
      20,
      21,
      22,
      23,
      24,
      25,
      26,
      27,
      28,
      29,
      30,
      31,
      32,
      33,
      34,
      35,
      36,
      37,
      38,
      39,
      40,
      41,
      42,
      43,
      44,
      45,
      46,
      47,
      48,
      49,
      50,
      51,
      52,
      53,
      54,
      55,
      56,
      57,
      58,
      59,
      60,
      61,
      62,
      63,
      64,
      65,
      66,
      67,
      68,
      69,
      70,
      71,
      72,
      73,
      74,
      75,
      76,
      77,
      78,
      79,
      80,
      81,
      82,
      83,
      84,
      85,
      86,
      87,
      88,
      89,
      90,
      91,
      92,
      93,
      94,
      95,
      96,
      97,
      98,
      99,
      100,
      101,
      102,
      103,
      104,
      105,
      106,
      107,
      108,
      109,
      110
    ],
    "train_loss": [
      0.22971212605718483,
      0.06367692125233158,
      0.05444589107029298,
      0.04839242595486002,
      0.03774491594690549,
      0.0488061546370224,
      0.03309215569637203,
      0.034572799271122535,
      0.031123104454506924,
      0.03174459309211026,
      0.12163682929974791,
      0.0660656709106446,
      0.040244196550842645,
      0.03319002045540371,
      0.02858716524628885,
      0.027815139849465736,
      0.026302291895937552,
      0.02594205441417536,
      0.027701827617936648,
      0.025269329485993804,
      0.023022570776712947,
      0.02264912191260287,
      0.026629244072718997,
      0.02369568163297557,
      0.023308125722263408,
      0.023127484200696213,
      0.024646623951730156,
      0.02970027364670501,
      0.027096144567649746,
      0.02538495860161489,
      0.02301294144797118,
      0.024112171922010987,
      0.02332914113226009,
      0.022771824571422163,
      0.023486059989974488,
      0.024281969339528624,
      0.15365476024199784,
      0.10963434656291567,
      0.07885272180552415,
      0.05357662803047868,
      0.09587576169153604,
      0.10506843403413536,
      0.07611796439404037,
      0.09580869990984471,
      0.05538661592068476,
      0.05035631634985833,
      0.04175824705566503,
      0.041333394223693413,
      0.036548544157773775,
      0.03827580397604399,
      0.03325793702594326,
      0.032564911396702645,
      0.031764062060341866,
      0.030634089738984533,
      0.028801580376476912,
      0.03052526576119473,
      0.02819199243108265,
      0.030383151279569285,
      0.026910549458368165,
      0.027739401465594882,
      0.024952321072365113,
      0.02543104216960155,
      0.028190326324141726,
      0.025402149353332275,
      0.02523213885364729,
      0.0280412967139897,
      0.026074675754844873,
      0.02374498915869961,
      0.025262479492476963,
      0.028133133587505996,
      0.02802419937614541,
      0.02839570063677858,
      0.025355514818028873,
      0.025497999034596503,
      0.023860791023324092,
      0.038322389270469825,
      0.03789570162819995,
      0.025386699531119404,
      0.023980927457990988,
      0.02329457584367939,
      0.025727656139426666,
      0.02557858141320257,
      0.023048686661924844,
      0.02241814059900397,
      0.025096682446882252,
      0.02421541733706834,
      0.024001490294391196,
      0.023401546142203765,
      0.026083305336088807,
      0.024094874327984343,
      0.022918203953804697,
      0.023303777148559718,
      0.027513383943719473,
      0.028153002186074458,
      0.02725148894413298,
      0.024194765457714363,
      0.023463491112694232,
      0.022179792506688653,
      0.022626691567066863,
      0.02459036408715473,
      0.027139746933618977,
      0.02428808961068421,
      0.02322515864692825,
      0.021588715580720827,
      0.022637888728967805,
      0.022914509962181546,
      0.022148961261879107,
      0.024635101970421906,
      0.023878173803321714,
      0.022779630353651503
    ],