{
  "model_name": "gru-other-value/trial_8_c01745",
  "model_type": "GRU",
  "model_format": "torch",
  "model_params": {
    "history_length": 96,
    "units": 78,
    "num_layers": 6,
    "dropout": 0.24823463372059715
  },
  "training_params": {
    "max_epochs": 500,
    "batch_size": 135,
    "learning_rate": 0.00021328806785793095,
    "weight_decay": 0.002795123701747213,
    "checkpoint_interval": 10,
    "seed": 947
  },
  "data_csv": "data/time_aligned_data.csv",
  "timestamp_column": "Date, Time",
  "columns": [
    "TRC-DT",
    "TRC-RT",
    "TRC-PPL1",
    "TRC-PPL2",
    "pH-DT",
    "pH-RT",
    "pH-PPL1",
    "pH-PPL2",
    "cond-DT",
    "cond-PPL1",
    "cond-PPL2",
    "fDOM-RT",
    "fDOM-PPL1",
    "fDOM-PPL2",
    "DO-RT",
    "DO-PPL1",
    "DO-PPL2",
    "TOC-RT",
    "TOC-PPL1",
    "TOC-PPL2",
    "DOC-RT",
    "DOC-PPL1",
    "DOC-PPL2",
    "minutes_since_start"
  ],
  "feature_columns": [
    "TRC-DT",
    "TRC-RT",
    "pH-DT",
    "pH-RT",
    "cond-DT",
    "fDOM-RT",
    "DO-RT",
    "TOC-RT",
    "DOC-RT",
    "minutes_since_start"
  ],
  "target_columns": [
    "TOC-PPL1",
    "TOC-PPL2",
    "DOC-PPL1",
    "DOC-PPL2",
    "pH-PPL1",
    "pH-PPL2"
  ],
  "split_boundaries": {
    "train_end": 7796,
    "val_end": 9466,
    "test_end": 11138
  },
  "dataset_sizes": {
    "train": 7701,
    "val": 1670,
    "test": 1672
  },
  "input_dim": 10,
  "sequence_length": 96,
  "training_history": {
    "epochs": [
      1,
      2,
      3,
      4,
      5,
      6,
      7,
      8,
      9,
      10,
      11,
      12,
      13,
      14,
      15,
      16,
      17,
      18,
      19,
      20,
      21,
      22,
      23,
      24,
      25,
      26,
      27,
      28,
      29,
      30,
      31,
      32,
      33,
      34,
      35,
      36,
      37,
      38,
      39,
      40,
      41,
      42,
      43,
      44,
      45,
      46,
      47,
      48,
      49,
      50,
      51,
      52,
      53,
      54,
      55,
      56,
      57,
      58,
      59,
      60,
      61,
      62,
      63,
      64,
      65,
      66,
      67,
      68,
      69,
      70,
      71,
      72,
      73,
      74,
      75,
      76,
      77,
      78,
      79,
      80
    ],
    "train_loss": [
      0.6340432301958944,
      0.3499326833059781,
      0.32478849549190425,
      0.2833659014594569,
      0.2673229013940078,
      0.25609538133826104,
      0.2441207193125534,
      0.2339359445821742,
      0.22670461635646255,
      0.22260285270762062,
      0.21726454613874707,
      0.21191674283403433,
      0.20918820973704844,
      0.20831500451226712,
      0.20427454651028998,
      0.20438639474230885,
      0.20035356438178517,
      0.1996771665714481,
      0.19797448256065003,
      0.19678819869156242,
      0.19437280475489582,
      0.19407896821745926,
      0.1941040636769147,
      0.1915958912329865,
      0.18982033694491668,
      0.1915660031258851,
      0.1895932604424165,
      0.18701989574333922,
      0.18721234686977445,
      0.18667915531945312,
      0.18629641385685855,
      0.1843720155615355,
      0.18390930690419874,
      0.18260960961809222,
      0.1820803198790708,
      0.1814258040263117,
      0.1798619666961459,
      0.1792826434437013,
      0.17788034008201292,
      0.17735786048131644,
      0.17587535195328355,
      0.1745873619296182,
      0.1750694258834399,
      0.17305215725905243,
      0.17323429939994842,
      0.17117547092035582,
      0.17272747103393332,
      0.17055830479620215,
      0.16985707160594818,
      0.16845642091190485,
      0.16782085004835495,
      0.1676475564514936,
      0.16781015813722192,
      0.1670934087253982,
      0.1669452612589062,
      0.166448171553465,
      0.16510461088535522,
      0.1662558569929504,
      0.16550982697352762,
      0.16419462858179362,
      0.1637584973238394,
      0.1648316140601177,
      0.16284453205947147,
      0.16316490643304007,
      0.16210746906195628,
      0.1613951181629357,
      0.16103112067770392,
      0.1600516978571468,
      0.16147564813918439,
      0.15997171937769195,
      0.15950874209020868,
      0.15882889543891093,
      0.15841928682858533,
      0.15755721729903263,
      0.15900022821826698,
      0.1556545240339436,
      0.1546544713016424,
      0.15326526761345238,
      0.1533510561148666,
      0.14951223566878571
    ],
    "val_loss": [
      0.5120471433072746,
      0.47581664196209994,
      0.43907349842215726,
      0.4012607511155263,
      0.39044530502336466,
      0.370402665574572,
      0.41174878110874913,
      0.3746973892930382,
      0.3788526221262124,
      0.3795709348768888,
      0.4021610862792966,
      0.39926257455152664,
      0.4269474926376771,
      0.43597801341981945,
      0.4595850168944833,
      0.43977413859642195,
      0.48547385603992527,
      0.5198139384567381,
      0.5023933564519097,
      0.5240510890851477,
      0.5174740351022717,
      0.5807840008578614,
      0.5596309832916289,
      0.5552122742383779,
      0.5492442422016652,
      0.577905220264,
      0.5616617298902509,
      0.5780259364334766,
      0.616615331213096,
      0.6142004967226596,
      0.6003983525481231,
      0.619244626795728,
      0.6299793674961892,
      0.6118481176163622,
      0.6535506132477058,
      0.6352818066555405,
      0.642898981275405,
      0.6425350523570519,
      0.6534867523472287,
      0.6339697224718189,
      0.668745541967407,
      0.6692703524325601,
      0.6518769392821782,
      0.6562675362798626,
      0.6500021935535405,
      0.6298108797988848,
      0.6755459341973423,
      0.6642052629839874,
      0.6610468393358999,
      0.6542283927319114,
      0.6671974599182963,
      0.672766520234639,
      0.6635758075751588,
      0.6771090494658418,
      0.6661278371347817,
      0.6740664737354852,
      0.6570750854262514,
      0.6749850420537823,
      0.6562465911920734,
      0.679941381478381,
      0.6986815185916281,
      0.6600692327284884,
      0.6668710510753942,
      0.6797432613943866,
      0.6782918359838916,
      0.6673573630744826,
      0.6576708250729266,
      0.6873545284845872,
      0.672722505104399,
      0.6751176500079518,
      0.6485482971156071,
      0.6883254702130478,
      0.6631290594305463,
      0.6654424985569573,
      0.6552625983105805,
      0.6576906730181086,
      0.6594022386623714,
      0.673188800471807,
      0.6700886922392124,
      0.6501564815372765
    ],
    "best_epoch": 13,
    "best_val_loss": 0.4269474926376771,
    "test_loss": 0.4084989999746235,
    "tracker": {
      "initial_train_loss": 0.6340432301958944,
      "train_threshold": 0.21134774339863147,
      "best_tracking": true,
      "patience_active": true,
      "patience_best_train": null,
      "patience_best_val": 0.4269474926376771,
      "patience_no_improve_epochs": 68,
      "best_train_loss": Infinity,
      "forced_stop_due_to_threshold": false
    }
  },
  "model_files": {
    "best": "scripts/outputs/gru-other-value/trial_8_c01745/best_model.pt",
    "last": "scripts/outputs/gru-other-value/trial_8_c01745/last_model.pt"
  },
  "config_path": "/home/amoris/data-analysis-on-dbps/scripts/outputs/gru-other-value/trial_8_c01745/config.yaml"
}