{
  "model_name": "rnn-trc-rate/trial_8_e8595e",
  "model_type": "RNN",
  "model_format": "torch",
  "model_params": {
    "history_length": 184,
    "units": 383,
    "num_layers": 6,
    "dropout": 0.3862863107028428
  },
  "training_params": {
    "max_epochs": 500,
    "batch_size": 267,
    "learning_rate": 0.0005539693531589332,
    "weight_decay": 0.0011837986390207968,
    "checkpoint_interval": 10,
    "seed": 947
  },
  "data_csv": "data/time_aligned_data.csv",
  "timestamp_column": "Date, Time",
  "columns": [
    "TRC-DT",
    "TRC-RT",
    "TRC-PPL1",
    "TRC-PPL2",
    "pH-DT",
    "pH-RT",
    "pH-PPL1",
    "pH-PPL2",
    "cond-DT",
    "cond-PPL1",
    "cond-PPL2",
    "fDOM-RT",
    "fDOM-PPL1",
    "fDOM-PPL2",
    "DO-RT",
    "DO-PPL1",
    "DO-PPL2",
    "TOC-RT",
    "TOC-PPL1",
    "TOC-PPL2",
    "DOC-RT",
    "DOC-PPL1",
    "DOC-PPL2",
    "minutes_since_start"
  ],
  "feature_columns": [
    "TRC-DT",
    "TRC-RT",
    "pH-DT",
    "pH-RT",
    "cond-DT",
    "fDOM-RT",
    "DO-RT",
    "TOC-RT",
    "DOC-RT",
    "minutes_since_start"
  ],
  "target_columns": [
    "TRC-PPL1",
    "TRC-PPL2"
  ],
  "target_mode": "rate",
  "target_base_columns": [
    "TRC-RT",
    "TRC-RT"
  ],
  "split_boundaries": {
    "train_end": 7796,
    "val_end": 9466,
    "test_end": 11138
  },
  "dataset_sizes": {
    "train": 7613,
    "val": 1670,
    "test": 1672
  },
  "input_dim": 10,
  "sequence_length": 184,
  "training_history": {
    "epochs": [
      1,
      2,
      3,
      4,
      5,
      6,
      7,
      8,
      9,
      10,
      11,
      12,
      13,
      14,
      15,
      16,
      17,
      18,
      19,
      20,
      21,
      22,
      23,
      24,
      25,
      26,
      27,
      28,
      29,
      30,
      31,
      32,
      33,
      34,
      35,
      36,
      37,
      38,
      39,
      40,
      41,
      42,
      43,
      44,
      45,
      46,
      47,
      48,
      49,
      50,
      51,
      52,
      53,
      54,
      55,
      56,
      57,
      58,
      59,
      60,
      61,
      62,
      63,
      64,
      65,
      66,
      67,
      68,
      69,
      70,
      71,
      72,
      73,
      74,
      75,
      76,
      77,
      78,
      79,
      80
    ],
    "train_loss": [
      0.4764928764235593,
      0.20034135798226985,
      0.13838650455898263,
      0.08330824378714931,
      0.07521250678754098,
      0.05082154262732163,
      0.04805324737970547,
      0.05171955738088923,
      0.0432291301558205,
      0.0372151056641969,
      0.03852473310959859,
      0.03741825109282375,
      0.03145333899300789,
      0.03174330387105457,
      0.042623045764844894,
      0.04560832119817554,
      0.031161951923611503,
      0.03501467046356148,
      0.032963725608921184,
      0.02982422623880727,
      0.0329346894189318,
      0.033576171367608904,
      0.036910944812427474,
      0.029443415035475935,
      0.033041242316793895,
      0.03193023187422367,
      0.0304763078856927,
      0.3868319722212744,
      1.0208962337738672,
      1.0224180239486769,
      0.9869629757391487,
      0.9225094922578837,
      0.9086721833175324,
      0.9159719147992857,
      0.9109936526832295,
      0.8941950317392459,
      0.8825861943483697,
      0.8684460924032811,
      0.8646870513681386,
      0.8472825474562445,
      0.777322294480945,
      0.6919433363286014,
      0.6989041291491425,
      0.6965609795784459,
      0.6654477034301901,
      0.6294301293626904,
      0.6292265741376953,
      0.6078787639797807,
      0.5898448595405016,
      0.5638325366431461,
      0.5592626690136436,
      0.5487823462957593,
      0.5223966543916865,
      0.5197142156331059,
      0.5248161867548661,
      0.5106310895977486,
      0.49931395676686263,
      0.49467916154648495,
      0.48220024380720855,
      0.48113099752126376,
      0.48135250016829667,
      0.4656659149041584,
      0.6318473568707058,
      0.5574179514469431,
      0.552456610191515,
      0.5337569494997799,
      0.5043456395242681,
      0.4701827714207701,
      0.45518409765833046,
      0.4167556862323462,
      0.3856518664670714,
      0.3158039309208706,
      0.3245841432820321,
      0.2754333835091742,
      0.2586862547324331,
      0.2854897419609003,
      0.5878511418670546,
      0.5879059193498528,
      0.5026897142950627,
      0.47370059406351794
    ],
    "val_loss": [
      0.42595406274149517,
      0.2915598830598557,
      0.3238110352262944,
      0.29889733531919427,
      0.3110760429907523,
      0.3055982377915504,
      0.3048395161589463,
      0.2898811817492643,
      0.3095044922786291,
      0.3156834585659072,
      0.323145445585697,
      0.27912881170248915,
      0.33059205815619874,
      0.33469447149019577,
      0.3168800619168731,
      0.3437462950984161,
      0.3392339479155883,
      0.3385035608755703,
      0.35203379887284453,
      0.35986153102162,
      0.3474451035394997,
      0.43334610693067493,
      0.3404484128847183,
      0.30668518674074713,
      0.36909320948835084,
      0.3391533562244323,
      0.3457093399408424,
      0.6570545485187433,
      0.6166897861275844,
      0.45458878616908355,
      0.43847519239622673,
      0.548626351133435,
      0.4589727357721436,
      0.4455045174405782,
      0.5141454068308104,
      0.5109669122599556,
      0.5052666242161911,
      0.5693369225024463,
      0.6824671545963801,
      0.7770477425463186,
      0.932406978817757,
      1.045078557015893,
      1.2265893462532296,
      0.8573279129173941,
      0.9086263968023711,
      0.8633110906281871,
      0.8217073186250504,
      0.672307177012909,
      0.7502436391161588,
      0.6550378469471446,
      0.9003587195527054,
      1.0409198763707799,
      1.1055405339036517,
      1.308496425220531,
      1.3295843461941101,
      1.5282989710524768,
      1.5353593126742426,
      1.4660998162618297,
      1.5647096070343862,
      1.2629352783103902,
      1.3002649284676164,
      0.33661575456133147,
      2.4275944235349844,
      1.711535016755144,
      2.0119113858231525,
      2.059927228093147,
      2.179574990629436,
      1.7421725527433578,
      1.7900530223182576,
      0.694165421103289,
      0.6455864810724994,
      0.6411770551504489,
      0.639459498021417,
      0.6721455314514523,
      0.6049038253903032,
      0.36537516880891996,
      0.5581969081597057,
      0.35314759587545597,
      0.35172847061233964,
      0.31493195302472143
    ],
    "best_epoch": 12,
    "best_val_loss": 0.27912881170248915,
    "best_val_abs_mse": 0.3646240234375,
    "test_loss": 4.300878046053733,
    "test_abs_mse": 41.67125701904297,
    "tracker": {
      "initial_train_loss": 0.4764928764235593,
      "train_threshold": 0.1588309588078531,
      "best_tracking": true,
      "patience_active": true,
      "patience_best_train": null,
      "patience_best_val": 0.27912881170248915,
      "patience_no_improve_epochs": 68,
      "best_train_loss": Infinity,
      "forced_stop_due_to_threshold": false
    }
  },
  "model_files": {
    "best": "scripts/outputs/rnn-trc-rate/trial_8_e8595e/best_model.pt",
    "last": "scripts/outputs/rnn-trc-rate/trial_8_e8595e/last_model.pt"
  },
  "config_path": "/home/amoris/data-analysis-on-dbps/scripts/outputs/rnn-trc-rate/trial_8_e8595e/config.yaml"
}