{
  "model_name": "mlp-trc-value/trial_27_7e6994",
  "model_type": "MLP",
  "model_format": "torch",
  "model_params": {
    "history_length": 1,
    "hidden_layers": [
      512,
      256,
      128
    ],
    "dropout": 0.18342833193977517,
    "mid_layer_count": 15,
    "mid_layer_size": 466
  },
  "training_params": {
    "max_epochs": 400,
    "batch_size": 300,
    "learning_rate": 0.0007923911948160988,
    "weight_decay": 0.0008174247700691906,
    "checkpoint_interval": 10,
    "seed": 42
  },
  "data_csv": "data/time_aligned_data.csv",
  "timestamp_column": "Date, Time",
  "columns": [
    "TRC-DT",
    "TRC-RT",
    "TRC-PPL1",
    "TRC-PPL2",
    "pH-DT",
    "pH-RT",
    "pH-PPL1",
    "pH-PPL2",
    "cond-DT",
    "cond-PPL1",
    "cond-PPL2",
    "fDOM-RT",
    "fDOM-PPL1",
    "fDOM-PPL2",
    "DO-RT",
    "DO-PPL1",
    "DO-PPL2",
    "TOC-RT",
    "TOC-PPL1",
    "TOC-PPL2",
    "DOC-RT",
    "DOC-PPL1",
    "DOC-PPL2",
    "minutes_since_start"
  ],
  "feature_columns": [
    "TRC-DT",
    "TRC-RT",
    "pH-DT",
    "pH-RT",
    "cond-DT",
    "fDOM-RT",
    "DO-RT",
    "TOC-RT",
    "DOC-RT",
    "minutes_since_start"
  ],
  "target_columns": [
    "TRC-PPL1",
    "TRC-PPL2"
  ],
  "split_boundaries": {
    "train_end": 7796,
    "val_end": 9466,
    "test_end": 11138
  },
  "dataset_sizes": {
    "train": 7796,
    "val": 1670,
    "test": 1672
  },
  "input_dim": 10,
  "sequence_length": null,
  "training_history": {
    "epochs": [
      1,
      2,
      3,
      4,
      5,
      6,
      7,
      8,
      9,
      10,
      11,
      12,
      13,
      14,
      15,
      16,
      17,
      18,
      19,
      20,
      21,
      22,
      23,
      24,
      25,
      26,
      27,
      28,
      29,
      30,
      31,
      32,
      33,
      34,
      35,
      36,
      37,
      38,
      39,
      40,
      41,
      42,
      43,
      44,
      45,
      46,
      47,
      48,
      49,
      50,
      51,
      52,
      53,
      54,
      55,
      56,
      57,
      58,
      59,
      60,
      61,
      62,
      63,
      64,
      65,
      66,
      67,
      68,
      69,
      70,
      71,
      72,
      73,
      74,
      75,
      76,
      77,
      78,
      79,
      80
    ],
    "train_loss": [
      0.3762173386278245,
      0.119415819878117,
      0.08292884152935003,
      0.0694636854110405,
      0.06524253817415654,
      0.059997372185881165,
      0.05836523579038859,
      0.056058787709706986,
      0.054026014992002956,
      0.05271136327782859,
      0.05204091913015675,
      0.04969482405589996,
      0.05252141063949767,
      0.049245476340440186,
      0.0474738170182081,
      0.04741737459441709,
      0.04594342474404697,
      0.04458072395080662,
      0.04629138434901184,
      0.04533594964084532,
      0.04364730549040607,
      0.04319182547500282,
      0.043389113913321266,
      0.04350386590163117,
      0.04185070660540604,
      0.04113221585391239,
      0.04257800873500864,
      0.04206197666985797,
      0.04220700383247505,
      0.04118498181565839,
      0.04130370047931613,
      0.04052708409019407,
      0.03880383786274691,
      0.04111903575389981,
      0.040450865954252437,
      0.03945295774727188,
      0.038998513209660766,
      0.03887874162872979,
      0.0394489643325969,
      0.038627176064369065,
      0.03936828601400078,
      0.03819649528545744,
      0.037877985993529234,
      0.03769493285373519,
      0.038267064298679425,
      0.03753349241375801,
      0.03694191998613376,
      0.0365239847900624,
      0.037558081439897424,
      0.03705478250682201,
      0.03719746772240008,
      0.03767397419849135,
      0.03738657991402329,
      0.03711627150817429,
      0.03606007101655526,
      0.03545832380522453,
      0.03623285167886393,
      0.034362075863747246,
      0.03524957080321504,
      0.03648265448134639,
      0.037555966830180205,
      0.03505008975727213,
      0.03597149923023289,
      0.03483925977307995,
      0.035289579067759605,
      0.035339419424663815,
      0.03573855475306113,
      0.03559667253632647,
      0.034948690379159826,
      0.03558514945079052,
      0.03478580494800734,
      0.036205697852474045,
      0.03621252580307397,
      0.035708302140748154,
      0.034480208127719736,
      0.0338948060891731,
      0.0340045075041704,
      0.03455923008362167,
      0.034708628528443225,
      0.03545534046794006
    ],
    "val_loss": [
      0.32834991545020464,
      0.23627751204603448,
      0.20711076955595417,
      0.2821685465019263,
      0.2326016152377971,
      0.26871755750414855,
      0.24456524545561054,
      0.25328344416743265,
      0.26396812119348323,
      0.29417010249491937,
      0.3151224443610914,
      0.26460721711823326,
      0.2669828517172865,
      0.28942737717203754,
      0.3301825008081819,
      0.26914187114752697,
      0.3128114952566381,
      0.3134121490408204,
      0.28903054653438265,
      0.3216188400537668,
      0.2976174392252268,
      0.30247766839083795,
      0.29951553983602697,
      0.30899297524087443,
      0.2923388355327937,
      0.3238353067395573,
      0.3206111940661233,
      0.3454545194249667,
      0.3246897388316557,
      0.3197464688630875,
      0.3189461561377177,
      0.3185997852709836,
      0.32122378912336097,
      0.3449504902575187,
      0.31513195480415207,
      0.3253485113828482,
      0.31341121296682756,
      0.3142184671126083,
      0.29179613588902054,
      0.29351248692520365,
      0.3171000700377062,
      0.2934714357653064,
      0.3448110365359012,
      0.3023753476937017,
      0.323517570350163,
      0.3550676959761959,
      0.32504622305849357,
      0.28977574573127096,
      0.32192923536825324,
      0.31007161040505965,
      0.3610242201450342,
      0.3064759701579631,
      0.2961149806167908,
      0.32631825200633374,
      0.31444032512560577,
      0.3273094341738852,
      0.37103504982001767,
      0.3195653127695986,
      0.3096213443372064,
      0.30632552381850287,
      0.3042537050020552,
      0.3612329171312426,
      0.3054556459813061,
      0.31259319688121,
      0.3072635824764203,
      0.3012141188729309,
      0.3177061888673705,
      0.3295761978331797,
      0.30394889220238447,
      0.29967167045541865,
      0.3158117510422975,
      0.29325004963728485,
      0.32464571281553745,
      0.3386114475702097,
      0.3178817698966243,
      0.3022532522856832,
      0.30995056646580466,
      0.32539575196758,
      0.31354216608904795,
      0.3022401282218045
    ],
    "best_epoch": 3,
    "best_val_loss": 0.20711076955595417,
    "test_loss": 5.287229877339596,
    "tracker": {
      "initial_train_loss": 0.3762173386278245,
      "train_threshold": 0.12540577954260818,
      "best_tracking": true,
      "patience_active": true,
      "patience_best_train": null,
      "patience_best_val": 0.20711076955595417,
      "patience_no_improve_epochs": 77,
      "best_train_loss": Infinity,
      "forced_stop_due_to_threshold": false
    }
  },
  "model_files": {
    "best": "scripts/outputs/mlp-trc-value/trial_27_7e6994/best_model.pt",
    "last": "scripts/outputs/mlp-trc-value/trial_27_7e6994/last_model.pt"
  },
  "config_path": "/home/amoris/data-analysis-on-dbps/scripts/outputs/mlp-trc-value/trial_27_7e6994/config.yaml"
}