{
  "model_name": "mlp-trc-value/trial_57_6288fb",
  "model_type": "MLP",
  "model_format": "torch",
  "model_params": {
    "history_length": 1,
    "hidden_layers": [
      512,
      256,
      128
    ],
    "dropout": 0.154014728263544,
    "mid_layer_count": 13,
    "mid_layer_size": 215
  },
  "training_params": {
    "max_epochs": 400,
    "batch_size": 131,
    "learning_rate": 0.00044701790999704134,
    "weight_decay": 0.00014698328059888565,
    "checkpoint_interval": 10,
    "seed": 42
  },
  "data_csv": "data/time_aligned_data.csv",
  "timestamp_column": "Date, Time",
  "columns": [
    "TRC-DT",
    "TRC-RT",
    "TRC-PPL1",
    "TRC-PPL2",
    "pH-DT",
    "pH-RT",
    "pH-PPL1",
    "pH-PPL2",
    "cond-DT",
    "cond-PPL1",
    "cond-PPL2",
    "fDOM-RT",
    "fDOM-PPL1",
    "fDOM-PPL2",
    "DO-RT",
    "DO-PPL1",
    "DO-PPL2",
    "TOC-RT",
    "TOC-PPL1",
    "TOC-PPL2",
    "DOC-RT",
    "DOC-PPL1",
    "DOC-PPL2",
    "minutes_since_start"
  ],
  "feature_columns": [
    "TRC-DT",
    "TRC-RT",
    "pH-DT",
    "pH-RT",
    "cond-DT",
    "fDOM-RT",
    "DO-RT",
    "TOC-RT",
    "DOC-RT",
    "minutes_since_start"
  ],
  "target_columns": [
    "TRC-PPL1",
    "TRC-PPL2"
  ],
  "split_boundaries": {
    "train_end": 7796,
    "val_end": 9466,
    "test_end": 11138
  },
  "dataset_sizes": {
    "train": 7796,
    "val": 1670,
    "test": 1672
  },
  "input_dim": 10,
  "sequence_length": null,
  "training_history": {
    "epochs": [
      1,
      2,
      3,
      4,
      5,
      6,
      7,
      8,
      9,
      10,
      11,
      12,
      13,
      14,
      15,
      16,
      17,
      18,
      19,
      20,
      21,
      22,
      23,
      24,
      25,
      26,
      27,
      28,
      29,
      30,
      31,
      32,
      33,
      34,
      35,
      36,
      37,
      38,
      39,
      40,
      41,
      42,
      43,
      44,
      45,
      46,
      47,
      48,
      49,
      50,
      51,
      52,
      53,
      54,
      55,
      56,
      57,
      58,
      59,
      60,
      61,
      62,
      63,
      64,
      65,
      66,
      67,
      68,
      69,
      70,
      71,
      72,
      73,
      74,
      75,
      76,
      77,
      78,
      79,
      80
    ],
    "train_loss": [
      0.31003331567799663,
      0.09246944411279774,
      0.0681480832465792,
      0.0606117806607153,
      0.057082995872231646,
      0.05293817262095005,
      0.05114416253125594,
      0.049149671608172144,
      0.04681008900460783,
      0.04587054575648657,
      0.04560837842353938,
      0.04349502666507885,
      0.04385951701112057,
      0.04200957233961643,
      0.040613022251575495,
      0.03980699384880332,
      0.04063910343662753,
      0.03992058501663446,
      0.039211114438459954,
      0.038353926107706,
      0.03860371688494565,
      0.03835436289488749,
      0.036517178751585604,
      0.036237420251410454,
      0.03556169150468858,
      0.03581131492077677,
      0.035034945542389395,
      0.034728535820370214,
      0.03383833612614011,
      0.034617823520422045,
      0.034631126494089066,
      0.03413297411669839,
      0.03416003038740696,
      0.03388146472293951,
      0.03358728359962287,
      0.03239140614223073,
      0.032014505988108295,
      0.03376519674742991,
      0.03253049579443742,
      0.03332955224497799,
      0.032504885602243565,
      0.03248896545230226,
      0.03184287974719874,
      0.03045655187795664,
      0.03212500731601715,
      0.03078685910261789,
      0.0306180424738834,
      0.030669776546702422,
      0.030606862380259645,
      0.030150758529491933,
      0.030174837754719176,
      0.0312452509539587,
      0.029347264823365693,
      0.029436035707484015,
      0.030268415943908195,
      0.029862297959759518,
      0.029331020767890823,
      0.02950872392539392,
      0.029278490403041115,
      0.03004326446511314,
      0.02933480518427092,
      0.029291414102398935,
      0.028278124121124314,
      0.028719726654382213,
      0.029617747211405455,
      0.028642204905998225,
      0.02853392770517715,
      0.029279722898563953,
      0.027894488491142802,
      0.027849286736604143,
      0.02812625878557884,
      0.02822574372620744,
      0.027476048501272457,
      0.027802415240628636,
      0.027496422774776274,
      0.02767659575793569,
      0.0278031662846698,
      0.027364983814235695,
      0.02827828974530422,
      0.027383819689545084
    ],
    "val_loss": [
      0.33840704361300267,
      0.22294668362749193,
      0.2288720984636488,
      0.43394744453539036,
      0.29588681690194113,
      0.31181572492898046,
      0.296070567212865,
      0.38586721949301617,
      0.37073572537566196,
      0.38369498696222815,
      0.31407005361387297,
      0.34020072005153773,
      0.30573339053502163,
      0.3928439160831228,
      0.4560240555175407,
      0.3935788796500799,
      0.34380256199908116,
      0.3724195241403883,
      0.3763720625409198,
      0.42017293027574254,
      0.4169816730566278,
      0.3999355068396844,
      0.3894172689782645,
      0.41414484946715263,
      0.3886392850138827,
      0.4206646869951736,
      0.4017374819256142,
      0.4353004632428467,
      0.4436072243132188,
      0.4266283635551969,
      0.4103050613708928,
      0.41285479813256487,
      0.411071048227479,
      0.4601826043197227,
      0.49535388973859434,
      0.5140586639280448,
      0.44675453661712344,
      0.46535407903487097,
      0.4372143170511919,
      0.45985036921648387,
      0.47756325510179926,
      0.4544437461449001,
      0.5217417115111372,
      0.5241871769088292,
      0.5213178847899694,
      0.4785731992243739,
      0.5237211367449985,
      0.43787051464826937,
      0.48844040057504784,
      0.48673099082320215,
      0.6473071168461245,
      0.48286474808760566,
      0.5313962974490788,
      0.5102317285829943,
      0.47086056242669055,
      0.5421718468465758,
      0.43798540488755455,
      0.5911090821786198,
      0.6000027666336851,
      0.4951006899225319,
      0.5283038068250446,
      0.6067252814167452,
      0.5680312108438083,
      0.49459331464914685,
      0.4958379798908969,
      0.4845084626439535,
      0.512233686051192,
      0.5451183007840447,
      0.5713979668692201,
      0.5281931506759838,
      0.5583800495886606,
      0.5584913587487654,
      0.571032622003716,
      0.4495248983050892,
      0.46434233736492203,
      0.5928195461240446,
      0.4787747750092231,
      0.5472040509158177,
      0.4915270464684435,
      0.5544868060750162
    ],
    "best_epoch": 2,
    "best_val_loss": 0.22294668362749193,
    "test_loss": 5.477792941069489,
    "tracker": {
      "initial_train_loss": 0.31003331567799663,
      "train_threshold": 0.10334443855933222,
      "best_tracking": true,
      "patience_active": true,
      "patience_best_train": null,
      "patience_best_val": 0.22294668362749193,
      "patience_no_improve_epochs": 79,
      "best_train_loss": Infinity,
      "forced_stop_due_to_threshold": false
    }
  },
  "model_files": {
    "best": "scripts/outputs/mlp-trc-value/trial_57_6288fb/best_model.pt",
    "last": "scripts/outputs/mlp-trc-value/trial_57_6288fb/last_model.pt"
  },
  "config_path": "/home/amoris/data-analysis-on-dbps/scripts/outputs/mlp-trc-value/trial_57_6288fb/config.yaml"
}