{
  "model_name": "lstm-trc-rate/trial_4_c79468",
  "model_type": "LSTM",
  "model_format": "torch",
  "model_params": {
    "history_length": 195,
    "units": 334,
    "num_layers": 11,
    "dropout": 0.35659611509545885
  },
  "training_params": {
    "max_epochs": 500,
    "batch_size": 247,
    "learning_rate": 0.0015638502776771051,
    "weight_decay": 0.0038471738225228534,
    "checkpoint_interval": 10,
    "seed": 947
  },
  "data_csv": "data/time_aligned_data.csv",
  "timestamp_column": "Date, Time",
  "columns": [
    "TRC-DT",
    "TRC-RT",
    "TRC-PPL1",
    "TRC-PPL2",
    "pH-DT",
    "pH-RT",
    "pH-PPL1",
    "pH-PPL2",
    "cond-DT",
    "cond-PPL1",
    "cond-PPL2",
    "fDOM-RT",
    "fDOM-PPL1",
    "fDOM-PPL2",
    "DO-RT",
    "DO-PPL1",
    "DO-PPL2",
    "TOC-RT",
    "TOC-PPL1",
    "TOC-PPL2",
    "DOC-RT",
    "DOC-PPL1",
    "DOC-PPL2",
    "minutes_since_start"
  ],
  "feature_columns": [
    "TRC-DT",
    "TRC-RT",
    "pH-DT",
    "pH-RT",
    "cond-DT",
    "fDOM-RT",
    "DO-RT",
    "TOC-RT",
    "DOC-RT",
    "minutes_since_start"
  ],
  "target_columns": [
    "TRC-PPL1",
    "TRC-PPL2"
  ],
  "target_mode": "rate",
  "target_base_columns": [
    "TRC-RT",
    "TRC-RT"
  ],
  "split_boundaries": {
    "train_end": 7796,
    "val_end": 9466,
    "test_end": 11138
  },
  "dataset_sizes": {
    "train": 7602,
    "val": 1670,
    "test": 1672
  },
  "input_dim": 10,
  "sequence_length": 195,
  "training_history": {
    "epochs": [
      1,
      2,
      3,
      4,
      5,
      6,
      7,
      8,
      9,
      10,
      11,
      12,
      13,
      14,
      15,
      16,
      17,
      18,
      19,
      20,
      21,
      22,
      23,
      24,
      25,
      26,
      27,
      28,
      29,
      30,
      31,
      32,
      33,
      34,
      35,
      36,
      37,
      38,
      39,
      40,
      41,
      42,
      43,
      44,
      45,
      46,
      47,
      48,
      49,
      50
    ],
    "train_loss": [
      1.0043922724048893,
      1.003867485670001,
      1.0041425185465744,
      1.00378864909498,
      1.00383660377593,
      1.0037692150091755,
      1.0038875992424832,
      1.0037589779702403,
      1.0036427971407853,
      1.0037026648394718,
      1.003768544304029,
      1.0036275082592963,
      1.0036920972778056,
      1.0036874907373032,
      1.003682914054008,
      1.0036436501724788,
      1.0037333377722972,
      1.0037793894091331,
      1.003738922598926,
      1.0037455280120045,
      1.0036404246218862,
      1.0036016319871295,
      1.0036049870731516,
      1.003603460842984,
      1.003633899206991,
      1.0036107185199932,
      1.0036979480750685,
      1.003686626650289,
      1.0036692144885813,
      1.003612881058362,
      1.003625727694024,
      1.0036617470505802,
      1.0037632728212602,
      1.0037279705865167,
      1.003682882479698,
      1.0036146902420182,
      1.003599236236375,
      1.0036885924745127,
      1.003628264098254,
      1.0036960076467203,
      1.0036406123976869,
      1.0036114134527576,
      1.003650340076435,
      1.0036364029705822,
      1.0036630956742738,
      1.0035965951045418,
      1.0036148306289117,
      1.0040976874798857,
      1.0038750470468667,
      1.003683171258792
    ],
    "val_loss": [
      0.35333802925567787,
      0.3489031328970265,
      0.3506413790124084,
      0.3505894710025388,
      0.34978758455616626,
      0.3440581422544525,
      0.35121106761925946,
      0.34703427478671073,
      0.3469158956881412,
      0.34677233956977277,
      0.34966833473010334,
      0.3468053290520064,
      0.3459078461511763,
      0.3470278629174311,
      0.34722784956370645,
      0.34652521626544214,
      0.34842437334626375,
      0.34569336080444074,
      0.3479270912907616,
      0.34724099944585457,
      0.34598806473889393,
      0.34843499219480034,
      0.3465047162650767,
      0.34564834052172605,
      0.3459056177182112,
      0.3462267868376956,
      0.3471847689794209,
      0.347519120515999,
      0.3461303949869143,
      0.3458882020842172,
      0.3459951886137624,
      0.34418621137738226,
      0.3399547111666845,
      0.3475911913227714,
      0.3467453057225236,
      0.34590077791251467,
      0.3464753549813689,
      0.3479794947441645,
      0.34314692981630385,
      0.3449416508440843,
      0.34551683707597725,
      0.3467330533074226,
      0.3474465456662956,
      0.3457065484235565,
      0.3448663766847221,
      0.3455427680186883,
      0.34802372394698466,
      0.3425666840512774,
      0.342363732357225,
      0.34717208984904663
    ],
    "best_epoch": 50,
    "best_val_loss": 0.34717208984904663,
    "best_val_abs_mse": 0.2705429792404175,
    "test_loss": 5.645175562663511,
    "test_abs_mse": 52.973453521728516,
    "tracker": {
      "initial_train_loss": 1.0043922724048893,
      "train_threshold": 0.3347974241349631,
      "best_tracking": false,
      "patience_active": true,
      "patience_best_train": null,
      "patience_best_val": 0.3399547111666845,
      "patience_no_improve_epochs": 17,
      "best_train_loss": Infinity,
      "forced_stop_due_to_threshold": true
    }
  },
  "model_files": {
    "best": "scripts/outputs/lstm-trc-rate/trial_4_c79468/best_model.pt",
    "last": "scripts/outputs/lstm-trc-rate/trial_4_c79468/last_model.pt"
  },
  "config_path": "/home/amoris/data-analysis-on-dbps/scripts/outputs/lstm-trc-rate/trial_4_c79468/config.yaml"
}