{
  "model_name": "mlp_with_history-trc-value/trial_33_791abc",
  "model_type": "MLP_WITH_HISTORY",
  "model_format": "torch",
  "model_params": {
    "history_length": 37,
    "hidden_layers": [
      4096,
      3072,
      2048,
      1024,
      768,
      512,
      256,
      128
    ],
    "dropout": 0.2364559057876922,
    "mid_layer_count": 2,
    "mid_layer_size": 947
  },
  "training_params": {
    "max_epochs": 500,
    "batch_size": 447,
    "learning_rate": 0.0012515325748147835,
    "weight_decay": 0.0012047366682204092,
    "checkpoint_interval": 10,
    "seed": 77
  },
  "data_csv": "data/time_aligned_data.csv",
  "timestamp_column": "Date, Time",
  "columns": [
    "TRC-DT",
    "TRC-RT",
    "TRC-PPL1",
    "TRC-PPL2",
    "pH-DT",
    "pH-RT",
    "pH-PPL1",
    "pH-PPL2",
    "cond-DT",
    "cond-PPL1",
    "cond-PPL2",
    "fDOM-RT",
    "fDOM-PPL1",
    "fDOM-PPL2",
    "DO-RT",
    "DO-PPL1",
    "DO-PPL2",
    "TOC-RT",
    "TOC-PPL1",
    "TOC-PPL2",
    "DOC-RT",
    "DOC-PPL1",
    "DOC-PPL2",
    "minutes_since_start"
  ],
  "feature_columns": [
    "TRC-DT",
    "TRC-RT",
    "pH-DT",
    "pH-RT",
    "cond-DT",
    "fDOM-RT",
    "DO-RT",
    "TOC-RT",
    "DOC-RT",
    "minutes_since_start"
  ],
  "target_columns": [
    "TRC-PPL1",
    "TRC-PPL2"
  ],
  "split_boundaries": {
    "train_end": 7796,
    "val_end": 9466,
    "test_end": 11138
  },
  "dataset_sizes": {
    "train": 7760,
    "val": 1670,
    "test": 1672
  },
  "input_dim": 370,
  "sequence_length": null,
  "training_history": {
    "epochs": [
      1,
      2,
      3,
      4,
      5,
      6,
      7,
      8,
      9,
      10,
      11,
      12,
      13,
      14,
      15,
      16,
      17,
      18,
      19,
      20,
      21,
      22,
      23,
      24,
      25,
      26,
      27,
      28,
      29,
      30,
      31,
      32,
      33,
      34,
      35,
      36,
      37,
      38,
      39,
      40,
      41,
      42,
      43,
      44,
      45,
      46,
      47,
      48,
      49,
      50,
      51,
      52,
      53,
      54,
      55,
      56,
      57,
      58,
      59,
      60,
      61,
      62,
      63,
      64,
      65,
      66,
      67,
      68,
      69,
      70,
      71,
      72,
      73,
      74,
      75,
      76,
      77,
      78,
      79,
      80
    ],
    "train_loss": [
      0.7844515348525392,
      0.23748218522013462,
      0.14501897494318253,
      0.12477584887468784,
      0.12035715986888126,
      0.12499826850907243,
      0.1196098407941688,
      0.13344429051119489,
      0.1423727006142594,
      0.11291683253534522,
      0.10904557368113207,
      0.10826424761032014,
      0.11410646465290146,
      0.10628346121514734,
      0.10406398933054399,
      0.10444496328721649,
      0.10242275328749849,
      0.11024393769960428,
      0.12607795096953045,
      0.1325666214329834,
      0.10557355775123405,
      0.10089950891998932,
      0.1009086862312073,
      0.10027362887469149,
      0.10321381270463012,
      0.11876697489204481,
      0.09884864304829197,
      0.09911989943537208,
      0.09729291765384146,
      0.1052677830105129,
      0.097731523149522,
      0.10141121415210139,
      0.09689311098172954,
      0.10001130174634229,
      0.09443425223922607,
      0.10370502398378148,
      0.10856926255408175,
      0.10027848065053065,
      0.09190441978154416,
      0.09090171720947801,
      0.09207871029076656,
      0.09511371626873913,
      0.09277318746005137,
      0.09283882623691996,
      0.09482635403839276,
      0.09341547205352906,
      0.2861927740765524,
      1.0385404186380893,
      0.8764035495362945,
      0.516759545916749,
      0.33256186696595136,
      0.19171839157676265,
      0.16221279589478502,
      0.1541802706225708,
      0.14046571639356847,
      0.13882098649964505,
      0.13503064126179545,
      0.15396436898460247,
      0.12476327649327283,
      0.11736348248134876,
      0.12313741658305384,
      0.11821002039827944,
      0.12067919372936192,
      0.11271696106444315,
      0.11209877636187623,
      0.1032324030342483,
      0.09302184909639746,
      0.08606792103940833,
      0.08666575441194564,
      0.08990453723241988,
      0.08340375840702315,
      0.08368279973966712,
      0.07953035416388789,
      0.07581102201599897,
      0.07821667441598994,
      0.09963033034936669,
      0.1514166802772772,
      0.08819141318042253,
      0.08183329916203913,
      0.07576091195763925
    ],
    "val_loss": [
      0.5156790376334133,
      0.18442354668043331,
      0.18108423312088687,
      0.22001898232512845,
      0.2302354527313909,
      0.2388662708376696,
      0.24424296612600366,
      0.27972021892577587,
      0.2681497839039671,
      0.25363226044410003,
      0.324385495292034,
      0.26701791780794454,
      0.3046158973105296,
      0.2524549460964289,
      0.29017563014330267,
      0.26249172888517736,
      0.546928170342333,
      0.26032183006695825,
      0.24226508977304317,
      0.28004816806802674,
      0.2658586747877434,
      0.32119413524598417,
      0.28996087519262365,
      0.27216880549816136,
      0.2768479701890025,
      0.2602409985418359,
      0.3200214764549436,
      0.28297497088279194,
      0.3869452962674156,
      0.3644552853694576,
      0.28102881356761483,
      0.2705878886176708,
      0.28066956739047333,
      0.2707450058333531,
      0.30289918844794445,
      0.26720958089310964,
      0.26738592441009723,
      0.28186742322084435,
      0.2840044315870918,
      0.4083899226753476,
      0.26973878295791004,
      0.28092873077505004,
      0.29354519915995664,
      0.30236655090249587,
      0.26625637921231415,
      0.3515811876399431,
      0.3988819731209806,
      0.45708165026888875,
      1.1032846660849578,
      0.36612774172942797,
      0.20803459962261114,
      0.219337027778704,
      0.2667880075465062,
      0.4904717874562669,
      0.24731756303303257,
      0.29058085244572807,
      0.24559588980175065,
      0.24799759983793349,
      0.27301859403263307,
      0.25377898909999225,
      0.303804301416981,
      0.3646567314327834,
      0.28976593505435005,
      0.27208388913088216,
      0.26708916986729214,
      0.32433119560340923,
      0.28188036518941023,
      0.2837220051398356,
      0.2845957189842969,
      0.372841074428114,
      0.3230715213421576,
      0.3573252636983901,
      0.4736309672131421,
      0.38099298790811065,
      0.2966985830825246,
      0.3359504765936893,
      0.2879602554739414,
      0.30003599602796005,
      0.28440318985501983,
      0.2895077321477636
    ],
    "best_epoch": 3,
    "best_val_loss": 0.18108423312088687,
    "test_loss": 4.230205863785516,
    "tracker": {
      "initial_train_loss": 0.7844515348525392,
      "train_threshold": 0.26148384495084637,
      "best_tracking": true,
      "patience_active": true,
      "patience_best_train": null,
      "patience_best_val": 0.18108423312088687,
      "patience_no_improve_epochs": 77,
      "best_train_loss": Infinity,
      "forced_stop_due_to_threshold": false
    }
  },
  "model_files": {
    "best": "scripts/outputs/mlp_with_history-trc-value/trial_33_791abc/best_model.pt",
    "last": "scripts/outputs/mlp_with_history-trc-value/trial_33_791abc/last_model.pt"
  },
  "config_path": "/home/amoris/data-analysis-on-dbps/scripts/outputs/mlp_with_history-trc-value/trial_33_791abc/config.yaml"
}