{
  "model_name": "lstm-trc-value/trial_96_5f1f3b",
  "model_type": "LSTM",
  "model_format": "torch",
  "model_params": {
    "history_length": 137,
    "units": 239,
    "num_layers": 12,
    "dropout": 0.2670945365728829
  },
  "training_params": {
    "max_epochs": 500,
    "batch_size": 242,
    "learning_rate": 0.0002698446163680599,
    "weight_decay": 0.0011124015668566986,
    "checkpoint_interval": 10,
    "seed": 947
  },
  "data_csv": "data/time_aligned_data.csv",
  "timestamp_column": "Date, Time",
  "columns": [
    "TRC-DT",
    "TRC-RT",
    "TRC-PPL1",
    "TRC-PPL2",
    "pH-DT",
    "pH-RT",
    "pH-PPL1",
    "pH-PPL2",
    "cond-DT",
    "cond-PPL1",
    "cond-PPL2",
    "fDOM-RT",
    "fDOM-PPL1",
    "fDOM-PPL2",
    "DO-RT",
    "DO-PPL1",
    "DO-PPL2",
    "TOC-RT",
    "TOC-PPL1",
    "TOC-PPL2",
    "DOC-RT",
    "DOC-PPL1",
    "DOC-PPL2",
    "minutes_since_start"
  ],
  "feature_columns": [
    "TRC-DT",
    "TRC-RT",
    "pH-DT",
    "pH-RT",
    "cond-DT",
    "fDOM-RT",
    "DO-RT",
    "TOC-RT",
    "DOC-RT",
    "minutes_since_start"
  ],
  "target_columns": [
    "TRC-PPL1",
    "TRC-PPL2"
  ],
  "split_boundaries": {
    "train_end": 7796,
    "val_end": 9466,
    "test_end": 11138
  },
  "dataset_sizes": {
    "train": 7660,
    "val": 1670,
    "test": 1672
  },
  "input_dim": 10,
  "sequence_length": 137,
  "training_history": {
    "epochs": [
      1,
      2,
      3,
      4,
      5,
      6,
      7,
      8,
      9,
      10,
      11,
      12,
      13,
      14,
      15,
      16,
      17,
      18,
      19,
      20,
      21,
      22,
      23,
      24,
      25,
      26,
      27,
      28,
      29,
      30,
      31,
      32,
      33,
      34,
      35,
      36,
      37,
      38,
      39,
      40,
      41,
      42,
      43,
      44,
      45,
      46,
      47,
      48,
      49,
      50
    ],
    "train_loss": [
      1.0015618129280777,
      1.000857838389145,
      1.0008179544780025,
      1.0010609927750131,
      1.0011644663605304,
      1.0007755432676708,
      1.0007755784857677,
      1.0008585767864246,
      1.000841232457298,
      1.0007460538151993,
      1.0007897746469583,
      1.0007081453233724,
      1.0006457842361212,
      1.0006604405047066,
      1.0006470346575307,
      1.0007464617568582,
      1.000727699802065,
      1.000728811265283,
      1.0006554306020314,
      1.0006987311821383,
      1.0007337117164004,
      1.0006543902753227,
      1.0006385867496073,
      1.0006973117045261,
      1.000735917057132,
      1.0007651207496853,
      1.000623383627859,
      1.000777465743122,
      1.000725120555016,
      1.0006645019776517,
      1.0006533292503954,
      1.000644181322491,
      1.0007047233008841,
      1.0006612861903468,
      1.0006581913397767,
      1.000682339360135,
      1.0006871921275367,
      1.0006362347938995,
      1.0006430383606306,
      1.0006585931653453,
      1.0007001427072768,
      1.0006926652656833,
      1.0006490776028396,
      1.0006464303162328,
      1.000825305364773,
      1.0007760682709845,
      1.0006350413003726,
      1.0008634868240855,
      1.000615299775146,
      1.0006965360971405
    ],
    "val_loss": [
      0.3421128756271865,
      0.35297390984114774,
      0.3493782453729721,
      0.35808473920483075,
      0.34965368706041466,
      0.3522098690494449,
      0.3513578089277544,
      0.3495052904693666,
      0.3494747294369572,
      0.3506583918309854,
      0.349858585459565,
      0.3513570744745032,
      0.3481893103101296,
      0.3484801338149045,
      0.3499104086064293,
      0.3498046850506774,
      0.3485902014472884,
      0.3513601882550531,
      0.34797479929235164,
      0.3479107440633331,
      0.34681711580135866,
      0.34928796180261823,
      0.3504256462845617,
      0.3481271282507631,
      0.34856885303101853,
      0.3508208654776305,
      0.34783014029175224,
      0.35110088519439725,
      0.35016340772191923,
      0.34770427451073055,
      0.34922352416251234,
      0.3507486366449359,
      0.349502907755846,
      0.34782387351918365,
      0.3495861389992123,
      0.3474077713302153,
      0.3480893068327875,
      0.35082053258390483,
      0.3499251496649074,
      0.3498872772528383,
      0.34814221578800747,
      0.34865705805892,
      0.3500987470685365,
      0.3514551378608107,
      0.34981313626655564,
      0.35071323829407464,
      0.3495660150479414,
      0.3520020826714125,
      0.3474449982766263,
      0.3468287561914164
    ],
    "best_epoch": 50,
    "best_val_loss": 0.3468287561914164,
    "test_loss": 5.64347098061913,
    "tracker": {
      "initial_train_loss": 1.0015618129280777,
      "train_threshold": 0.33385393764269256,
      "best_tracking": false,
      "patience_active": true,
      "patience_best_train": null,
      "patience_best_val": 0.3468287561914164,
      "patience_no_improve_epochs": 0,
      "best_train_loss": Infinity,
      "forced_stop_due_to_threshold": true
    }
  },
  "model_files": {
    "best": "scripts/outputs/lstm-trc-value/trial_96_5f1f3b/best_model.pt",
    "last": "scripts/outputs/lstm-trc-value/trial_96_5f1f3b/last_model.pt"
  },
  "config_path": "/home/amoris/data-analysis-on-dbps/scripts/outputs/lstm-trc-value/trial_96_5f1f3b/config.yaml"
}