{
  "model_name": "lstm-other-value/trial_23_f02afd",
  "model_type": "LSTM",
  "model_format": "torch",
  "model_params": {
    "history_length": 171,
    "units": 331,
    "num_layers": 5,
    "dropout": 0.46970908630330027
  },
  "training_params": {
    "max_epochs": 500,
    "batch_size": 167,
    "learning_rate": 0.0019651636687685894,
    "weight_decay": 0.0006492843439234289,
    "checkpoint_interval": 10,
    "seed": 947
  },
  "data_csv": "data/time_aligned_data.csv",
  "timestamp_column": "Date, Time",
  "columns": [
    "TRC-DT",
    "TRC-RT",
    "TRC-PPL1",
    "TRC-PPL2",
    "pH-DT",
    "pH-RT",
    "pH-PPL1",
    "pH-PPL2",
    "cond-DT",
    "cond-PPL1",
    "cond-PPL2",
    "fDOM-RT",
    "fDOM-PPL1",
    "fDOM-PPL2",
    "DO-RT",
    "DO-PPL1",
    "DO-PPL2",
    "TOC-RT",
    "TOC-PPL1",
    "TOC-PPL2",
    "DOC-RT",
    "DOC-PPL1",
    "DOC-PPL2",
    "minutes_since_start"
  ],
  "feature_columns": [
    "TRC-DT",
    "TRC-RT",
    "pH-DT",
    "pH-RT",
    "cond-DT",
    "fDOM-RT",
    "DO-RT",
    "TOC-RT",
    "DOC-RT",
    "minutes_since_start"
  ],
  "target_columns": [
    "TOC-PPL1",
    "TOC-PPL2",
    "DOC-PPL1",
    "DOC-PPL2",
    "pH-PPL1",
    "pH-PPL2"
  ],
  "split_boundaries": {
    "train_end": 7796,
    "val_end": 9466,
    "test_end": 11138
  },
  "dataset_sizes": {
    "train": 7626,
    "val": 1670,
    "test": 1672
  },
  "input_dim": 10,
  "sequence_length": 171,
  "training_history": {
    "epochs": [
      1,
      2,
      3,
      4,
      5,
      6,
      7,
      8,
      9,
      10,
      11,
      12,
      13,
      14,
      15,
      16,
      17,
      18,
      19,
      20,
      21,
      22,
      23,
      24,
      25,
      26,
      27,
      28,
      29,
      30,
      31,
      32,
      33,
      34,
      35,
      36,
      37,
      38,
      39,
      40,
      41,
      42,
      43,
      44,
      45,
      46,
      47,
      48,
      49,
      50,
      51,
      52,
      53,
      54,
      55,
      56,
      57,
      58,
      59,
      60,
      61,
      62,
      63,
      64,
      65,
      66,
      67,
      68,
      69,
      70,
      71,
      72,
      73,
      74,
      75,
      76,
      77,
      78,
      79,
      80,
      81,
      82,
      83,
      84,
      85,
      86,
      87,
      88,
      89,
      90,
      91
    ],
    "train_loss": [
      0.4633267367453579,
      0.35606823176528535,
      0.29483888409846165,
      0.283726440542816,
      0.2765734770457137,
      0.2701967175871157,
      0.25483504991119627,
      0.2260991949368236,
      0.19259019435983987,
      0.1850625107330098,
      0.2652650547291768,
      0.26174705982239516,
      0.28460875240689715,
      0.2736083742103144,
      0.31607630548164845,
      0.29450030376513797,
      0.28229202062610625,
      0.27604810186189643,
      0.2718937578705112,
      0.24661118310915026,
      0.201867862152453,
      0.1645019151760842,
      0.18042302522842507,
      0.15686599844898136,
      0.1489490090251172,
      0.14629528856155535,
      0.13428081120292315,
      0.16573300333769342,
      0.16879273010205323,
      0.14290393499812365,
      0.13703091598318345,
      0.15669674250262322,
      0.14161369815926023,
      0.13328585935301773,
      0.21706566628222074,
      0.24142168111143666,
      0.18669463722233132,
      0.16236371545029724,
      0.16371634695556825,
      0.237300397765205,
      0.17015256434718112,
      0.15991310815043785,
      0.13927503439766073,
      0.13285050302677476,
      0.12354276374025418,
      0.12499358066729664,
      0.11917285756382641,
      0.1205139047752723,
      0.1905503837636472,
      0.20761238077815172,
      0.18645695085084535,
      0.30646133605550036,
      0.7569640604664327,
      0.7523623292773782,
      0.7623625392211005,
      0.7606009827912589,
      0.6485188118341617,
      0.6023344625146128,
      0.7170368740244735,
      0.6984689470322902,
      0.7248943872083493,
      0.6980031101590468,
      0.6868901049609326,
      0.613418151469891,
      0.987868657863706,
      1.0070613284546217,
      1.0074706988684186,
      1.0060178832278739,
      1.0130352055951426,
      0.9451022518140701,
      0.5520020774420309,
      0.5480066622308694,
      0.5520495669347172,
      0.549223010629267,
      0.5446601008457553,
      0.5390101414854809,
      0.5268345597165168,
      0.504631277037955,
      0.5865117661789775,
      0.555598620300902,
      0.5566552987123392,
      0.49558789982371776,
      0.46699067465267313,
      0.3881789292410356,
      0.3872993451159925,
      0.385753816740581,
      0.377321161062049,
      0.3838238899683721,
      0.38596168022095734,
      0.3836012549626055,
      0.39270402987798053
    ],
    "val_loss": [
      0.6083180747926236,
      0.5779149480164051,
      0.6101917192339897,
      0.5295640386641025,
      0.5962147146463395,
      0.7889936044812202,
      0.5969968348741531,
      0.6663977928459645,
      0.6669017143547535,
      0.7480544611811638,
      0.6850961700081826,
      0.5565452352166176,
      0.6336591467261314,
      0.6872020229697228,
      0.5202702179551124,
      0.7386697068810463,
      0.584347927570343,
      0.582435192912817,
      0.6051249884068965,
      0.5437399186193943,
      0.5923884190618992,
      0.607653108984232,
      0.5896798595786095,
      0.6648191601037979,
      0.6278045833110809,
      0.631881445646286,
      0.5373259723186493,
      0.7062530256807804,
      0.6034769214689731,
      0.6105848968029022,
      0.6343387678265572,
      0.5672723598778248,
      0.6763371020555496,
      0.6621726125478744,
      0.5270976319909095,
      0.49022786915302274,
      0.5114760600030422,
      0.5675985537469387,
      0.4844947658479214,
      0.5117517068982125,
      0.48395120054483415,
      0.5915001228451728,
      0.6460507720708847,
      0.6233894050121307,
      0.6262984856963157,
      0.6416373163461685,
      0.6196191757917404,
      0.7118845880031586,
      0.5368131548166275,
      0.5665008910000324,
      0.5359836645424366,
      0.6092975869774818,
      0.5782156772911549,
      0.5737244293093682,
      0.5271613255143166,
      0.5872892647981643,
      0.6461707338690758,
      0.612172918021679,
      0.5810174845159054,
      0.5840011648833752,
      0.5777292415499687,
      0.5821997821331024,
      0.6242222711443901,
      0.8077685981988907,
      1.3312386989593505,
      1.3803092330694198,
      1.574809092283249,
      1.7536379396915436,
      1.5366349518299103,
      0.5526114344596863,
      0.649491211026907,
      0.5934125252068043,
      0.6585130207240582,
      0.6502208985388279,
      0.6276089563965798,
      0.5900056824088097,
      0.6216308236122131,
      0.6060963481664657,
      0.6139608420431614,
      0.6069920636713505,
      0.6070434473454952,
      0.6075844608247281,
      0.6756151065230369,
      0.6373881332576274,
      0.6362566396594047,
      0.6300900831818581,
      0.6344775579869747,
      0.6010745622217655,
      0.6563598670065403,
      0.5832864090800285,
      0.6990909889340401
    ],
    "best_epoch": 41,
    "best_val_loss": 0.48395120054483415,
    "test_loss": 0.6017580581517026,
    "tracker": {
      "initial_train_loss": 0.4633267367453579,
      "train_threshold": 0.15444224558178596,
      "best_tracking": true,
      "patience_active": true,
      "patience_best_train": null,
      "patience_best_val": 0.48395120054483415,
      "patience_no_improve_epochs": 50,
      "best_train_loss": Infinity,
      "forced_stop_due_to_threshold": false
    }
  },
  "model_files": {
    "best": "scripts/outputs/lstm-other-value/trial_23_f02afd/best_model.pt",
    "last": "scripts/outputs/lstm-other-value/trial_23_f02afd/last_model.pt"
  },
  "config_path": "/home/amoris/data-analysis-on-dbps/scripts/outputs/lstm-other-value/trial_23_f02afd/config.yaml"
}