{
  "model_name": "gru-trc-value/trial_21_4a5463",
  "model_type": "GRU",
  "model_format": "torch",
  "model_params": {
    "history_length": 89,
    "units": 382,
    "num_layers": 5,
    "dropout": 0.27930475411745137
  },
  "training_params": {
    "max_epochs": 500,
    "batch_size": 291,
    "learning_rate": 0.00043242107396439255,
    "weight_decay": 0.0016629423305772944,
    "checkpoint_interval": 10,
    "seed": 947
  },
  "data_csv": "data/time_aligned_data.csv",
  "timestamp_column": "Date, Time",
  "columns": [
    "TRC-DT",
    "TRC-RT",
    "TRC-PPL1",
    "TRC-PPL2",
    "pH-DT",
    "pH-RT",
    "pH-PPL1",
    "pH-PPL2",
    "cond-DT",
    "cond-PPL1",
    "cond-PPL2",
    "fDOM-RT",
    "fDOM-PPL1",
    "fDOM-PPL2",
    "DO-RT",
    "DO-PPL1",
    "DO-PPL2",
    "TOC-RT",
    "TOC-PPL1",
    "TOC-PPL2",
    "DOC-RT",
    "DOC-PPL1",
    "DOC-PPL2",
    "minutes_since_start"
  ],
  "feature_columns": [
    "TRC-DT",
    "TRC-RT",
    "pH-DT",
    "pH-RT",
    "cond-DT",
    "fDOM-RT",
    "DO-RT",
    "TOC-RT",
    "DOC-RT",
    "minutes_since_start"
  ],
  "target_columns": [
    "TRC-PPL1",
    "TRC-PPL2"
  ],
  "split_boundaries": {
    "train_end": 7796,
    "val_end": 9466,
    "test_end": 11138
  },
  "dataset_sizes": {
    "train": 7708,
    "val": 1670,
    "test": 1672
  },
  "input_dim": 10,
  "sequence_length": 89,
  "training_history": {
    "epochs": [
      1,
      2,
      3,
      4,
      5,
      6,
      7,
      8,
      9,
      10,
      11,
      12,
      13,
      14,
      15,
      16,
      17,
      18,
      19,
      20,
      21,
      22,
      23,
      24,
      25,
      26,
      27,
      28,
      29,
      30,
      31,
      32,
      33,
      34,
      35,
      36,
      37,
      38,
      39,
      40,
      41,
      42,
      43,
      44,
      45,
      46,
      47,
      48,
      49,
      50,
      51,
      52,
      53,
      54,
      55,
      56,
      57,
      58,
      59,
      60,
      61,
      62,
      63,
      64,
      65,
      66,
      67,
      68,
      69,
      70,
      71,
      72,
      73,
      74,
      75,
      76,
      77,
      78,
      79,
      80
    ],
    "train_loss": [
      0.38600572188963345,
      0.18774395912390765,
      0.15700007477107292,
      0.11245516788835004,
      0.09541943109462345,
      0.07284668185054621,
      0.05732898242031207,
      0.05167199040076308,
      0.04783163154009608,
      0.04429695987808129,
      0.043518298793705903,
      0.04052912227502049,
      0.03914957682804611,
      0.04480678645374865,
      0.039972649677451184,
      0.038451468422680275,
      0.0415987738939297,
      0.04206541448166535,
      0.03537307549717478,
      0.03632689675931941,
      0.03363373064420069,
      0.03531488649920209,
      0.036207471827995254,
      0.036015013143658,
      0.03420579916960451,
      0.03408129846669451,
      0.032805148118475694,
      0.03614120283944616,
      0.033919080890585596,
      0.032181592043160574,
      0.03247255299914074,
      0.031035157030020112,
      0.031822732189881894,
      0.032596712273008616,
      0.03126336721225908,
      0.028087233187660737,
      0.0279529916915654,
      0.028866352451811524,
      0.028521422886149016,
      0.03451545515156157,
      0.03554707530356236,
      0.03984436022840753,
      0.033598503882048984,
      0.02721583679464385,
      0.026395000517368317,
      0.02755972274086623,
      0.026619739066393776,
      0.024753326845423477,
      0.025510309794970865,
      0.028144765459677687,
      0.025942194533399507,
      0.030196854969864535,
      0.027245857598927968,
      0.02651120009375364,
      0.02903954604216264,
      0.02575557184230186,
      0.026733424896340514,
      0.02762341545870577,
      0.02855397321208422,
      0.027287708020749243,
      0.02472542516440617,
      0.026032510142750192,
      0.026021283878700747,
      0.027213193301486503,
      0.02964906504094508,
      0.024688016766557574,
      0.025509008412313666,
      0.02760532512496258,
      0.026989121632829315,
      0.02695624990708697,
      0.026290615028341662,
      0.02636265642694514,
      0.024467381748037833,
      0.024901778690930656,
      0.025219358080687784,
      0.025896236069691835,
      0.024157588739386945,
      0.024359766757342874,
      0.02646008946656887,
      0.024833209657501264
    ],
    "val_loss": [
      0.5412177447965759,
      0.3584648960900164,
      0.3315691797051601,
      0.21442747465641557,
      0.22908982303729672,
      0.20000855541693235,
      0.22155473436156434,
      0.257497442112176,
      0.28483559442405215,
      0.256779107069987,
      0.23381768151850044,
      0.2612063712011019,
      0.26593860032449584,
      0.22507655161717338,
      0.2811681861872088,
      0.2802022045533993,
      0.3018217574916557,
      0.30649569575970403,
      0.4031663524254621,
      0.38620486194658243,
      0.412887937379276,
      0.5405700980523924,
      0.45109973225385663,
      0.47039221131583,
      0.41894161312946837,
      0.45321306784687465,
      0.604777920617538,
      0.42840168661253897,
      0.4440010084921193,
      0.49070853437157624,
      0.5364055010707613,
      0.9497304355312964,
      0.5813539555441298,
      0.6266472609657906,
      0.7083482573154622,
      1.2943543985575259,
      0.8668628853517111,
      0.7896983223359385,
      1.101588476576402,
      0.6226944015523095,
      0.2862042297179738,
      0.5774698242991271,
      0.4543390191143412,
      0.770654455651557,
      0.9186676798221058,
      0.5225572261178565,
      0.7607079088330982,
      1.2595597286290394,
      0.7589033154246514,
      0.5538927665627199,
      0.3872661064005273,
      0.8743457496969286,
      0.8348327706785438,
      0.8298714136682496,
      0.8231279633426202,
      0.6719588689327597,
      0.7278285017426678,
      0.8711808763132124,
      0.7153942845337941,
      0.8099567780750776,
      0.4407652687415213,
      0.7356656580795339,
      0.672235206843627,
      0.4404848370455696,
      1.0482124831204018,
      0.6284276478014842,
      0.7271886219666479,
      0.311615971348689,
      0.6291837889377675,
      0.8072022249409092,
      0.6755525378499202,
      0.5855622572322449,
      0.7364345034327872,
      0.5228944915028925,
      0.7551634703054578,
      0.6808315575725126,
      0.7170453679061936,
      0.9144607055887669,
      0.6440605573534609,
      0.736379141472057
    ],
    "best_epoch": 6,
    "best_val_loss": 0.20000855541693235,
    "test_loss": 5.064991588370082,
    "tracker": {
      "initial_train_loss": 0.38600572188963345,
      "train_threshold": 0.12866857396321116,
      "best_tracking": true,
      "patience_active": true,
      "patience_best_train": null,
      "patience_best_val": 0.20000855541693235,
      "patience_no_improve_epochs": 74,
      "best_train_loss": Infinity,
      "forced_stop_due_to_threshold": false
    }
  },
  "model_files": {
    "best": "scripts/outputs/gru-trc-value/trial_21_4a5463/best_model.pt",
    "last": "scripts/outputs/gru-trc-value/trial_21_4a5463/last_model.pt"
  },
  "config_path": "/home/amoris/data-analysis-on-dbps/scripts/outputs/gru-trc-value/trial_21_4a5463/config.yaml"
}