{
  "model_name": "lstm-trc-rate/trial_76_a77fc1",
  "model_type": "LSTM",
  "model_format": "torch",
  "model_params": {
    "history_length": 146,
    "units": 290,
    "num_layers": 3,
    "dropout": 0.43326287986624645
  },
  "training_params": {
    "max_epochs": 500,
    "batch_size": 252,
    "learning_rate": 0.0005389235526486451,
    "weight_decay": 0.0001372025680863786,
    "checkpoint_interval": 10,
    "seed": 947
  },
  "data_csv": "data/time_aligned_data.csv",
  "timestamp_column": "Date, Time",
  "columns": [
    "TRC-DT",
    "TRC-RT",
    "TRC-PPL1",
    "TRC-PPL2",
    "pH-DT",
    "pH-RT",
    "pH-PPL1",
    "pH-PPL2",
    "cond-DT",
    "cond-PPL1",
    "cond-PPL2",
    "fDOM-RT",
    "fDOM-PPL1",
    "fDOM-PPL2",
    "DO-RT",
    "DO-PPL1",
    "DO-PPL2",
    "TOC-RT",
    "TOC-PPL1",
    "TOC-PPL2",
    "DOC-RT",
    "DOC-PPL1",
    "DOC-PPL2",
    "minutes_since_start"
  ],
  "feature_columns": [
    "TRC-DT",
    "TRC-RT",
    "pH-DT",
    "pH-RT",
    "cond-DT",
    "fDOM-RT",
    "DO-RT",
    "TOC-RT",
    "DOC-RT",
    "minutes_since_start"
  ],
  "target_columns": [
    "TRC-PPL1",
    "TRC-PPL2"
  ],
  "target_mode": "rate",
  "target_base_columns": [
    "TRC-RT",
    "TRC-RT"
  ],
  "split_boundaries": {
    "train_end": 7796,
    "val_end": 9466,
    "test_end": 11138
  },
  "dataset_sizes": {
    "train": 7651,
    "val": 1670,
    "test": 1672
  },
  "input_dim": 10,
  "sequence_length": 146,
  "training_history": {
    "epochs": [
      1,
      2,
      3,
      4,
      5,
      6,
      7,
      8,
      9,
      10,
      11,
      12,
      13,
      14,
      15,
      16,
      17,
      18,
      19,
      20,
      21,
      22,
      23,
      24,
      25,
      26,
      27,
      28,
      29,
      30,
      31,
      32,
      33,
      34,
      35,
      36,
      37,
      38,
      39,
      40,
      41,
      42,
      43,
      44,
      45,
      46,
      47,
      48,
      49,
      50,
      51,
      52,
      53,
      54,
      55,
      56,
      57,
      58,
      59,
      60,
      61,
      62,
      63,
      64,
      65,
      66,
      67,
      68,
      69,
      70,
      71,
      72,
      73,
      74,
      75,
      76,
      77,
      78,
      79,
      80
    ],
    "train_loss": [
      0.44298189218613604,
      0.11586748443250795,
      0.062183381159673125,
      0.044204855714358,
      0.03845808583448922,
      0.03402799311667435,
      0.03181389291674471,
      0.030214076669169258,
      0.035160589629182656,
      0.02827734701601279,
      0.025993590368416367,
      0.02899510332972002,
      0.02433292472126663,
      0.02271523136962529,
      0.024158309981540487,
      0.022307049367178065,
      0.022355759323788475,
      0.020576366508841405,
      0.02060437342705851,
      0.020781355040030314,
      0.02239862271846159,
      0.025076804500267467,
      0.026244690331603995,
      0.025221006319349443,
      0.05835925297912173,
      0.04370584626565368,
      0.03504313292341394,
      0.03044985479284129,
      0.02648817069235463,
      0.024668983743617215,
      0.023441664678575464,
      0.021175469289732327,
      0.02037238937351863,
      0.0208749129553645,
      0.029348334532711667,
      0.022402393278024225,
      0.019227089087690986,
      0.019245899392314057,
      0.01903671590647126,
      0.019316409890900374,
      0.019053546956349216,
      0.017999346634715606,
      0.017754389036170735,
      0.01786703851724969,
      0.01830680412730272,
      0.018308177753969385,
      0.01777609937704166,
      0.01715147367457894,
      0.01734108081869679,
      0.01798909272886097,
      0.018446401785803517,
      0.017901124625252892,
      0.018178847741952536,
      0.01688187731445272,
      0.017119337055637875,
      0.01858576907957789,
      0.017959555730305454,
      0.017161424802607718,
      0.01710093583424268,
      0.018754735823349186,
      0.016745978826614334,
      0.01706721648669308,
      0.016696362714440804,
      0.016812080728726874,
      0.016720290340939904,
      0.01809623133994414,
      0.01852392428107253,
      0.019155696765515418,
      0.017645552531157408,
      0.017115470136141734,
      0.01736209394490348,
      0.016871992755964165,
      0.01807816876209284,
      0.017208323687015057,
      0.01716090950600237,
      0.017498391950528554,
      0.017516234939047096,
      0.018248404977776703,
      0.01627564617609034,
      0.016779745841179
    ],
    "val_loss": [
      0.33526390695464825,
      0.24419173235129454,
      0.2540569679019694,
      0.2451094117707121,
      0.2611568471182606,
      0.26499985782150737,
      0.24591230673347406,
      0.33586099951745507,
      0.23469061614153627,
      0.6837385743231831,
      0.6890052002257929,
      0.24520925267817018,
      0.24696333245959826,
      0.2618420270210255,
      0.2602122710716582,
      0.24741461961836872,
      0.25802982332642205,
      0.2600956495828971,
      0.26651064625489496,
      0.2725609199907965,
      0.2640620783015996,
      0.2715102773628192,
      0.2644519382741994,
      0.26742679119823937,
      0.31383963467296727,
      0.30985946050304136,
      0.29136351216695977,
      0.30796412405764273,
      0.2989786707578662,
      0.2917881260955048,
      0.28819243930235594,
      0.2859318733750703,
      0.2684889913542185,
      0.27976526644326255,
      0.2550433180601654,
      0.2884312826136272,
      0.27602713695632486,
      0.2793181329028692,
      0.2846717384136366,
      0.2757516588458044,
      0.28131944094589373,
      0.28229582828586686,
      0.2802020097073324,
      0.2808353070638137,
      0.27765436971080515,
      0.2809833097912951,
      0.27922297943673446,
      0.27822809430385775,
      0.2815799506615379,
      0.28532955262386156,
      0.28533460898938295,
      0.28090340795363494,
      0.2873314076465761,
      0.280322112513338,
      0.2914111113298439,
      0.27954547788925516,
      0.2871002810131647,
      0.2836076177165894,
      0.2884716417171998,
      0.29065441480296816,
      0.29375046627696405,
      0.29668938204378426,
      0.29022652746853,
      0.28225393373809177,
      0.3011478048286395,
      0.28864765388523034,
      0.2844012103885591,
      0.29940951358593865,
      0.29537801503867445,
      0.29692399980957634,
      0.2979553366804908,
      0.30678181080314926,
      0.30365658694666303,
      0.31296025648445425,
      0.30134975864234087,
      0.30875913498555113,
      0.30302311722746866,
      0.30303035549774854,
      0.30275518353024644,
      0.3170990244714086
    ],
    "best_epoch": 9,
    "best_val_loss": 0.23469061614153627,
    "best_val_abs_mse": 0.28053852915763855,
    "test_loss": 4.431872661033886,
    "test_abs_mse": 43.826629638671875,
    "tracker": {
      "initial_train_loss": 0.44298189218613604,
      "train_threshold": 0.14766063072871202,
      "best_tracking": true,
      "patience_active": true,
      "patience_best_train": null,
      "patience_best_val": 0.23469061614153627,
      "patience_no_improve_epochs": 71,
      "best_train_loss": Infinity,
      "forced_stop_due_to_threshold": false
    }
  },
  "model_files": {
    "best": "scripts/outputs/lstm-trc-rate/trial_76_a77fc1/best_model.pt",
    "last": "scripts/outputs/lstm-trc-rate/trial_76_a77fc1/last_model.pt"
  },
  "config_path": "/home/amoris/data-analysis-on-dbps/scripts/outputs/lstm-trc-rate/trial_76_a77fc1/config.yaml"
}