{
  "model_name": "gru-trc-rate/trial_0_34a85f",
  "model_type": "GRU",
  "model_format": "torch",
  "model_params": {
    "history_length": 54,
    "units": 80,
    "num_layers": 5,
    "dropout": 0.22305083289889563
  },
  "training_params": {
    "max_epochs": 500,
    "batch_size": 113,
    "learning_rate": 0.0009389483274997061,
    "weight_decay": 0.008415748840740051,
    "checkpoint_interval": 10,
    "seed": 947
  },
  "data_csv": "data/time_aligned_data.csv",
  "timestamp_column": "Date, Time",
  "columns": [
    "TRC-DT",
    "TRC-RT",
    "TRC-PPL1",
    "TRC-PPL2",
    "pH-DT",
    "pH-RT",
    "pH-PPL1",
    "pH-PPL2",
    "cond-DT",
    "cond-PPL1",
    "cond-PPL2",
    "fDOM-RT",
    "fDOM-PPL1",
    "fDOM-PPL2",
    "DO-RT",
    "DO-PPL1",
    "DO-PPL2",
    "TOC-RT",
    "TOC-PPL1",
    "TOC-PPL2",
    "DOC-RT",
    "DOC-PPL1",
    "DOC-PPL2",
    "minutes_since_start"
  ],
  "feature_columns": [
    "TRC-DT",
    "TRC-RT",
    "pH-DT",
    "pH-RT",
    "cond-DT",
    "fDOM-RT",
    "DO-RT",
    "TOC-RT",
    "DOC-RT",
    "minutes_since_start"
  ],
  "target_columns": [
    "TRC-PPL1",
    "TRC-PPL2"
  ],
  "target_mode": "rate",
  "target_base_columns": [
    "TRC-RT",
    "TRC-RT"
  ],
  "split_boundaries": {
    "train_end": 7796,
    "val_end": 9466,
    "test_end": 11138
  },
  "dataset_sizes": {
    "train": 7743,
    "val": 1670,
    "test": 1672
  },
  "input_dim": 10,
  "sequence_length": 54,
  "training_history": {
    "epochs": [
      1,
      2,
      3,
      4,
      5,
      6,
      7,
      8,
      9,
      10,
      11,
      12,
      13,
      14,
      15,
      16,
      17,
      18,
      19,
      20,
      21,
      22,
      23,
      24,
      25,
      26,
      27,
      28,
      29,
      30,
      31,
      32,
      33,
      34,
      35,
      36,
      37,
      38,
      39,
      40,
      41,
      42,
      43,
      44,
      45,
      46,
      47,
      48,
      49,
      50,
      51,
      52,
      53,
      54,
      55,
      56,
      57,
      58,
      59,
      60,
      61,
      62,
      63,
      64,
      65,
      66,
      67,
      68,
      69,
      70,
      71,
      72,
      73,
      74,
      75,
      76,
      77,
      78,
      79,
      80
    ],
    "train_loss": [
      0.3355339096949788,
      0.1539111041541973,
      0.11245027366829799,
      0.09473334502149242,
      0.08297015779008086,
      0.07903482267243617,
      0.07472915999301719,
      0.07243717842917333,
      0.06884734795396216,
      0.06440711825514477,
      0.06392771234497933,
      0.06392695464797142,
      0.060648599670085894,
      0.06332931413969435,
      0.059741945281272614,
      0.05933516180155029,
      0.06000865931029346,
      0.05871409259618183,
      0.061939744205418194,
      0.0569960475877268,
      0.057453852080950885,
      0.0575435291357501,
      0.05709538653918235,
      0.05599860162366565,
      0.054765070890919976,
      0.054020694197552094,
      0.05630712115149173,
      0.054920913656156194,
      0.055973038511322126,
      0.05714273613403814,
      0.0561571525055956,
      0.05489251794045507,
      0.05280181429977105,
      0.05536555903842864,
      0.05283611808244024,
      0.0523585010602364,
      0.05374760142414819,
      0.05331572863339115,
      0.05356655388841499,
      0.052924478337328426,
      0.0541304390933776,
      0.05551063141880703,
      0.05108693514577828,
      0.054029328412042325,
      0.05422535224407661,
      0.05236326715950201,
      0.05171972074419987,
      0.05353015255176727,
      0.05225852769564385,
      0.05158166289878002,
      0.05333603556800393,
      0.05305420146803053,
      0.05089295204201056,
      0.05198999179230555,
      0.05048329213108032,
      0.05040747161613529,
      0.050681097991788604,
      0.05282588734122021,
      0.052791753256758195,
      0.05273285296704824,
      0.05240547455039949,
      0.051798318896789534,
      0.05075809268908,
      0.04906766491168832,
      0.05200461528201321,
      0.052441483212197826,
      0.05173362912972214,
      0.04994372385067486,
      0.05321498968868574,
      0.050016550323874795,
      0.05016542534135454,
      0.050434578276028486,
      0.05306293994782969,
      0.050585431505408875,
      0.04928406584013437,
      0.04949419432126412,
      0.05128703543505711,
      0.04971297433036682,
      0.05103006748087828,
      0.04959427518764085
    ],
    "val_loss": [
      0.3221827320085314,
      0.3427286043272404,
      0.25231568974381435,
      0.2808900705243121,
      0.21929573513745904,
      0.30713479972394286,
      0.24042873570171303,
      0.2334266751380024,
      0.24386297007520755,
      0.23151254195965335,
      0.24107348315283925,
      0.25524582371427984,
      0.23748180587402362,
      0.2577832365553536,
      0.2601117339364426,
      0.2584427044888635,
      0.24890941342863138,
      0.25290224472295025,
      0.272240371448908,
      0.2819432355597348,
      0.2517746790072429,
      0.25869661348754774,
      0.2518637337058247,
      0.27303767802115686,
      0.30743726707861097,
      0.26830614024695165,
      0.27744501123349824,
      0.2691765434259248,
      0.32609203065226894,
      0.27817220948859606,
      0.31959554083689956,
      0.28590891622676107,
      0.3142091029150757,
      0.27416119571708275,
      0.2839496479732191,
      0.3112935562869032,
      0.29808050945936565,
      0.2904975858946403,
      0.2993656938438287,
      0.3323189767177947,
      0.28581093165376587,
      0.3411873887354385,
      0.3146256299165195,
      0.3105094335080978,
      0.28696952018953725,
      0.31288474032175756,
      0.3330709646651131,
      0.30358451058318514,
      0.2906505083431027,
      0.2939819786719933,
      0.3356082734412062,
      0.3302658582608143,
      0.30968630396855806,
      0.3152879668790066,
      0.30301091621245096,
      0.299890796474354,
      0.3846885370369443,
      0.31192513996077154,
      0.3376389100879966,
      0.2846803714504499,
      0.3511708895871025,
      0.30636463943801956,
      0.3230595706911858,
      0.3160625858288147,
      0.3213692505827207,
      0.3860529147311599,
      0.36761533883428144,
      0.31672259671334735,
      0.3490553641881414,
      0.3160518370033381,
      0.313042608249241,
      0.301674249326576,
      0.3725724074030351,
      0.32731109581396967,
      0.32444697766380753,
      0.3476857184025342,
      0.34193497236349624,
      0.39841026436693655,
      0.311011254492991,
      0.32304781902425306
    ],
    "best_epoch": 5,
    "best_val_loss": 0.21929573513745904,
    "best_val_abs_mse": 0.3063003122806549,
    "test_loss": 3.86727813082306,
    "test_abs_mse": 36.8624153137207,
    "tracker": {
      "initial_train_loss": 0.3355339096949788,
      "train_threshold": 0.11184463656499294,
      "best_tracking": true,
      "patience_active": true,
      "patience_best_train": null,
      "patience_best_val": 0.21929573513745904,
      "patience_no_improve_epochs": 75,
      "best_train_loss": Infinity,
      "forced_stop_due_to_threshold": false
    }
  },
  "model_files": {
    "best": "scripts/outputs/gru-trc-rate/trial_0_34a85f/best_model.pt",
    "last": "scripts/outputs/gru-trc-rate/trial_0_34a85f/last_model.pt"
  },
  "config_path": "/home/amoris/data-analysis-on-dbps/scripts/outputs/gru-trc-rate/trial_0_34a85f/config.yaml"
}