"Date, Time",TRC-DT,TRC-RT,TRC-PPL1,TRC-PPL2,pH-DT,pH-RT,pH-PPL1,pH-PPL2,cond-DT,cond-RT,cond-PPL1,cond-PPL2,fDOM-RT,fDOM-PPL1,fDOM-PPL2,DO-RT,DO-PPL1,DO-PPL2,TOC-RT,TOC-PPL1,TOC-PPL2,DOC-RT,DOC-PPL1,DOC-PPL2
2025/11/04 00:00,2.52,1.95,,,8.14,7.81,,7.86,208.300003,211.970001,,,6.68,6.02,,,,,1.648,,1.636,1.648,,1.636
2025/11/04 00:00,2.53,1.95,,,8.12,7.81,,7.86,208.059998,211.970001,,213.679993,6.67,6.04,,,,,1.65,,1.638,1.65,,1.638
2025/11/04 00:00,2.53,1.95,,,8.11,7.81,,7.87,208.300003,211.970001,,212.940002,6.69,,5.98,,,,1.646,,1.627,1.646,,1.627
2025/11/04 00:00,2.53,1.94,,,8.1,7.81,,7.86,208.300003,212.210007,,213.679993,6.7,,5.99,,,,1.649,,1.627,1.649,,1.627
2025/11/04 00:00,2.51,1.95,,,8.06,7.81,,7.86,208.789993,212.210007,,213.190002,6.71,,5.96,,,,1.647,,1.624,1.647,,1.624
2025/11/04 00:00,2.53,1.95,,,8.05,7.81,,7.87,208.300003,212.449997,,213.190002,6.73,,5.95,,,,1.648,,1.626,1.648,,1.626
2025/11/04 00:00,2.52,1.95,,,8.03,7.81,7.86,,208.550003,212.210007,,,6.69,,5.96,,,,1.644,,1.624,1.644,,1.624
2025/11/04 00:00,2.53,1.95,,,8.01,7.8,7.85,,208.789993,212.699997,213.679993,,6.71,6.03,,,,,1.648,1.635,,1.648,1.635,
2025/11/04 00:00,2.53,1.95,,,8,7.8,7.86,,208.550003,212.699997,213.429993,,6.72,6.07,,,,,1.646,1.636,,1.646,1.636,
2025/11/04 00:00,2.52,1.95,,,7.99,7.81,7.85,,208.789993,212.699997,213.679993,,6.71,6.11,,,,,1.653,1.638,,1.653,1.638,
2025/11/04 00:00,2.51,1.96,,,7.97,7.81,7.85,,208.550003,212.940002,213.429993,,6.72,6.11,,,,,1.644,1.635,,1.644,1.635,
2025/11/04 00:00,2.51,1.96,,,7.95,7.79,7.85,,208.789993,212.449997,213.429993,,6.65,6.1,,,,,1.647,1.633,,1.647,1.633,
2025/11/04 00:00,2.51,1.96,,,7.94,7.8,,7.87,208.550003,212.699997,,,6.69,6.09,,,,,1.648,,1.634,1.648,,1.634
2025/11/04 00:00,2.51,1.96,,,7.92,7.8,,7.86,208.550003,212.699997,,213.679993,6.63,6.05,,,,,1.648,,1.634,1.648,,1.634
2025/11/04 00:00,2.51,1.96,,,7.9,7.8,,7.86,208.550003,212.449997,,213.429993,6.64,,5.98,,,,1.639,,1.629,1.639,,1.629
2025/11/04 00:00,2.48,1.96,,,7.88,7.8,,7.86,208.550003,211.970001,,212.940002,6.68,,5.94,,,,1.647,,1.63,1.647,,1.63
2025/11/04 00:00,2.48,1.96,,,7.86,7.79,,7.85,208.550003,212.449997,,213.679993,6.66,,5.94,,,,1.642,,1.628,1.642,,1.628
2025/11/04 00:00,2.48,1.96,,,7.84,7.8,,7.86,208.550003,212.699997,,212.940002,6.63,,5.93,,,,1.647,,1.624,1.647,,1.624
2025/11/04 00:00,2.48,1.94,1.65,,7.82,7.79,7.85,,208.550003,212.449997,,,6.66,,5.9,,,,1.644,,1.623,1.644,,1.623
2025/11/04 00:00,2.47,1.94,1.66,,7.8,7.79,7.85,,209.039993,212.940002,213.190002,,6.64,,5.97,,,,1.648,,1.629,1.648,,1.629
2025/11/04 00:00,2.43,1.94,1.66,,7.78,7.79,7.84,,209.279999,212.699997,212.940002,,6.65,,,,,,1.643,1.633,,1.643,1.633,
2025/11/04 00:00,2.43,1.95,1.66,,7.76,7.79,7.84,,209.039993,213.429993,213.429993,,6.67,6.05,,,,,1.649,1.637,,1.649,1.637,
2025/11/04 00:00,2.47,1.96,1.66,,7.75,7.79,7.84,,208.789993,213.429993,213.429993,,6.66,6.07,,,,,1.645,1.633,,1.645,1.633,
2025/11/04 00:00,2.46,1.96,1.65,,7.74,7.78,7.84,,209.279999,213.429993,213.679993,,6.67,6.1,,,,,1.641,1.638,,1.641,1.638,
2025/11/04 00:00,2.45,1.97,,1.39,7.73,7.78,,7.87,209.520004,213.190002,,,6.64,6.05,,,,,1.641,1.638,,1.641,1.638,
2025/11/04 00:00,2.43,1.97,,1.39,7.72,7.78,,7.86,209.279999,212.699997,,213.429993,6.61,,,,,,1.651,,1.625,1.651,,1.625
2025/11/04 00:00,1.16,1.97,,1.39,,7.78,,7.85,,213.429993,,213.190002,6.66,,5.89,,,,1.648,,1.623,1.648,,1.623
2025/11/04 00:00,0.44,1.96,,1.4,,7.78,,7.86,,213.190002,,213.679993,6.63,,5.85,,,,1.65,,1.624,1.65,,1.624
2025/11/04 00:00,0.34,1.97,,1.4,,7.78,,7.86,,213.190002,,213.429993,6.65,,5.79,,,,1.643,,1.625,1.643,,1.625
2025/11/04 00:00,0.31,1.96,,1.4,,7.78,,7.86,,212.940002,,212.940002,6.67,,5.77,,,,1.652,,1.619,1.652,,1.619
2025/11/04 00:00,1.07,1.96,,,,7.78,7.84,,,212.940002,,,6.64,,5.76,,,,1.649,,1.627,1.649,,1.627
2025/11/04 00:00,2.46,1.95,1.65,,8.68,7.77,7.84,,,212.940002,213.190002,,6.65,6.04,,,,,1.644,1.635,,1.644,1.635,
2025/11/04 00:00,2.76,1.95,1.65,,8.68,7.78,7.84,,209.520004,212.940002,213.190002,,6.67,6.03,,,,,1.639,1.631,,1.639,1.631,
2025/11/04 00:00,2.63,1.96,1.65,,8.65,7.77,7.84,,209.520004,212.940002,213.190002,,6.69,6,,,,,1.643,,,1.643,,
2025/11/04 00:00,2.64,1.96,1.66,,8.61,7.78,7.84,,210.009995,212.940002,213.190002,,6.64,6.02,,,,,1.643,1.636,,1.643,1.636,
2025/11/04 00:00,2.66,1.96,1.66,,8.58,7.77,7.83,,210.740005,213.190002,213.190002,,6.65,6.02,,,,,1.642,1.637,,1.642,1.637,
2025/11/04 00:00,2.65,1.96,,,8.57,7.8,,7.87,210.5,213.190002,,,6.62,6,,,,,1.635,1.635,,1.635,1.635,
2025/11/04 00:00,2.65,1.96,,,8.57,7.8,,7.86,210.259995,213.429993,,,6.62,,,,,,1.639,,,1.639,,
2025/11/04 00:00,2.65,1.97,,1.4,8.57,7.8,,7.86,210.259995,212.940002,,212.940002,6.69,,5.81,,,,1.64,,1.619,1.64,,1.619
2025/11/04 00:00,2.65,1.97,,1.39,8.57,7.8,,7.86,210.009995,212.940002,,212.699997,6.65,,5.77,,,,1.649,,,1.649,,
2025/11/04 00:00,2.65,1.97,,1.39,8.56,7.8,,7.86,210.259995,212.699997,,212.940002,6.67,,5.79,,,,1.645,,1.622,1.645,,1.622
2025/11/04 00:00,2.65,1.97,,1.39,8.56,7.81,,7.86,210.259995,213.190002,,212.699997,6.63,,5.79,,,,1.65,,,1.65,,
2025/11/04 00:00,2.65,1.97,,,8.55,7.81,7.84,,210.259995,213.679993,,,6.68,,5.84,,,,1.632,,,1.632,,
2025/11/04 00:00,2.65,1.97,1.66,,8.54,7.81,7.84,,210.009995,213.190002,213.190002,,6.67,6.02,,,,,1.647,1.634,,1.647,1.634,
2025/11/04 00:00,2.65,1.98,1.66,,8.54,7.8,7.84,,210.259995,213.190002,213.429993,,6.66,6.05,,,,,1.649,1.646,,1.649,1.646,
2025/11/04 00:00,2.65,1.97,1.66,,8.53,7.8,7.85,,210.259995,212.940002,213.190002,,6.64,5.97,,,,,1.643,1.633,,1.643,1.633,
2025/11/04 00:00,2.64,1.97,1.66,,8.53,7.8,7.84,,210.259995,213.190002,213.190002,,6.68,5.99,,,,,1.641,,,1.641,,
2025/11/04 00:00,2.65,1.97,1.66,,8.52,7.8,7.84,,210.259995,213.429993,213.429993,,6.65,6.01,,,,,1.651,1.638,,1.651,1.638,
2025/11/04 00:00,2.65,1.97,,,8.51,7.8,,7.85,210.259995,213.190002,,,6.66,6,,,,,1.649,,,1.649,,
2025/11/04 00:00,2.65,1.97,,,8.51,7.8,,7.85,210.259995,212.699997,,212.940002,6.69,,,,,,1.643,,1.623,1.643,,1.623
2025/11/04 00:00,2.65,1.97,,1.39,8.5,7.8,,7.85,210.009995,212.940002,,212.940002,6.67,,5.8,,,,1.643,,,1.643,,
2025/11/04 00:00,2.64,1.98,,1.4,8.49,7.81,,7.85,210.009995,212.940002,,213.190002,6.67,,5.83,,,,1.645,,1.622,1.645,,1.622
2025/11/04 00:00,2.65,1.98,,1.39,8.49,7.81,,7.85,210.009995,213.429993,,213.190002,6.66,,5.78,,,,1.655,,,1.655,,
2025/11/04 00:00,2.64,1.98,,1.4,8.48,7.81,,7.85,210.009995,212.940002,,213.190002,6.65,,5.78,,,,1.649,,1.625,1.649,,1.625
2025/11/04 00:00,2.64,1.98,,,8.48,7.81,7.86,,210.259995,212.940002,,,6.69,,5.77,,,,1.635,,,1.635,,
2025/11/04 00:00,2.65,1.98,1.66,,8.46,7.81,7.86,,210.259995,212.940002,,,6.66,6.03,,,,,1.645,1.633,,1.645,1.633,
2025/11/04 00:00,2.63,1.98,1.66,,8.46,7.82,7.86,,210.259995,212.940002,212.940002,,6.72,6,,,,,1.646,1.635,,1.646,1.635,
2025/11/04 00:00,2.63,1.98,1.66,,8.46,7.82,7.86,,210.259995,213.190002,212.940002,,6.68,5.99,,,,,1.651,1.639,,1.651,1.639,
2025/11/04 00:00,2.63,1.98,1.66,,8.45,7.82,7.86,,209.770004,213.429993,213.190002,,6.66,6.03,,,,,1.655,1.629,,1.655,1.629,
2025/11/04 00:00,2.63,1.99,1.66,,8.44,7.81,7.86,,209.770004,213.190002,213.679993,,6.66,6.01,,,,,1.653,1.634,,1.653,1.634,
2025/11/04 00:00,2.62,1.98,,1.39,8.43,7.81,,7.86,210.259995,213.190002,,,6.65,6.04,,,,,1.645,,,1.645,,
2025/11/04 00:00,2.6,1.98,,1.39,8.42,7.82,,7.85,210.009995,213.429993,,213.919998,6.72,,5.85,,,,1.651,,1.621,1.651,,1.621
2025/11/04 00:00,2.61,1.97,,1.39,8.41,7.82,,7.85,209.770004,213.190002,,213.679993,6.7,,5.88,,,,1.655,,1.621,1.655,,1.621
2025/11/04 00:00,2.61,1.98,,1.38,8.41,7.82,,7.85,209.770004,213.429993,,213.190002,6.63,,5.92,,,,1.649,,1.625,1.649,,1.625
2025/11/04 00:00,2.6,1.98,,1.38,8.4,7.82,,7.85,210.259995,213.190002,,214.160004,6.69,,5.86,,,,1.637,,1.622,1.637,,1.622
2025/11/04 00:00,2.6,1.97,,1.38,8.39,7.82,,7.86,210.259995,213.190002,,213.190002,6.7,,5.88,,,,1.648,,,1.648,,
2025/11/04 00:00,2.6,1.98,,,8.38,7.83,7.86,,210.259995,213.190002,,,6.7,,5.88,,,,1.65,,1.619,1.65,,1.619
2025/11/04 00:00,2.6,1.98,1.66,,8.38,7.83,7.87,,210.5,213.190002,213.919998,,6.68,6.08,,,,,1.647,,,1.647,,
2025/11/04 00:00,2.59,1.98,1.66,,8.37,7.82,7.87,,210.259995,213.190002,214.160004,,6.68,6.04,,,,,1.643,1.629,,1.643,1.629,
2025/11/04 00:00,2.6,1.98,1.66,,8.36,7.82,7.87,,210.5,213.429993,213.919998,,6.73,6.09,,,,,1.65,,,1.65,,
2025/11/04 00:00,2.59,1.98,1.66,,8.35,7.83,7.87,,210.009995,213.429993,214.160004,,6.68,6.05,,,,,1.644,1.629,,1.644,1.629,
2025/11/04 00:00,2.59,1.98,1.66,,8.34,7.82,7.86,,210.259995,213.429993,213.919998,,6.65,6.03,,,,,1.65,,,1.65,,
2025/11/04 00:00,2.6,1.99,,,8.32,7.82,,7.86,210.259995,213.429993,,,6.72,6.09,,,,,1.643,,,1.643,,
2025/11/04 00:00,2.6,1.99,,1.4,8.31,7.82,,7.84,210.259995,213.190002,,214.410004,6.69,,5.89,,,,1.654,,,1.654,,
2025/11/04 00:00,2.59,1.98,,1.39,8.3,7.82,,7.84,210.009995,213.190002,,213.679993,6.65,,5.86,,,,1.645,,1.617,1.645,,1.617
2025/11/04 00:00,2.59,1.98,,1.39,8.28,7.82,,7.85,210.259995,213.429993,,213.919998,6.71,,5.85,,,,1.647,,,1.647,,
2025/11/04 00:00,2.59,1.99,,1.39,8.28,7.83,,7.84,210.259995,213.429993,,213.429993,6.69,,5.82,,,,1.652,,1.622,1.652,,1.622
2025/11/04 00:00,2.6,1.98,,1.39,8.26,7.82,,7.84,210.259995,213.679993,,214.410004,6.69,,5.85,,,,1.644,,,1.644,,
2025/11/04 00:00,2.59,1.99,,,8.26,7.83,7.87,,210.5,213.429993,,,6.69,,5.77,,,,1.645,1.621,,1.645,1.621,
2025/11/04 00:00,2.59,1.98,1.66,,8.24,7.82,7.88,,210.259995,213.429993,213.919998,,6.71,6.09,,,,,1.651,1.636,,1.651,1.636,
2025/11/04 00:00,2.59,1.98,1.66,,8.23,7.82,7.88,,210.009995,213.429993,214.410004,,6.68,6.09,,,,,1.649,,,1.649,,
2025/11/04 00:00,2.56,1.99,1.66,,8.22,7.83,7.88,,210.259995,213.429993,213.919998,,6.66,6.07,,,,,1.646,1.635,,1.646,1.635,
2025/11/04 00:00,2.57,1.99,1.66,,8.21,7.83,7.88,,210.009995,213.429993,214.160004,,6.69,6.08,,,,,1.644,,,1.644,,
2025/11/04 00:00,2.58,1.99,1.66,,8.2,7.83,7.88,,210.009995,213.429993,214.160004,,6.7,6.08,,,,,1.642,1.636,,1.642,1.636,
2025/11/04 00:00,2.59,1.99,,,8.19,7.83,,7.86,210.259995,213.429993,,,6.7,6.07,,,,,1.645,,,1.645,,
2025/11/04 00:00,2.59,1.98,,1.4,8.17,7.83,,7.85,210.009995,213.429993,,214.649994,6.73,,5.88,,,,1.64,,1.618,1.64,,1.618
2025/11/04 00:00,2.57,1.99,,1.39,8.15,7.83,,7.84,210.009995,213.429993,,213.429993,6.69,,5.86,,,,1.647,,1.617,1.647,,1.617
2025/11/04 00:00,2.58,1.99,,1.39,8.14,7.83,,7.84,210.259995,213.429993,,214.410004,6.69,,5.83,,,,1.636,,,1.636,,
2025/11/04 00:00,2.59,1.99,,1.39,8.12,7.82,,7.84,210.259995,213.190002,,213.679993,6.68,,5.85,,,,1.648,,1.617,1.648,,1.617
2025/11/04 00:00,2.59,2,,1.39,8.11,7.83,,7.84,210.009995,213.190002,,213.679993,6.68,,5.76,,,,1.644,,1.613,1.644,,1.613
2025/11/04 00:00,2.59,1.99,,,8.09,7.83,7.89,,210.259995,213.190002,,,6.66,,5.76,,,,1.654,1.62,,1.654,1.62,
2025/11/04 00:00,2.58,1.99,1.67,,8.08,7.83,7.89,,210.5,213.679993,213.919998,,6.72,6.08,,,,,1.654,1.628,,1.654,1.628,
2025/11/04 00:00,2.58,1.99,1.67,,8.06,7.82,7.89,,210.259995,213.429993,214.160004,,6.71,6.06,,,,,1.651,,,1.651,,
2025/11/04 00:00,2.57,1.99,1.67,,8.04,7.82,7.89,,210.259995,213.679993,213.429993,,6.72,6.04,,,,,1.649,,,1.649,,
2025/11/04 00:00,2.58,1.99,1.67,,8.03,7.82,7.9,,210.259995,213.429993,213.919998,,6.75,6.04,,,,,1.64,1.635,,1.64,1.635,
2025/11/04 00:00,2.58,1.99,1.67,,8.02,7.82,7.9,,210.259995,213.679993,214.160004,,6.7,6.05,,,,,1.643,1.634,,1.643,1.634,
2025/11/04 00:00,2.56,1.99,,1.39,8,7.82,,7.86,210.259995,213.429993,,,6.71,6.04,,,,,1.651,1.634,,1.651,1.634,
2025/11/04 00:00,2.56,2,,1.4,7.99,7.82,,7.85,210.259995,213.429993,,214.410004,6.74,,5.84,,,,1.654,,1.626,1.654,,1.626
2025/11/04 00:00,2.55,2,,1.39,7.97,7.82,,7.85,210.5,213.429993,,213.429993,6.71,,5.88,,,,1.645,,1.616,1.645,,1.616
2025/11/04 00:00,2.56,2,,1.4,7.96,7.82,,7.85,210.259995,213.679993,,213.919998,6.71,,5.79,,,,1.645,,1.617,1.645,,1.617
2025/11/04 00:00,2.54,2,,1.39,7.95,7.82,,7.85,210.259995,213.429993,,213.190002,6.71,,5.8,,,,1.642,,,1.642,,
2025/11/04 00:00,2.53,2,,1.39,7.92,7.82,,7.85,210.009995,213.429993,,213.429993,6.75,,5.8,,,,1.651,,1.616,1.651,,1.616
2025/11/04 00:00,2.53,2,,,7.91,7.82,7.9,,210.259995,213.429993,,,6.73,,5.81,,,,1.643,,1.619,1.643,,1.619
2025/11/04 00:00,2.52,2,1.67,,7.89,7.82,7.9,,210.009995,213.190002,214.160004,,6.69,6.07,,,,,1.65,,,1.65,,
2025/11/04 00:00,2.52,2,1.67,,7.89,7.82,7.9,,210.259995,213.429993,214.160004,,6.75,6.03,,,,,1.651,1.634,,1.651,1.634,
2025/11/04 00:00,2.51,2,1.67,,7.88,7.82,7.9,,210.009995,213.429993,213.679993,,6.67,6.05,,,,,1.646,1.632,,1.646,1.632,
2025/11/04 00:00,2.52,1.99,1.67,,7.86,7.82,7.9,,210.5,213.429993,214.160004,,6.72,6.05,,,,,1.65,,,1.65,,
2025/11/04 00:00,1.67,2,1.68,,,7.82,7.9,,,213.429993,213.679993,,6.72,6.03,,,,,1.652,1.629,,1.652,1.629,
2025/11/04 00:00,0.52,2,,1.39,,7.82,,7.86,,213.679993,,,6.71,6.05,,,,,1.651,,,1.651,,
2025/11/04 00:00,0.35,2,,1.4,,7.82,,7.85,,213.429993,,213.679993,6.73,,5.89,,,,1.647,,1.619,1.647,,1.619
2025/11/04 00:00,0.32,2,,1.39,,7.82,,7.85,,213.429993,,213.190002,6.7,,5.83,,,,1.654,,1.619,1.654,,1.619
2025/11/04 00:00,0.85,1.99,,1.39,,7.82,,7.85,,213.429993,,213.429993,6.7,,5.81,,,,1.638,,1.62,1.638,,1.62
2025/11/04 00:00,2.21,1.99,,1.39,,7.82,,7.86,,213.190002,,213.190002,6.68,,5.83,,,,1.643,,1.616,1.643,,1.616
2025/11/04 00:00,2.79,1.99,,1.39,8.68,7.82,,7.86,209.279999,213.429993,,213.190002,6.71,,5.8,,,,1.642,,1.617,1.642,,1.617
2025/11/04 00:00,2.66,1.99,,,8.65,7.82,7.92,,209.520004,213.429993,,,6.72,,5.83,,,,1.65,,,1.65,,
2025/11/04 00:00,2.61,1.99,1.67,,8.61,7.82,7.91,,210.009995,213.429993,213.919998,,6.7,6.1,,,,,1.647,1.637,,1.647,1.637,
2025/11/04 00:00,2.66,1.99,1.67,,8.57,7.82,7.92,,210.5,213.429993,213.919998,,6.67,6.14,,,,,1.644,1.633,,1.644,1.633,
2025/11/04 00:00,2.65,1.99,1.68,,8.57,7.84,7.91,,210.5,212.940002,213.919998,,6.71,6.05,,,,,1.64,,,1.64,,
2025/11/04 00:00,2.65,2,1.67,,8.56,7.84,7.92,,210.5,213.679993,213.679993,,6.67,6.08,,,,,1.647,1.632,,1.647,1.632,
2025/11/04 00:00,2.64,2,1.68,,8.56,7.84,7.91,,210.009995,213.429993,213.919998,,6.69,6,,,,,1.647,1.634,,1.647,1.634,
2025/11/04 00:00,2.64,2.02,,1.38,8.56,7.84,,7.88,210.259995,213.190002,,213.679993,6.72,6.07,,,,,1.641,1.637,,1.641,1.637,
2025/11/04 00:00,2.63,2.01,,1.39,8.55,7.83,,7.87,210.259995,213.429993,,213.679993,6.68,,5.88,,,,1.637,,1.618,1.637,,1.618
2025/11/04 00:00,2.64,2,,1.39,8.55,7.84,,7.86,210.259995,212.940002,,213.679993,6.66,,5.85,,,,1.653,,,1.653,,
2025/11/04 00:00,2.63,2,,1.38,8.54,7.85,,7.86,210.009995,213.190002,,213.429993,6.65,,5.84,,,,1.645,,1.62,1.645,,1.62
2025/11/04 00:00,2.63,2,,1.38,8.54,7.85,,7.86,210.259995,213.679993,,213.429993,6.72,,5.83,,,,1.638,,1.621,1.638,,1.621
2025/11/04 00:00,2.63,2,,1.38,8.53,7.85,,7.87,210.259995,213.679993,,,6.71,,5.85,,,,1.645,,1.615,1.645,,1.615
2025/11/04 00:00,2.63,2,,,8.53,7.84,7.91,,210.5,213.429993,,,6.69,,5.83,,,,1.647,,1.62,1.647,,1.62
2025/11/04 00:00,2.63,2,1.67,,8.53,7.84,7.91,,210.009995,213.679993,214.899994,,6.7,6.05,,,,,1.644,1.639,,1.644,1.639,
2025/11/04 00:00,2.63,2,1.67,,8.53,7.84,7.91,,210.259995,213.679993,214.410004,,6.65,6.07,,,,,1.649,1.641,,1.649,1.641,
2025/11/04 00:00,2.63,2,1.67,,8.52,7.85,7.91,,210.009995,213.919998,214.649994,,6.67,6.11,,,,,1.644,1.635,,1.644,1.635,
2025/11/04 00:00,2.63,2.01,1.68,,8.51,7.85,7.91,,209.770004,213.919998,214.410004,,6.66,6.07,,,,,1.648,1.631,,1.648,1.631,
2025/11/04 00:00,2.63,2.01,1.68,,8.5,7.85,7.91,,209.770004,213.919998,214.160004,,6.64,6.06,,,,,1.649,1.632,,1.649,1.632,
2025/11/04 00:00,2.63,2.02,,,8.5,7.85,,7.89,209.770004,213.919998,,,6.63,6.05,,,,,1.646,1.63,,1.646,1.63,
2025/11/04 00:00,2.63,2.01,,1.4,8.5,7.85,,7.87,210.5,213.679993,,214.410004,6.7,,5.91,,,,1.642,,1.62,1.642,,1.62
2025/11/04 00:00,2.63,2.01,,1.39,8.49,7.85,,7.87,210.009995,213.919998,,213.919998,6.68,,5.83,,,,1.65,,1.614,1.65,,1.614
2025/11/04 00:00,2.62,2.01,,1.39,8.49,7.86,,7.87,209.770004,213.429993,,213.679993,6.64,,5.77,,,,1.649,,1.615,1.649,,1.615
2025/11/04 00:00,2.63,2.01,,1.39,8.48,7.85,,7.87,210.009995,213.919998,,214.160004,6.67,,5.79,,,,1.654,,1.612,1.654,,1.612
2025/11/04 00:00,2.62,2.01,,1.38,8.48,7.85,,7.86,210.009995,213.919998,,213.679993,6.7,,5.79,,,,1.642,,1.622,1.642,,1.622
2025/11/04 00:00,2.61,2,,,8.48,7.85,7.92,,209.520004,213.679993,,,6.67,,5.8,,,,1.642,1.621,,1.642,1.621,
2025/11/04 00:00,2.61,2.01,1.68,,8.47,7.86,7.92,,209.770004,213.919998,214.410004,,6.68,6.1,,,,,1.65,1.638,,1.65,1.638,
2025/11/04 00:00,2.61,2.01,1.68,,8.45,7.86,7.92,,209.520004,213.679993,214.410004,,6.69,6.09,,,,,1.641,,,1.641,,
2025/11/04 00:00,2.61,2.01,1.68,,8.46,7.86,7.92,,209.520004,213.679993,214.410004,,6.69,6.1,,,,,1.649,1.635,,1.649,1.635,
2025/11/04 00:00,2.61,2.01,1.68,,8.44,7.86,7.93,,210.009995,213.919998,215.139999,,6.69,6.06,,,,,1.65,1.636,,1.65,1.636,
2025/11/04 00:00,2.61,2.01,1.68,,8.44,7.86,7.93,,210.009995,213.679993,214.899994,,6.71,6.09,,,,,1.637,1.637,,1.637,1.637,
2025/11/05 00:00,2.59,2.01,,,8.43,7.86,,7.9,209.770004,213.679993,,,6.67,6.09,,,,,1.655,1.629,,1.655,1.629,
2025/11/05 00:00,2.59,2.01,,1.41,8.43,7.86,,7.88,210.009995,213.919998,,214.649994,6.72,,5.9,,,,1.646,,1.623,1.646,,1.623
2025/11/05 00:00,2.59,2.01,,1.39,8.42,7.86,,7.88,209.770004,213.679993,,214.160004,6.69,,5.84,,,,1.647,,1.613,1.647,,1.613
2025/11/05 00:00,2.59,2.02,,1.4,8.41,7.86,,7.88,209.770004,213.919998,,214.649994,6.71,,5.85,,,,1.646,,1.615,1.646,,1.615
2025/11/05 00:00,2.58,2.01,,1.4,8.4,7.86,,7.88,210.259995,213.919998,,214.899994,6.7,,5.82,,,,1.646,,,1.646,,
2025/11/05 00:00,2.58,2.02,,1.41,8.39,7.86,,7.88,209.770004,213.429993,,214.899994,6.67,,5.75,,,,1.65,,1.614,1.65,,1.614
2025/11/05 00:00,2.59,2.02,,,8.39,7.86,7.92,,209.770004,213.919998,214.410004,,6.68,,5.66,,,,1.652,,1.612,1.652,,1.612
2025/11/05 00:00,2.59,2.02,1.69,,8.38,7.86,7.93,,210.009995,213.679993,214.410004,,6.68,,,,,,1.646,1.634,,1.646,1.634,
2025/11/05 00:00,2.59,2.02,1.69,,8.37,7.86,7.92,,210.009995,213.679993,214.410004,,6.66,,,,,,1.64,1.632,,1.64,1.632,
2025/11/05 00:00,2.59,2.01,1.69,,8.36,7.86,7.93,,210.009995,213.919998,214.160004,,6.67,6.04,,,,,1.649,,,1.649,,
2025/11/05 00:00,2.57,2.01,1.69,,8.35,7.87,7.93,,209.520004,213.679993,214.410004,,6.68,6.03,,,,,1.647,1.636,,1.647,1.636,
2025/11/05 00:00,2.58,2.01,1.69,,8.34,7.87,7.93,,210.009995,213.919998,214.160004,,6.69,6.02,,,,,1.651,1.634,,1.651,1.634,
2025/11/05 00:00,2.58,2.01,,1.4,8.34,7.87,,7.89,209.770004,213.679993,,213.919998,6.72,6.05,,,,,1.644,,,1.644,,
2025/11/05 00:00,2.58,2.02,,1.4,8.32,7.87,,7.88,210.009995,213.919998,,213.919998,6.69,,5.89,,,,1.64,,1.618,1.64,,1.618
2025/11/05 00:00,2.58,2.01,,1.39,8.31,7.86,,7.88,210.009995,213.679993,,213.429993,6.7,,5.86,,,,1.642,,1.619,1.642,,1.619
2025/11/05 00:00,2.58,2.02,,1.39,8.3,7.86,,7.88,209.770004,213.679993,,213.679993,6.73,,5.84,,,,1.655,,1.623,1.655,,1.623
2025/11/05 00:00,2.59,2.02,,1.38,8.29,7.87,,7.88,210.009995,213.679993,,213.679993,6.7,,5.83,,,,1.651,,1.618,1.651,,1.618
2025/11/05 00:00,2.58,2.02,,1.4,8.28,7.87,,7.88,209.770004,213.919998,,213.679993,6.69,,5.81,,,,1.652,,1.622,1.652,,1.622
2025/11/05 00:00,2.58,2.03,,,8.27,7.86,7.94,,209.770004,213.679993,,,6.66,,5.78,,,,1.649,1.616,,1.649,1.616,
2025/11/05 00:00,2.59,2.02,1.69,,8.26,7.87,7.93,,209.770004,214.160004,214.160004,,6.66,6.04,,,,,1.645,1.628,,1.645,1.628,
2025/11/05 00:00,2.58,2.02,1.69,,8.25,7.86,7.93,,209.520004,213.919998,213.919998,,6.69,6.04,,,,,1.652,,,1.652,,
2025/11/05 00:00,2.58,2.03,1.7,,8.24,7.87,7.94,,209.520004,213.919998,214.410004,,6.71,6.02,,,,,1.646,1.636,,1.646,1.636,
2025/11/05 00:00,2.58,2.02,1.69,,8.23,7.86,7.94,,209.770004,213.919998,213.919998,,6.71,6.04,,,,,1.646,1.631,,1.646,1.631,
2025/11/05 00:00,2.58,2.02,1.69,,8.21,7.86,7.94,,209.770004,213.679993,214.410004,,6.72,6.01,,,,,1.642,,,1.642,,
2025/11/05 00:00,2.58,2.02,,1.4,8.21,7.86,,7.91,209.770004,213.679993,,,6.69,6.05,,,,,1.648,1.637,,1.648,1.637,
2025/11/05 00:00,2.57,2.01,,1.4,8.19,7.86,,7.89,209.770004,213.679993,,214.410004,6.67,,5.88,,,,1.642,1.635,,1.642,1.635,
2025/11/05 00:00,2.57,2.02,,1.4,8.18,7.86,,7.89,210.009995,213.919998,,214.160004,6.72,,5.87,,,,1.646,,1.616,1.646,,1.616
2025/11/05 00:00,2.57,2.02,,1.4,8.16,7.86,,7.89,210.009995,213.679993,,213.679993,6.73,,5.79,,,,1.644,,1.611,1.644,,1.611
2025/11/05 00:00,2.57,2.02,,1.4,8.15,7.86,,7.89,210.009995,213.919998,,214.410004,6.73,,5.77,,,,1.652,,,1.652,,
2025/11/05 00:00,2.58,2.02,,1.4,8.14,7.86,,7.89,210.009995,213.429993,,213.679993,6.71,,5.78,,,,1.651,,1.612,1.651,,1.612
2025/11/05 00:00,2.57,2.02,,,8.12,7.85,7.94,,210.009995,213.679993,,,6.7,,5.79,,,,1.646,,1.615,1.646,,1.615
2025/11/05 00:00,2.56,2.02,1.7,,8.1,7.86,7.94,,209.770004,213.919998,214.649994,,6.72,,,,,,1.651,1.637,,1.651,1.637,
2025/11/05 00:00,2.56,2.01,1.7,,8.08,7.87,7.94,,210.009995,213.919998,214.410004,,6.71,6.09,,,,,1.648,1.64,,1.648,1.64,
2025/11/05 00:00,2.56,2.02,1.7,,8.06,7.87,7.94,,210.009995,213.919998,214.410004,,6.75,6.05,,,,,1.65,1.63,,1.65,1.63,
2025/11/05 00:00,2.56,2.02,1.69,,8.05,7.87,7.94,,209.770004,213.679993,214.410004,,6.73,6.05,,,,,1.646,,,1.646,,
2025/11/05 00:00,2.56,2.02,1.7,,8.04,7.86,7.94,,210.009995,214.160004,214.899994,,6.73,6.08,,,,,1.643,1.631,,1.643,1.631,
2025/11/05 00:00,2.54,2.03,,,8.02,7.86,,7.91,210.009995,213.919998,,,6.68,6.04,,,,,1.643,1.632,,1.643,1.632,
2025/11/05 00:00,2.53,2.04,,1.4,8.01,7.86,,7.9,209.770004,214.410004,,214.160004,6.71,,,,,,1.652,,1.615,1.652,,1.615
2025/11/05 00:00,2.54,2.04,,1.39,7.99,7.86,,7.9,209.770004,213.919998,,214.410004,6.67,,5.84,,,,1.64,,1.62,1.64,,1.62
2025/11/05 00:00,2.54,2.03,,1.39,7.97,7.86,,7.9,209.770004,214.410004,,213.679993,6.7,,5.81,,,,1.643,,1.616,1.643,,1.616
2025/11/05 00:00,2.53,2.03,,1.39,7.96,7.86,,7.9,209.770004,214.410004,,214.410004,6.67,,5.84,,,,1.647,,,1.647,,
2025/11/05 00:00,2.51,2.03,,1.38,7.94,7.86,,7.9,209.770004,213.919998,,213.679993,6.67,,5.85,,,,1.648,,1.616,1.648,,1.616
2025/11/05 00:00,2.5,2.02,,,7.92,7.86,7.94,,209.770004,214.160004,,,6.69,,5.84,,,,1.65,,1.617,1.65,,1.617
2025/11/05 00:00,2.49,2.02,1.69,,7.91,7.86,7.94,,209.770004,214.160004,,,6.71,6.08,,,,,1.648,1.638,,1.648,1.638,
2025/11/05 00:00,2.5,2.02,1.7,,7.89,7.86,7.94,,209.770004,214.410004,214.649994,,6.71,6.06,,,,,1.644,1.634,,1.644,1.634,
2025/11/05 00:00,2.49,2.02,1.7,,7.88,7.85,7.94,,210.009995,214.160004,214.899994,,6.69,6.07,,,,,1.643,1.639,,1.643,1.639,
2025/11/05 00:00,2.52,2.02,1.7,,,7.85,7.93,,,214.160004,214.899994,,6.68,6.08,,,,,1.652,,,1.652,,
2025/11/05 00:00,0.78,2.02,1.7,,,7.86,7.94,,,214.410004,214.899994,,6.74,6.1,,,,,1.644,1.634,,1.644,1.634,
2025/11/05 00:00,0.38,2.02,,,,7.86,,7.94,,213.919998,,,6.73,6.05,,,,,1.643,,,1.643,,
2025/11/05 00:00,0.33,2.02,,1.41,,7.86,,7.9,,214.160004,,,6.7,,,,,,1.637,,1.618,1.637,,1.618
2025/11/05 00:00,0.34,2.02,,1.39,,7.86,,7.91,,213.919998,,214.410004,6.73,,5.86,,,,1.645,,1.616,1.645,,1.616
2025/11/05 00:00,1.54,2.02,,1.4,,7.86,,7.9,,214.160004,,214.649994,6.72,,5.87,,,,1.639,,,1.639,,
2025/11/05 00:00,2.78,2.02,,1.39,8.68,7.86,,7.9,,214.160004,,214.410004,6.69,,5.86,,,,1.643,,1.618,1.643,,1.618
2025/11/05 00:00,2.72,2.02,,1.4,8.66,7.85,,7.9,209.039993,213.919998,,214.649994,6.72,,5.86,,,,1.649,,,1.649,,
2025/11/05 00:00,2.59,2.02,,,8.63,7.85,7.95,,209.520004,213.919998,,214.160004,6.7,,5.86,,,,1.646,,1.614,1.646,,1.614
2025/11/05 00:00,2.65,2.02,1.7,,8.57,7.85,7.94,,210.009995,214.160004,215.139999,,6.73,,,,,,1.636,,,1.636,,
2025/11/05 00:00,2.64,2.02,1.7,,8.57,7.85,7.94,,209.770004,213.919998,215.380005,,6.67,6.08,,,,,1.645,,,1.645,,
2025/11/05 00:00,2.63,2.03,1.7,,8.57,7.87,7.94,,209.520004,214.410004,215.380005,,6.67,6.07,,,,,1.643,1.635,,1.643,1.635,
2025/11/05 00:00,2.63,2.02,1.71,,8.56,7.87,7.94,,209.770004,214.160004,215.139999,,6.7,6.08,,,,,1.649,1.632,,1.649,1.632,
2025/11/05 00:00,2.63,2.03,1.7,,8.56,7.87,7.94,,210.009995,214.160004,215.380005,,6.72,6.05,,,,,1.632,1.633,,1.632,1.633,
2025/11/05 00:00,2.63,2.03,,,8.55,7.87,,7.95,210.009995,213.919998,,,6.67,6.07,,,,,1.639,1.634,,1.639,1.634,
2025/11/05 00:00,2.62,2.02,,1.41,8.55,7.87,,7.9,209.770004,214.160004,,,6.66,,,,,,1.641,,1.614,1.641,,1.614
2025/11/05 00:00,2.62,2.03,,1.41,8.54,7.88,,7.91,209.770004,213.919998,,214.899994,6.7,,5.86,,,,1.646,,1.612,1.646,,1.612
2025/11/05 00:00,2.62,2.03,,1.4,8.54,7.88,,7.9,209.520004,214.160004,,214.410004,6.68,,5.84,,,,1.652,,1.619,1.652,,1.619
2025/11/05 00:00,2.62,2.03,,1.4,8.54,7.88,,7.9,209.770004,214.410004,,214.899994,6.68,,5.83,,,,1.644,,1.614,1.644,,1.614
2025/11/05 00:00,2.63,2.03,,1.41,8.53,7.87,,7.9,209.770004,214.160004,,215.380005,6.64,,5.86,,,,1.651,,1.617,1.651,,1.617
2025/11/05 00:00,2.62,2.04,,,8.52,7.88,7.94,,209.520004,214.160004,,,6.66,,5.75,,,,1.661,,1.609,1.661,,1.609
2025/11/05 00:00,2.62,2.04,1.71,,8.52,7.88,7.94,,209.520004,214.410004,,,6.69,6.02,,,,,1.645,1.633,,1.645,1.633,
2025/11/05 00:00,2.62,2.03,1.71,,8.51,7.88,7.94,,209.520004,214.160004,214.899994,,6.64,5.99,,,,,1.642,1.633,,1.642,1.633,
2025/11/05 00:00,2.62,2.03,1.71,,8.51,7.88,7.94,,209.520004,214.160004,214.649994,,6.64,6.03,,,,,1.648,1.627,,1.648,1.627,
2025/11/05 00:00,2.62,2.03,1.71,,8.5,7.87,7.94,,209.520004,214.410004,214.899994,,6.66,6.06,,,,,1.64,1.63,,1.64,1.63,
2025/11/05 00:00,2.61,2.03,1.71,,8.5,7.87,7.95,,209.520004,214.160004,214.649994,,6.68,6.07,,,,,1.645,1.631,,1.645,1.631,
2025/11/05 00:00,2.61,2.03,,,8.5,7.88,,7.93,209.279999,214.410004,,,6.65,6.02,,,,,1.645,1.633,,1.645,1.633,
2025/11/05 00:00,2.61,2.02,,1.41,8.5,7.88,,7.91,209.279999,214.160004,,214.410004,6.7,,,,,,1.644,,1.614,1.644,,1.614
2025/11/05 00:00,2.61,2.03,,1.4,8.49,7.88,,7.91,209.520004,214.160004,,213.919998,6.73,,5.87,,,,1.643,,1.613,1.643,,1.613
2025/11/05 00:00,2.62,2.03,,1.4,8.49,7.88,,7.91,209.279999,214.160004,,214.649994,6.75,,5.85,,,,1.649,,1.612,1.649,,1.612
2025/11/05 00:00,2.62,2.02,,1.4,8.48,7.88,,7.91,209.520004,214.410004,,213.919998,6.71,,5.88,,,,1.639,,1.615,1.639,,1.615
2025/11/05 00:00,2.6,2.03,,1.4,8.47,7.89,,7.91,209.520004,214.160004,,214.410004,6.7,,5.84,,,,1.649,,1.614,1.649,,1.614
2025/11/05 00:00,2.6,2.03,,,8.47,7.89,7.96,,209.279999,213.919998,,,6.7,,5.86,,,,1.646,,1.611,1.646,,1.611
2025/11/05 00:00,2.61,2.04,1.71,,8.46,7.89,7.95,,209.279999,213.919998,214.649994,,6.68,6.07,,,,,1.647,,,1.647,,
2025/11/05 00:00,2.61,2.03,1.71,,8.45,7.89,7.95,,209.279999,213.919998,214.899994,,6.69,6.04,,,,,1.641,1.631,,1.641,1.631,
2025/11/05 00:00,2.6,2.03,1.71,,8.44,7.88,7.94,,209.520004,214.160004,214.899994,,6.71,6.02,,,,,1.646,1.632,,1.646,1.632,
2025/11/05 00:00,2.59,2.04,1.71,,8.44,7.88,7.95,,209.520004,214.160004,214.899994,,6.69,6.1,,,,,1.64,1.631,,1.64,1.631,
2025/11/05 00:00,2.58,2.03,1.72,,8.43,7.89,7.95,,209.520004,214.649994,214.649994,,6.72,6.08,,,,,1.645,1.632,,1.645,1.632,
2025/11/05 00:00,2.58,2.03,,,8.43,7.89,,7.94,209.520004,214.160004,,,6.75,6.04,,,,,1.651,1.63,,1.651,1.63,
2025/11/05 00:00,2.58,2.03,,1.41,8.42,7.89,,7.91,209.279999,214.160004,,214.649994,6.73,,,,,,1.648,,,1.648,,
2025/11/05 00:00,2.59,2.03,,1.41,8.41,7.89,,7.91,209.520004,214.160004,,214.649994,6.72,,5.88,,,,1.64,,1.617,1.64,,1.617
2025/11/05 00:00,2.58,2.04,,1.41,8.4,7.89,,7.91,209.770004,214.160004,,214.160004,6.72,,5.84,,,,1.64,,,1.64,,
2025/11/05 00:00,2.58,2.03,,1.41,8.39,7.89,,7.91,209.770004,214.410004,,214.899994,6.68,,5.76,,,,1.643,,1.615,1.643,,1.615
2025/11/05 00:00,2.59,2.04,,1.41,8.39,7.89,,7.91,209.039993,214.160004,,,6.75,,5.79,,,,1.645,,1.61,1.645,,1.61
2025/11/05 00:00,2.59,2.04,,,8.38,7.89,7.96,,209.770004,214.160004,,,6.7,,5.77,,,,1.634,,1.605,1.634,,1.605
2025/11/05 00:00,2.59,2.03,1.72,,8.37,7.88,7.95,,209.520004,214.160004,215.139999,,6.72,6.05,,,,,1.653,1.63,,1.653,1.63,
2025/11/05 00:00,2.57,2.03,1.71,,8.35,7.89,7.95,,209.520004,214.160004,215.139999,,6.7,6.03,,,,,1.641,,,1.641,,
2025/11/05 00:00,2.58,2.03,1.72,,8.34,7.89,7.95,,209.279999,214.160004,214.899994,,6.72,6.05,,,,,1.641,1.627,,1.641,1.627,
2025/11/05 00:00,2.58,2.04,1.72,,8.33,7.9,7.95,,209.279999,214.160004,214.899994,,6.69,6.04,,,,,1.643,1.629,,1.643,1.629,
2025/11/05 00:00,2.58,2.04,1.72,,8.33,7.89,7.95,,209.770004,214.160004,214.649994,,6.72,6.02,,,,,1.64,1.632,,1.64,1.632,
2025/11/05 00:00,2.58,2.04,,,8.32,7.88,,7.94,209.520004,214.649994,,,6.7,6.11,,,,,1.64,1.633,,1.64,1.633,
2025/11/05 00:00,2.57,2.04,,1.41,8.31,7.88,,7.91,209.770004,214.410004,,214.410004,6.71,,5.87,,,,1.642,,1.617,1.642,,1.617
2025/11/05 00:00,2.57,2.05,,1.41,8.29,7.89,,7.91,209.770004,214.649994,,214.649994,6.68,,5.86,,,,1.643,,1.618,1.643,,1.618
2025/11/05 00:00,2.57,2.04,,1.4,8.28,7.89,,7.92,209.279999,214.410004,,214.160004,6.68,,5.86,,,,1.638,,1.612,1.638,,1.612
2025/11/05 00:00,2.57,2.04,,1.4,8.28,7.88,,7.92,209.520004,214.649994,,214.899994,6.67,,5.85,,,,1.641,,1.615,1.641,,1.615
2025/11/05 00:00,2.57,2.04,,1.4,8.26,7.89,,7.91,209.770004,214.410004,,214.410004,6.66,,5.86,,,,1.637,,,1.637,,
2025/11/05 00:00,2.58,2.04,,,8.25,7.88,7.95,,209.279999,214.649994,,,6.7,,5.89,,,,1.638,,1.616,1.638,,1.616
2025/11/05 00:00,2.57,2.04,1.72,,8.23,7.89,7.94,,209.520004,213.919998,215.630005,,6.66,6.08,,,,,1.649,1.635,,1.649,1.635,
2025/11/05 00:00,2.57,2.04,1.72,,8.23,7.88,7.94,,209.279999,214.649994,215.380005,,6.64,6.08,,,,,1.645,1.632,,1.645,1.632,
2025/11/05 00:00,2.57,2.04,1.72,,8.22,7.89,7.95,,209.520004,214.160004,215.139999,,6.68,6.07,,,,,1.639,1.632,,1.639,1.632,
2025/11/05 00:00,2.57,2.04,1.71,,8.22,7.89,7.95,,209.520004,214.649994,215.380005,,6.67,6.09,,,,,1.651,,,1.651,,
2025/11/05 00:00,2.56,2.04,1.72,,8.21,7.88,7.95,,209.279999,214.160004,215.380005,,6.66,6.03,,,,,1.645,1.632,,1.645,1.632,
2025/11/05 00:00,2.56,2.04,,,8.16,7.89,,7.96,210.009995,214.160004,,,6.69,6.07,,,,,1.644,,,1.644,,
2025/11/05 00:00,2.55,2.03,,1.42,8.15,7.89,,7.92,209.279999,214.649994,,,6.68,,,,,,1.646,,1.618,1.646,,1.618
2025/11/05 00:00,2.55,2.05,,1.4,8.13,7.89,,7.92,209.520004,214.649994,,214.899994,6.67,,5.82,,,,1.641,,1.615,1.641,,1.615
2025/11/05 00:00,2.55,2.04,,1.41,8.12,7.89,,7.92,209.520004,214.410004,,215.380005,6.72,,5.9,,,,1.638,,1.611,1.638,,1.611
2025/11/05 00:00,2.55,2.04,,1.4,8.1,7.89,,7.91,209.520004,214.410004,,214.410004,6.66,,5.87,,,,1.639,,,1.639,,
2025/11/05 00:00,2.54,2.05,,1.41,8.09,7.89,,7.91,209.520004,214.649994,,215.380005,6.69,,5.88,,,,1.645,,1.614,1.645,,1.614
2025/11/05 00:00,2.54,2.05,,,8.07,7.89,7.95,,209.770004,214.410004,,,6.67,,5.84,,,,1.637,,1.614,1.637,,1.614
2025/11/05 00:00,2.54,2.05,1.71,,8.05,7.88,7.95,,210.009995,214.649994,215.869995,,6.67,6.06,,,,,1.64,1.632,,1.64,1.632,
2025/11/05 00:00,2.53,2.05,1.72,,8.04,7.88,7.95,,210.009995,214.410004,215.630005,,6.71,6.08,,,,,1.654,1.632,,1.654,1.632,
2025/11/05 00:00,2.53,2.05,1.72,,8.02,7.88,7.95,,209.520004,214.649994,215.630005,,6.66,6.04,,,,,1.645,1.626,,1.645,1.626,
2025/11/05 00:00,2.51,2.05,1.72,,8,7.88,7.94,,210.009995,214.410004,215.630005,,6.69,6.05,,,,,1.646,1.628,,1.646,1.628,
2025/11/05 00:00,2.51,2.04,1.72,,7.98,7.88,7.95,,209.770004,214.410004,215.380005,,6.67,6.02,,,,,1.637,1.633,,1.637,1.633,
2025/11/05 00:00,2.52,2.05,,,7.97,7.88,,7.96,209.770004,214.410004,,,6.68,6.02,,,,,1.637,1.631,,1.637,1.631,
2025/11/05 00:00,2.52,2.05,,1.43,7.96,7.88,,7.92,209.770004,214.649994,,,6.67,,,,,,1.64,,1.617,1.64,,1.617
2025/11/05 00:00,2.52,2.05,,1.42,7.94,7.88,,7.91,210.009995,214.899994,,215.139999,6.67,,5.85,,,,1.649,,1.611,1.649,,1.611
2025/11/05 00:00,2.5,2.05,,1.42,7.92,7.87,,7.91,209.770004,214.649994,,214.899994,6.68,,5.88,,,,1.64,,,1.64,,
2025/11/05 00:00,2.48,2.05,,1.42,7.91,7.87,,7.91,209.520004,214.649994,,214.899994,6.68,,5.82,,,,1.642,,1.613,1.642,,1.613
2025/11/05 00:00,2.49,2.06,,1.42,7.89,7.87,,7.91,209.770004,214.160004,,214.410004,6.66,,5.79,,,,1.643,,1.61,1.643,,1.61
2025/11/05 00:00,2.5,2.06,,,7.88,7.87,7.95,,210.009995,214.649994,,,6.64,,5.75,,,,1.635,,1.612,1.635,,1.612
2025/11/05 00:00,2.5,2.06,1.73,,7.87,7.87,7.94,,209.520004,214.410004,215.630005,,6.63,,,,,,1.644,1.63,,1.644,1.63,
2025/11/05 00:00,1.35,2.06,1.73,,,7.87,7.94,,,214.410004,215.139999,,6.63,6,,,,,1.64,1.63,,1.64,1.63,
2025/11/05 00:00,0.47,2.05,1.74,,,7.87,7.94,,,214.649994,215.380005,,6.67,5.98,,,,,1.647,1.629,,1.647,1.629,
2025/11/05 00:00,0.35,2.05,1.74,,,7.87,7.94,,,214.649994,215.139999,,6.64,5.98,,,,,1.647,1.631,,1.647,1.631,
2025/11/05 00:00,0.32,2.05,1.73,,,7.86,7.93,,,214.649994,215.380005,,6.65,6.02,,,,,1.648,1.63,,1.648,1.63,
2025/11/05 00:00,0.94,2.05,,,,7.87,,7.94,,214.410004,,,6.6,6.01,,,,,1.64,1.627,,1.64,1.627,
2025/11/05 00:00,2.32,2.04,,1.44,8.67,7.87,,7.91,,214.649994,,,6.64,,5.87,,,,1.643,,1.614,1.643,,1.614
2025/11/05 00:00,2.77,2.05,,1.44,8.68,7.86,,7.91,209.279999,214.649994,,214.410004,6.64,,5.82,,,,1.636,,1.611,1.636,,1.611
2025/11/05 00:00,2.63,2.04,,1.43,8.66,7.86,,7.9,209.279999,214.649994,,214.410004,6.63,,5.78,,,,1.648,,1.615,1.648,,1.615
2025/11/05 00:00,2.61,2.04,,1.43,8.62,7.86,,7.9,209.520004,214.649994,,214.410004,6.64,,5.77,,,,1.641,,1.613,1.641,,1.613
2025/11/05 00:00,2.65,2.05,,1.43,8.58,7.86,,7.9,209.770004,214.899994,,214.410004,6.66,,5.79,,,,1.643,,,1.643,,
2025/11/05 00:00,2.63,2.05,,,8.57,7.88,7.94,,209.770004,213.919998,,,6.64,,5.79,,,,1.641,,1.61,1.641,,1.61
2025/11/05 00:00,2.63,2.04,1.75,,8.57,7.87,7.91,,209.770004,214.410004,,,6.63,6,,,,,1.646,1.628,,1.646,1.628,
2025/11/05 00:00,2.63,2.05,1.75,,8.57,7.87,7.91,,209.279999,214.649994,215.139999,,6.67,5.93,,,,,1.639,1.631,,1.639,1.631,
2025/11/05 00:00,2.63,2.06,1.74,,8.56,7.87,7.91,,209.520004,214.649994,214.649994,,6.65,5.92,,,,,1.638,1.631,,1.638,1.631,
2025/11/05 00:00,2.63,2.06,1.75,,8.56,7.87,7.9,,209.279999,214.649994,214.899994,,6.67,5.98,,,,,1.638,1.633,,1.638,1.633,
2025/11/05 00:00,2.63,2.05,1.75,,8.56,7.87,7.9,,209.520004,214.649994,214.899994,,6.61,5.94,,,,,1.639,1.626,,1.639,1.626,
2025/11/05 00:00,2.63,2.05,,,8.55,7.87,,7.92,209.520004,214.649994,,,6.62,5.98,,,,,1.645,,,1.645,,
2025/11/05 00:00,2.64,2.05,,,8.55,7.87,,7.9,209.520004,214.649994,,,6.65,,5.86,,,,1.64,,1.618,1.64,,1.618
2025/11/05 00:00,2.65,2.05,,1.44,8.54,7.87,,7.9,209.279999,214.649994,,214.160004,6.59,,5.83,,,,1.635,,1.614,1.635,,1.614
2025/11/05 00:00,2.63,2.06,,1.44,8.53,7.87,,7.89,209.520004,214.649994,,214.160004,6.58,,5.74,,,,1.639,,,1.639,,
2025/11/05 00:00,2.65,2.05,,1.43,8.53,7.87,,7.9,209.279999,214.410004,,214.410004,6.61,,5.78,,,,1.637,,1.613,1.637,,1.613
2025/11/05 00:00,2.63,2.06,,1.43,8.52,7.87,,7.9,209.520004,214.649994,,214.160004,6.58,,5.74,,,,1.645,,1.614,1.645,,1.614
2025/11/05 00:00,2.63,2.06,,,8.52,7.87,7.92,,209.279999,214.410004,,,6.58,,5.74,,,,1.639,,1.613,1.639,,1.613
2025/11/05 00:00,2.63,2.06,1.75,,8.5,7.87,7.9,,209.279999,214.410004,214.899994,,6.59,5.94,,,,,1.635,1.634,,1.635,1.634,
2025/11/05 00:00,2.63,2.06,1.75,,8.5,7.87,7.89,,209.279999,214.410004,214.899994,,6.61,5.97,,,,,1.641,1.631,,1.641,1.631,
2025/11/05 00:00,2.63,2.07,1.75,,8.48,7.87,7.89,,209.039993,214.649994,214.899994,,6.6,5.93,,,,,1.647,1.634,,1.647,1.634,
2025/11/05 00:00,2.63,2.06,1.75,,8.49,7.87,7.89,,209.279999,214.410004,214.899994,,6.61,5.93,,,,,1.649,1.635,,1.649,1.635,
2025/11/05 00:00,2.64,2.06,1.75,,8.49,7.86,7.89,,209.279999,214.410004,,,6.6,5.92,,,,,1.642,1.63,,1.642,1.63,
2025/11/05 00:00,2.63,2.06,,,8.48,7.87,,7.91,209.279999,214.410004,,,6.58,5.92,,,,,1.644,1.63,,1.644,1.63,
2025/11/05 00:00,2.63,2.05,,,8.47,7.87,,7.9,209.520004,214.649994,,,6.62,,5.8,,,,1.645,,1.616,1.645,,1.616
2025/11/05 00:00,2.62,2.07,,1.43,8.46,7.87,,7.9,209.279999,214.649994,,213.919998,6.57,,5.81,,,,1.638,,1.616,1.638,,1.616
2025/11/05 00:00,2.62,2.06,,1.42,8.45,7.87,,7.89,209.520004,214.649994,,214.410004,6.59,,5.79,,,,1.64,,1.616,1.64,,1.616
2025/11/05 00:00,2.63,2.06,,1.43,8.44,7.87,,7.9,209.520004,214.649994,,215.380005,6.61,,5.81,,,,1.658,,,1.658,,
2025/11/05 00:00,2.59,2.06,,1.43,8.44,7.87,,7.9,209.520004,214.649994,,214.410004,6.59,,5.82,,,,1.634,,1.611,1.634,,1.611
2025/11/05 00:00,2.6,2.05,,,8.43,7.87,7.91,,209.279999,214.410004,,,6.63,,5.79,,,,1.645,,1.615,1.645,,1.615
2025/11/05 00:00,2.62,2.06,1.75,,8.42,7.87,7.88,,209.520004,214.410004,216.119995,,6.6,5.96,,,,,1.644,1.634,,1.644,1.634,
2025/11/05 00:00,2.6,2.06,1.75,,8.41,7.87,7.88,,209.520004,214.649994,215.380005,,6.6,5.95,,,,,1.641,1.631,,1.641,1.631,
2025/11/05 00:00,2.61,2.06,1.76,,8.41,7.87,7.88,,209.520004,214.649994,216.119995,,6.59,5.96,,,,,1.641,1.634,,1.641,1.634,
2025/11/05 00:00,2.59,2.06,1.75,,8.4,7.86,7.88,,209.279999,214.899994,215.869995,,6.62,5.98,,,,,1.651,1.634,,1.651,1.634,
2025/11/05 00:00,2.59,2.06,1.75,,8.38,7.87,7.88,,209.279999,215.139999,215.630005,,6.57,5.96,,,,,1.643,1.635,,1.643,1.635,
2025/11/05 00:00,2.59,2.06,,,8.38,7.87,,7.92,209.520004,214.410004,,,6.59,5.95,,,,,1.635,1.631,,1.635,1.631,
2025/11/05 00:00,2.58,2.07,,,8.37,7.87,,7.89,209.279999,214.649994,,,6.61,,,,,,1.649,,1.616,1.649,,1.616
2025/11/05 00:00,2.59,2.06,,1.44,8.36,7.86,,7.89,209.520004,214.649994,,214.899994,6.66,,5.83,,,,1.644,,1.617,1.644,,1.617
2025/11/05 00:00,2.59,2.06,,1.44,8.35,7.86,,7.9,209.279999,214.649994,,215.380005,6.62,,5.76,,,,1.64,,1.618,1.64,,1.618
2025/11/05 00:00,2.57,2.07,,1.43,8.34,7.87,,7.89,209.279999,215.139999,,214.649994,6.63,,5.77,,,,1.643,,1.616,1.643,,1.616
2025/11/05 00:00,2.57,2.06,,1.44,8.33,7.87,,7.9,209.279999,214.410004,,215.380005,6.6,,5.81,,,,1.645,,1.611,1.645,,1.611
2025/11/05 00:00,2.58,2.07,,,8.31,7.86,7.91,,209.279999,214.649994,,,6.59,,5.75,,,,1.648,1.632,,1.648,1.632,
2025/11/05 00:00,2.58,2.07,1.75,,8.3,7.86,7.88,,209.279999,214.649994,215.869995,,6.62,5.94,,,,,1.642,1.63,,1.642,1.63,
2025/11/05 00:00,2.58,2.06,1.76,,8.29,7.86,7.88,,209.279999,214.410004,216.119995,,6.6,5.99,,,,,1.649,,,1.649,,
2025/11/05 00:00,2.57,2.07,1.75,,8.28,7.86,7.88,,209.279999,214.410004,215.630005,,6.6,5.96,,,,,1.647,1.63,,1.647,1.63,
2025/11/05 00:00,2.57,2.06,1.75,,8.27,7.85,7.89,,209.279999,214.899994,215.869995,,6.61,5.97,,,,,1.643,1.631,,1.643,1.631,
2025/11/05 00:00,2.57,2.07,1.76,,8.27,7.85,7.89,,209.279999,214.410004,215.630005,,6.64,5.97,,,,,1.643,1.629,,1.643,1.629,
2025/11/05 00:00,2.57,2.07,,,8.25,7.86,,7.93,209.279999,214.649994,,,6.6,5.94,,,,,1.642,,1.615,1.642,,1.615
2025/11/05 00:00,2.57,2.06,,,8.24,7.86,,7.9,209.279999,214.899994,,216.119995,6.62,,,,,,1.652,,1.61,1.652,,1.61
2025/11/05 00:00,2.56,2.07,,1.44,8.23,7.86,,7.89,209.279999,214.649994,,215.380005,6.56,,5.79,,,,1.646,,,1.646,,
2025/11/05 00:00,2.56,2.07,,1.44,8.22,7.86,,7.9,209.279999,215.139999,,215.380005,6.62,,5.79,,,,1.645,,1.612,1.645,,1.612
2025/11/05 00:00,2.57,2.07,,1.43,8.21,7.86,,7.9,209.520004,214.899994,,214.899994,6.61,,5.76,,,,1.653,,1.611,1.653,,1.611
2025/11/05 00:00,2.57,2.07,,1.43,8.19,7.86,,7.9,209.520004,215.139999,,215.139999,6.63,,5.75,,,,1.642,,1.614,1.642,,1.614
2025/11/05 00:00,2.57,2.07,,,8.17,7.85,7.92,,209.520004,214.899994,,,6.61,,5.82,,,,1.639,,,1.639,,
2025/11/05 00:00,2.59,2.07,1.76,,8.17,7.85,7.89,,209.520004,214.899994,,,6.57,5.96,,,,,1.649,1.636,,1.649,1.636,
2025/11/05 00:00,2.57,2.08,1.76,,8.15,7.86,7.9,,209.279999,214.899994,215.630005,,6.58,5.95,,,,,1.643,1.628,,1.643,1.628,
2025/11/05 00:00,2.57,2.07,1.76,,8.13,7.86,7.9,,209.279999,214.649994,215.869995,,6.61,5.97,,,,,1.641,1.631,,1.641,1.631,
2025/11/05 00:00,2.57,2.07,1.76,,8.12,7.85,7.89,,209.279999,214.649994,215.869995,,6.63,5.91,,,,,1.64,1.631,,1.64,1.631,
2025/11/05 00:00,2.56,2.07,1.77,,8.11,7.86,7.9,,209.279999,214.649994,215.630005,,6.61,5.95,,,,,1.645,1.629,,1.645,1.629,
2025/11/05 00:00,2.57,2.06,,,8.09,7.86,,7.92,209.520004,214.649994,,,6.6,5.98,,,,,1.639,,1.612,1.639,,1.612
2025/11/05 00:00,2.56,2.07,,,8.07,7.85,,7.9,209.520004,214.649994,,,6.6,,,,,,1.641,,1.614,1.641,,1.614
2025/11/05 00:00,2.56,2.06,,1.44,8.06,7.85,,7.9,209.279999,214.899994,,214.899994,6.58,,5.84,,,,1.641,,1.614,1.641,,1.614
2025/11/05 00:00,2.56,2.07,,1.44,8.04,7.85,,7.9,209.279999,214.649994,,214.649994,6.61,,5.79,,,,1.64,,1.614,1.64,,1.614
2025/11/05 00:00,2.56,2.07,,1.44,8.02,7.85,,7.9,209.520004,214.649994,,214.649994,6.63,,5.76,,,,1.636,,1.615,1.636,,1.615
2025/11/05 00:00,2.55,2.07,,1.43,8.02,7.85,,7.91,209.520004,214.649994,,214.649994,6.58,,5.8,,,,1.635,,1.614,1.635,,1.614
2025/11/05 00:00,2.54,2.07,,1.44,8,7.85,7.92,,209.520004,214.899994,,,6.65,,5.8,,,,1.644,1.632,,1.644,1.632,
2025/11/05 00:00,2.54,2.07,1.77,,7.99,7.85,7.91,,209.279999,214.899994,,,6.63,6.01,,,,,1.636,1.631,,1.636,1.631,
2025/11/05 00:00,2.54,2.07,1.77,,7.96,7.85,7.91,,209.770004,214.899994,215.630005,,6.6,5.99,,,,,1.638,1.632,,1.638,1.632,
2025/11/05 00:00,2.54,2.07,1.77,,7.95,7.85,7.91,,210.009995,214.649994,215.380005,,6.55,5.96,,,,,1.643,1.631,,1.643,1.631,
2025/11/05 00:00,2.53,2.07,1.77,,7.94,7.85,7.91,,209.520004,214.410004,215.630005,,6.61,5.94,,,,,1.646,1.632,,1.646,1.632,
2025/11/05 00:00,2.52,2.07,1.77,,7.92,7.85,7.91,,209.520004,214.649994,215.630005,,6.62,5.95,,,,,1.641,1.632,,1.641,1.632,
2025/11/05 00:00,2.51,2.07,,,7.91,7.85,,7.92,209.770004,215.139999,,,6.64,5.96,,,,,1.642,,1.618,1.642,,1.618
2025/11/05 00:00,2.49,2.07,,,7.9,7.84,,7.9,209.770004,214.649994,,,6.63,,5.79,,,,1.637,,1.615,1.637,,1.615
2025/11/05 00:00,2.5,2.08,,1.45,7.89,7.84,,7.9,209.770004,215.139999,,215.380005,6.62,,5.79,,,,1.648,,1.616,1.648,,1.616
2025/11/05 00:00,2.51,2.07,,1.45,7.88,7.85,,7.9,209.520004,214.899994,,214.899994,6.59,,5.79,,,,1.653,,1.617,1.653,,1.617
2025/11/05 00:00,2.5,2.07,,1.45,7.87,7.85,,7.91,209.770004,215.380005,,214.899994,6.61,,5.67,,,,1.64,,1.612,1.64,,1.612
2025/11/05 00:00,1.85,2.08,,1.45,,7.84,,7.9,,215.139999,,214.649994,6.63,,5.72,,,,1.637,,1.612,1.637,,1.612
2025/11/05 00:00,0.55,2.07,,1.45,,7.84,7.92,,,214.899994,,,6.59,,5.7,,,,1.648,1.628,,1.648,1.628,
2025/11/05 00:00,0.37,2.08,1.77,,,7.85,7.92,,,214.899994,,,6.6,5.94,,,,,1.642,1.636,,1.642,1.636,
2025/11/05 00:00,0.34,2.07,1.77,,,7.84,7.91,,,214.899994,215.630005,,6.6,5.95,,,,,1.646,1.632,,1.646,1.632,
2025/11/05 00:00,0.92,2.07,1.77,,,7.84,7.92,,,215.139999,215.869995,,6.6,5.96,,,,,1.64,1.63,,1.64,1.63,
2025/11/05 00:00,2.27,2.07,1.77,,,7.84,7.92,,,214.899994,215.630005,,6.62,5.93,,,,,1.646,1.632,,1.646,1.632,
2025/11/05 00:00,2.78,2.07,1.77,,8.67,7.84,7.92,,208.059998,214.899994,215.630005,,6.61,5.97,,,,,1.641,1.624,,1.641,1.624,
2025/11/05 00:00,2.64,2.07,,,8.64,7.84,,7.94,208.550003,215.139999,,,6.55,5.95,,,,,1.643,,1.614,1.643,,1.614
2025/11/05 00:00,2.61,2.07,,,8.6,7.84,,7.91,208.550003,215.139999,,,6.6,,,,,,1.643,,,1.643,,
2025/11/05 00:00,2.66,2.06,,1.44,8.57,7.83,,7.91,209.039993,214.899994,,214.899994,6.55,,5.81,,,,1.642,,1.616,1.642,,1.616
2025/11/05 00:00,2.64,2.08,,1.43,8.56,7.86,,7.91,209.279999,214.649994,,215.380005,6.58,,5.8,,,,1.629,,1.615,1.629,,1.615
2025/11/05 00:00,2.63,2.07,,1.44,8.55,7.86,,7.91,209.279999,214.899994,,215.139999,6.57,,5.8,,,,1.638,,1.611,1.638,,1.611
2025/11/05 00:00,2.63,2.07,,1.43,8.55,7.86,,7.91,209.039993,214.899994,,215.139999,6.56,,5.78,,,,1.639,,1.618,1.639,,1.618
2025/11/05 00:00,2.63,2.07,,1.43,8.54,7.85,7.93,,209.039993,214.899994,,,6.59,,5.81,,,,1.645,1.631,,1.645,1.631,
2025/11/05 00:00,2.63,2.07,1.76,,8.55,7.85,7.92,,209.039993,214.899994,,,6.59,5.97,,,,,1.641,,,1.641,,
2025/11/05 00:00,2.62,2.06,1.76,,8.54,7.85,7.92,,208.550003,215.139999,216.119995,,6.61,5.97,,,,,1.639,1.628,,1.639,1.628,
2025/11/05 00:00,2.62,2.07,1.76,,8.54,7.86,7.92,,208.789993,215.139999,215.869995,,6.59,5.97,,,,,1.646,1.633,,1.646,1.633,
2025/11/05 00:00,2.62,2.07,1.76,,8.54,7.85,7.92,,208.550003,214.899994,216.119995,,6.62,5.98,,,,,1.644,1.624,,1.644,1.624,
2025/11/05 00:00,2.62,2.07,1.77,,8.53,7.86,7.92,,208.550003,215.139999,216.610001,,6.62,5.96,,,,,1.641,1.629,,1.641,1.629,
2025/11/05 00:00,2.62,2.07,,,8.52,7.86,,7.94,208.550003,214.899994,,,6.63,5.96,,,,,1.649,,,1.649,,
2025/11/05 00:00,2.62,2.07,,,8.52,7.86,,7.9,208.550003,214.899994,,,6.61,5.91,,,,,1.65,,1.613,1.65,,1.613
2025/11/05 00:00,2.61,2.07,,1.45,8.52,7.87,,7.9,208.550003,214.899994,,215.869995,6.58,,5.82,,,,1.643,,,1.643,,
2025/11/05 00:00,2.61,2.06,,1.44,8.51,7.87,,7.9,208.550003,215.139999,,215.380005,6.64,,5.82,,,,1.643,,1.616,1.643,,1.616
2025/11/05 00:00,2.61,2.06,,1.44,8.51,7.87,,7.9,208.550003,214.899994,,215.630005,6.63,,5.76,,,,1.645,,1.609,1.645,,1.609
2025/11/05 00:00,2.61,2.07,,1.44,8.5,7.86,,7.89,208.300003,214.649994,,215.630005,6.63,,5.8,,,,1.645,,,1.645,,
2025/11/05 00:00,2.61,2.07,,1.44,8.5,7.86,7.91,,208.300003,215.139999,,,6.61,,5.79,,,,1.641,1.628,,1.641,1.628,
2025/11/05 00:00,2.61,2.06,1.76,,8.5,7.87,7.93,,208.550003,215.139999,,,6.61,5.99,,,,,1.643,1.634,,1.643,1.634,
2025/11/05 00:00,2.61,2.07,1.76,,8.49,7.87,7.92,,208.789993,215.139999,216.610001,,6.61,6,,,,,1.646,,,1.646,,
2025/11/05 00:00,2.61,2.07,1.76,,8.49,7.87,7.93,,208.550003,214.899994,216.610001,,6.62,5.99,,,,,1.637,1.628,,1.637,1.628,
2025/11/05 00:00,2.61,2.07,1.77,,8.49,7.87,7.92,,208.789993,214.899994,216.610001,,6.66,5.97,,,,,1.641,,,1.641,,
2025/11/05 00:00,2.61,2.07,1.77,,8.47,7.87,7.93,,208.550003,215.139999,216.360001,,6.63,5.99,,,,,1.644,1.633,,1.644,1.633,
2025/11/05 00:00,2.61,2.07,,,8.48,7.87,,7.94,208.550003,214.899994,,,6.62,6.01,,,,,1.644,,1.614,1.644,,1.614
2025/11/05 00:00,2.6,2.07,,,8.47,7.87,,7.9,208.789993,214.899994,,,6.6,,,,,,1.643,,,1.643,,
2025/11/05 00:00,2.6,2.07,,1.46,8.46,7.87,,7.9,208.550003,214.649994,,215.630005,6.64,,5.8,,,,1.648,,1.611,1.648,,1.611
2025/11/05 00:00,2.6,2.07,,1.45,8.46,7.87,,7.9,208.550003,214.899994,,216.119995,6.62,,5.79,,,,1.644,,1.604,1.644,,1.604
2025/11/05 00:00,2.6,2.07,,1.45,8.45,7.87,,7.89,208.789993,214.899994,,215.380005,6.6,,5.78,,,,1.642,,,1.642,,
2025/11/05 00:00,2.6,2.06,,1.45,8.44,7.87,,7.89,208.550003,214.899994,,215.869995,6.64,,5.76,,,,1.645,,1.613,1.645,,1.613
2025/11/05 00:00,2.58,2.07,,1.46,8.44,7.87,7.91,,209.039993,214.899994,,,6.67,,5.79,,,,1.643,1.632,,1.643,1.632,
2025/11/05 00:00,2.59,2.06,1.76,,8.42,7.88,7.93,,209.039993,215.139999,,,6.63,5.94,,,,,1.648,1.63,,1.648,1.63,
2025/11/05 00:00,2.59,2.08,1.77,,8.42,7.87,7.94,,208.550003,214.899994,216.610001,,6.59,5.95,,,,,1.637,1.627,,1.637,1.627,
2025/11/05 00:00,2.59,2.08,1.77,,8.42,7.87,7.93,,208.550003,214.899994,216.119995,,6.65,5.94,,,,,1.656,,,1.656,,
2025/11/05 00:00,2.59,2.07,1.77,,8.41,7.87,7.93,,208.789993,214.899994,215.869995,,6.6,5.92,,,,,1.64,1.622,,1.64,1.622,
2025/11/05 00:00,2.57,2.07,1.77,,8.4,7.88,7.94,,208.550003,214.899994,215.869995,,6.67,5.95,,,,,1.648,1.631,,1.648,1.631,
2025/11/05 00:00,2.57,2.06,1.76,,8.4,7.87,,7.93,208.550003,215.139999,,,6.68,5.99,,,,,1.653,,1.622,1.653,,1.622
2025/11/05 00:00,2.56,2.06,,,8.39,7.87,,7.89,208.550003,214.899994,,,6.64,,,,,,1.647,,,1.647,,
2025/11/05 00:00,2.57,2.06,,1.46,8.39,7.88,,7.89,208.300003,215.139999,,215.139999,6.67,,5.77,,,,1.648,,1.61,1.648,,1.61
2025/11/05 00:00,2.57,2.06,,1.45,8.38,7.87,,7.89,208.550003,215.139999,,215.139999,6.66,,5.74,,,,1.647,,1.607,1.647,,1.607
2025/11/05 00:00,2.56,2.06,,1.46,8.37,7.88,,7.89,208.550003,215.139999,,214.899994,6.64,,5.77,,,,1.642,,1.615,1.642,,1.615
2025/11/05 00:00,2.56,2.06,,1.45,8.36,7.88,,7.89,208.789993,214.899994,,215.139999,6.68,,5.73,,,,1.648,,1.612,1.648,,1.612
2025/11/05 00:00,2.56,2.07,,1.45,8.35,7.88,7.9,,208.550003,215.139999,,,6.68,,5.74,,,,1.653,1.631,,1.653,1.631,
2025/11/05 00:00,2.56,2.06,1.77,,8.34,7.88,7.94,,208.550003,214.899994,,,6.68,,,,,,1.654,,,1.654,,
2025/11/05 00:00,2.56,2.07,1.77,,8.34,7.88,7.93,,208.550003,215.139999,215.869995,,6.65,5.98,,,,,1.638,1.629,,1.638,1.629,
2025/11/05 00:00,2.55,2.07,1.77,,8.32,7.88,7.95,,208.300003,214.899994,215.869995,,6.65,5.98,,,,,1.644,1.629,,1.644,1.629,
2025/11/05 00:00,2.56,2.06,1.77,,8.31,7.88,7.94,,208.550003,215.139999,215.869995,,6.68,5.99,,,,,1.649,1.63,,1.649,1.63,
2025/11/05 00:00,2.55,2.06,1.77,,8.3,7.87,7.95,,208.550003,214.899994,216.119995,,6.67,5.99,,,,,1.65,1.628,,1.65,1.628,
2025/11/05 00:00,2.56,2.07,,,8.29,7.88,,7.95,208.789993,214.899994,,,6.69,5.99,,,,,1.647,,1.614,1.647,,1.614
2025/11/05 00:00,2.56,2.06,,1.47,8.29,7.87,,7.89,208.550003,214.899994,,,6.66,,,,,,1.644,,,1.644,,
2025/11/05 00:00,2.56,2.06,,1.47,8.27,7.88,,7.89,208.550003,214.899994,,216.119995,6.66,,5.78,,,,1.645,,1.607,1.645,,1.607
2025/11/05 00:00,2.56,2.06,,1.46,8.26,7.88,,7.89,208.550003,214.899994,,215.380005,6.67,,5.77,,,,1.656,,1.612,1.656,,1.612
2025/11/05 00:00,2.56,2.07,,1.47,8.25,7.88,,7.89,208.550003,214.899994,,215.630005,6.7,,5.7,,,,1.649,,1.612,1.649,,1.612
2025/11/05 00:00,2.55,2.07,,1.46,8.24,7.87,,7.89,208.300003,214.899994,,215.380005,6.71,,5.74,,,,1.656,,1.615,1.656,,1.615
2025/11/05 00:00,2.55,2.06,,1.46,8.23,7.87,7.9,,208.550003,214.649994,,,6.67,,5.72,,,,1.656,1.631,,1.656,1.631,
2025/11/05 00:00,2.55,2.06,1.77,,8.22,7.88,7.95,,208.550003,214.899994,,,6.69,5.98,,,,,1.65,,,1.65,,
2025/11/05 00:00,2.55,2.07,1.77,,8.21,7.88,7.94,,208.789993,214.899994,215.869995,,6.68,6.01,,,,,1.659,1.625,,1.659,1.625,
2025/11/05 00:00,2.55,2.06,1.77,,8.19,7.87,7.95,,208.550003,215.139999,216.119995,,6.68,5.97,,,,,1.659,1.631,,1.659,1.631,
2025/11/05 00:00,2.55,2.07,1.77,,8.17,7.88,7.95,,208.550003,214.649994,215.869995,,6.7,5.98,,,,,1.651,1.654,,1.651,1.654,
2025/11/05 00:00,2.54,2.08,1.78,,8.16,7.88,7.94,,208.550003,214.649994,216.119995,,6.65,5.96,,,,,1.659,1.629,,1.659,1.629,
2025/11/05 00:00,2.54,2.07,1.77,,8.14,7.88,,7.94,208.789993,214.899994,,,6.65,5.97,,,,,1.659,,1.616,1.659,,1.616
2025/11/05 00:00,2.54,2.07,,,8.13,7.88,,7.9,208.789993,214.649994,,,6.64,,,,,,1.639,,1.615,1.639,,1.615
2025/11/05 00:00,2.55,2.06,,1.47,8.12,7.88,,7.9,208.789993,214.899994,,214.649994,6.62,,5.77,,,,1.656,,,1.656,,
2025/11/05 00:00,2.53,2.07,,1.46,8.1,7.88,,7.9,208.550003,214.899994,,214.899994,6.67,,5.69,,,,1.646,,1.612,1.646,,1.612
2025/11/05 00:00,2.53,2.07,,1.46,8.08,7.88,,7.9,208.789993,214.899994,,215.139999,6.63,,5.75,,,,1.649,,1.607,1.649,,1.607
2025/11/05 00:00,2.53,2.07,,1.45,8.07,7.88,,7.9,208.789993,215.139999,,215.139999,6.68,,5.77,,,,1.648,,1.609,1.648,,1.609
2025/11/05 00:00,2.5,2.07,,1.46,8.05,7.88,7.9,,208.550003,215.139999,,,6.67,,5.81,,,,1.648,1.631,,1.648,1.631,
2025/11/05 00:00,2.51,2.06,1.77,,8.03,7.88,7.94,,208.300003,215.139999,,,6.66,5.97,,,,,1.647,,,1.647,,
2025/11/05 00:00,2.51,2.06,1.77,,8.02,7.88,7.94,,208.300003,214.899994,216.360001,,6.67,5.99,,,,,1.654,1.63,,1.654,1.63,
2025/11/05 00:00,2.51,2.06,1.77,,8,7.87,7.94,,208.789993,215.139999,216.360001,,6.72,6,,,,,1.645,1.631,,1.645,1.631,
2025/11/05 00:00,2.5,2.06,1.77,,7.99,7.87,7.94,,208.789993,215.139999,216.360001,,6.66,5.99,,,,,1.647,1.633,,1.647,1.633,
2025/11/05 00:00,2.48,2.06,1.77,,7.97,7.87,7.94,,208.789993,214.899994,216.119995,,6.71,6.02,,,,,1.655,1.627,,1.655,1.627,
2025/11/06 00:00,2.49,2.06,1.77,,7.95,7.87,,7.95,208.789993,215.380005,,,6.7,6,,,,,1.65,,,1.65,,
2025/11/06 00:00,2.49,2.07,,,7.93,7.87,,7.9,209.039993,215.139999,,,6.67,,,,,,1.649,,1.608,1.649,,1.608
2025/11/06 00:00,2.48,2.07,,1.47,7.92,7.87,,7.91,208.789993,215.139999,,216.360001,6.69,,5.8,,,,1.653,,1.604,1.653,,1.604
2025/11/06 00:00,2.48,2.07,,1.47,7.9,7.87,,7.9,208.789993,214.899994,,216.119995,6.69,,5.79,,,,1.652,,,1.652,,
2025/11/06 00:00,2.48,2.06,,1.47,7.89,7.87,,7.9,209.279999,215.139999,,215.630005,6.66,,5.74,,,,1.654,,1.613,1.654,,1.613
2025/11/06 00:00,1.71,2.07,,1.47,,7.87,,7.91,,214.899994,,215.630005,6.7,,5.74,,,,1.654,,1.61,1.654,,1.61
2025/11/06 00:00,0.5,2.06,,1.46,,7.86,7.9,,,214.899994,,,6.64,,5.73,,,,1.649,,,1.649,,
2025/11/06 00:00,0.35,2.06,1.77,,,7.87,7.95,,,214.899994,,,6.65,,,,,,1.655,1.632,,1.655,1.632,
2025/11/06 00:00,0.32,2.07,1.77,,,7.87,7.94,,,214.899994,216.610001,,6.72,6.02,,,,,1.644,,,1.644,,
2025/11/06 00:00,0.88,2.06,1.77,,,7.87,7.95,,,214.899994,216.360001,,6.66,5.97,,,,,1.649,1.635,,1.649,1.635,
2025/11/06 00:00,2.23,2.05,1.77,,,7.86,7.94,,,215.139999,216.360001,,6.67,5.97,,,,,1.652,,,1.652,,
2025/11/06 00:00,2.78,2.06,1.77,,8.67,7.87,7.94,,209.279999,214.899994,216.610001,,6.67,6,,,,,1.651,,,1.651,,
2025/11/06 00:00,2.65,2.06,1.77,,8.65,7.87,,7.95,209.039993,214.899994,,,6.69,6.04,,,,,1.651,,1.615,1.651,,1.615
2025/11/06 00:00,2.61,2.06,,,8.61,7.87,,7.91,209.520004,214.899994,,,6.67,,,,,,1.651,,1.614,1.651,,1.614
2025/11/06 00:00,2.66,2.05,,1.48,8.57,7.86,,7.9,209.770004,214.899994,,216.119995,6.65,,5.81,,,,1.661,,1.613,1.661,,1.613
2025/11/06 00:00,2.64,2.05,,1.47,8.56,7.88,,7.91,209.770004,214.649994,,216.119995,6.7,,5.82,,,,1.652,,1.609,1.652,,1.609
2025/11/06 00:00,2.64,2.05,,1.47,8.56,7.88,,7.91,209.520004,215.380005,,215.869995,6.69,,5.8,,,,1.657,,,1.657,,
2025/11/06 00:00,2.64,2.06,,1.47,8.56,7.88,,7.9,209.520004,215.139999,,215.869995,6.69,,5.77,,,,1.659,,1.606,1.659,,1.606
2025/11/06 00:00,2.63,2.07,,1.48,8.55,7.88,7.91,,209.520004,214.899994,,,6.7,,5.78,,,,1.657,,,1.657,,
2025/11/06 00:00,2.63,2.06,1.77,,8.55,7.88,7.94,,209.279999,215.139999,,,6.72,,,,,,1.65,1.629,,1.65,1.629,
2025/11/06 00:00,2.64,2.06,1.78,,8.54,7.88,7.94,,209.279999,215.380005,217.089996,,6.67,5.98,,,,,1.651,,,1.651,,
2025/11/06 00:00,2.64,2.07,1.78,,8.54,7.89,7.94,,209.279999,215.630005,216.360001,,6.67,6.01,,,,,1.653,1.633,,1.653,1.633,
2025/11/06 00:00,2.64,2.08,1.78,,8.53,7.89,7.94,,209.279999,214.899994,216.360001,,6.68,6,,,,,1.654,1.632,,1.654,1.632,
2025/11/06 00:00,2.64,2.07,1.79,,8.53,7.88,7.93,,209.520004,215.139999,216.119995,,6.68,5.99,,,,,1.652,1.627,,1.652,1.627,
2025/11/06 00:00,2.64,2.06,1.78,,8.53,7.88,,7.93,209.520004,215.139999,,,6.71,5.99,,,,,1.657,,1.611,1.657,,1.611
2025/11/06 00:00,2.64,2.06,,,8.52,7.89,,7.9,209.520004,214.899994,,,6.69,,,,,,1.656,,,1.656,,
2025/11/06 00:00,2.64,2.07,,1.47,8.52,7.89,,7.91,208.789993,214.899994,,215.630005,6.71,,5.81,,,,1.659,,1.613,1.659,,1.613
2025/11/06 00:00,2.63,2.06,,1.47,8.51,7.89,,7.9,209.279999,214.899994,,215.630005,6.7,,5.77,,,,1.651,,1.613,1.651,,1.613
2025/11/06 00:00,2.64,2.06,,1.47,8.51,7.89,,7.91,209.039993,214.899994,,215.630005,6.71,,5.73,,,,1.649,,1.61,1.649,,1.61
2025/11/06 00:00,2.64,2.06,,1.47,8.5,7.89,,7.91,209.520004,214.649994,,215.630005,6.71,,5.79,,,,1.651,,1.61,1.651,,1.61
2025/11/06 00:00,2.64,2.06,,1.47,8.5,7.89,7.91,,209.520004,214.899994,,,6.73,,5.76,,,,1.655,,,1.655,,
2025/11/06 00:00,2.63,2.07,1.78,,8.49,7.89,7.95,,209.520004,215.139999,,,6.73,6,,,,,1.65,1.626,,1.65,1.626,
2025/11/06 00:00,2.64,2.06,1.78,,8.48,7.89,7.94,,209.770004,215.139999,216.360001,,6.72,5.99,,,,,1.656,1.634,,1.656,1.634,
2025/11/06 00:00,2.64,2.07,1.78,,8.48,7.89,7.95,,209.520004,215.139999,216.610001,,6.74,5.97,,,,,1.662,,,1.662,,
2025/11/06 00:00,2.64,2.07,1.78,,8.47,7.88,7.94,,209.279999,215.139999,216.610001,,6.73,5.98,,,,,1.655,1.63,,1.655,1.63,
2025/11/06 00:00,2.63,2.06,1.78,,8.46,7.89,7.94,,209.520004,215.139999,216.119995,,6.73,5.97,,,,,1.66,,,1.66,,
2025/11/06 00:00,2.63,2.07,1.78,,8.45,7.89,,7.95,209.279999,215.380005,,,6.72,5.99,,,,,1.656,,1.619,1.656,,1.619
2025/11/06 00:00,2.63,2.07,,,8.45,7.9,,7.91,209.520004,214.899994,,,6.72,5.93,,,,,1.668,,,1.668,,
2025/11/06 00:00,2.63,2.07,,1.48,8.44,7.89,,7.91,209.279999,214.899994,,216.119995,6.69,,5.77,,,,1.651,,1.61,1.651,,1.61
2025/11/06 00:00,2.64,2.07,,1.48,8.44,7.89,,7.91,209.520004,215.139999,,215.630005,6.75,,5.73,,,,1.655,,1.619,1.655,,1.619
2025/11/06 00:00,2.61,2.06,,1.48,8.43,7.9,,7.91,209.520004,215.139999,,215.869995,6.73,,5.74,,,,1.662,,1.607,1.662,,1.607
2025/11/06 00:00,2.62,2.07,,1.48,8.41,7.9,,7.9,209.279999,215.630005,,215.630005,6.76,,5.76,,,,1.66,,1.608,1.66,,1.608
2025/11/06 00:00,2.62,2.07,,1.48,8.41,7.89,7.91,,209.520004,214.899994,,,6.72,,5.74,,,,1.661,,,1.661,,
2025/11/06 00:00,2.62,2.07,1.78,,8.4,7.89,7.94,,209.520004,215.139999,,,6.71,,,,,,1.652,1.635,,1.652,1.635,
2025/11/06 00:00,2.63,2.07,1.78,,8.39,7.89,7.94,,209.279999,214.899994,216.360001,,6.76,6,,,,,1.655,,,1.655,,
2025/11/06 00:00,2.61,2.07,1.78,,8.39,7.9,7.94,,209.520004,214.899994,215.869995,,6.74,5.97,,,,,1.66,1.629,,1.66,1.629,
2025/11/06 00:00,2.61,2.07,1.79,,8.38,7.89,7.94,,209.279999,215.139999,216.360001,,6.73,5.99,,,,,1.652,1.63,,1.652,1.63,
2025/11/06 00:00,2.61,2.07,1.79,,8.36,7.89,7.94,,209.520004,214.899994,216.119995,,6.73,6.01,,,,,1.652,1.634,,1.652,1.634,
2025/11/06 00:00,2.61,2.07,,,8.36,7.89,,7.94,209.520004,215.139999,,,6.76,6.02,,,,,1.66,,,1.66,,
2025/11/06 00:00,2.61,2.07,,,8.35,7.89,,7.91,209.520004,214.899994,,,6.75,5.94,,,,,1.651,,1.609,1.651,,1.609
2025/11/06 00:00,2.59,2.07,,1.49,8.34,7.89,,7.9,209.520004,215.139999,,215.380005,6.75,,,,,,1.653,,,1.653,,
2025/11/06 00:00,2.59,2.07,,1.49,8.33,7.89,,7.91,209.279999,215.380005,,215.869995,6.77,,5.73,,,,1.66,,1.607,1.66,,1.607
2025/11/06 00:00,2.59,2.08,,1.48,8.32,7.89,,7.92,209.279999,214.899994,,215.630005,6.74,,5.69,,,,1.656,,1.609,1.656,,1.609
2025/11/06 00:00,2.6,2.08,,1.49,8.31,7.89,,7.92,209.279999,214.899994,,216.360001,6.73,,5.72,,,,1.655,,,1.655,,
2025/11/06 00:00,2.6,2.07,,1.48,8.3,7.89,7.91,,209.279999,214.899994,,,6.76,,5.72,,,,1.656,,,1.656,,
2025/11/06 00:00,2.59,2.07,1.78,,8.29,7.89,7.93,,209.520004,214.899994,,,6.71,5.91,,,,,1.66,,,1.66,,
2025/11/06 00:00,2.59,2.07,1.78,,8.28,7.89,7.94,,209.279999,215.380005,216.610001,,6.74,5.98,,,,,1.655,1.632,,1.655,1.632,
2025/11/06 00:00,2.59,2.07,1.79,,8.27,7.89,7.94,,209.279999,214.899994,216.610001,,6.73,5.95,,,,,1.653,1.633,,1.653,1.633,
2025/11/06 00:00,2.59,2.07,1.78,,8.26,7.89,7.94,,209.520004,215.630005,216.850006,,6.73,6,,,,,1.661,,,1.661,,
2025/11/06 00:00,2.6,2.06,1.79,,8.25,7.89,7.94,,209.279999,215.380005,216.850006,,6.75,6.02,,,,,1.661,1.631,,1.661,1.631,
2025/11/06 00:00,2.58,2.07,1.78,,8.23,7.89,,7.94,209.039993,214.649994,,,6.75,6,,,,,1.658,,,1.658,,
2025/11/06 00:00,2.58,2.07,,,8.22,7.89,,7.92,209.279999,215.630005,,,6.74,,,,,,1.659,,1.613,1.659,,1.613
2025/11/06 00:00,2.59,2.07,,1.49,8.22,7.89,,7.92,209.279999,215.630005,,216.850006,6.73,,5.79,,,,1.663,,,1.663,,
2025/11/06 00:00,2.59,2.07,,1.49,8.21,7.89,,7.91,209.279999,215.380005,,216.610001,6.71,,5.79,,,,1.655,,1.609,1.655,,1.609
2025/11/06 00:00,2.58,2.07,,1.48,8.2,7.89,,7.91,209.279999,215.380005,,216.850006,6.74,,5.79,,,,1.655,,1.625,1.655,,1.625
2025/11/06 00:00,2.58,2.07,,1.48,8.19,7.88,,7.91,209.520004,215.380005,,216.360001,6.73,,5.76,,,,1.657,,1.612,1.657,,1.612
2025/11/06 00:00,2.57,2.07,,1.49,8.14,7.89,7.91,,209.520004,215.380005,,,6.73,,5.76,,,,1.665,1.628,,1.665,1.628,
2025/11/06 00:00,2.59,2.07,1.78,,8.13,7.89,7.94,,209.279999,215.630005,,,6.75,,,,,,1.652,,,1.652,,
2025/11/06 00:00,2.58,2.07,1.78,,8.12,7.89,7.94,,209.279999,215.380005,216.610001,,6.72,6.04,,,,,1.654,1.633,,1.654,1.633,
2025/11/06 00:00,2.58,2.07,1.78,,8.1,7.89,7.94,,209.770004,215.139999,216.610001,,6.75,6.01,,,,,1.653,,,1.653,,
2025/11/06 00:00,2.58,2.07,1.78,,8.08,7.89,7.93,,209.279999,215.139999,216.610001,,6.75,6,,,,,1.66,1.634,,1.66,1.634,
2025/11/06 00:00,2.57,2.08,1.79,,8.06,7.89,7.94,,209.279999,215.380005,216.610001,,6.73,6.02,,,,,1.659,,,1.659,,
2025/11/06 00:00,2.56,2.07,1.79,,8.05,7.88,,7.93,209.279999,215.380005,,,6.72,5.99,,,,,1.653,,1.619,1.653,,1.619
2025/11/06 00:00,2.56,2.07,,,8.03,7.89,,7.91,209.279999,215.380005,,,6.75,5.95,,,,,1.662,,1.61,1.662,,1.61
2025/11/06 00:00,2.56,2.07,,1.48,8.01,7.89,,7.91,209.279999,215.380005,,216.360001,6.74,,5.8,,,,1.653,,1.614,1.653,,1.614
2025/11/06 00:00,2.55,2.07,,1.48,8,7.88,,7.91,209.279999,215.380005,,216.360001,6.74,,5.8,,,,1.659,,,1.659,,
2025/11/06 00:00,2.55,2.08,,1.48,7.98,7.89,,7.91,209.279999,215.139999,,216.850006,6.73,,5.79,,,,1.653,,1.614,1.653,,1.614
2025/11/06 00:00,2.54,2.07,,1.48,7.97,7.88,,7.91,209.039993,215.380005,,216.119995,6.73,,5.78,,,,1.657,,,1.657,,
2025/11/06 00:00,2.55,2.08,,1.48,7.96,7.88,7.91,,209.039993,215.380005,,,6.76,,5.79,,,,1.66,1.628,,1.66,1.628,
2025/11/06 00:00,2.55,2.08,1.78,,7.94,7.88,7.94,,209.520004,215.139999,,,6.74,5.95,,,,,1.65,1.64,,1.65,1.64,
2025/11/06 00:00,2.54,2.08,1.79,,7.92,7.88,7.94,,209.279999,215.380005,216.850006,,6.75,5.99,,,,,1.641,1.63,,1.641,1.63,
2025/11/06 00:00,2.53,2.08,1.79,,7.9,7.87,7.93,,209.520004,215.139999,216.850006,,6.74,6.04,,,,,1.666,1.634,,1.666,1.634,
2025/11/06 00:00,2.54,2.08,1.79,,7.89,7.88,7.93,,209.279999,215.380005,216.850006,,6.64,6,,,,,1.664,,,1.664,,
2025/11/06 00:00,2.53,2.09,1.79,,7.88,7.88,7.93,,209.279999,215.380005,216.610001,,6.68,5.96,,,,,1.66,1.629,,1.66,1.629,
2025/11/06 00:00,2.53,2.09,,,7.87,7.88,,,209.279999,215.380005,,,6.7,5.95,,,,,1.656,1.619,1.619,1.656,1.619,1.619
2025/11/06 00:00,2.53,2.08,,,7.87,7.88,,7.91,209.279999,215.380005,,,6.71,,,,,,1.658,,,1.658,,
2025/11/06 00:00,2.15,2.08,,1.5,,7.87,,7.91,,215.630005,,,6.68,,5.74,,,,1.657,,1.607,1.657,,1.607
2025/11/06 00:00,0.56,2.07,,1.49,,7.87,,7.91,,215.630005,,215.869995,6.7,,5.7,,,,1.657,,1.607,1.657,,1.607
2025/11/06 00:00,0.35,2.07,,1.49,,7.87,,7.91,,214.899994,,215.630005,6.72,,5.66,,,,1.652,,1.611,1.652,,1.611
2025/11/06 00:00,0.32,2.08,,1.49,,7.87,,7.91,,215.380005,,215.630005,6.74,,5.71,,,,1.652,,1.605,1.652,,1.605
2025/11/06 00:00,0.69,2.07,,1.48,,7.87,,7.92,,215.380005,,215.380005,6.73,,5.76,,,,1.647,,,1.647,,
2025/11/06 00:00,2.01,2.07,1.79,,,7.87,7.94,,,215.380005,,,6.7,,,,,,1.659,1.636,,1.659,1.636,
2025/11/06 00:00,2.8,2.07,1.79,,8.67,7.87,7.94,,209.039993,215.380005,,,6.75,6.01,,,,,1.658,1.635,,1.658,1.635,
2025/11/06 00:00,2.66,2.07,1.79,,8.65,7.87,7.94,,208.789993,215.380005,216.360001,,6.73,6,,,,,1.659,1.631,,1.659,1.631,
2025/11/06 00:00,2.59,2.07,1.79,,8.61,7.86,7.94,,209.279999,215.380005,216.119995,,6.71,6.01,,,,,1.662,1.635,,1.662,1.635,
2025/11/06 00:00,2.65,2.07,1.79,,8.57,7.86,7.93,,210.009995,215.380005,216.610001,,6.75,6.01,,,,,1.66,,,1.66,,
2025/11/06 00:00,2.63,2.07,1.79,,8.57,7.88,7.93,,209.770004,214.899994,216.119995,,6.75,6.04,,,,,1.648,1.622,,1.648,1.622,
2025/11/06 00:00,2.63,2.08,,,8.56,7.88,,7.92,210.009995,215.630005,,,6.75,,,,,,1.662,,,1.662,,
2025/11/06 00:00,2.63,2.08,,1.5,8.56,7.88,,7.91,209.770004,215.380005,,,6.78,,,,,,1.657,,1.612,1.657,,1.612
2025/11/06 00:00,2.63,2.08,,1.49,8.55,7.88,,7.91,209.520004,215.380005,,216.360001,6.75,,5.76,,,,1.657,,1.613,1.657,,1.613
2025/11/06 00:00,2.63,2.08,,1.5,8.55,7.88,,7.91,209.279999,215.380005,,216.119995,6.71,,5.72,,,,1.659,,1.608,1.659,,1.608
2025/11/06 00:00,2.63,2.08,,1.49,8.55,7.88,,7.91,209.279999,215.139999,,215.869995,6.74,,5.74,,,,1.664,,1.609,1.664,,1.609
2025/11/06 00:00,2.62,2.08,,1.5,8.54,7.89,,7.91,209.279999,215.380005,,216.119995,6.73,,5.73,,,,1.661,,1.62,1.661,,1.62
2025/11/06 00:00,2.62,2.07,1.79,,8.54,7.88,7.94,,209.039993,215.380005,,,6.73,,,,,,1.655,,,1.655,,
2025/11/06 00:00,2.63,2.08,1.79,,8.53,7.89,7.94,,209.039993,215.380005,,,6.72,6.02,,,,,1.655,1.631,,1.655,1.631,
2025/11/06 00:00,2.62,2.08,1.79,,8.53,7.88,7.94,,209.279999,215.380005,216.360001,,6.77,6,,,,,1.663,,,1.663,,
2025/11/06 00:00,2.62,2.07,1.8,,8.53,7.89,7.94,,209.520004,215.380005,216.360001,,6.78,5.97,,,,,1.654,1.635,,1.654,1.635,
2025/11/06 00:00,2.62,2.08,1.79,,8.52,7.89,7.94,,209.279999,215.380005,216.360001,,6.72,6.01,,,,,1.653,1.637,,1.653,1.637,
2025/11/06 00:00,2.62,2.07,1.8,,8.52,7.89,7.94,,209.279999,215.139999,216.360001,,6.74,5.98,,,,,1.652,,,1.652,,
2025/11/06 00:00,2.63,2.08,,,8.51,7.89,,7.91,209.520004,215.380005,,,6.72,5.95,,,,,1.664,,1.61,1.664,,1.61
2025/11/06 00:00,2.63,2.08,,1.51,8.5,7.88,,7.91,209.520004,215.380005,,,6.72,,,,,,1.659,,1.613,1.659,,1.613
2025/11/06 00:00,2.63,2.08,,1.5,8.5,7.89,,7.91,209.279999,215.380005,,216.119995,6.75,,5.71,,,,1.658,,,1.658,,
2025/11/06 00:00,2.62,2.08,,1.5,8.49,7.89,,7.91,209.279999,215.380005,,215.869995,6.72,,5.66,,,,1.657,,1.613,1.657,,1.613
2025/11/06 00:00,2.62,2.09,,1.5,8.49,7.89,,7.91,209.520004,215.380005,,216.119995,6.69,,5.7,,,,1.66,,1.608,1.66,,1.608
2025/11/06 00:00,2.62,2.09,,1.5,8.48,7.89,,7.91,209.279999,215.380005,,215.869995,6.73,,5.72,,,,1.657,,1.623,1.657,,1.623
2025/11/06 00:00,2.63,2.09,1.79,,8.47,7.89,7.94,,209.520004,215.380005,,,6.71,,,,,,1.649,1.634,,1.649,1.634,
2025/11/06 00:00,2.62,2.09,1.8,,8.46,7.89,7.94,,209.520004,215.380005,,,6.71,6.01,,,,,1.661,,,1.661,,
2025/11/06 00:00,2.61,2.08,1.8,,8.46,7.89,7.94,,209.520004,214.899994,216.850006,,6.73,5.97,,,,,1.667,1.638,,1.667,1.638,
2025/11/06 00:00,2.62,2.07,1.79,,8.46,7.89,7.94,,209.520004,215.380005,216.610001,,6.75,6.02,,,,,1.656,1.634,,1.656,1.634,
2025/11/06 00:00,2.62,2.08,1.79,,8.44,7.89,7.94,,209.520004,215.139999,216.850006,,6.74,5.99,,,,,1.656,,,1.656,,
2025/11/06 00:00,2.62,2.08,1.8,,8.44,7.89,7.94,,209.279999,215.380005,216.610001,,6.71,5.97,,,,,1.664,1.632,,1.664,1.632,
2025/11/06 00:00,2.62,2.08,,,8.43,7.89,,7.92,209.279999,215.380005,,,6.69,5.93,,,,,1.661,,,1.661,,
2025/11/06 00:00,2.6,2.08,,1.51,8.43,7.89,,7.91,209.279999,215.139999,,,6.7,,,,,,1.657,,1.612,1.657,,1.612
2025/11/06 00:00,2.6,2.08,,1.5,8.42,7.89,,7.91,209.279999,215.380005,,216.850006,6.73,,5.74,,,,1.656,,1.607,1.656,,1.607
2025/11/06 00:00,2.61,2.08,,1.5,8.41,7.9,,7.92,209.279999,215.380005,,216.360001,6.73,,5.73,,,,1.66,,1.612,1.66,,1.612
2025/11/06 00:00,2.6,2.08,,1.5,8.4,7.89,,7.91,209.279999,215.139999,,216.360001,6.68,,5.66,,,,1.652,,1.616,1.652,,1.616
2025/11/06 00:00,2.61,2.08,,1.51,8.39,7.89,,7.91,209.279999,215.380005,,216.610001,6.73,,5.75,,,,1.656,,1.615,1.656,,1.615
2025/11/06 00:00,2.6,2.08,1.79,,8.39,7.89,7.94,,209.279999,215.380005,,,6.72,,5.83,,,,1.659,1.636,,1.659,1.636,
2025/11/06 00:00,2.58,2.08,1.79,,8.37,7.89,7.94,,209.279999,215.139999,,,6.71,6.02,,,,,1.662,1.638,,1.662,1.638,
2025/11/06 00:00,2.59,2.08,1.79,,8.37,7.89,7.94,,209.279999,215.139999,216.610001,,6.71,6.03,,,,,1.649,,,1.649,,
2025/11/06 00:00,2.59,2.09,1.79,,8.36,7.89,7.94,,209.279999,215.630005,216.610001,,6.7,6.02,,,,,1.661,1.639,,1.661,1.639,
2025/11/06 00:00,2.59,2.08,1.8,,8.35,7.89,7.94,,209.279999,215.380005,216.610001,,6.72,5.97,,,,,1.655,,,1.655,,
2025/11/06 00:00,2.6,2.08,1.8,,8.34,7.88,7.94,,209.520004,215.380005,217.089996,,6.77,5.99,,,,,1.657,1.634,,1.657,1.634,
2025/11/06 00:00,2.58,2.08,,,8.33,7.9,,7.92,209.279999,215.380005,,,6.74,5.97,,,,,1.661,,,1.661,,
2025/11/06 00:00,2.58,2.08,,1.49,8.32,7.9,,7.91,209.279999,215.380005,,,6.72,,5.78,,,,1.649,,1.612,1.649,,1.612
2025/11/06 00:00,2.59,2.08,,1.5,8.31,7.9,,7.92,209.520004,215.139999,,216.850006,6.75,,5.78,,,,1.658,,,1.658,,
2025/11/06 00:00,2.58,2.08,,1.5,8.31,7.9,,7.91,209.520004,215.380005,,216.360001,6.74,,5.8,,,,1.665,,1.609,1.665,,1.609
2025/11/06 00:00,2.59,2.08,,1.5,8.3,7.9,,7.92,209.279999,215.380005,,217.339996,6.73,,5.79,,,,1.655,,,1.655,,
2025/11/06 00:00,2.57,2.08,,1.5,8.28,7.9,,7.92,209.279999,215.380005,,216.360001,6.73,,5.75,,,,1.654,,1.62,1.654,,1.62
2025/11/06 00:00,2.58,2.08,1.79,,8.27,7.9,7.95,,209.279999,215.139999,,,6.74,,,,,,1.652,1.634,,1.652,1.634,
2025/11/06 00:00,2.58,2.09,1.79,,8.26,7.9,7.95,,209.520004,215.139999,,,6.76,,,,,,1.654,,,1.654,,
2025/11/06 00:00,2.58,2.09,1.79,,8.26,7.9,7.95,,209.520004,215.380005,216.850006,,6.73,6.02,,,,,1.654,1.637,,1.654,1.637,
2025/11/06 00:00,2.6,2.08,1.8,,8.24,7.9,7.94,,209.520004,215.380005,217.339996,,6.73,5.98,,,,,1.664,1.637,,1.664,1.637,
2025/11/06 00:00,2.59,2.09,1.8,,8.23,7.89,7.95,,209.520004,215.380005,216.610001,,6.69,5.98,,,,,1.648,1.632,,1.648,1.632,
2025/11/06 00:00,2.58,2.09,1.81,,8.22,7.89,7.95,,209.279999,215.380005,216.850006,,6.73,5.98,,,,,1.656,1.636,,1.656,1.636,
2025/11/06 00:00,2.58,2.08,,,8.21,7.89,,7.91,209.520004,215.380005,,,6.72,5.91,,,,,1.661,,,1.661,,
2025/11/06 00:00,2.59,2.08,,1.51,8.19,7.9,,7.91,209.520004,215.630005,,,6.73,,,,,,1.657,,1.61,1.657,,1.61
2025/11/06 00:00,2.59,2.08,,1.51,8.18,7.89,,7.91,209.520004,215.380005,,216.119995,6.75,,5.67,,,,1.66,,1.609,1.66,,1.609
2025/11/06 00:00,2.58,2.08,,1.51,8.17,7.9,,7.91,209.039993,215.380005,,215.869995,6.74,,5.72,,,,1.662,,1.609,1.662,,1.609
2025/11/06 00:00,2.58,2.09,,1.51,8.15,7.89,,7.91,209.279999,215.380005,,215.869995,6.73,,5.69,,,,1.659,,,1.659,,
2025/11/06 00:00,2.59,2.09,,1.51,8.14,7.89,,7.91,209.279999,215.139999,,216.119995,6.75,,5.7,,,,1.663,,1.61,1.663,,1.61
2025/11/06 00:00,2.58,2.09,1.8,,8.12,7.89,7.94,,209.279999,215.380005,,,6.71,,,,,,1.656,,,1.656,,
2025/11/06 00:00,2.58,2.09,1.8,,8.11,7.89,7.96,,209.279999,215.380005,,,6.75,6.03,,,,,1.659,,,1.659,,
2025/11/06 00:00,2.59,2.09,1.81,,8.1,7.89,7.95,,209.279999,215.380005,216.610001,,6.75,5.98,,,,,1.656,1.636,,1.656,1.636,
2025/11/06 00:00,2.57,2.09,1.81,,8.08,7.89,7.95,,209.279999,215.630005,216.360001,,6.78,5.98,,,,,1.655,1.638,,1.655,1.638,
2025/11/06 00:00,2.58,2.09,1.81,,8.06,7.89,7.95,,209.279999,215.380005,216.360001,,6.76,5.98,,,,,1.653,1.639,,1.653,1.639,
2025/11/06 00:00,2.58,2.1,1.81,,8.05,7.89,7.95,,209.279999,215.380005,216.119995,,6.71,5.98,,,,,1.658,1.633,,1.658,1.633,
2025/11/06 00:00,2.58,2.09,,,8.04,7.89,,7.91,209.279999,215.380005,,,6.72,,,,,,1.661,,1.605,1.661,,1.605
2025/11/06 00:00,2.58,2.09,,1.51,8.03,7.89,,7.92,209.279999,215.380005,,,6.76,,5.76,,,,1.652,,1.615,1.652,,1.615
2025/11/06 00:00,2.56,2.1,,1.52,8.01,7.89,,7.92,209.279999,215.380005,,216.360001,6.74,,5.7,,,,1.651,,1.616,1.651,,1.616
2025/11/06 00:00,2.56,2.09,,1.51,8,7.89,,7.92,209.279999,215.380005,,216.360001,6.78,,5.68,,,,1.66,,1.609,1.66,,1.609
2025/11/06 00:00,2.56,2.09,,1.52,7.98,7.89,,7.92,209.039993,215.630005,,216.119995,6.7,,5.64,,,,1.658,,1.607,1.658,,1.607
2025/11/06 00:00,2.56,2.09,,1.51,7.96,7.88,,7.92,209.279999,215.139999,,215.869995,6.72,,5.64,,,,1.661,,1.609,1.661,,1.609
2025/11/06 00:00,2.56,2.09,1.81,,7.95,7.89,7.95,,209.520004,215.380005,,,6.71,,5.77,,,,1.66,,,1.66,,
2025/11/06 00:00,2.54,2.09,1.81,,7.94,7.89,7.96,,209.520004,215.380005,,,6.73,,,,,,1.665,1.638,,1.665,1.638,
2025/11/06 00:00,2.54,2.09,1.81,,7.92,7.89,7.96,,209.279999,215.380005,216.360001,,6.71,5.96,,,,,1.66,1.638,,1.66,1.638,
2025/11/06 00:00,2.53,2.09,1.81,,7.91,7.88,7.96,,209.039993,215.380005,216.610001,,6.75,5.98,,,,,1.662,,,1.662,,
2025/11/06 00:00,2.53,2.1,1.81,,7.9,7.89,7.96,,209.279999,215.380005,216.360001,,6.72,6.02,,,,,1.662,1.635,,1.662,1.635,
2025/11/06 00:00,2.54,2.09,1.81,,7.89,7.89,7.96,,209.520004,215.630005,216.850006,,6.72,5.97,,,,,1.665,1.637,,1.665,1.637,
2025/11/06 00:00,2.54,2.09,,,7.88,7.88,,7.93,209.279999,215.380005,,,6.7,5.9,,,,,1.66,,,1.66,,
2025/11/06 00:00,1.29,2.09,,1.51,,7.88,,7.92,,215.630005,,,6.69,,5.76,,,,1.662,,1.615,1.662,,1.615
2025/11/06 00:00,0.45,2.09,,1.51,,7.88,,7.92,,215.630005,,216.360001,6.72,,5.8,,,,1.652,,1.609,1.652,,1.609
2025/11/06 00:00,0.34,2.09,,1.51,,7.88,,7.92,,215.380005,,216.360001,6.69,,5.72,,,,1.66,,1.607,1.66,,1.607
2025/11/06 00:00,0.31,2.09,,1.51,,7.88,,7.92,,215.380005,,216.610001,6.73,,5.7,,,,1.66,,,1.66,,
2025/11/06 00:00,1.02,2.1,,1.5,,7.88,,7.93,,215.380005,,215.869995,6.65,,5.71,,,,1.651,,1.609,1.651,,1.609
2025/11/06 00:00,2.37,2.09,1.8,,8.66,7.88,7.96,,,215.630005,,,6.69,,5.79,,,,1.653,,,1.653,,
2025/11/06 00:00,2.76,2.1,1.8,,8.67,7.87,7.96,,208.550003,215.380005,,,6.66,6,,,,,1.654,,,1.654,,
2025/11/06 00:00,2.62,2.1,1.81,,8.63,7.87,7.96,,209.039993,215.380005,216.610001,,6.69,6.01,,,,,1.662,1.641,,1.662,1.641,
2025/11/06 00:00,2.61,2.11,1.81,,8.59,7.87,7.96,,209.039993,215.380005,216.850006,,6.7,5.99,,,,,1.654,,,1.654,,
2025/11/06 00:00,2.64,2.1,1.82,,8.56,7.88,7.96,,209.279999,215.630005,217.339996,,6.69,5.99,,,,,1.657,1.637,,1.657,1.637,
2025/11/06 00:00,2.61,2.11,1.81,,8.56,7.9,7.96,,209.039993,215.139999,216.850006,,6.68,5.97,,,,,1.658,1.64,,1.658,1.64,
2025/11/06 00:00,2.62,2.1,,,8.55,7.9,,7.93,209.279999,215.139999,,,6.7,6,,,,,1.669,,,1.669,,
2025/11/06 00:00,2.61,2.11,,1.52,8.55,7.9,,7.92,209.279999,215.630005,,,6.73,,5.76,,,,1.661,,1.612,1.661,,1.612
2025/11/06 00:00,2.61,2.12,,1.52,8.55,7.9,,7.92,209.279999,215.139999,,216.850006,6.67,,5.7,,,,1.65,,1.608,1.65,,1.608
2025/11/06 00:00,2.61,2.12,,1.52,8.54,7.9,,7.92,208.550003,215.380005,,216.610001,6.66,,5.73,,,,1.657,,1.61,1.657,,1.61
2025/11/06 00:00,2.61,2.11,,1.51,8.54,7.9,,7.92,208.789993,215.630005,,216.850006,6.7,,5.72,,,,1.656,,1.613,1.656,,1.613
2025/11/06 00:00,2.61,2.12,,1.52,8.53,7.9,,7.92,209.279999,215.380005,,216.850006,6.68,,5.66,,,,1.659,,1.606,1.659,,1.606
2025/11/06 00:00,2.61,2.11,1.81,,8.53,7.9,7.96,,208.789993,215.380005,,,6.69,,5.76,,,,1.655,1.642,,1.655,1.642,
2025/11/06 00:00,2.61,2.12,1.82,,8.53,7.9,7.96,,209.039993,215.380005,,,6.68,,,,,,1.66,1.637,,1.66,1.637,
2025/11/06 00:00,2.61,2.12,1.82,,8.52,7.9,7.95,,208.789993,215.630005,216.610001,,6.66,5.98,,,,,1.655,1.643,,1.655,1.643,
2025/11/06 00:00,2.61,2.12,1.83,,8.51,7.9,7.95,,208.789993,215.630005,216.850006,,6.68,5.99,,,,,1.659,1.637,,1.659,1.637,
2025/11/06 00:00,2.61,2.12,1.81,,8.51,7.91,7.96,,209.039993,215.630005,216.850006,,6.63,5.99,,,,,1.659,1.645,,1.659,1.645,
2025/11/06 00:00,2.61,2.11,1.81,,8.5,7.9,7.95,,208.789993,215.380005,216.610001,,6.68,6,,,,,1.657,1.637,,1.657,1.637,
2025/11/06 00:00,2.61,2.12,,,8.5,7.9,,7.94,209.039993,215.380005,,,6.67,5.97,,,,,1.659,,1.621,1.659,,1.621
2025/11/06 00:00,2.61,2.12,,1.56,8.49,7.9,,7.93,209.039993,215.630005,,,6.67,,,,,,1.654,,,1.654,,
2025/11/06 00:00,2.62,2.11,,1.56,8.48,7.9,,7.93,209.039993,215.139999,,216.610001,6.65,,5.88,,,,1.666,,1.62,1.666,,1.62
2025/11/06 00:00,2.61,2.11,,1.56,8.47,7.9,,7.92,208.789993,215.380005,,216.610001,6.68,,5.86,,,,1.655,,,1.655,,
2025/11/06 00:00,2.62,2.11,,1.54,8.47,7.9,,7.92,208.550003,215.380005,,215.869995,6.67,,5.86,,,,1.659,,1.627,1.659,,1.627
2025/11/06 00:00,2.62,2.11,,1.54,8.46,7.9,,7.94,208.789993,215.380005,,216.360001,6.67,,5.86,,,,1.662,,,1.662,,
2025/11/06 00:00,2.62,2.12,1.82,,8.45,7.89,7.93,,209.039993,215.630005,,,6.65,,5.87,,,,1.661,1.642,,1.661,1.642,
2025/11/06 00:00,2.61,2.11,1.82,,8.44,7.89,7.92,,209.039993,215.139999,,,6.67,6,,,,,1.651,1.637,,1.651,1.637,
2025/11/06 00:00,2.61,2.12,1.82,,8.43,7.9,7.92,,208.789993,215.139999,216.610001,,6.72,5.96,,,,,1.656,,,1.656,,
2025/11/06 00:00,2.62,2.11,1.82,,8.42,7.89,7.92,,208.789993,215.139999,216.850006,,6.69,5.98,,,,,1.663,1.642,,1.663,1.642,
2025/11/06 00:00,2.62,2.12,1.83,,8.41,7.89,7.91,,209.039993,215.380005,216.610001,,6.67,5.95,,,,,1.662,1.642,,1.662,1.642,
2025/11/06 00:00,2.63,2.12,1.82,,8.39,7.89,7.9,,209.039993,215.380005,216.850006,,6.67,5.92,,,,,1.663,1.645,,1.663,1.645,
2025/11/06 00:00,2.63,2.11,,,8.38,7.89,,7.89,208.789993,215.380005,,,6.68,5.91,,,,,1.656,,1.608,1.656,,1.608
2025/11/06 00:00,2.62,2.11,,1.54,8.37,7.9,,7.89,209.039993,215.139999,,,6.65,,5.69,,,,1.661,,1.612,1.661,,1.612
2025/11/06 00:00,2.62,2.11,,1.54,8.37,7.89,,7.89,208.789993,215.380005,,216.850006,6.68,,5.57,,,,1.658,,1.612,1.658,,1.612
2025/11/06 00:00,2.62,2.11,,1.54,8.36,7.89,,7.89,209.039993,215.380005,,216.850006,6.73,,5.54,,,,1.661,,1.616,1.661,,1.616
2025/11/06 00:00,2.62,2.12,,1.54,8.35,7.88,,7.89,209.039993,215.380005,,216.610001,6.69,,5.56,,,,1.66,,1.618,1.66,,1.618
2025/11/06 00:00,2.62,2.12,,1.54,8.33,7.89,,7.89,209.039993,215.380005,,216.119995,6.69,,5.59,,,,1.654,,1.612,1.654,,1.612
2025/11/06 00:00,2.61,2.11,1.82,,8.32,7.88,7.9,,209.039993,215.380005,,,6.68,,5.64,,,,1.659,1.644,,1.659,1.644,
2025/11/06 00:00,2.61,2.12,1.83,,8.3,7.89,7.9,,209.039993,215.380005,,,6.66,,,,,,1.662,1.644,,1.662,1.644,
2025/11/06 00:00,2.61,2.11,1.83,,8.29,7.89,7.9,,208.789993,215.630005,216.360001,,6.68,5.93,,,,,1.661,,,1.661,,
2025/11/06 00:00,2.62,2.12,1.83,,8.29,7.88,7.9,,209.039993,215.380005,216.360001,,6.7,5.92,,,,,1.657,1.638,,1.657,1.638,
2025/11/06 00:00,2.62,2.12,1.83,,8.28,7.88,7.9,,209.039993,215.380005,216.610001,,6.68,5.94,,,,,1.662,1.641,,1.662,1.641,
2025/11/06 00:00,2.62,2.12,1.83,,8.27,7.88,7.89,,208.789993,215.380005,216.360001,,6.72,5.9,,,,,1.655,1.67,,1.655,1.67,
2025/11/06 00:00,2.6,2.12,,,8.24,7.88,,7.9,209.279999,215.380005,,,6.69,,,,,,1.66,,1.617,1.66,,1.617
2025/11/06 00:00,2.61,2.11,,1.53,8.24,7.88,,7.89,209.039993,215.380005,,,6.74,,5.73,,,,1.652,,1.615,1.652,,1.615
2025/11/06 00:00,2.61,2.12,,1.52,8.23,7.88,,7.9,209.039993,215.380005,,216.360001,6.73,,5.69,,,,1.651,,1.618,1.651,,1.618
2025/11/06 00:00,2.61,2.12,,1.52,8.21,7.87,,7.89,208.789993,215.139999,,215.869995,6.73,,5.68,,,,1.65,,1.614,1.65,,1.614
2025/11/06 00:00,2.61,2.11,,1.52,8.19,7.87,,7.9,209.039993,215.380005,,216.360001,6.69,,5.72,,,,1.658,,1.615,1.658,,1.615
2025/11/06 00:00,2.6,2.12,,1.53,8.18,7.88,,7.89,208.789993,215.380005,,216.360001,6.7,,5.7,,,,1.656,,1.617,1.656,,1.617
2025/11/06 00:00,2.6,2.11,1.82,,8.16,7.88,7.9,,208.789993,215.630005,,,6.7,,5.72,,,,1.654,1.644,,1.654,1.644,
2025/11/06 00:00,2.6,2.12,1.82,,8.15,7.87,7.89,,208.789993,215.380005,,,6.67,,,,,,1.648,1.644,,1.648,1.644,
2025/11/06 00:00,2.6,2.12,1.83,,8.14,7.87,7.9,,209.039993,215.139999,216.850006,,6.71,5.94,,,,,1.647,1.637,,1.647,1.637,
2025/11/06 00:00,2.59,2.11,1.83,,8.12,7.87,7.9,,209.039993,215.380005,216.610001,,6.68,5.95,,,,,1.656,1.64,,1.656,1.64,
2025/11/06 00:00,2.59,2.12,1.83,,8.1,7.87,7.89,,209.039993,215.139999,216.360001,,6.71,5.95,,,,,1.654,1.636,,1.654,1.636,
2025/11/06 00:00,2.59,2.11,1.83,,8.1,7.87,7.9,,208.789993,215.139999,216.850006,,6.7,5.95,,,,,1.657,1.645,,1.657,1.645,
2025/11/06 00:00,2.59,2.11,,,8.08,7.86,,7.9,209.039993,215.380005,,,6.65,5.93,,,,,1.654,,1.621,1.654,,1.621
2025/11/06 00:00,2.59,2.11,,1.52,8.07,7.86,,7.9,208.789993,215.380005,,,6.71,,5.77,,,,1.655,,1.622,1.655,,1.622
2025/11/06 00:00,2.59,2.11,,1.52,8.05,7.86,,7.89,209.039993,215.380005,,216.610001,6.7,,5.76,,,,1.655,,,1.655,,
2025/11/06 00:00,2.58,2.11,,1.52,8.03,7.86,,7.89,208.789993,215.139999,,216.360001,6.7,,5.69,,,,1.658,,1.619,1.658,,1.619
2025/11/06 00:00,2.58,2.12,,1.52,8.02,7.87,,7.89,209.279999,215.630005,,216.850006,6.72,,5.72,,,,1.664,,1.616,1.664,,1.616
2025/11/06 00:00,2.58,2.12,,1.51,8.01,7.86,,7.9,209.039993,215.630005,,216.119995,6.7,,5.7,,,,1.665,,1.616,1.665,,1.616
2025/11/06 00:00,2.58,2.13,,,8,7.86,7.89,,208.550003,215.630005,,,6.67,,5.76,,,,1.658,,,1.658,,
2025/11/06 00:00,2.57,2.12,1.82,,7.98,7.86,7.89,,209.279999,215.139999,,,6.7,5.99,,,,,1.656,1.646,,1.656,1.646,
2025/11/06 00:00,2.56,2.12,1.82,,7.97,7.86,7.9,,209.039993,215.380005,217.089996,,6.7,5.98,,,,,1.657,,,1.657,,
2025/11/06 00:00,2.56,2.12,1.82,,7.96,7.86,7.89,,209.039993,215.630005,217.089996,,6.75,5.98,,,,,1.647,1.641,,1.647,1.641,
2025/11/06 00:00,2.56,2.12,1.82,,7.94,7.86,7.9,,209.039993,215.380005,217.089996,,6.73,6.01,,,,,1.658,,,1.658,,
2025/11/06 00:00,2.55,2.12,1.82,,7.94,7.85,7.9,,209.279999,215.630005,217.089996,,6.71,5.99,,,,,1.649,1.647,,1.649,1.647,
2025/11/06 00:00,2.55,2.13,,1.52,7.92,7.86,,7.91,209.520004,215.630005,,,6.72,5.96,,,,,1.653,,,1.653,,
2025/11/06 00:00,2.55,2.12,,1.52,7.91,7.85,,7.91,209.520004,215.630005,,,6.73,,,,,,1.643,,1.616,1.643,,1.616
2025/11/06 00:00,2.54,2.12,,1.51,7.9,7.85,,7.9,209.279999,215.630005,,216.610001,6.72,,5.75,,,,1.658,,1.62,1.658,,1.62
2025/11/06 00:00,2.53,2.12,,1.51,7.89,7.85,,7.9,209.279999,215.630005,,217.339996,6.73,,5.77,,,,1.653,,1.622,1.653,,1.622
2025/11/06 00:00,2.52,2.13,,1.51,7.88,7.85,,7.9,209.520004,215.630005,,216.850006,6.72,,5.8,,,,1.659,,1.621,1.659,,1.621
2025/11/06 00:00,2.53,2.13,,1.51,7.87,7.84,,7.9,209.520004,215.630005,,217.580002,6.7,,5.73,,,,1.653,,,1.653,,
2025/11/06 00:00,2.53,2.12,,,7.86,7.85,7.91,,209.279999,215.630005,,,6.66,,5.78,,,,1.651,1.641,,1.651,1.641,
2025/11/06 00:00,2.51,2.12,1.82,,7.85,7.84,7.91,,209.520004,215.139999,,,6.72,6,,,,,1.643,,,1.643,,
2025/11/06 00:00,2.5,2.12,1.82,,7.84,7.84,7.9,,209.520004,215.869995,217.089996,,6.72,6.01,,,,,1.647,1.64,,1.647,1.64,
2025/11/06 00:00,2.5,2.13,1.82,,7.84,7.84,7.9,,209.520004,215.869995,217.339996,,6.7,6.01,,,,,1.645,1.643,,1.645,1.643,
2025/11/06 00:00,2.5,2.13,1.82,,7.83,7.84,7.9,,209.520004,215.869995,217.580002,,6.68,6.03,,,,,1.646,,,1.646,,
2025/11/06 00:00,2.5,2.12,1.82,,7.83,7.84,7.91,,209.520004,216.119995,217.089996,,6.67,5.99,,,,,1.653,1.645,,1.653,1.645,
2025/11/06 00:00,2.52,2.12,,,,7.84,,7.92,,215.630005,,,6.72,6,,,,,1.651,,,1.651,,
2025/11/06 00:00,0.73,2.12,,1.51,,7.84,,7.91,,215.630005,,,6.67,,5.81,,,,1.65,,1.616,1.65,,1.616
2025/11/06 00:00,0.37,2.12,,1.51,,7.84,,7.91,,215.630005,,217.339996,6.7,,5.81,,,,1.659,,1.619,1.659,,1.619
2025/11/06 00:00,0.33,2.12,,1.5,,7.84,,7.91,,215.630005,,217.339996,6.68,,5.81,,,,1.658,,1.619,1.658,,1.619
2025/11/06 00:00,0.35,2.12,,1.51,,7.84,,7.91,,216.119995,,217.339996,6.68,,5.79,,,,1.646,,1.615,1.646,,1.615
2025/11/06 00:00,1.57,2.12,,1.51,,7.84,,7.91,,215.869995,,217.089996,6.71,,5.79,,,,1.652,,,1.652,,
2025/11/06 00:00,2.8,2.12,,,8.67,7.84,7.9,,209.039993,215.869995,,,6.75,,,,,,1.657,1.643,,1.657,1.643,
2025/11/06 00:00,2.72,2.12,1.82,,8.66,7.84,7.91,,209.039993,215.869995,,,6.72,,,,,,1.657,1.639,,1.657,1.639,
2025/11/06 00:00,2.58,2.12,1.82,,8.61,7.83,7.9,,209.520004,215.630005,217.089996,,6.69,6.01,,,,,1.649,,,1.649,,
2025/11/06 00:00,2.63,2.12,1.82,,8.56,7.84,7.9,,209.770004,215.869995,217.339996,,6.74,6.04,,,,,1.659,1.639,,1.659,1.639,
2025/11/06 00:00,2.63,2.12,1.83,,8.55,7.83,7.91,,210.009995,215.630005,217.830002,,6.68,5.98,,,,,1.646,,,1.646,,
2025/11/06 00:00,2.62,2.13,1.83,,8.55,7.86,7.91,,209.520004,215.869995,217.089996,,6.7,5.96,,,,,1.647,,,1.647,,
2025/11/06 00:00,2.62,2.12,,1.54,8.54,7.85,,7.92,209.520004,215.869995,,,6.66,5.98,,,,,1.65,,1.619,1.65,,1.619
2025/11/06 00:00,2.61,2.13,,1.54,8.54,7.85,,7.91,209.279999,215.380005,,,6.68,,,,,,1.646,,1.613,1.646,,1.613
2025/11/06 00:00,2.61,2.13,,1.54,8.53,7.86,,7.91,209.279999,215.630005,,217.580002,6.67,,5.7,,,,1.651,,1.613,1.651,,1.613
2025/11/06 00:00,2.61,2.13,,1.54,8.53,7.86,,7.91,209.279999,215.380005,,216.360001,6.7,,5.68,,,,1.661,,1.643,1.661,,1.643
2025/11/06 00:00,2.61,2.12,,1.54,8.53,7.86,,7.91,209.279999,215.630005,,216.850006,6.67,,5.6,,,,1.65,,1.616,1.65,,1.616
2025/11/06 00:00,2.6,2.12,,1.53,8.52,7.86,,7.91,209.520004,215.630005,,216.850006,6.73,,5.58,,,,1.649,,1.609,1.649,,1.609
2025/11/06 00:00,2.61,2.13,,,8.52,7.86,7.92,,209.279999,215.380005,,,6.69,,5.65,,,,1.65,1.64,,1.65,1.64,
2025/11/06 00:00,2.61,2.13,1.83,,8.52,7.86,7.92,,209.520004,215.139999,,,6.73,,,,,,1.655,1.642,,1.655,1.642,
2025/11/06 00:00,2.61,2.12,1.83,,8.51,7.86,7.92,,209.279999,215.139999,216.850006,,6.72,5.98,,,,,1.65,,,1.65,,
2025/11/06 00:00,2.61,2.12,1.82,,8.51,7.86,7.92,,209.279999,215.380005,216.850006,,6.69,5.99,,,,,1.661,1.644,,1.661,1.644,
2025/11/06 00:00,2.61,2.12,1.83,,8.5,7.86,7.92,,209.520004,215.630005,216.610001,,6.71,5.99,,,,,1.643,1.639,,1.643,1.639,
2025/11/06 00:00,2.61,2.12,1.83,,8.49,7.86,7.92,,209.279999,215.380005,216.850006,,6.69,5.95,,,,,1.652,,,1.652,,
2025/11/06 00:00,2.62,2.13,,1.54,8.49,7.86,,7.92,209.520004,215.380005,,,6.72,6.02,,,,,1.663,,1.618,1.663,,1.618
2025/11/06 00:00,2.61,2.12,,1.53,8.49,7.86,,7.92,209.770004,215.630005,,,6.73,,,,,,1.651,,1.614,1.651,,1.614
2025/11/06 00:00,2.61,2.12,,1.53,8.47,7.86,,7.91,209.520004,215.630005,,216.850006,6.75,,5.75,,,,1.646,,,1.646,,
2025/11/06 00:00,2.61,2.13,,1.53,8.47,7.86,,7.91,209.279999,215.380005,,216.610001,6.73,,5.76,,,,1.643,,1.62,1.643,,1.62
2025/11/06 00:00,2.61,2.12,,1.53,8.46,7.86,,7.91,209.279999,215.869995,,217.089996,6.72,,5.74,,,,1.655,,1.611,1.655,,1.611
2025/11/06 00:00,2.61,2.13,,1.53,8.46,7.87,,7.92,209.279999,215.139999,,216.360001,6.71,,5.68,,,,1.647,,1.617,1.647,,1.617
2025/11/06 00:00,2.61,2.12,,,8.45,7.86,7.93,,209.279999,215.630005,,,6.75,,5.73,,,,1.655,1.64,,1.655,1.64,
2025/11/06 00:00,2.61,2.12,1.82,,8.44,7.86,7.93,,209.520004,215.630005,,,6.72,6,,,,,1.653,,,1.653,,
2025/11/06 00:00,2.6,2.13,1.83,,8.44,7.87,7.92,,209.279999,215.869995,216.850006,,6.74,6.02,,,,,1.656,1.636,,1.656,1.636,
2025/11/06 00:00,2.61,2.12,1.83,,8.43,7.86,7.92,,209.520004,216.119995,217.089996,,6.74,6,,,,,1.664,1.637,,1.664,1.637,
2025/11/06 00:00,2.61,2.13,1.82,,8.42,7.87,7.92,,209.279999,215.380005,216.850006,,6.75,6.01,,,,,1.649,,,1.649,,
2025/11/07 00:00,2.61,2.13,1.83,,8.41,7.87,7.92,,209.039993,215.630005,217.339996,,6.75,5.99,,,,,1.652,1.637,,1.652,1.637,
2025/11/07 00:00,2.61,2.12,,1.54,8.41,7.86,,7.92,209.279999,215.869995,,,6.76,6.03,,,,,1.65,,1.61,1.65,,1.61
2025/11/07 00:00,2.6,2.13,,1.55,8.4,7.87,,7.91,209.039993,215.630005,,,6.71,,5.74,,,,1.652,,,1.652,,
2025/11/07 00:00,2.6,2.12,,1.54,8.39,7.87,,7.91,209.039993,215.630005,,216.850006,6.76,,5.76,,,,1.655,,1.616,1.655,,1.616
2025/11/07 00:00,2.6,2.13,,1.55,8.38,7.87,,7.9,209.039993,215.630005,,217.339996,6.74,,5.72,,,,1.661,,1.613,1.661,,1.613
2025/11/07 00:00,2.61,2.13,,1.54,8.37,7.87,,7.91,209.279999,215.869995,,216.610001,6.73,,5.69,,,,1.647,,,1.647,,
2025/11/07 00:00,2.61,2.13,,1.55,8.37,7.87,,7.91,209.279999,215.869995,,216.850006,6.71,,5.67,,,,1.649,,1.609,1.649,,1.609
2025/11/07 00:00,2.6,2.14,,,8.36,7.87,7.93,,209.279999,215.630005,,,6.71,,5.65,,,,1.645,1.634,,1.645,1.634,
2025/11/07 00:00,2.6,2.13,1.83,,8.35,7.87,7.93,,209.279999,215.630005,,,6.68,,,,,,1.653,1.64,,1.653,1.64,
2025/11/07 00:00,2.6,2.13,1.83,,8.34,7.86,7.92,,209.279999,215.630005,217.089996,,6.71,6,,,,,1.652,,,1.652,,
2025/11/07 00:00,2.6,2.13,1.83,,8.33,7.86,7.92,,209.279999,215.380005,217.089996,,6.69,5.98,,,,,1.654,1.645,,1.654,1.645,
2025/11/07 00:00,2.6,2.13,1.83,,8.31,7.86,7.92,,209.520004,215.869995,217.339996,,6.68,6.02,,,,,1.654,1.634,,1.654,1.634,
2025/11/07 00:00,2.59,2.13,1.83,,8.31,7.87,7.93,,209.520004,215.380005,217.089996,,6.68,6.02,,,,,1.66,,,1.66,,
2025/11/07 00:00,2.59,2.12,,1.54,8.3,7.86,,7.91,209.520004,215.630005,,,6.7,6.01,,,,,1.644,,1.621,1.644,,1.621
2025/11/07 00:00,2.59,2.12,,1.53,8.29,7.86,,7.9,209.279999,216.119995,,,6.67,,5.75,,,,1.658,,1.618,1.658,,1.618
2025/11/07 00:00,2.59,2.13,,1.54,8.27,7.86,,7.9,209.520004,215.869995,,217.580002,6.76,,5.77,,,,1.65,,1.618,1.65,,1.618
2025/11/07 00:00,2.59,2.12,,1.53,8.27,7.86,,7.91,209.279999,215.869995,,217.089996,6.71,,5.77,,,,1.659,,,1.659,,
2025/11/07 00:00,2.58,2.13,,1.53,8.25,7.87,,7.9,209.520004,215.630005,,217.830002,6.77,,5.82,,,,1.648,,1.618,1.648,,1.618
2025/11/07 00:00,2.58,2.12,,1.53,8.24,7.86,,7.9,209.279999,215.869995,,217.339996,6.73,,5.78,,,,1.657,,,1.657,,
2025/11/07 00:00,2.58,2.13,,,8.23,7.87,7.93,,209.520004,215.869995,,,6.71,,5.79,,,,1.64,1.641,,1.64,1.641,
2025/11/07 00:00,2.58,2.13,1.82,,8.22,7.87,7.93,,209.520004,215.869995,,,6.73,6.05,,,,,1.665,1.64,,1.665,1.64,
2025/11/07 00:00,2.58,2.12,1.83,,8.21,7.87,7.93,,209.520004,216.119995,217.580002,,6.69,6,,,,,1.66,1.639,,1.66,1.639,
2025/11/07 00:00,2.57,2.13,1.82,,8.19,7.87,7.93,,209.520004,215.869995,217.580002,,6.75,6.02,,,,,1.65,1.645,,1.65,1.645,
2025/11/07 00:00,2.57,2.12,1.83,,8.18,7.86,7.93,,209.279999,215.869995,217.580002,,6.72,6.07,,,,,1.666,,,1.666,,
2025/11/07 00:00,2.57,2.13,1.83,,8.16,7.87,7.92,,209.279999,215.869995,217.830002,,6.76,6.01,,,,,1.66,1.638,,1.66,1.638,
2025/11/07 00:00,2.58,2.13,,1.54,8.16,7.87,,7.9,209.279999,215.869995,,,6.73,6.02,,,,,1.647,,,1.647,,
2025/11/07 00:00,2.57,2.13,,1.55,8.14,7.87,,7.9,209.520004,215.630005,,,6.71,,5.79,,,,1.664,,1.616,1.664,,1.616
2025/11/07 00:00,2.57,2.13,,1.54,8.13,7.86,,7.9,209.279999,215.869995,,217.580002,6.73,,5.8,,,,1.656,,1.611,1.656,,1.611
2025/11/07 00:00,2.56,2.13,,1.54,8.1,7.87,,7.9,209.520004,215.630005,,217.580002,6.73,,5.77,,,,1.664,,1.607,1.664,,1.607
2025/11/07 00:00,2.57,2.13,,1.53,8.09,7.86,,7.89,209.279999,215.869995,,217.580002,6.74,,5.81,,,,1.662,,1.618,1.662,,1.618
2025/11/07 00:00,2.56,2.13,,1.54,8.07,7.86,,7.89,209.279999,215.869995,,217.339996,6.76,,5.77,,,,1.655,,,1.655,,
2025/11/07 00:00,2.56,2.13,,,8.06,7.86,7.93,,209.279999,215.630005,,,6.67,,5.74,,,,1.659,1.636,,1.659,1.636,
2025/11/07 00:00,2.56,2.13,1.82,,8.05,7.85,7.93,,209.279999,215.869995,,,6.75,6.02,,,,,1.648,,,1.648,,
2025/11/07 00:00,2.55,2.13,1.82,,8.03,7.86,7.93,,209.279999,215.869995,217.830002,,6.7,6.04,,,,,1.66,1.634,,1.66,1.634,
2025/11/07 00:00,2.56,2.12,1.83,,8.01,7.86,7.93,,209.279999,215.630005,217.580002,,6.7,6.05,,,,,1.655,,,1.655,,
2025/11/07 00:00,2.55,2.13,1.83,,8,7.86,7.93,,209.520004,215.630005,217.580002,,6.71,6.07,,,,,1.649,1.643,,1.649,1.643,
2025/11/07 00:00,2.57,2.13,1.84,,7.99,7.85,7.93,,209.770004,215.869995,218.070007,,6.76,6.04,,,,,1.656,1.642,,1.656,1.642,
2025/11/07 00:00,2.57,2.14,,,7.98,7.85,,7.9,209.770004,215.869995,,,6.72,,,,,,1.646,,,1.646,,
2025/11/07 00:00,2.55,2.14,,1.57,7.96,7.85,,7.89,209.279999,215.630005,,,6.72,,,,,,1.664,,1.613,1.664,,1.613
2025/11/07 00:00,2.54,2.13,,1.57,7.94,7.85,,7.89,209.279999,215.630005,,217.580002,6.68,,5.68,,,,1.648,,1.612,1.648,,1.612
2025/11/07 00:00,2.54,2.14,,1.56,7.93,7.85,,7.88,209.770004,215.869995,,217.089996,6.71,,5.57,,,,1.655,,1.615,1.655,,1.615
2025/11/07 00:00,2.54,2.13,,1.56,7.91,7.85,,7.89,209.770004,215.630005,,216.850006,6.68,,5.6,,,,1.651,,1.611,1.651,,1.611
2025/11/07 00:00,2.54,2.13,,1.55,7.91,7.86,,7.89,209.520004,215.869995,,216.850006,6.69,,5.62,,,,1.661,,1.611,1.661,,1.611
2025/11/07 00:00,2.53,2.13,,,7.89,7.86,7.94,,209.770004,215.630005,,,6.72,,5.65,,,,1.665,1.642,,1.665,1.642,
2025/11/07 00:00,2.53,2.12,1.84,,7.88,7.85,7.94,,210.009995,215.869995,,,6.73,,,,,,1.653,1.634,,1.653,1.634,
2025/11/07 00:00,2.52,2.13,1.83,,7.87,7.85,7.93,,209.520004,215.869995,216.850006,,6.72,6,,,,,1.649,1.641,,1.649,1.641,
2025/11/07 00:00,2.52,2.13,1.83,,7.86,7.85,7.93,,209.770004,215.869995,217.339996,,6.68,6.02,,,,,1.664,1.636,,1.664,1.636,
2025/11/07 00:00,2.51,2.13,1.84,,7.85,7.85,7.93,,209.520004,215.869995,217.339996,,6.7,6.04,,,,,1.654,,,1.654,,
2025/11/07 00:00,2.54,2.12,1.83,,,7.85,7.93,,,215.869995,216.850006,,6.7,5.99,,,,,1.652,1.64,,1.652,1.64,
2025/11/07 00:00,0.75,2.13,,1.55,,7.85,,7.9,,215.630005,,,6.71,6.03,,,,,1.652,,,1.652,,
2025/11/07 00:00,0.37,2.13,,1.55,,7.85,,7.9,,215.869995,,,6.73,,5.77,,,,1.657,,1.614,1.657,,1.614
2025/11/07 00:00,0.33,2.13,,1.55,,7.84,,7.9,,215.869995,,217.339996,6.69,,5.8,,,,1.656,,1.618,1.656,,1.618
2025/11/07 00:00,0.33,2.13,,1.54,,7.85,,7.9,,215.869995,,216.850006,6.72,,5.72,,,,1.657,,,1.657,,
2025/11/07 00:00,1.51,2.12,,1.55,,7.85,,7.9,,215.630005,,217.339996,6.7,,5.74,,,,1.641,,1.615,1.641,,1.615
2025/11/07 00:00,2.76,2.13,,1.54,8.66,7.85,,7.89,,215.630005,,216.610001,6.71,,5.71,,,,1.65,,,1.65,,
2025/11/07 00:00,2.7,2.13,,,8.64,7.84,7.93,,208.789993,215.630005,,,6.71,,5.72,,,,1.646,1.64,,1.646,1.64,
2025/11/07 00:00,2.56,2.13,1.83,,8.61,7.84,7.94,,209.039993,215.630005,,,6.73,,,,,,1.649,1.642,,1.649,1.642,
2025/11/07 00:00,2.63,2.12,1.83,,8.54,7.84,7.93,,209.039993,215.869995,217.339996,,6.69,6.03,,,,,1.653,,,1.653,,
2025/11/07 00:00,2.62,2.12,1.84,,8.54,7.84,7.93,,209.520004,215.630005,217.089996,,6.72,6.08,,,,,1.649,1.639,,1.649,1.639,
2025/11/07 00:00,2.59,2.13,1.83,,8.54,7.86,7.94,,209.279999,215.630005,217.089996,,6.73,6.04,,,,,1.651,,,1.651,,
2025/11/07 00:00,2.59,2.12,1.83,,8.53,7.86,7.94,,209.520004,215.630005,217.089996,,6.73,6.08,,,,,1.65,1.635,,1.65,1.635,
2025/11/07 00:00,2.59,2.13,,1.56,8.53,7.87,,7.9,209.039993,215.630005,,,6.72,6.09,,,,,1.651,,,1.651,,
2025/11/07 00:00,2.59,2.13,,1.56,8.53,7.86,,7.89,209.279999,215.630005,,,6.72,,5.77,,,,1.651,,1.615,1.651,,1.615
2025/11/07 00:00,2.58,2.13,,1.55,8.52,7.86,,7.89,209.279999,215.869995,,217.089996,6.7,,5.76,,,,1.651,,1.615,1.651,,1.615
2025/11/07 00:00,2.58,2.13,,1.55,8.52,7.87,,7.89,209.279999,215.139999,,216.850006,6.73,,5.72,,,,1.658,,1.605,1.658,,1.605
2025/11/07 00:00,2.58,2.13,,1.55,8.52,7.86,,7.9,209.520004,215.380005,,217.089996,6.72,,5.71,,,,1.651,,1.612,1.651,,1.612
2025/11/07 00:00,2.59,2.13,,1.56,8.51,7.87,,7.91,209.520004,215.869995,,217.580002,6.72,,5.71,,,,1.64,,,1.64,,
2025/11/07 00:00,2.58,2.13,,,8.51,7.86,7.94,,209.520004,215.630005,,,6.7,,5.69,,,,1.652,1.639,,1.652,1.639,
2025/11/07 00:00,2.58,2.14,1.84,,8.5,7.86,7.94,,209.279999,216.119995,,,6.69,6.04,,,,,1.652,1.637,,1.652,1.637,
2025/11/07 00:00,2.58,2.14,1.84,,8.5,7.86,7.94,,209.520004,215.869995,217.089996,,6.68,6.01,,,,,1.653,,,1.653,,
2025/11/07 00:00,2.58,2.14,1.84,,8.49,7.87,7.94,,209.279999,215.869995,217.089996,,6.72,6,,,,,1.65,1.633,,1.65,1.633,
2025/11/07 00:00,2.58,2.13,1.84,,8.49,7.87,7.94,,209.039993,215.869995,217.339996,,6.67,5.96,,,,,1.647,1.636,,1.647,1.636,
2025/11/07 00:00,2.58,2.13,1.84,,8.48,7.87,7.94,,209.039993,215.869995,217.580002,,6.71,6.01,,,,,1.653,,,1.653,,
2025/11/07 00:00,2.57,2.13,,,8.47,7.86,,7.91,209.279999,215.869995,,,6.68,6.03,,,,,1.66,,1.622,1.66,,1.622
2025/11/07 00:00,2.58,2.13,,1.55,8.46,7.87,,7.91,209.039993,215.869995,,,6.69,,5.78,,,,1.643,,,1.643,,
2025/11/07 00:00,2.58,2.13,,1.55,8.46,7.87,,7.91,208.789993,215.869995,,217.580002,6.7,,5.81,,,,1.651,,1.614,1.651,,1.614
2025/11/07 00:00,2.58,2.12,,1.55,8.45,7.87,,7.9,209.279999,215.630005,,217.339996,6.7,,5.76,,,,1.655,,,1.655,,
2025/11/07 00:00,2.58,2.13,,1.55,8.45,7.87,,7.91,208.789993,215.630005,,218.070007,6.71,,5.73,,,,1.653,,1.614,1.653,,1.614
2025/11/07 00:00,2.58,2.13,,1.55,8.44,7.87,,7.9,208.789993,215.630005,,217.830002,6.73,,5.73,,,,1.655,,1.611,1.655,,1.611
2025/11/07 00:00,2.58,2.13,,,8.43,7.87,7.93,,209.039993,215.380005,,,6.7,,5.74,,,,1.644,,,1.644,,
2025/11/07 00:00,2.57,2.13,1.83,,8.42,7.88,7.94,,208.789993,215.630005,,,6.68,,,,,,1.644,1.636,,1.644,1.636,
2025/11/07 00:00,2.57,2.12,1.83,,8.42,7.88,7.94,,208.789993,215.869995,217.580002,,6.7,6.08,,,,,1.645,1.637,,1.645,1.637,
2025/11/07 00:00,2.58,2.13,1.83,,8.41,7.87,7.94,,209.039993,215.630005,217.830002,,6.7,6.08,,,,,1.644,,,1.644,,
2025/11/07 00:00,2.58,2.13,1.84,,8.41,7.87,7.94,,208.550003,215.869995,218.070007,,6.7,6.06,,,,,1.654,1.636,,1.654,1.636,
2025/11/07 00:00,2.57,2.13,1.83,,8.4,7.87,7.94,,208.789993,215.869995,217.830002,,6.73,6.05,,,,,1.645,,,1.645,,
2025/11/07 00:00,2.57,2.13,,,8.39,7.88,,7.91,208.550003,215.869995,,,6.7,6.09,,,,,1.639,,1.613,1.639,,1.613
2025/11/07 00:00,2.57,2.13,,1.56,8.38,7.88,,7.9,208.789993,215.630005,,,6.73,,5.79,,,,1.649,,1.614,1.649,,1.614
2025/11/07 00:00,2.57,2.13,,1.55,8.38,7.87,,7.9,209.039993,215.869995,,217.830002,6.72,,5.8,,,,1.646,,,1.646,,
2025/11/07 00:00,2.57,2.13,,1.56,8.37,7.88,,7.9,209.039993,215.630005,,217.830002,6.73,,5.77,,,,1.646,,1.609,1.646,,1.609
2025/11/07 00:00,2.57,2.13,,1.55,8.36,7.87,,7.9,209.039993,215.869995,,217.580002,6.71,,5.77,,,,1.65,,1.634,1.65,,1.634
2025/11/07 00:00,2.56,2.13,,1.56,8.36,7.88,,7.91,209.039993,215.869995,,218.070007,6.7,,5.75,,,,1.652,,1.612,1.652,,1.612
2025/11/07 00:00,2.56,2.13,,,8.35,7.88,7.95,,208.789993,216.119995,,,6.72,,5.71,,,,1.647,1.641,,1.647,1.641,
2025/11/07 00:00,2.56,2.13,1.83,,8.34,7.88,7.95,,209.039993,215.869995,,,6.72,6.07,,,,,1.651,,,1.651,,
2025/11/07 00:00,2.56,2.13,1.83,,8.32,7.88,7.95,,209.039993,215.869995,217.580002,,6.73,6.08,,,,,1.651,1.64,,1.651,1.64,
2025/11/07 00:00,2.56,2.13,1.83,,8.31,7.88,7.95,,209.279999,215.869995,217.830002,,6.7,6.02,,,,,1.644,,,1.644,,
2025/11/07 00:00,2.54,2.13,1.83,,8.31,7.87,7.95,,209.039993,215.869995,217.580002,,6.72,6.06,,,,,1.651,1.636,,1.651,1.636,
2025/11/07 00:00,2.54,2.12,1.83,,8.29,7.88,7.95,,209.039993,215.630005,217.580002,,6.71,6.09,,,,,1.644,1.638,,1.644,1.638,
2025/11/07 00:00,2.56,2.13,,1.56,8.28,7.88,,7.92,209.520004,215.630005,,,6.68,6.04,,,,,1.651,,,1.651,,
2025/11/07 00:00,2.56,2.14,,1.56,8.27,7.88,,7.9,209.520004,215.630005,,,6.66,,,,,,1.639,,1.613,1.639,,1.613
2025/11/07 00:00,2.56,2.14,,1.55,8.26,7.87,,7.91,209.039993,215.869995,,217.830002,6.64,,5.76,,,,1.652,,,1.652,,
2025/11/07 00:00,2.54,2.13,,1.55,8.25,7.88,,7.91,208.789993,215.869995,,217.339996,6.67,,5.76,,,,1.64,,,1.64,,
2025/11/07 00:00,2.54,2.13,,1.55,8.24,7.88,,7.91,208.789993,216.119995,,217.339996,6.68,,5.68,,,,1.649,,1.613,1.649,,1.613
2025/11/07 00:00,2.55,2.13,,1.55,8.23,7.88,,7.91,209.039993,215.869995,,216.850006,6.76,,5.74,,,,1.637,,1.614,1.637,,1.614
2025/11/07 00:00,2.54,2.13,,,8.21,7.87,7.95,,209.039993,215.630005,,,6.7,,5.77,,,,1.648,1.643,,1.648,1.643,
2025/11/07 00:00,2.55,2.13,1.83,,8.21,7.87,7.94,,209.039993,215.869995,,,6.7,,,,,,1.648,,,1.648,,
2025/11/07 00:00,2.55,2.12,1.83,,8.19,7.86,7.95,,208.789993,215.630005,217.089996,,6.68,6.04,,,,,1.645,1.637,,1.645,1.637,
2025/11/07 00:00,2.54,2.13,1.83,,8.18,7.87,7.95,,208.789993,215.869995,217.339996,,6.74,6.01,,,,,1.65,1.639,,1.65,1.639,
2025/11/07 00:00,2.54,2.12,1.83,,8.16,7.87,7.95,,209.039993,215.630005,217.339996,,6.73,6.04,,,,,1.645,1.635,,1.645,1.635,
2025/11/07 00:00,2.54,2.13,1.84,,8.15,7.87,7.95,,208.550003,215.869995,217.089996,,6.7,6.08,,,,,1.653,1.637,,1.653,1.637,
2025/11/07 00:00,2.54,2.13,,,8.14,7.87,,7.91,208.789993,215.869995,,,6.75,6.08,,,,,1.645,,,1.645,,
2025/11/07 00:00,2.54,2.13,,1.56,8.12,7.87,,7.9,208.550003,215.869995,,,6.72,,,,,,1.649,,1.613,1.649,,1.613
2025/11/07 00:00,2.53,2.13,,1.56,8.11,7.87,,7.9,209.039993,216.119995,,217.339996,6.69,,5.8,,,,1.645,,1.613,1.645,,1.613
2025/11/07 00:00,2.54,2.13,,1.56,8.1,7.87,,7.91,208.789993,215.869995,,217.580002,6.7,,5.75,,,,1.654,,1.623,1.654,,1.623
2025/11/07 00:00,2.53,2.13,,1.56,8.08,7.87,,7.91,209.039993,215.869995,,217.089996,6.7,,5.71,,,,1.649,,1.617,1.649,,1.617
2025/11/07 00:00,2.54,2.13,,1.56,8.07,7.87,,7.91,209.039993,215.869995,,217.580002,6.71,,5.73,,,,1.649,,1.615,1.649,,1.615
2025/11/07 00:00,2.53,2.13,,,8.05,7.87,7.95,,209.039993,215.630005,,,6.71,,5.67,,,,1.641,1.635,,1.641,1.635,
2025/11/07 00:00,2.54,2.13,1.84,,8.04,7.87,7.95,,209.039993,215.869995,,,6.66,,,,,,1.648,1.639,,1.648,1.639,
2025/11/07 00:00,2.52,2.14,1.84,,8.02,7.87,7.95,,209.520004,215.869995,217.089996,,6.69,6.03,,,,,1.649,,,1.649,,
2025/11/07 00:00,2.53,2.13,1.84,,8.01,7.87,7.95,,209.279999,215.630005,217.089996,,6.69,6.06,,,,,1.648,,,1.648,,
2025/11/07 00:00,2.53,2.13,1.85,,7.99,7.86,7.95,,209.520004,215.630005,217.089996,,6.67,6.05,,,,,1.652,1.639,,1.652,1.639,
2025/11/07 00:00,2.53,2.13,1.84,,7.98,7.87,7.95,,209.279999,215.869995,217.089996,,6.71,6.05,,,,,1.644,,,1.644,,
2025/11/07 00:00,2.53,2.13,,,7.97,7.86,,7.92,209.279999,215.869995,,,6.71,,,,,,1.647,,1.616,1.647,,1.616
2025/11/07 00:00,2.51,2.13,,1.56,7.95,7.87,,7.92,209.279999,215.869995,,,6.7,,5.83,,,,1.642,,1.615,1.642,,1.615
2025/11/07 00:00,2.51,2.13,,1.56,7.92,7.87,,7.92,209.520004,215.630005,,217.089996,6.72,,5.77,,,,1.652,,,1.652,,
2025/11/07 00:00,2.51,2.13,,1.56,7.91,7.86,,7.92,209.279999,216.119995,,217.339996,6.64,,5.77,,,,1.646,,1.615,1.646,,1.615
2025/11/07 00:00,2.52,2.13,,1.56,7.9,7.86,,7.92,209.279999,215.869995,,217.089996,6.71,,5.73,,,,1.651,,1.617,1.651,,1.617
2025/11/07 00:00,2.51,2.13,,1.56,7.89,7.86,,7.91,209.520004,215.869995,,217.089996,6.7,,5.76,,,,1.653,,1.631,1.653,,1.631
2025/11/07 00:00,1.16,2.13,,,,7.86,7.95,,,215.630005,,,6.7,,5.74,,,,1.646,1.639,,1.646,1.639,
2025/11/07 00:00,0.44,2.13,1.84,,,7.86,7.94,,,215.630005,,,6.69,6.05,,,,,1.647,1.64,,1.647,1.64,
2025/11/07 00:00,0.34,2.14,1.84,,,7.86,7.94,,,215.630005,217.089996,,6.7,6.03,,,,,1.635,,,1.635,,
2025/11/07 00:00,0.31,2.14,1.84,,,7.85,7.94,,,215.630005,217.339996,,6.64,5.99,,,,,1.638,1.637,,1.638,1.637,
2025/11/07 00:00,1.01,2.13,1.84,,,7.85,7.94,,,215.630005,217.580002,,6.65,6.01,,,,,1.644,1.631,,1.644,1.631,
2025/11/07 00:00,2.33,2.13,1.84,,8.63,7.85,7.93,,,215.869995,217.580002,,6.68,6.01,,,,,1.646,1.682,,1.646,1.682,
2025/11/07 00:00,2.75,2.13,,,8.64,7.85,,7.92,208.550003,215.630005,,,6.63,6.02,,,,,1.641,,1.615,1.641,,1.615
2025/11/07 00:00,2.6,2.13,,1.56,8.61,7.85,,7.91,208.789993,215.630005,,,6.62,,5.79,,,,1.649,,1.615,1.649,,1.615
2025/11/07 00:00,2.57,2.12,,1.55,8.56,7.85,,7.9,208.789993,215.630005,,217.339996,6.65,,5.77,,,,1.64,,1.615,1.64,,1.615
2025/11/07 00:00,2.62,2.12,,1.55,8.52,7.85,,7.9,209.279999,215.630005,,217.830002,6.66,,5.81,,,,1.649,,1.612,1.649,,1.612
2025/11/07 00:00,2.59,2.13,,1.55,8.52,7.87,,7.9,209.279999,215.380005,,217.580002,6.64,,5.8,,,,1.648,,,1.648,,
2025/11/07 00:00,2.59,2.12,,1.55,8.51,7.86,,7.9,208.550003,215.869995,,217.830002,6.65,,5.77,,,,1.644,,1.616,1.644,,1.616
2025/11/07 00:00,2.58,2.13,,,8.5,7.86,7.91,,208.789993,216.119995,,,6.65,,5.82,,,,1.644,,,1.644,,
2025/11/07 00:00,2.59,2.13,1.84,,8.5,7.86,7.9,,209.039993,215.869995,,,6.66,6.06,,,,,1.645,1.631,,1.645,1.631,
2025/11/07 00:00,2.58,2.13,1.85,,8.5,7.86,7.91,,209.279999,215.869995,217.580002,,6.64,6.04,,,,,1.642,,,1.642,,
2025/11/07 00:00,2.57,2.13,1.84,,8.5,7.86,7.91,,209.039993,215.869995,217.830002,,6.66,6.01,,,,,1.644,1.637,,1.644,1.637,
2025/11/07 00:00,2.58,2.13,1.84,,8.5,7.86,7.9,,209.039993,215.630005,217.580002,,6.67,5.95,,,,,1.645,,,1.645,,
2025/11/07 00:00,2.57,2.13,1.85,,8.49,7.86,7.9,,209.039993,215.869995,217.580002,,6.68,6.03,,,,,1.65,1.637,,1.65,1.637,
2025/11/07 00:00,2.57,2.14,,1.56,8.48,7.86,,7.92,208.789993,215.869995,,,6.69,6.03,,,,,1.653,,,1.653,,
2025/11/07 00:00,2.57,2.13,,1.56,8.48,7.85,,7.9,209.039993,215.869995,,,6.66,,,,,,1.641,,1.616,1.641,,1.616
2025/11/07 00:00,2.57,2.13,,1.56,8.47,7.86,,7.9,209.039993,215.869995,,218.070007,6.67,,5.75,,,,1.648,,1.615,1.648,,1.615
2025/11/07 00:00,2.58,2.13,,1.56,8.46,7.86,,7.89,209.039993,215.869995,,217.580002,6.65,,5.76,,,,1.642,,,1.642,,
2025/11/07 00:00,2.57,2.13,,1.57,8.46,7.86,,7.9,209.039993,215.869995,,218.070007,6.64,,5.75,,,,1.642,,1.611,1.642,,1.611
2025/11/07 00:00,2.57,2.13,,1.57,8.46,7.86,,7.9,209.039993,216.119995,,218.070007,6.61,,5.76,,,,1.649,,1.632,1.649,,1.632
2025/11/07 00:00,2.61,2.14,,,8.45,7.86,7.9,,209.039993,215.869995,,,6.66,,5.71,,,,1.638,1.632,,1.638,1.632,
2025/11/07 00:00,2.61,2.13,1.85,,8.44,7.86,7.9,,208.789993,215.630005,,,6.61,6.02,,,,,1.643,1.634,,1.643,1.634,
2025/11/07 00:00,2.59,2.13,1.85,,8.44,7.86,7.9,,209.039993,215.869995,217.580002,,6.62,6,,,,,1.64,,,1.64,,
2025/11/07 00:00,2.58,2.14,1.85,,8.43,7.86,7.9,,208.789993,215.869995,217.580002,,6.65,6,,,,,1.653,1.636,,1.653,1.636,
2025/11/07 00:00,2.58,2.14,1.85,,8.43,7.86,7.89,,209.279999,215.630005,217.339996,,6.58,6,,,,,1.65,1.628,,1.65,1.628,
2025/11/07 00:00,2.58,2.13,1.86,,8.42,7.85,7.9,,208.789993,215.630005,217.580002,,6.58,5.97,,,,,1.647,,,1.647,,
2025/11/07 00:00,2.58,2.13,,1.58,8.41,7.86,,7.91,209.039993,215.380005,,,6.6,5.99,,,,,1.64,,1.614,1.64,,1.614
2025/11/07 00:00,2.59,2.13,,1.58,8.41,7.86,,7.89,209.039993,215.630005,,,6.58,,,,,,1.638,,1.61,1.638,,1.61
2025/11/07 00:00,2.58,2.14,,1.57,8.4,7.85,,7.89,209.039993,215.630005,,217.339996,6.56,,5.73,,,,1.649,,,1.649,,
2025/11/07 00:00,2.59,2.14,,1.57,8.39,7.86,,7.89,208.300003,215.630005,,217.830002,6.55,,5.66,,,,1.642,,1.611,1.642,,1.611
2025/11/07 00:00,2.59,2.13,,1.57,8.38,7.86,,7.89,208.300003,215.630005,,217.089996,6.58,,5.65,,,,1.65,,1.608,1.65,,1.608
2025/11/07 00:00,2.59,2.13,,1.57,8.37,7.85,,7.89,208.300003,215.869995,,217.339996,6.62,,5.69,,,,1.647,,,1.647,,
2025/11/07 00:00,2.59,2.14,,,8.36,7.85,7.89,,208.300003,215.869995,,,6.61,,5.64,,,,1.644,1.629,,1.644,1.629,
2025/11/07 00:00,2.59,2.13,1.86,,8.35,7.85,7.88,,208.300003,216.119995,,,6.58,5.96,,,,,1.646,1.628,,1.646,1.628,
2025/11/07 00:00,2.59,2.14,1.86,,8.35,7.86,7.88,,208.550003,215.869995,217.089996,,6.57,5.94,,,,,1.656,,,1.656,,
2025/11/07 00:00,2.59,2.14,1.86,,8.33,7.85,7.88,,208.550003,215.869995,217.089996,,6.56,5.9,,,,,1.64,,,1.64,,
2025/11/07 00:00,2.6,2.14,1.86,,8.32,7.85,7.88,,208.550003,215.869995,216.850006,,6.58,5.94,,,,,1.638,,,1.638,,
2025/11/07 00:00,2.59,2.14,1.87,,8.31,7.86,7.88,,208.300003,215.869995,216.850006,,6.58,5.94,,,,,1.634,1.629,,1.634,1.629,
2025/11/07 00:00,2.59,2.13,,1.58,8.31,7.85,,7.9,208.550003,215.869995,,,6.56,5.92,,,,,1.646,,1.631,1.646,,1.631
2025/11/07 00:00,2.59,2.14,,1.58,8.3,7.85,,7.89,208.550003,215.869995,,,6.58,,,,,,1.642,,,1.642,,
2025/11/07 00:00,2.6,2.14,,1.57,8.29,7.85,,7.89,208.300003,215.869995,,217.089996,6.59,,5.74,,,,1.646,,1.613,1.646,,1.613
2025/11/07 00:00,2.6,2.14,,1.57,8.28,7.85,,7.89,208.300003,215.869995,,217.339996,6.58,,5.71,,,,1.635,,1.617,1.635,,1.617
2025/11/07 00:00,2.58,2.14,,1.57,8.27,7.84,,7.89,208.550003,215.380005,,217.089996,6.61,,5.69,,,,1.646,,,1.646,,
2025/11/07 00:00,2.59,2.13,,1.57,8.26,7.85,,7.9,208.300003,215.630005,,217.580002,6.63,,5.67,,,,1.634,,1.614,1.634,,1.614
2025/11/07 00:00,2.59,2.14,,,8.25,7.85,7.89,,208.550003,215.869995,,,6.53,,5.67,,,,1.64,,1.619,1.64,,1.619
2025/11/07 00:00,2.59,2.14,1.86,,8.24,7.84,7.89,,208.550003,215.869995,,,6.59,5.9,,,,,1.65,,1.615,1.65,,1.615
2025/11/07 00:00,2.59,2.13,1.86,,8.24,7.84,7.89,,208.550003,215.380005,216.850006,,6.57,5.96,,,,,1.634,,,1.634,,
2025/11/07 00:00,2.58,2.14,1.86,,8.23,7.85,7.89,,208.300003,215.380005,216.610001,,6.56,5.9,,,,,1.639,1.631,,1.639,1.631,
2025/11/07 00:00,2.58,2.14,1.86,,8.21,7.85,7.9,,208.550003,215.869995,216.610001,,6.57,5.9,,,,,1.637,1.634,,1.637,1.634,
2025/11/07 00:00,2.58,2.14,1.86,,8.21,7.84,7.9,,208.550003,215.139999,216.850006,,6.56,5.92,,,,,1.641,1.628,,1.641,1.628,
2025/11/07 00:00,2.59,2.14,,,8.19,7.84,,7.9,208.550003,215.139999,,,6.55,5.92,,,,,1.638,1.634,,1.638,1.634,
2025/11/07 00:00,2.58,2.14,,1.58,8.18,7.84,,7.9,208.789993,215.139999,,,6.55,,,,,,1.649,,1.64,1.649,,1.64
2025/11/07 00:00,2.56,2.13,,1.59,8.18,7.85,,7.9,208.550003,215.139999,,217.339996,6.57,,5.68,,,,1.632,,,1.632,,
2025/11/07 00:00,2.56,2.13,,1.58,8.16,7.84,,7.9,208.550003,215.630005,,217.089996,6.53,,5.59,,,,1.642,,1.613,1.642,,1.613
2025/11/07 00:00,2.57,2.13,,1.59,8.16,7.84,,7.9,208.550003,215.139999,,217.580002,6.56,,5.61,,,,1.637,,1.609,1.637,,1.609
2025/11/07 00:00,2.57,2.14,,1.58,8.15,7.84,,7.9,208.300003,215.139999,,217.089996,6.56,,5.64,,,,1.63,,1.611,1.63,,1.611
2025/11/07 00:00,2.57,2.13,,,8.13,7.84,7.92,,208.300003,215.630005,,,6.59,,5.61,,,,1.647,,1.614,1.647,,1.614
2025/11/07 00:00,2.56,2.13,1.86,,8.13,7.85,7.91,,208.550003,215.630005,,,6.55,5.9,,,,,1.636,,1.616,1.636,,1.616
2025/11/07 00:00,2.56,2.14,1.86,,8.11,7.84,7.91,,208.789993,215.869995,216.610001,,6.58,5.96,,,,,1.65,,,1.65,,
2025/11/07 00:00,2.54,2.14,1.86,,8.1,7.84,7.91,,208.550003,215.630005,217.089996,,6.52,,,,,,1.637,1.638,,1.637,1.638,
2025/11/07 00:00,2.55,2.14,1.85,,8.1,7.85,7.91,,208.550003,216.119995,216.850006,,6.57,5.95,,,,,1.636,1.632,,1.636,1.632,
2025/11/07 00:00,2.55,2.13,1.85,,8.08,7.85,7.92,,208.300003,215.869995,217.339996,,6.58,5.94,,,,,1.645,,,1.645,,
2025/11/07 00:00,2.55,2.13,,1.57,8.07,7.85,,7.92,208.300003,215.869995,,,6.54,5.95,,,,,1.64,,1.656,1.64,,1.656
2025/11/07 00:00,2.53,2.13,,1.57,8.06,7.84,,7.92,208.300003,215.630005,,,6.56,,,,,,1.643,,1.63,1.643,,1.63
2025/11/07 00:00,2.54,2.13,,1.57,8.05,7.84,,7.91,209.279999,215.869995,,217.580002,6.58,,5.77,,,,1.631,,1.619,1.631,,1.619
2025/11/07 00:00,2.53,2.13,,1.57,8.04,7.84,,7.92,208.789993,215.869995,,217.580002,6.54,,5.76,,,,1.646,,1.614,1.646,,1.614
2025/11/07 00:00,2.53,2.13,,1.57,8.03,7.84,,7.91,209.039993,215.869995,,217.830002,6.57,,5.76,,,,1.638,,1.614,1.638,,1.614
2025/11/07 00:00,2.53,2.13,,1.57,8.02,7.84,,7.92,209.039993,215.630005,,217.580002,6.57,,5.71,,,,1.65,,1.622,1.65,,1.622
2025/11/07 00:00,2.53,2.13,,,8.01,7.85,7.92,,208.789993,215.869995,,,6.56,,5.76,,,,1.643,,1.616,1.643,,1.616
2025/11/07 00:00,2.53,2.13,1.85,,7.99,7.84,7.93,,208.789993,215.630005,,,6.54,5.99,,,,,1.637,,1.621,1.637,,1.621
2025/11/07 00:00,2.53,2.13,1.86,,7.98,7.84,7.92,,209.039993,215.869995,217.339996,,6.58,5.99,,,,,1.64,1.632,,1.64,1.632,
2025/11/07 00:00,2.52,2.13,1.86,,7.97,7.84,7.93,,209.039993,215.869995,217.339996,,6.58,5.98,,,,,1.638,1.633,,1.638,1.633,
2025/11/07 00:00,2.52,2.13,1.85,,7.96,7.83,7.92,,209.039993,215.630005,217.580002,,6.63,5.98,,,,,1.645,1.633,,1.645,1.633,
2025/11/07 00:00,2.51,2.13,1.86,,7.95,7.84,7.93,,209.279999,215.630005,217.580002,,6.54,6.01,,,,,1.642,1.623,,1.642,1.623,
2025/11/07 00:00,2.51,2.13,,1.59,7.94,7.83,,7.93,209.039993,215.630005,,218.070007,6.59,5.96,,,,,1.648,1.63,,1.648,1.63,
2025/11/07 00:00,2.51,2.13,,1.58,7.92,7.83,,7.92,208.789993,215.630005,,218.070007,6.54,,,,,,1.646,1.63,,1.646,1.63,
2025/11/07 00:00,2.51,2.13,,1.58,7.92,7.84,,7.91,209.039993,215.630005,,218.070007,6.57,,5.76,,,,1.641,,1.614,1.641,,1.614
2025/11/07 00:00,2.5,2.13,,1.58,7.91,7.84,,7.92,208.789993,215.630005,,218.070007,6.53,,5.71,,,,1.64,,1.61,1.64,,1.61
2025/11/07 00:00,2.5,2.13,,1.58,7.9,7.84,,7.91,209.039993,215.630005,,217.339996,6.57,,5.73,,,,1.639,,1.612,1.639,,1.612
2025/11/07 00:00,2.48,2.13,,1.58,7.89,7.84,,7.91,209.039993,215.630005,,218.070007,6.56,,5.72,,,,1.641,,,1.641,,
2025/11/07 00:00,2.48,2.13,,,7.88,7.84,7.94,,209.039993,215.869995,,,6.55,,5.74,,,,1.642,,1.611,1.642,,1.611
2025/11/07 00:00,2.47,2.13,1.85,,7.87,7.84,7.93,,208.789993,215.630005,,,6.59,,,,,,1.642,,,1.642,,
2025/11/07 00:00,2.47,2.13,1.86,,7.87,7.84,7.93,,208.789993,215.869995,217.339996,,6.6,5.97,,,,,1.633,,1.627,1.633,,1.627
2025/11/07 00:00,2.46,2.13,1.85,,7.86,7.84,7.94,,209.520004,215.630005,217.580002,,6.56,5.98,,,,,1.631,1.635,,1.631,1.635,
2025/11/07 00:00,2.16,2.13,1.85,,,7.84,7.94,,,215.630005,217.830002,,6.57,5.99,,,,,1.644,1.631,,1.644,1.631,
2025/11/07 00:00,0.58,2.13,1.85,,,7.84,7.94,,,215.630005,217.830002,,6.54,5.98,,,,,1.637,1.634,,1.637,1.634,
2025/11/07 00:00,0.35,2.13,,1.58,,7.83,,7.94,,215.869995,,,6.58,5.98,,,,,1.635,,,1.635,,
2025/11/07 00:00,0.32,2.13,,1.58,,7.83,,7.91,,215.630005,,,6.6,,,,,,1.634,,1.627,1.634,,1.627
2025/11/07 00:00,0.84,2.13,,1.58,,7.83,,7.9,,215.869995,,218.070007,6.53,,5.78,,,,1.632,,,1.632,,
2025/11/07 00:00,2.24,2.13,,1.57,,7.84,,7.9,,215.630005,,217.830002,6.54,,5.74,,,,1.636,,1.612,1.636,,1.612
2025/11/07 00:00,2.78,2.12,,1.57,8.68,7.83,,7.9,208.550003,215.869995,,217.339996,6.58,,5.73,,,,1.64,,,1.64,,
2025/11/07 00:00,2.64,2.12,,1.57,8.65,7.83,,7.91,209.039993,215.630005,,217.580002,6.54,,5.71,,,,1.639,,1.616,1.639,,1.616
2025/11/07 00:00,2.61,2.12,,,8.62,7.83,7.95,,208.789993,215.869995,,,6.56,,5.72,,,,1.633,,1.613,1.633,,1.613
2025/11/07 00:00,2.65,2.12,1.85,,8.58,7.84,7.94,,209.770004,215.869995,,,6.52,6,,,,,1.639,,,1.639,,
2025/11/07 00:00,2.62,2.12,1.84,,8.57,7.86,7.94,,209.279999,215.630005,217.089996,,6.6,5.96,,,,,1.642,1.63,,1.642,1.63,
2025/11/07 00:00,2.62,2.13,1.85,,8.57,7.87,7.95,,209.039993,215.869995,217.089996,,6.58,5.99,,,,,1.641,1.633,,1.641,1.633,
2025/11/07 00:00,2.62,2.13,1.85,,8.56,7.86,7.94,,209.039993,215.869995,217.089996,,6.64,5.94,,,,,1.641,,,1.641,,
2025/11/07 00:00,2.62,2.13,1.85,,8.56,7.86,7.95,,209.279999,215.869995,217.089996,,6.65,6,,,,,1.645,1.631,,1.645,1.631,
2025/11/07 00:00,2.62,2.13,,,8.56,7.86,,7.93,209.279999,215.869995,,,6.61,5.98,,,,,1.643,,,1.643,,
2025/11/07 00:00,2.62,2.13,,1.58,8.56,7.85,,7.92,209.279999,215.869995,,,6.58,,,,,,1.643,1.626,,1.643,1.626,
2025/11/07 00:00,2.61,2.13,,1.57,8.55,7.87,,7.92,209.279999,215.630005,,217.580002,6.58,,5.8,,,,1.639,,1.619,1.639,,1.619
2025/11/07 00:00,2.61,2.13,,1.57,8.55,7.86,,7.91,209.520004,215.630005,,217.580002,6.62,,5.74,,,,1.636,,1.611,1.636,,1.611
2025/11/07 00:00,2.61,2.13,,1.57,8.54,7.86,,7.91,209.279999,215.869995,,217.089996,6.65,,5.78,,,,1.638,,1.611,1.638,,1.611
2025/11/07 00:00,2.61,2.13,,1.57,8.54,7.86,,7.91,209.520004,215.630005,,217.580002,6.63,,5.73,,,,1.645,,,1.645,,
2025/11/07 00:00,2.61,2.13,,,8.53,7.86,7.96,,209.520004,215.630005,,,6.6,,5.73,,,,1.641,,1.613,1.641,,1.613
2025/11/07 00:00,2.61,2.13,1.84,,8.53,7.87,7.95,,209.520004,215.630005,,,6.63,6,,,,,1.645,,1.613,1.645,,1.613
2025/11/07 00:00,2.62,2.13,1.84,,8.52,7.87,7.95,,209.520004,215.630005,217.089996,,6.59,6.04,,,,,1.635,,,1.635,,
2025/11/07 00:00,2.61,2.13,1.84,,8.52,7.87,7.96,,209.039993,215.630005,217.339996,,6.61,5.97,,,,,1.639,1.633,,1.639,1.633,
2025/11/07 00:00,2.61,2.13,1.85,,8.52,7.87,7.96,,209.039993,215.630005,217.580002,,6.62,6.02,,,,,1.645,,,1.645,,
2025/11/07 00:00,2.61,2.13,1.85,,8.52,7.87,7.95,,209.279999,215.869995,216.850006,,6.62,6.03,,,,,1.637,1.628,,1.637,1.628,
2025/11/07 00:00,2.61,2.13,,,8.51,7.88,,7.93,209.279999,215.869995,,,6.61,6,,,,,1.638,,,1.638,,
2025/11/07 00:00,2.61,2.12,,1.58,8.5,7.88,,7.91,209.279999,215.630005,,,6.63,,,,,,1.641,1.629,,1.641,1.629,
2025/11/07 00:00,2.61,2.13,,1.58,8.5,7.88,,7.91,209.279999,215.630005,,217.339996,6.62,,5.76,,,,1.645,,1.618,1.645,,1.618
2025/11/07 00:00,2.61,2.13,,1.58,8.49,7.88,,7.91,209.039993,215.869995,,217.339996,6.62,,5.72,,,,1.632,,1.61,1.632,,1.61
2025/11/07 00:00,2.61,2.12,,1.58,8.48,7.88,,7.91,209.279999,215.630005,,217.580002,6.64,,5.7,,,,1.65,,1.639,1.65,,1.639
2025/11/07 00:00,2.61,2.13,,1.58,8.48,7.88,,7.9,209.279999,215.630005,,217.339996,6.61,,5.69,,,,1.636,,1.612,1.636,,1.612
2025/11/07 00:00,2.61,2.12,,,8.47,7.88,7.96,,209.039993,215.630005,,,6.67,,5.67,,,,1.645,,1.609,1.645,,1.609
2025/11/07 00:00,2.61,2.13,1.84,,8.47,7.88,7.95,,209.520004,215.869995,,,6.64,5.97,,,,,1.65,,,1.65,,
2025/11/07 00:00,2.61,2.13,1.85,,8.45,7.88,7.95,,209.279999,215.630005,216.850006,,6.67,6,,,,,1.644,1.628,,1.644,1.628,
2025/11/07 00:00,2.61,2.13,1.84,,8.46,7.88,7.95,,209.520004,215.869995,217.339996,,6.65,5.94,,,,,1.651,1.627,,1.651,1.627,
2025/11/07 00:00,2.59,2.14,1.84,,8.45,7.88,7.96,,209.520004,215.869995,217.089996,,6.63,5.97,,,,,1.639,1.63,,1.639,1.63,
2025/11/07 00:00,2.6,2.13,1.84,,8.44,7.89,7.95,,209.279999,215.869995,217.580002,,6.62,6,,,,,1.648,1.628,,1.648,1.628,
2025/11/07 00:00,2.6,2.13,,,8.43,7.88,,7.94,209.279999,215.869995,,,6.66,5.99,,,,,1.643,,,1.643,,
2025/11/07 00:00,2.6,2.13,,1.57,8.43,7.88,,7.91,209.520004,215.869995,,,6.64,,5.82,,,,1.644,1.63,,1.644,1.63,
2025/11/07 00:00,2.6,2.13,,1.56,8.42,7.88,,7.91,209.279999,215.869995,,218.320007,6.63,,5.82,,,,1.645,,1.615,1.645,,1.615
2025/11/07 00:00,2.59,2.12,,1.57,8.42,7.88,,7.91,209.279999,215.869995,,217.830002,6.59,,5.79,,,,1.632,,1.615,1.632,,1.615
2025/11/07 00:00,2.59,2.12,,1.57,8.4,7.88,,7.91,209.520004,215.630005,,218.320007,6.64,,5.82,,,,1.632,,1.609,1.632,,1.609
2025/11/07 00:00,2.6,2.13,,1.57,8.4,7.88,,7.9,209.279999,215.869995,,218.070007,6.66,,5.79,,,,1.639,,1.613,1.639,,1.613
2025/11/07 00:00,2.59,2.13,,,8.39,7.89,7.96,,209.279999,215.630005,,,6.66,,5.77,,,,1.639,,1.615,1.639,,1.615
2025/11/07 00:00,2.59,2.12,1.84,,8.38,7.88,7.96,,209.039993,215.869995,,,6.66,6.02,,,,,1.642,,1.616,1.642,,1.616
2025/11/07 00:00,2.58,2.12,1.84,,8.37,7.89,7.96,,209.520004,215.380005,217.580002,,6.64,6.02,,,,,1.642,1.627,,1.642,1.627,
2025/11/07 00:00,2.58,2.12,1.84,,8.37,7.89,7.96,,209.039993,216.119995,217.830002,,6.66,5.99,,,,,1.636,1.628,,1.636,1.628,
2025/11/07 00:00,2.58,2.12,1.83,,8.35,7.89,7.96,,209.279999,215.630005,218.070007,,6.65,6.05,,,,,1.635,,,1.635,,
2025/11/07 00:00,2.58,2.13,1.84,,8.35,7.89,7.97,,209.279999,215.630005,217.580002,,6.67,6.08,,,,,1.646,1.629,,1.646,1.629,
2025/11/07 00:00,2.59,2.13,,1.58,8.34,7.89,,7.95,209.279999,215.869995,,,6.66,6.03,,,,,1.635,1.626,,1.635,1.626,
2025/11/07 00:00,2.59,2.12,,1.58,8.32,7.89,,7.91,209.279999,215.630005,,,6.66,,,,,,1.641,1.626,,1.641,1.626,
2025/11/07 00:00,2.57,2.13,,1.57,8.32,7.89,,7.9,209.279999,216.119995,,218.070007,6.68,,5.8,,,,1.648,,1.616,1.648,,1.616
2025/11/07 00:00,2.57,2.12,,1.57,8.3,7.89,,7.9,209.039993,215.869995,,218.320007,6.66,,5.73,,,,1.648,,,1.648,,
2025/11/07 00:00,2.57,2.13,,1.57,8.3,7.89,,7.9,209.039993,215.869995,,217.830002,6.64,,5.82,,,,1.639,,1.611,1.639,,1.611
2025/11/07 00:00,2.57,2.13,,1.57,8.28,7.89,,7.91,209.279999,215.630005,,218.320007,6.66,,5.78,,,,1.634,,,1.634,,
2025/11/07 00:00,2.57,2.12,,,8.28,7.89,7.96,,209.279999,215.869995,,,6.67,,5.77,,,,1.642,,1.611,1.642,,1.611
2025/11/07 00:00,2.56,2.13,1.84,,8.27,7.89,7.96,,209.279999,215.869995,,,6.68,6.03,,,,,1.648,,1.604,1.648,,1.604
2025/11/07 00:00,2.55,2.12,1.84,,8.25,7.89,7.96,,209.039993,215.380005,217.580002,,6.66,6.02,,,,,1.639,1.629,,1.639,1.629,
2025/11/07 00:00,2.55,2.13,1.84,,8.24,7.89,7.96,,209.279999,215.869995,217.830002,,6.7,6.02,,,,,1.645,1.624,,1.645,1.624,
2025/11/07 00:00,2.55,2.13,1.84,,8.24,7.89,7.96,,209.520004,215.869995,218.070007,,6.71,6,,,,,1.643,1.624,,1.643,1.624,
2025/11/07 00:00,2.55,2.13,1.84,,8.22,7.89,7.96,,209.279999,215.869995,218.070007,,6.67,6.01,,,,,1.649,1.633,,1.649,1.633,
2025/11/07 00:00,2.53,2.13,,,8.2,7.89,,7.95,209.520004,215.869995,,,6.67,6.01,,,,,1.637,1.623,,1.637,1.623,
2025/11/07 00:00,2.54,2.12,,1.58,8.19,7.89,,7.91,209.279999,216.119995,,,6.66,,,,,,1.646,1.629,,1.646,1.629,
2025/11/07 00:00,2.56,2.13,,1.58,8.17,7.89,,7.91,209.279999,216.360001,,219.539993,6.68,,5.77,,,,1.644,,1.609,1.644,,1.609
2025/11/07 00:00,2.56,2.13,,1.59,8.17,7.89,,7.9,209.279999,216.119995,,218.320007,6.69,,5.74,,,,1.643,,,1.643,,
2025/11/07 00:00,2.55,2.13,,1.59,8.14,7.88,,7.9,209.279999,215.869995,,218.800003,6.7,,5.65,,,,1.642,,1.61,1.642,,1.61
2025/11/07 00:00,2.55,2.13,,1.59,8.13,7.89,,7.9,209.520004,215.630005,,217.830002,6.68,,5.62,,,,1.65,,1.604,1.65,,1.604
2025/11/07 00:00,2.54,2.13,,,8.12,7.89,7.96,,209.279999,215.869995,,,6.66,,5.58,,,,1.644,,1.608,1.644,,1.608
2025/11/07 00:00,2.55,2.13,1.84,,8.1,7.89,7.97,,209.279999,215.630005,,,6.71,,,,,,1.631,,,1.631,,
2025/11/07 00:00,2.55,2.14,1.85,,8.09,7.89,7.96,,209.520004,215.630005,217.339996,,6.69,6.01,,,,,1.649,1.624,,1.649,1.624,
2025/11/07 00:00,2.55,2.13,1.85,,8.06,7.89,7.97,,209.279999,215.869995,217.580002,,6.71,6.03,,,,,1.649,1.621,,1.649,1.621,
2025/11/07 00:00,2.55,2.13,1.85,,8.05,7.89,7.96,,209.279999,215.630005,217.089996,,6.75,5.99,,,,,1.651,1.625,,1.651,1.625,
2025/11/08 00:00,2.54,2.14,1.85,,8.03,7.89,7.96,,209.279999,215.869995,217.089996,,6.72,5.97,,,,,1.646,1.623,,1.646,1.623,
2025/11/08 00:00,2.54,2.13,,,8.01,7.89,,7.95,209.520004,215.869995,,,6.69,5.98,,,,,1.639,1.627,,1.639,1.627,
2025/11/08 00:00,2.54,2.14,,1.58,7.99,7.89,,7.92,209.279999,216.119995,,,6.68,,,,,,1.646,1.628,,1.646,1.628,
2025/11/08 00:00,2.54,2.14,,1.57,7.98,7.89,,7.92,209.520004,215.869995,,217.580002,6.66,,5.8,,,,1.637,,1.611,1.637,,1.611
2025/11/08 00:00,2.53,2.14,,1.57,7.97,7.89,,7.91,209.279999,215.869995,,217.580002,6.67,,5.76,,,,1.646,,1.611,1.646,,1.611
2025/11/08 00:00,2.08,2.14,,1.57,,7.89,,7.91,,215.630005,,217.830002,6.74,,5.77,,,,1.638,,,1.638,,
2025/11/08 00:00,0.58,2.13,,1.57,,7.88,,7.92,,215.869995,,218.070007,6.73,,5.8,,,,1.649,,1.611,1.649,,1.611
2025/11/08 00:00,0.35,2.14,,,,7.88,7.97,,,215.869995,,,6.73,,5.76,,,,1.63,,,1.63,,
2025/11/08 00:00,0.32,2.14,1.84,,,7.88,7.96,,,215.869995,,,6.72,,,,,,1.651,,1.611,1.651,,1.611
2025/11/08 00:00,0.83,2.14,1.85,,,7.88,7.95,,,215.630005,217.089996,,6.7,6.01,,,,,1.647,1.626,,1.647,1.626,
2025/11/08 00:00,2.21,2.14,1.84,,,7.88,7.96,,,215.869995,217.089996,,6.71,6.03,,,,,1.644,1.63,,1.644,1.63,
2025/11/08 00:00,2.77,2.14,1.85,,8.69,7.88,7.96,,209.039993,215.630005,217.339996,,6.7,5.99,,,,,1.639,1.622,,1.639,1.622,
2025/11/08 00:00,2.62,2.14,1.84,,8.67,7.88,7.96,,209.520004,215.630005,217.089996,,6.69,6.02,,,,,1.643,,,1.643,,
2025/11/08 00:00,2.59,2.14,,,8.63,7.87,,7.95,209.279999,215.380005,,,6.68,6,,,,,1.645,1.625,,1.645,1.625,
2025/11/08 00:00,2.63,2.13,,1.58,8.58,7.88,,7.91,210.259995,215.630005,,,6.71,,,,,,1.638,,,1.638,,
2025/11/08 00:00,2.6,2.14,,1.58,8.58,7.9,,7.91,209.770004,215.139999,,217.339996,6.7,,5.77,,,,1.642,,1.615,1.642,,1.615
2025/11/08 00:00,2.6,2.13,,1.58,8.58,7.89,,7.91,209.520004,215.630005,,217.339996,6.71,,5.76,,,,1.649,,1.609,1.649,,1.609
2025/11/08 00:00,2.6,2.14,,1.58,8.57,7.89,,7.91,209.770004,215.869995,,218.070007,6.7,,5.7,,,,1.637,,1.611,1.637,,1.611
2025/11/08 00:00,2.6,2.14,,1.58,8.57,7.89,,7.92,209.770004,215.869995,,217.580002,6.72,,5.72,,,,1.639,,,1.639,,
2025/11/08 00:00,2.6,2.14,,,8.57,7.9,7.97,,210.009995,215.869995,,,6.74,,5.74,,,,1.652,,1.606,1.652,,1.606
2025/11/08 00:00,2.59,2.14,1.85,,8.57,7.89,7.96,,209.279999,215.380005,,,6.69,6.01,,,,,1.644,,1.608,1.644,,1.608
2025/11/08 00:00,2.59,2.14,1.85,,8.56,7.9,7.96,,209.770004,215.869995,217.339996,,6.7,6.01,,,,,1.637,,,1.637,,
2025/11/08 00:00,2.59,2.13,1.85,,8.56,7.9,7.96,,209.770004,216.119995,217.089996,,6.69,6.03,,,,,1.633,1.63,,1.633,1.63,
2025/11/08 00:00,2.59,2.14,1.85,,8.56,7.89,7.96,,209.520004,215.869995,217.339996,,6.7,6.02,,,,,1.647,,,1.647,,
2025/11/08 00:00,2.59,2.15,1.85,,8.55,7.9,7.96,,209.039993,215.630005,217.830002,,6.69,6.02,,,,,1.635,1.629,,1.635,1.629,
2025/11/08 00:00,2.58,2.14,,,8.55,7.9,,7.97,209.279999,215.869995,,,6.65,6.06,,,,,1.646,,,1.646,,
2025/11/08 00:00,2.58,2.14,,1.59,8.54,7.9,,7.92,209.520004,215.630005,,,6.7,,,,,,1.639,1.629,,1.639,1.629,
2025/11/08 00:00,2.58,2.13,,1.58,8.54,7.91,,7.93,209.279999,215.869995,,217.830002,6.72,,5.78,,,,1.645,,,1.645,,
2025/11/08 00:00,2.58,2.14,,1.58,8.54,7.9,,7.92,209.520004,215.630005,,218.070007,6.71,,5.77,,,,1.641,,1.607,1.641,,1.607
2025/11/08 00:00,2.58,2.14,,1.57,8.54,7.9,,7.92,209.520004,215.869995,,218.320007,6.67,,5.72,,,,1.646,,1.608,1.646,,1.608
2025/11/08 00:00,2.58,2.13,,1.58,8.53,7.9,,7.93,209.039993,215.869995,,218.320007,6.69,,5.77,,,,1.643,,1.604,1.643,,1.604
2025/11/08 00:00,2.58,2.14,,1.59,8.52,7.91,7.96,,209.520004,215.869995,,,6.74,,5.78,,,,1.647,,,1.647,,
2025/11/08 00:00,2.58,2.13,1.85,,8.52,7.9,7.95,,209.279999,215.630005,,,6.68,,,,,,1.649,,1.606,1.649,,1.606
2025/11/08 00:00,2.58,2.14,1.84,,8.52,7.9,7.95,,209.039993,215.869995,217.580002,,6.7,6.03,,,,,1.641,1.631,,1.641,1.631,
2025/11/08 00:00,2.58,2.14,1.85,,8.51,7.9,7.96,,209.279999,215.869995,218.070007,,6.72,6.05,,,,,1.635,1.626,,1.635,1.626,
2025/11/08 00:00,2.58,2.13,1.85,,8.5,7.9,7.95,,209.279999,215.869995,218.320007,,6.72,6.03,,,,,1.641,1.625,,1.641,1.625,
2025/11/08 00:00,2.58,2.13,1.85,,8.5,7.91,7.95,,209.039993,216.119995,218.070007,,6.71,6.05,,,,,1.646,1.632,,1.646,1.632,
2025/11/08 00:00,2.59,2.13,,,8.49,7.91,,7.96,209.279999,216.119995,,,6.71,6.02,,,,,1.644,1.625,,1.644,1.625,
2025/11/08 00:00,2.58,2.14,,,8.49,7.91,,7.92,209.279999,215.630005,,,6.7,,,,,,1.642,,,1.642,,
2025/11/08 00:00,2.58,2.14,,1.58,8.48,7.9,,7.91,209.520004,215.869995,,218.320007,6.66,,5.75,,,,1.648,,,1.648,,
2025/11/08 00:00,2.58,2.14,,1.57,8.48,7.9,,7.92,209.520004,215.630005,,217.830002,6.69,,5.76,,,,1.643,,,1.643,,
2025/11/08 00:00,2.59,2.14,,1.57,8.46,7.9,,7.92,209.279999,215.630005,,218.070007,6.68,,5.78,,,,1.645,,1.605,1.645,,1.605
2025/11/08 00:00,2.59,2.14,,1.57,8.46,7.9,,7.92,209.520004,215.630005,,217.830002,6.69,,5.74,,,,1.639,,1.606,1.639,,1.606
2025/11/08 00:00,2.58,2.14,,1.58,8.45,7.9,7.95,,209.520004,215.630005,,,6.71,,5.74,,,,1.65,,1.607,1.65,,1.607
2025/11/08 00:00,2.58,2.14,1.85,,8.45,7.9,7.95,,209.520004,215.869995,,,6.67,,,,,,1.641,,1.606,1.641,,1.606
2025/11/08 00:00,2.57,2.13,1.85,,8.44,7.91,7.95,,209.279999,215.869995,218.070007,,6.69,6.02,,,,,1.641,1.627,,1.641,1.627,
2025/11/08 00:00,2.58,2.13,1.85,,8.44,7.92,7.95,,209.520004,216.360001,217.339996,,6.7,6.02,,,,,1.637,1.627,,1.637,1.627,
2025/11/08 00:00,2.57,2.14,1.85,,8.43,7.91,7.95,,209.039993,215.869995,217.580002,,6.74,6.02,,,,,1.641,1.628,,1.641,1.628,
2025/11/08 00:00,2.58,2.13,1.85,,8.42,7.91,7.96,,209.279999,215.630005,217.580002,,6.71,6.05,,,,,1.649,,,1.649,,
2025/11/08 00:00,2.58,2.13,,,8.42,7.91,,7.97,209.520004,215.630005,,,6.73,6.03,,,,,1.65,1.625,,1.65,1.625,
2025/11/08 00:00,2.56,2.14,,1.58,8.4,7.91,,7.94,209.279999,215.869995,,,6.7,,,,,,1.645,1.623,,1.645,1.623,
2025/11/08 00:00,2.57,2.13,,1.57,8.4,7.91,,7.93,209.520004,216.119995,,218.070007,6.7,,5.8,,,,1.649,,1.615,1.649,,1.615
2025/11/08 00:00,2.58,2.14,,1.58,8.38,7.92,,7.93,209.520004,216.119995,,219.289993,6.74,,5.85,,,,1.652,,1.612,1.652,,1.612
2025/11/08 00:00,2.58,2.15,,1.58,8.38,7.91,,7.92,209.520004,215.869995,,218.559998,6.66,,5.77,,,,1.649,,1.618,1.649,,1.618
2025/11/08 00:00,2.59,2.14,,1.58,8.37,7.91,,7.92,209.279999,216.119995,,217.830002,6.69,,5.68,,,,1.657,,1.607,1.657,,1.607
2025/11/08 00:00,2.56,2.14,,1.58,8.37,7.91,7.96,,209.279999,215.869995,,,6.67,,5.7,,,,1.638,,1.607,1.638,,1.607
2025/11/08 00:00,2.57,2.13,1.85,,8.35,7.92,7.95,,209.279999,215.630005,,,6.7,,,,,,1.637,,1.606,1.637,,1.606
2025/11/08 00:00,2.58,2.13,1.85,,8.35,7.91,7.96,,209.039993,215.869995,217.339996,,6.7,6.02,,,,,1.64,,,1.64,,
2025/11/08 00:00,2.59,2.13,1.85,,8.34,7.91,7.96,,209.039993,215.869995,217.580002,,6.7,6.04,,,,,1.648,1.628,,1.648,1.628,
2025/11/08 00:00,2.58,2.13,1.86,,8.33,7.91,7.96,,209.279999,215.869995,217.580002,,6.73,6.03,,,,,1.645,,,1.645,,
2025/11/08 00:00,2.58,2.13,1.85,,8.32,7.9,7.96,,209.279999,215.869995,217.339996,,6.71,6.03,,,,,1.646,1.629,,1.646,1.629,
2025/11/08 00:00,2.56,2.14,,,8.3,7.91,,7.97,209.039993,215.869995,,,6.71,6.01,,,,,1.648,1.629,,1.648,1.629,
2025/11/08 00:00,2.57,2.13,,1.58,8.29,7.91,,7.93,209.279999,215.630005,,,6.71,,,,,,1.649,1.624,,1.649,1.624,
2025/11/08 00:00,2.58,2.13,,1.58,8.27,7.91,,7.93,209.039993,215.869995,,217.580002,6.74,,5.78,,,,1.648,,1.615,1.648,,1.615
2025/11/08 00:00,2.58,2.14,,1.58,8.26,7.91,,7.93,209.279999,215.869995,,218.320007,6.76,,5.78,,,,1.643,,1.61,1.643,,1.61
2025/11/08 00:00,2.58,2.14,,1.58,8.26,7.9,,7.92,209.279999,215.630005,,217.830002,6.73,,5.8,,,,1.648,,1.614,1.648,,1.614
2025/11/08 00:00,2.57,2.14,,1.58,8.24,7.91,,7.93,209.520004,215.869995,,218.070007,6.72,,5.76,,,,1.645,,1.615,1.645,,1.615
2025/11/08 00:00,2.57,2.14,,1.57,8.23,7.91,7.96,,209.279999,215.869995,,,6.71,,5.74,,,,1.64,,1.615,1.64,,1.615
2025/11/08 00:00,2.57,2.14,1.85,,8.21,7.91,7.95,,209.279999,215.630005,,,6.7,,,,,,1.649,,1.609,1.649,,1.609
2025/11/08 00:00,2.57,2.14,1.86,,8.21,7.91,7.95,,209.279999,215.869995,217.580002,,6.72,6,,,,,1.646,,,1.646,,
2025/11/08 00:00,2.57,2.14,1.86,,8.19,7.91,7.95,,209.520004,215.869995,217.339996,,6.7,6.02,,,,,1.64,1.622,,1.64,1.622,
2025/11/08 00:00,2.56,2.14,1.86,,8.18,7.91,7.95,,209.520004,215.869995,217.089996,,6.7,6.02,,,,,1.641,,,1.641,,
2025/11/08 00:00,2.56,2.13,1.86,,8.16,7.91,7.96,,209.520004,215.630005,217.339996,,6.73,6,,,,,1.642,1.622,,1.642,1.622,
2025/11/08 00:00,2.56,2.14,,,8.15,7.9,,7.97,209.279999,216.119995,,,6.71,6,,,,,1.643,1.622,,1.643,1.622,
2025/11/08 00:00,2.56,2.14,,1.58,8.14,7.91,,7.94,209.520004,215.869995,,,6.75,,5.81,,,,1.637,1.627,,1.637,1.627,
2025/11/08 00:00,2.57,2.14,,1.58,8.12,7.91,,7.94,209.520004,215.630005,,217.580002,6.71,,5.83,,,,1.638,,,1.638,,
2025/11/08 00:00,2.57,2.13,,1.58,8.11,7.91,,7.94,209.279999,215.869995,,218.320007,6.72,,5.81,,,,1.649,,1.612,1.649,,1.612
2025/11/08 00:00,2.56,2.14,,1.58,8.09,7.91,,7.93,209.520004,215.869995,,217.830002,6.7,,5.79,,,,1.647,,1.608,1.647,,1.608
2025/11/08 00:00,2.56,2.14,,1.58,8.06,7.9,,7.94,209.520004,215.869995,,217.830002,6.74,,5.81,,,,1.641,,1.608,1.641,,1.608
2025/11/08 00:00,2.56,2.14,,1.57,8.05,7.91,7.97,,209.520004,215.630005,,,6.74,,5.79,,,,1.638,,1.611,1.638,,1.611
2025/11/08 00:00,2.56,2.14,1.85,,8.04,7.9,7.96,,209.520004,215.869995,,,6.72,6.04,,,,,1.645,,1.609,1.645,,1.609
2025/11/08 00:00,2.55,2.14,1.86,,8.03,7.9,7.97,,209.039993,215.869995,217.580002,,6.69,6.01,,,,,1.64,1.626,,1.64,1.626,
2025/11/08 00:00,2.54,2.14,1.85,,8.01,7.9,7.96,,209.279999,215.630005,217.339996,,6.73,6.08,,,,,1.644,1.624,,1.644,1.624,
2025/11/08 00:00,2.54,2.14,1.86,,7.99,7.9,7.96,,209.520004,216.360001,217.830002,,6.73,6.05,,,,,1.64,1.626,,1.64,1.626,
2025/11/08 00:00,2.54,2.15,1.86,,7.97,7.89,7.96,,209.520004,215.869995,217.580002,,6.7,6.04,,,,,1.643,,,1.643,,
2025/11/08 00:00,2.53,2.15,,,7.96,7.9,,7.96,209.039993,215.869995,,,6.72,6.01,,,,,1.643,1.626,,1.643,1.626,
2025/11/08 00:00,2.53,2.14,,,7.94,7.9,,7.93,210.009995,215.869995,,,6.72,,,,,,1.635,1.623,,1.635,1.623,
2025/11/08 00:00,2.52,2.14,,1.58,7.92,7.9,,7.93,209.279999,215.869995,,218.070007,6.69,,5.75,,,,1.643,,1.606,1.643,,1.606
2025/11/08 00:00,2.53,2.14,,1.58,7.91,7.9,,7.94,209.520004,216.119995,,217.830002,6.71,,5.8,,,,1.642,,1.607,1.642,,1.607
2025/11/08 00:00,2.51,2.14,,1.58,7.89,7.9,,7.94,209.039993,215.630005,,217.830002,6.7,,5.77,,,,1.644,,,1.644,,
2025/11/08 00:00,2.51,2.14,,1.57,7.88,7.89,,7.94,209.770004,215.380005,,218.070007,6.69,,5.81,,,,1.642,,1.607,1.642,,1.607
2025/11/08 00:00,2.51,2.13,,1.57,7.87,7.89,7.96,,209.770004,215.380005,,,6.71,,5.76,,,,1.644,,,1.644,,
2025/11/08 00:00,2.51,2.13,1.85,,7.86,7.89,7.96,,209.770004,216.119995,,,6.76,6.06,,,,,1.639,,1.611,1.639,,1.611
2025/11/08 00:00,1.88,2.14,1.84,,,7.89,7.95,,,215.869995,217.339996,,6.72,6.07,,,,,1.643,,,1.643,,
2025/11/08 00:00,0.53,2.13,1.85,,,7.89,7.95,,,216.360001,218.070007,,6.69,6.03,,,,,1.643,,,1.643,,
2025/11/08 00:00,0.35,2.14,1.85,,,7.89,7.95,,,216.119995,217.830002,,6.72,6.02,,,,,1.644,1.625,,1.644,1.625,
2025/11/08 00:00,0.31,2.14,1.85,,,7.89,7.95,,,216.360001,217.830002,,6.74,6.05,,,,,1.644,1.623,,1.644,1.623,
2025/11/08 00:00,0.91,2.13,,,,7.89,,7.97,,216.360001,,,6.74,6.06,,,,,1.638,,,1.638,,
2025/11/08 00:00,2.33,2.13,,,8.66,7.89,,7.94,,216.119995,,,6.76,,,,,,1.634,1.627,,1.634,1.627,
2025/11/08 00:00,2.75,2.13,,1.58,8.67,7.89,,7.93,209.039993,216.119995,,218.320007,6.72,,5.8,,,,1.647,,1.615,1.647,,1.615
2025/11/08 00:00,2.61,2.14,,1.58,8.64,7.89,,7.93,209.520004,216.119995,,218.559998,6.68,,5.81,,,,1.64,,1.604,1.64,,1.604
2025/11/08 00:00,2.59,2.13,,1.58,8.61,7.89,,7.93,209.279999,216.119995,,218.070007,6.67,,5.77,,,,1.631,,1.607,1.631,,1.607
2025/11/08 00:00,2.61,2.13,,1.58,8.57,7.88,,7.93,209.770004,216.119995,,218.559998,6.72,,5.77,,,,1.634,,1.603,1.634,,1.603
2025/11/08 00:00,2.58,2.14,,1.58,8.56,7.91,7.95,,209.770004,215.630005,,,6.67,,5.81,,,,1.641,1.608,,1.641,1.608,
2025/11/08 00:00,2.58,2.13,1.85,,8.56,7.91,7.96,,209.770004,216.119995,,,6.7,6.02,,,,,1.65,,,1.65,,
2025/11/08 00:00,2.58,2.13,1.85,,8.56,7.91,7.96,,209.770004,216.360001,218.070007,,6.72,6.05,,,,,1.644,,,1.644,,
2025/11/08 00:00,2.58,2.14,1.85,,8.55,7.91,7.96,,210.009995,215.869995,217.830002,,6.76,6.02,,,,,1.647,,,1.647,,
2025/11/08 00:00,2.58,2.14,1.85,,8.55,7.9,7.96,,209.770004,216.119995,217.830002,,6.74,6.05,,,,,1.642,,,1.642,,
2025/11/08 00:00,2.57,2.14,1.86,,8.55,7.92,7.95,,210.009995,215.630005,218.070007,,6.69,6.03,,,,,1.64,1.622,,1.64,1.622,
2025/11/08 00:00,2.57,2.14,,,8.54,7.91,,7.97,209.770004,216.360001,,,6.72,6.02,,,,,1.645,1.627,,1.645,1.627,
2025/11/08 00:00,2.57,2.14,,1.59,8.54,7.91,,7.93,209.520004,216.119995,,,6.68,,,,,,1.636,,,1.636,,
2025/11/08 00:00,2.57,2.15,,1.57,8.53,7.9,,7.92,209.520004,216.360001,,218.559998,6.72,,5.8,,,,1.642,,,1.642,,
2025/11/08 00:00,2.57,2.14,,1.58,8.53,7.91,,7.92,209.770004,216.119995,,218.559998,6.7,,5.8,,,,1.644,,1.606,1.644,,1.606
2025/11/08 00:00,2.58,2.14,,1.59,8.52,7.92,,7.93,209.770004,216.360001,,219.050003,6.68,,5.78,,,,1.627,,1.607,1.627,,1.607
2025/11/08 00:00,2.58,2.15,,1.59,8.52,7.92,,7.92,209.279999,215.869995,,218.559998,6.69,,5.74,,,,1.649,,1.606,1.649,,1.606
2025/11/08 00:00,2.58,2.15,,1.59,8.51,7.92,7.94,,209.279999,215.630005,,,6.68,,5.71,,,,1.642,,1.604,1.642,,1.604
2025/11/08 00:00,2.58,2.14,1.86,,8.51,7.91,7.96,,209.520004,215.869995,,,6.67,,,,,,1.648,,1.606,1.648,,1.606
2025/11/08 00:00,2.58,2.14,1.85,,8.51,7.91,7.95,,209.279999,215.630005,217.830002,,6.72,6,,,,,1.645,1.62,,1.645,1.62,
2025/11/08 00:00,2.58,2.14,1.86,,8.5,7.92,7.96,,209.279999,215.630005,217.580002,,6.68,5.99,,,,,1.642,1.624,,1.642,1.624,
2025/11/08 00:00,2.58,2.14,1.86,,8.5,7.92,7.95,,209.520004,215.630005,217.089996,,6.69,5.95,,,,,1.642,1.625,,1.642,1.625,
2025/11/08 00:00,2.58,2.14,1.86,,8.49,7.92,7.96,,209.520004,215.630005,216.850006,,6.73,6,,,,,1.644,1.623,,1.644,1.623,
2025/11/08 00:00,2.58,2.14,1.85,,8.48,7.92,,7.96,209.279999,215.630005,,,6.7,6,,,,,1.644,1.624,,1.644,1.624,
2025/11/08 00:00,2.58,2.14,,1.59,8.48,7.91,,7.92,209.279999,215.869995,,,6.69,,,,,,1.636,,,1.636,,
2025/11/08 00:00,2.58,2.14,,1.58,8.47,7.92,,7.92,209.520004,215.630005,,217.339996,6.71,,5.79,,,,1.639,1.621,,1.639,1.621,
2025/11/08 00:00,2.58,2.14,,1.58,8.46,7.92,,7.92,209.279999,215.630005,,217.089996,6.7,,5.75,,,,1.642,,1.61,1.642,,1.61
2025/11/08 00:00,2.58,2.14,,1.58,8.46,7.92,,7.93,209.279999,215.869995,,217.830002,6.71,,5.79,,,,1.641,,,1.641,,
2025/11/08 00:00,2.59,2.15,,1.58,8.45,7.92,,7.92,209.279999,215.869995,,217.339996,6.71,,5.77,,,,1.634,,,1.634,,
2025/11/08 00:00,2.59,2.14,,1.59,8.45,7.92,7.94,,209.520004,215.869995,,,6.7,,5.73,,,,1.638,,1.608,1.638,,1.608
2025/11/08 00:00,2.59,2.14,1.86,,8.45,7.91,7.96,,209.279999,216.119995,,,6.73,,,,,,1.643,,1.61,1.643,,1.61
2025/11/08 00:00,2.58,2.14,1.86,,8.44,7.92,7.96,,209.279999,215.630005,217.339996,,6.72,6.05,,,,,1.648,,1.617,1.648,,1.617
2025/11/08 00:00,2.58,2.15,1.86,,8.42,7.92,7.96,,209.279999,215.630005,217.089996,,6.67,5.99,,,,,1.636,1.63,,1.636,1.63,
2025/11/08 00:00,2.58,2.15,1.86,,8.42,7.92,7.97,,209.279999,215.630005,216.850006,,6.7,5.97,,,,,1.639,1.625,,1.639,1.625,
2025/11/08 00:00,2.58,2.15,1.86,,8.42,7.92,7.96,,209.279999,215.630005,217.089996,,6.7,5.98,,,,,1.639,1.621,,1.639,1.621,
2025/11/08 00:00,2.59,2.14,1.86,,8.41,7.92,,7.96,209.279999,215.630005,,,6.71,6.04,,,,,1.63,1.626,,1.63,1.626,
2025/11/08 00:00,2.58,2.15,,,8.41,7.92,,7.92,209.279999,215.869995,,,6.71,,,,,,1.637,1.621,,1.637,1.621,
2025/11/08 00:00,2.58,2.14,,1.59,8.39,7.91,,7.93,209.770004,215.869995,,217.339996,6.72,,5.78,,,,1.648,,1.616,1.648,,1.616
2025/11/08 00:00,2.58,2.15,,1.6,8.4,7.91,,7.93,209.520004,216.119995,,217.830002,6.7,,5.69,,,,1.649,,1.603,1.649,,1.603
2025/11/08 00:00,2.58,2.15,,1.59,8.38,7.92,,7.92,209.520004,215.869995,,217.580002,6.7,,5.68,,,,1.635,,1.606,1.635,,1.606
2025/11/08 00:00,2.58,2.14,,1.6,8.38,7.91,,7.93,209.279999,215.869995,,218.320007,6.72,,5.67,,,,1.641,,1.606,1.641,,1.606
2025/11/08 00:00,2.57,2.14,,1.59,8.37,7.91,7.93,,209.520004,215.869995,,,6.7,,5.68,,,,1.644,,,1.644,,
2025/11/08 00:00,2.58,2.14,1.87,,8.36,7.92,7.96,,209.279999,215.630005,,,6.71,,,,,,1.632,,1.602,1.632,,1.602
2025/11/08 00:00,2.58,2.14,1.87,,8.36,7.92,7.96,,209.039993,215.869995,217.089996,,6.74,5.98,,,,,1.637,,,1.637,,
2025/11/08 00:00,2.58,2.15,1.86,,8.35,7.92,7.96,,209.039993,215.869995,217.089996,,6.69,6.02,,,,,1.637,1.624,,1.637,1.624,
2025/11/08 00:00,2.58,2.15,1.87,,8.34,7.92,7.96,,209.279999,215.869995,217.339996,,6.71,6.03,,,,,1.632,,,1.632,,
2025/11/08 00:00,2.57,2.14,1.87,,8.32,7.92,7.96,,209.279999,215.630005,217.580002,,6.7,5.99,,,,,1.634,1.623,,1.634,1.623,
2025/11/08 00:00,2.56,2.15,1.86,,8.32,7.91,,7.97,209.039993,215.869995,,,6.73,6,,,,,1.637,1.627,,1.637,1.627,
2025/11/08 00:00,2.56,2.15,,1.58,8.31,7.92,,7.94,209.039993,215.869995,,,6.68,,,,,,1.638,1.627,,1.638,1.627,
2025/11/08 00:00,2.57,2.15,,1.58,8.29,7.92,,7.94,209.520004,215.869995,,218.070007,6.66,,5.84,,,,1.634,,1.618,1.634,,1.618
2025/11/08 00:00,2.57,2.14,,1.58,8.28,7.92,,7.94,209.279999,215.869995,,217.830002,6.69,,5.78,,,,1.638,,,1.638,,
2025/11/08 00:00,2.55,2.14,,1.58,8.28,7.92,,7.94,209.279999,215.630005,,218.559998,6.67,,5.82,,,,1.637,,1.607,1.637,,1.607
2025/11/08 00:00,2.56,2.14,,1.58,8.27,7.92,,7.93,209.279999,216.610001,,218.320007,6.68,,5.78,,,,1.637,,1.613,1.637,,1.613
2025/11/08 00:00,2.56,2.15,,1.58,8.27,7.92,7.94,,209.520004,216.360001,,,6.73,,5.76,,,,1.633,,1.611,1.633,,1.611
2025/11/08 00:00,2.56,2.15,1.85,,8.25,7.92,7.96,,209.520004,216.360001,,,6.7,6.01,,,,,1.635,,,1.635,,
2025/11/08 00:00,2.56,2.15,1.86,,8.23,7.91,7.96,,209.520004,215.869995,217.830002,,6.69,6.03,,,,,1.642,,,1.642,,
2025/11/08 00:00,2.56,2.15,1.86,,8.22,7.92,7.97,,209.279999,216.119995,218.070007,,6.69,6.03,,,,,1.634,1.629,,1.634,1.629,
2025/11/08 00:00,2.56,2.15,1.86,,8.21,7.92,7.96,,209.279999,216.360001,217.339996,,6.71,6.06,,,,,1.642,,,1.642,,
2025/11/08 00:00,2.55,2.15,1.87,,8.2,7.92,7.96,,209.520004,216.119995,217.580002,,6.7,6.06,,,,,1.633,1.624,,1.633,1.624,
2025/11/08 00:00,2.55,2.15,1.86,,8.18,7.92,,7.97,209.520004,216.360001,,,6.69,6.02,,,,,1.636,1.621,,1.636,1.621,
2025/11/08 00:00,2.56,2.15,,1.6,8.17,7.92,,7.94,209.279999,216.119995,,,6.71,,,,,,1.634,,,1.634,,
2025/11/08 00:00,2.55,2.15,,1.59,8.16,7.91,,7.94,209.279999,216.119995,,218.070007,6.69,,,,,,1.641,1.62,,1.641,1.62,
2025/11/08 00:00,2.55,2.15,,1.59,8.14,7.91,,7.93,209.279999,216.360001,,218.320007,6.71,,5.74,,,,1.632,,,1.632,,
2025/11/08 00:00,2.55,2.15,,1.59,8.13,7.91,,7.94,209.279999,216.119995,,218.320007,6.69,,5.72,,,,1.628,,1.604,1.628,,1.604
2025/11/08 00:00,2.54,2.15,,1.59,8.12,7.91,,7.94,209.520004,215.630005,,218.320007,6.69,,5.71,,,,1.639,,,1.639,,
2025/11/08 00:00,2.55,2.15,,1.59,8.1,7.91,7.93,,209.520004,215.869995,,,6.7,,5.72,,,,1.639,,1.619,1.639,,1.619
2025/11/08 00:00,2.55,2.14,1.86,,8.09,7.91,7.97,,209.279999,216.119995,,,6.71,,,,,,1.637,,1.607,1.637,,1.607
2025/11/08 00:00,2.54,2.15,1.87,,8.07,7.91,7.97,,209.279999,215.630005,217.580002,,6.68,6.04,,,,,1.633,,,1.633,,
2025/11/08 00:00,2.54,2.15,1.86,,8.05,7.91,7.97,,209.279999,216.119995,217.580002,,6.68,6.03,,,,,1.635,,,1.635,,
2025/11/08 00:00,2.54,2.15,1.87,,8.03,7.91,7.97,,209.770004,216.360001,217.580002,,6.67,6.05,,,,,1.627,1.626,,1.627,1.626,
2025/11/08 00:00,2.54,2.16,1.87,,8.02,7.91,7.97,,209.770004,216.119995,217.339996,,6.67,6.03,,,,,1.634,1.622,,1.634,1.622,
2025/11/08 00:00,2.54,2.15,1.86,,8.01,7.91,,7.96,209.770004,216.119995,,,6.72,6.07,,,,,1.635,,,1.635,,
2025/11/08 00:00,2.53,2.15,,1.6,7.98,7.91,,7.94,209.520004,215.630005,,,6.69,,,,,,1.637,1.625,,1.637,1.625,
2025/11/08 00:00,2.53,2.15,,1.58,7.97,7.91,,7.93,209.520004,216.360001,,218.320007,6.68,,5.81,,,,1.64,1.625,,1.64,1.625,
2025/11/08 00:00,2.52,2.15,,1.59,7.96,7.91,,7.94,209.520004,216.360001,,218.800003,6.68,,5.82,,,,1.639,,,1.639,,
2025/11/08 00:00,2.52,2.16,,1.58,7.94,7.91,,7.93,209.520004,215.869995,,218.320007,6.66,,5.76,,,,1.639,,,1.639,,
2025/11/08 00:00,2.53,2.15,,1.6,7.92,7.91,,7.93,209.520004,216.119995,,218.800003,6.66,,5.72,,,,1.636,,1.602,1.636,,1.602
2025/11/08 00:00,2.52,2.16,,1.6,7.91,7.91,7.93,,209.770004,215.869995,,,6.69,,5.69,,,,1.635,,,1.635,,
2025/11/08 00:00,1.25,2.15,1.87,,,7.91,7.97,,,215.380005,,,6.67,,,,,,1.642,,1.607,1.642,,1.607
2025/11/08 00:00,0.45,2.15,1.88,,,7.9,7.98,,,215.869995,217.339996,,6.65,6.01,,,,,1.641,,,1.641,,
2025/11/08 00:00,0.34,2.15,1.87,,,7.9,7.98,,,215.630005,216.850006,,6.68,5.99,,,,,1.634,1.624,,1.634,1.624,
2025/11/08 00:00,0.31,2.15,1.87,,,7.9,7.97,,,215.630005,216.850006,,6.67,6.03,,,,,1.637,,,1.637,,
2025/11/08 00:00,1.2,2.15,1.87,,,7.9,7.98,,,215.630005,217.580002,,6.72,6,,,,,1.633,1.624,,1.633,1.624,
2025/11/08 00:00,2.59,2.15,1.87,,8.68,7.9,,7.98,,215.630005,,,6.64,5.97,,,,,1.641,1.624,,1.641,1.624,
2025/11/08 00:00,2.75,2.15,,,8.67,7.9,,7.94,208.789993,215.869995,,,6.66,,,,,,1.633,1.625,,1.633,1.625,
2025/11/08 00:00,2.6,2.14,,1.59,8.64,7.9,,7.93,209.279999,215.869995,,217.580002,6.7,,5.72,,,,1.647,1.623,,1.647,1.623,
2025/11/08 00:00,2.63,2.14,,1.59,8.59,7.9,,7.93,209.520004,215.630005,,217.580002,6.63,,5.73,,,,1.631,,,1.631,,
2025/11/08 00:00,2.64,2.15,,1.59,8.57,7.89,,7.93,209.520004,215.630005,,217.580002,6.62,,5.74,,,,1.633,,,1.633,,
2025/11/08 00:00,2.61,2.15,,1.59,8.56,7.92,,7.94,209.520004,215.630005,,217.580002,6.67,,5.72,,,,1.639,,1.606,1.639,,1.606
2025/11/08 00:00,2.61,2.14,,1.59,8.56,7.92,7.94,,209.520004,215.869995,,,6.68,,5.77,,,,1.63,,,1.63,,
2025/11/08 00:00,2.61,2.15,1.88,,8.55,7.92,7.98,,209.039993,215.869995,,,6.64,,,,,,1.632,,1.61,1.632,,1.61
2025/11/08 00:00,2.61,2.16,1.87,,8.55,7.92,7.96,,209.279999,215.869995,217.089996,,6.65,6.01,,,,,1.635,,,1.635,,
2025/11/08 00:00,2.61,2.15,1.88,,8.54,7.92,7.97,,209.279999,215.869995,217.339996,,6.68,5.99,,,,,1.638,1.626,,1.638,1.626,
2025/11/08 00:00,2.6,2.15,1.88,,8.55,7.92,7.97,,209.279999,215.630005,217.089996,,6.64,6,,,,,1.642,,,1.642,,
2025/11/08 00:00,2.6,2.15,1.88,,8.54,7.93,7.98,,209.039993,215.869995,217.089996,,6.63,5.96,,,,,1.647,1.626,,1.647,1.626,
2025/11/08 00:00,2.61,2.15,1.87,,8.54,7.92,,7.98,209.279999,215.869995,217.089996,,6.66,6.01,,,,,1.641,1.622,,1.641,1.622,
2025/11/08 00:00,2.61,2.15,,1.61,8.54,7.92,,7.94,209.520004,215.630005,,,6.63,,,,,,1.631,1.627,,1.631,1.627,
2025/11/08 00:00,2.61,2.15,,1.61,8.53,7.92,,7.94,209.279999,215.869995,,217.830002,6.64,,,,,,1.63,1.625,,1.63,1.625,
2025/11/08 00:00,2.6,2.15,,1.61,8.53,7.92,,7.94,209.039993,215.630005,,217.580002,6.69,,5.6,,,,1.629,,,1.629,,
2025/11/08 00:00,2.61,2.15,,1.61,8.53,7.93,,7.93,209.279999,215.630005,,217.830002,6.65,,5.61,,,,1.641,,,1.641,,
2025/11/08 00:00,2.6,2.14,,1.61,8.52,7.92,,7.94,209.039993,215.869995,,217.339996,6.66,,5.59,,,,1.636,,1.606,1.636,,1.606
2025/11/08 00:00,2.61,2.15,,1.61,8.51,7.93,7.94,,209.279999,215.869995,,,6.62,,5.63,,,,1.637,,1.606,1.637,,1.606
2025/11/08 00:00,2.61,2.15,1.88,,8.51,7.93,7.98,,209.279999,215.869995,,,6.71,,5.83,,,,1.631,,1.608,1.631,,1.608
2025/11/08 00:00,2.61,2.15,1.88,,8.5,7.93,7.98,,209.279999,215.869995,217.089996,,6.61,5.99,,,,,1.639,,1.606,1.639,,1.606
2025/11/08 00:00,2.6,2.15,1.88,,8.5,7.93,7.98,,209.279999,215.869995,217.089996,,6.67,5.97,,,,,1.64,1.624,,1.64,1.624,
2025/11/08 00:00,2.61,2.15,1.88,,8.48,7.93,7.98,,209.279999,215.869995,216.850006,,6.66,6.01,,,,,1.629,,,1.629,,
2025/11/08 00:00,2.61,2.15,1.88,,8.49,7.92,7.98,,209.520004,215.869995,217.089996,,6.69,5.99,,,,,1.623,1.621,,1.623,1.621,
2025/11/08 00:00,2.61,2.15,1.87,,8.48,7.93,,7.98,208.789993,215.630005,217.089996,,6.69,5.98,,,,,1.641,,,1.641,,
2025/11/08 00:00,2.6,2.16,,1.6,8.48,7.93,,7.94,209.039993,215.630005,,217.830002,6.66,,,,,,1.635,,,1.635,,
2025/11/08 00:00,2.6,2.15,,1.59,8.47,7.94,,7.94,209.039993,215.630005,,217.339996,6.63,,5.79,,,,1.634,1.622,,1.634,1.622,
2025/11/08 00:00,2.59,2.15,,1.59,8.47,7.94,,7.94,209.520004,215.630005,,218.070007,6.64,,5.81,,,,1.627,,1.608,1.627,,1.608
2025/11/08 00:00,2.59,2.15,,1.59,8.46,7.94,,7.94,209.039993,215.869995,,217.830002,6.65,,5.78,,,,1.635,,1.612,1.635,,1.612
2025/11/08 00:00,2.6,2.15,,1.59,8.45,7.93,,7.94,209.279999,215.630005,,218.559998,6.63,,5.77,,,,1.64,,,1.64,,
2025/11/08 00:00,2.6,2.15,,1.59,8.45,7.94,7.95,,209.039993,215.630005,,218.070007,6.66,,5.8,,,,1.642,,,1.642,,
2025/11/08 00:00,2.59,2.15,1.88,,8.45,7.94,7.98,,209.520004,215.630005,,,6.68,,,,,,1.633,,,1.633,,
2025/11/08 00:00,2.59,2.15,1.88,,8.43,7.94,7.98,,209.279999,215.630005,217.580002,,6.68,6.02,,,,,1.64,,,1.64,,
2025/11/08 00:00,2.59,2.15,1.88,,8.43,7.94,7.98,,209.279999,215.630005,217.339996,,6.66,6.05,,,,,1.63,,,1.63,,
2025/11/08 00:00,2.59,2.15,1.88,,8.42,7.94,7.98,,209.279999,215.630005,217.580002,,6.67,6.08,,,,,1.631,1.62,,1.631,1.62,
2025/11/08 00:00,2.59,2.15,1.88,,8.42,7.94,7.98,,209.279999,215.630005,218.070007,,6.65,6.05,,,,,1.637,1.624,,1.637,1.624,
2025/11/08 00:00,2.59,2.16,1.87,,8.41,7.93,,7.98,209.279999,215.869995,217.830002,,6.66,6.02,,,,,1.639,1.622,,1.639,1.622,
2025/11/08 00:00,2.59,2.16,,,8.4,7.94,,7.95,209.279999,215.869995,,,6.68,,,,,,1.633,1.622,,1.633,1.622,
2025/11/08 00:00,2.6,2.16,,1.61,8.39,7.94,,7.94,209.279999,215.630005,,218.559998,6.68,,,,,,1.63,1.625,,1.63,1.625,
2025/11/08 00:00,2.59,2.16,,1.6,8.39,7.94,,7.94,209.279999,215.869995,,217.830002,6.67,,5.73,,,,1.63,,1.604,1.63,,1.604
2025/11/08 00:00,2.59,2.16,,1.6,8.38,7.93,,7.94,209.520004,215.869995,,218.320007,6.67,,5.73,,,,1.633,,1.601,1.633,,1.601
2025/11/08 00:00,2.59,2.16,,1.6,8.37,7.94,,7.94,209.520004,215.630005,,218.070007,6.67,,5.72,,,,1.631,,1.605,1.631,,1.605
2025/11/08 00:00,2.59,2.16,,1.6,8.36,7.93,7.94,,209.279999,216.119995,,,6.63,,5.72,,,,1.629,,1.599,1.629,,1.599
2025/11/08 00:00,2.59,2.16,1.88,,8.36,7.94,7.98,,209.279999,215.869995,,,6.72,,,,,,1.631,,1.602,1.631,,1.602
2025/11/08 00:00,2.59,2.16,1.88,,8.35,7.93,7.98,,209.039993,215.869995,217.580002,,6.7,6.04,,,,,1.621,,,1.621,,
2025/11/08 00:00,2.59,2.16,1.88,,8.34,7.94,7.98,,209.039993,215.630005,217.580002,,6.72,6.08,,,,,1.634,1.618,,1.634,1.618,
2025/11/08 00:00,2.57,2.16,1.88,,8.32,7.94,7.98,,209.279999,215.869995,217.830002,,6.73,6.08,,,,,1.638,1.626,,1.638,1.626,
2025/11/08 00:00,2.57,2.16,1.88,,8.31,7.94,7.98,,209.279999,216.119995,217.339996,,6.7,6.04,,,,,1.635,1.624,,1.635,1.624,
2025/11/08 00:00,2.57,2.16,,,8.3,7.93,,7.97,209.520004,215.630005,,,6.68,6.1,,,,,1.633,,,1.633,,
2025/11/08 00:00,2.58,2.16,,1.61,8.28,7.94,,7.94,209.279999,215.630005,,,6.68,,,,,,1.645,,,1.645,,
2025/11/08 00:00,2.57,2.16,,1.58,8.28,7.93,,7.94,209.520004,216.119995,,218.320007,6.65,,5.81,,,,1.635,1.618,,1.635,1.618,
2025/11/08 00:00,2.56,2.16,,1.59,8.26,7.93,,7.94,209.520004,215.869995,,218.800003,6.72,,5.79,,,,1.634,,,1.634,,
2025/11/08 00:00,2.56,2.16,,1.59,8.26,7.93,,7.94,209.520004,216.119995,,218.559998,6.7,,5.78,,,,1.639,,1.603,1.639,,1.603
2025/11/08 00:00,2.55,2.16,,1.6,8.25,7.93,,7.95,209.520004,216.119995,,219.539993,6.68,,5.77,,,,1.639,,,1.639,,
2025/11/08 00:00,2.57,2.17,,1.6,8.24,7.92,7.94,,209.039993,215.869995,,,6.69,,5.79,,,,1.64,,,1.64,,
2025/11/08 00:00,2.56,2.17,1.87,,8.23,7.93,7.98,,209.279999,215.869995,,,6.66,,,,,,1.646,,,1.646,,
2025/11/08 00:00,2.56,2.16,1.88,,8.22,7.93,7.99,,209.279999,215.630005,217.580002,,6.71,6.07,,,,,1.629,,1.602,1.629,,1.602
2025/11/08 00:00,2.55,2.16,1.87,,8.2,7.93,7.99,,209.520004,216.119995,217.580002,,6.7,6.04,,,,,1.625,,,1.625,,
2025/11/08 00:00,2.55,2.15,1.88,,8.19,7.93,7.99,,209.520004,215.869995,217.580002,,6.7,6.05,,,,,1.645,,,1.645,,
2025/11/08 00:00,2.56,2.16,1.88,,8.17,7.93,7.99,,209.520004,215.630005,217.580002,,6.67,6.09,,,,,1.631,,,1.631,,
2025/11/08 00:00,2.56,2.16,,,8.16,7.93,,,209.520004,215.869995,,,6.7,6.07,,,,,1.629,,,1.629,,
2025/11/08 00:00,2.56,2.16,,,8.15,7.93,,7.95,209.279999,215.869995,,,6.68,,,,,,1.63,,,1.63,,
2025/11/08 00:00,2.55,2.16,,1.6,8.14,7.93,,7.94,209.279999,215.869995,,,6.7,,5.8,,,,1.629,1.621,,1.629,1.621,
2025/11/08 00:00,2.55,2.16,,1.59,8.12,7.92,,7.95,209.279999,215.869995,,217.580002,6.76,,5.77,,,,1.628,,1.603,1.628,,1.603
2025/11/08 00:00,2.55,2.16,,1.59,8.1,7.93,,7.94,209.279999,215.869995,,217.830002,6.76,,5.77,,,,1.634,,,1.634,,
2025/11/08 00:00,2.55,2.16,,1.59,8.09,7.92,,7.95,209.279999,215.869995,,218.070007,6.75,,5.81,,,,1.633,,,1.633,,
2025/11/08 00:00,2.55,2.16,,1.59,8.06,7.93,,7.95,209.520004,215.630005,,217.830002,6.68,,5.8,,,,1.63,,,1.63,,
2025/11/08 00:00,2.54,2.16,1.88,,8.05,7.93,7.99,,209.520004,215.869995,,,6.72,,,,,,1.646,,1.603,1.646,,1.603
2025/11/08 00:00,2.54,2.16,1.88,,8.03,7.92,7.98,,209.520004,216.119995,,,6.73,6.07,,,,,1.634,,1.608,1.634,,1.608
2025/11/08 00:00,2.54,2.17,1.88,,8.02,7.92,7.98,,209.520004,215.869995,217.580002,,6.71,6.08,,,,,1.647,1.618,,1.647,1.618,
2025/11/08 00:00,2.54,2.17,1.88,,8.01,7.93,7.98,,209.520004,215.869995,217.580002,,6.74,6.08,,,,,1.634,1.628,,1.634,1.628,
2025/11/08 00:00,2.54,2.16,1.88,,8,7.92,7.98,,209.770004,215.869995,217.339996,,6.7,6.08,,,,,1.634,1.619,,1.634,1.619,
2025/11/08 00:00,2.52,2.17,,,7.96,7.92,,,210.009995,216.119995,,,6.76,6.09,,,,,1.629,,,1.629,,
2025/11/08 00:00,2.52,2.16,,,7.96,7.93,,7.95,209.770004,216.119995,,,6.75,,,,,,1.644,1.619,,1.644,1.619,
2025/11/08 00:00,2.51,2.17,,1.61,7.94,7.92,,7.94,209.770004,215.869995,,,6.72,,5.81,,,,1.624,,,1.624,,
2025/11/08 00:00,2.51,2.16,,1.61,7.93,7.92,,7.95,209.770004,215.630005,,217.830002,6.71,,5.79,,,,1.634,,1.598,1.634,,1.598
2025/11/08 00:00,2.51,2.16,,1.61,7.92,7.91,,7.94,209.770004,216.119995,,218.320007,6.74,,5.7,,,,1.635,,,1.635,,
2025/11/08 00:00,1.7,2.16,,1.61,,7.91,,7.95,,215.630005,,217.580002,6.75,,5.72,,,,1.636,,1.603,1.636,,1.603
2025/11/08 00:00,0.52,2.16,,1.6,,7.92,,7.94,,215.869995,,217.830002,6.76,,5.73,,,,1.64,,1.6,1.64,,1.6
2025/11/08 00:00,0.35,2.16,1.88,,,7.91,7.98,,,215.630005,,,6.71,,5.85,,,,1.623,,1.602,1.623,,1.602
2025/11/08 00:00,0.32,2.16,1.88,,,7.92,7.98,,,216.119995,,,6.7,6.1,,,,,1.634,,1.604,1.634,,1.604
2025/11/08 00:00,0.9,2.16,1.88,,,7.92,7.98,,,215.630005,217.580002,,6.73,6.08,,,,,1.626,,,1.626,,
2025/11/08 00:00,2.28,2.16,1.89,,,7.91,7.99,,,215.630005,217.830002,,6.71,6.08,,,,,1.636,1.615,,1.636,1.615,
2025/11/08 00:00,2.74,2.15,1.88,,8.67,7.91,7.98,,209.039993,215.869995,217.580002,,6.75,6.05,,,,,1.651,1.62,,1.651,1.62,
2025/11/08 00:00,2.59,2.16,1.88,,8.65,7.91,7.98,,209.279999,216.119995,217.089996,,6.73,6.1,,,,,1.636,1.618,,1.636,1.618,
2025/11/08 00:00,2.57,2.16,,1.6,8.61,7.91,,7.94,209.520004,216.119995,,,6.73,6,,,,,1.636,,,1.636,,
2025/11/08 00:00,2.61,2.16,,1.59,8.57,7.9,,7.95,210.259995,216.119995,,,6.7,,5.84,,,,1.633,,,1.633,,
2025/11/08 00:00,2.58,2.16,,1.59,8.57,7.94,,7.95,209.770004,216.119995,,218.800003,6.7,,5.87,,,,1.621,,,1.621,,
2025/11/08 00:00,2.58,2.16,,1.59,8.56,7.94,,7.95,209.770004,216.119995,,218.559998,6.71,,5.83,,,,1.631,,,1.631,,
2025/11/08 00:00,2.57,2.16,,1.59,8.56,7.94,,7.95,209.770004,216.119995,,219.050003,6.72,,5.82,,,,1.627,,,1.627,,
2025/11/08 00:00,2.57,2.17,,1.59,8.56,7.94,,7.95,209.520004,216.119995,,218.559998,6.74,,5.84,,,,1.628,,,1.628,,
2025/11/08 00:00,2.57,2.17,1.88,,8.55,7.93,7.98,,209.770004,216.360001,,,6.68,,,,,,1.637,,1.603,1.637,,1.603
2025/11/08 00:00,2.57,2.16,1.88,,8.55,7.93,7.99,,209.279999,216.360001,,,6.7,6.06,,,,,1.632,,1.598,1.632,,1.598
2025/11/08 00:00,2.56,2.16,1.88,,8.54,7.94,7.98,,209.520004,216.360001,217.830002,,6.7,6.08,,,,,1.639,1.619,,1.639,1.619,
2025/11/08 00:00,2.56,2.16,1.88,,8.53,7.93,7.99,,209.279999,216.119995,217.580002,,6.7,6.06,,,,,1.628,1.62,,1.628,1.62,
2025/11/08 00:00,2.56,2.16,1.88,,8.54,7.94,7.99,,209.279999,216.119995,217.830002,,6.74,6.05,,,,,1.629,1.614,,1.629,1.614,
2025/11/08 00:00,2.56,2.16,1.88,,8.54,7.94,7.98,,209.279999,216.360001,217.830002,,6.74,6.08,,,,,1.639,,,1.639,,
2025/11/08 00:00,2.56,2.16,,,8.52,7.94,,7.95,209.279999,216.119995,,,6.69,6.04,,,,,1.631,1.621,,1.631,1.621,
2025/11/08 00:00,2.56,2.16,,1.6,8.52,7.94,,7.95,209.279999,216.119995,,,6.7,,,,,,1.641,1.62,,1.641,1.62,
2025/11/08 00:00,2.56,2.15,,1.6,8.51,7.94,,7.95,209.279999,216.119995,,218.320007,6.73,,5.78,,,,1.64,,1.607,1.64,,1.607
2025/11/08 00:00,2.56,2.16,,1.6,8.52,7.94,,7.95,209.279999,216.119995,,218.800003,6.74,,5.77,,,,1.64,,1.599,1.64,,1.599
2025/11/08 00:00,2.56,2.16,,1.6,8.51,7.94,,7.95,209.279999,216.119995,,218.070007,6.69,,5.79,,,,1.623,,,1.623,,
2025/11/08 00:00,2.56,2.16,,1.59,8.5,7.93,,7.95,209.520004,216.119995,,218.800003,6.74,,5.81,,,,1.636,,,1.636,,
2025/11/08 00:00,2.55,2.16,1.88,,8.5,7.94,7.98,,209.520004,215.869995,,,6.71,,,,,,1.622,,1.603,1.622,,1.603
2025/11/08 00:00,2.56,2.16,1.88,,8.5,7.94,7.98,,209.520004,215.869995,,,6.73,6.11,,,,,1.632,,1.595,1.632,,1.595
2025/11/08 00:00,2.55,2.16,1.88,,8.49,7.94,7.98,,209.770004,216.119995,218.070007,,6.72,6.09,,,,,1.626,,,1.626,,
2025/11/08 00:00,2.56,2.16,1.88,,8.49,7.95,7.98,,209.520004,216.119995,218.070007,,6.76,6.13,,,,,1.631,1.62,,1.631,1.62,
2025/11/09 00:00,2.56,2.16,1.88,,8.47,7.94,7.98,,209.520004,216.119995,218.070007,,6.74,6.11,,,,,1.623,,,1.623,,
2025/11/09 00:00,2.55,2.16,1.88,,8.47,7.94,7.97,,209.279999,216.119995,217.830002,,6.74,6.06,,,,,1.623,1.616,,1.623,1.616,
2025/11/09 00:00,2.55,2.16,,,8.46,7.94,,7.96,209.520004,216.119995,,,6.75,6.05,,,,,1.645,,,1.645,,
2025/11/09 00:00,2.56,2.16,,1.61,8.46,7.94,,7.95,209.279999,216.119995,,,6.75,,,,,,1.64,1.617,,1.64,1.617,
2025/11/09 00:00,2.55,2.16,,1.61,8.46,7.94,,7.95,209.520004,216.360001,,219.050003,6.73,,5.79,,,,1.641,,,1.641,,
2025/11/09 00:00,2.55,2.17,,1.6,8.45,7.94,,7.95,209.279999,216.360001,,218.320007,6.76,,5.82,,,,1.63,1.61,,1.63,1.61,
2025/11/09 00:00,2.55,2.16,,1.61,8.44,7.94,,7.95,209.520004,216.360001,,219.050003,6.76,,5.76,,,,1.619,,,1.619,,
2025/11/09 00:00,2.55,2.16,,1.62,8.43,7.95,,7.94,209.770004,216.119995,,219.539993,6.72,,5.77,,,,1.621,,1.603,1.621,,1.603
2025/11/09 00:00,2.56,2.16,1.88,,8.42,7.95,7.98,,209.279999,216.360001,,,6.69,,,,,,1.619,,1.6,1.619,,1.6
2025/11/09 00:00,2.56,2.17,1.89,,8.42,7.94,7.98,,209.279999,216.119995,,,6.75,6.05,,,,,1.626,,1.595,1.626,,1.595
2025/11/09 00:00,2.56,2.17,1.89,,8.41,7.95,7.98,,209.279999,215.869995,217.339996,,6.74,6.1,,,,,1.629,1.617,,1.629,1.617,
2025/11/09 00:00,2.56,2.16,1.89,,8.4,7.94,7.98,,209.039993,215.630005,217.830002,,6.74,6.07,,,,,1.642,,,1.642,,
2025/11/09 00:00,2.55,2.15,1.89,,8.4,7.95,7.98,,209.039993,215.630005,217.339996,,6.72,6.05,,,,,1.619,1.613,,1.619,1.613,
2025/11/09 00:00,2.54,2.16,1.89,,8.39,7.95,7.98,,209.279999,215.869995,217.339996,,6.75,6.1,,,,,1.634,,,1.634,,
2025/11/09 00:00,2.55,2.16,,,8.38,7.95,,7.94,209.039993,216.119995,,,6.76,6.04,,,,,1.626,,1.609,1.626,,1.609
2025/11/09 00:00,2.56,2.16,,1.61,8.37,7.95,,7.94,209.279999,216.360001,,,6.74,,,,,,1.628,,,1.628,,
2025/11/09 00:00,2.55,2.16,,1.6,8.37,7.94,,7.94,209.279999,216.119995,,217.830002,6.77,,5.79,,,,1.626,,,1.626,,
2025/11/09 00:00,2.56,2.16,,1.6,8.36,7.94,,7.95,209.279999,215.630005,,217.830002,6.73,,5.79,,,,1.621,,1.6,1.621,,1.6
2025/11/09 00:00,2.54,2.16,,1.6,8.35,7.95,,7.95,209.520004,216.360001,,217.830002,6.78,,5.82,,,,1.619,,,1.619,,
2025/11/09 00:00,2.55,2.16,,1.59,8.33,7.94,,7.95,209.520004,216.610001,,217.830002,6.76,,5.83,,,,1.626,,1.602,1.626,,1.602
2025/11/09 00:00,2.55,2.17,1.89,,8.32,7.95,7.98,,209.520004,215.869995,,,6.78,,,,,,1.631,,1.598,1.631,,1.598
2025/11/09 00:00,2.54,2.17,1.88,,8.31,7.95,7.98,,209.279999,215.869995,,,6.76,6.12,,,,,1.632,,,1.632,,
2025/11/09 00:00,2.55,2.16,1.89,,8.31,7.95,7.98,,209.279999,216.119995,217.580002,,6.72,6.09,,,,,1.628,1.614,,1.628,1.614,
2025/11/09 00:00,2.54,2.16,1.89,,8.29,7.95,7.98,,209.520004,216.360001,217.089996,,6.74,6.04,,,,,1.629,1.614,,1.629,1.614,
2025/11/09 00:00,2.55,2.16,1.89,,8.28,7.94,7.98,,209.279999,216.119995,217.580002,,6.76,6.09,,,,,1.623,,,1.623,,
2025/11/09 00:00,2.55,2.16,1.89,,8.27,7.94,7.98,,209.279999,216.360001,217.339996,,6.76,6.08,,,,,1.624,1.611,,1.624,1.611,
2025/11/09 00:00,2.55,2.16,,,8.26,7.94,,7.95,209.520004,216.119995,,,6.73,6.04,,,,,1.623,,,1.623,,
2025/11/09 00:00,2.55,2.16,,1.62,8.25,7.94,,7.95,209.279999,216.360001,,,6.74,,,,,,1.628,,,1.628,,
2025/11/09 00:00,2.54,2.16,,1.61,8.24,7.95,,7.95,209.279999,215.630005,,218.070007,6.74,,5.78,,,,1.631,,1.598,1.631,,1.598
2025/11/09 00:00,2.53,2.16,,1.61,8.23,7.94,,7.95,209.520004,216.360001,,218.320007,6.76,,5.78,,,,1.631,,1.602,1.631,,1.602
2025/11/09 00:00,2.53,2.17,,1.61,8.22,7.94,,7.96,209.520004,216.360001,,218.070007,6.74,,5.76,,,,1.616,,,1.616,,
2025/11/09 00:00,2.53,2.16,,1.61,8.21,7.94,,7.95,209.520004,216.119995,,217.830002,6.71,,5.75,,,,1.616,,1.594,1.616,,1.594
2025/11/09 00:00,2.53,2.16,1.89,,8.19,7.94,7.98,,209.279999,216.119995,,,6.74,,,,,,1.625,,,1.625,,
2025/11/09 00:00,2.53,2.16,1.89,,8.17,7.94,7.98,,209.279999,216.119995,,,6.76,6.06,,,,,1.614,,1.603,1.614,,1.603
2025/11/09 00:00,2.53,2.16,1.89,,8.16,7.94,7.98,,209.520004,216.360001,217.580002,,6.73,6.06,,,,,1.626,1.612,,1.626,1.612,
2025/11/09 00:00,2.53,2.17,1.89,,8.15,7.94,7.98,,209.520004,216.360001,217.580002,,6.77,6.09,,,,,1.628,,,1.628,,
2025/11/09 00:00,2.53,2.17,1.89,,8.14,7.93,7.98,,209.279999,215.869995,217.580002,,6.77,6.1,,,,,1.627,1.616,,1.627,1.616,
2025/11/09 00:00,2.52,2.16,1.89,,8.12,7.93,7.98,,209.520004,216.360001,217.580002,,6.76,6.12,,,,,1.627,1.62,,1.627,1.62,
2025/11/09 00:00,2.52,2.16,,,8.1,7.94,,7.96,209.770004,216.119995,,,6.77,,,,,,1.621,,,1.621,,
2025/11/09 00:00,2.52,2.17,,1.62,8.09,7.93,,7.95,209.770004,216.119995,,,6.76,,,,,,1.619,1.61,,1.619,1.61,
2025/11/09 00:00,2.52,2.18,,1.61,8.06,7.93,,7.95,209.279999,216.119995,,218.320007,6.74,,5.77,,,,1.619,,1.599,1.619,,1.599
2025/11/09 00:00,2.52,2.17,,1.61,8.05,7.93,,7.95,209.279999,215.869995,,218.320007,6.71,,5.79,,,,1.618,,,1.618,,
2025/11/09 00:00,2.52,2.17,,1.61,8.03,7.93,,7.95,209.279999,216.119995,,218.559998,6.74,,5.77,,,,1.614,,1.603,1.614,,1.603
2025/11/09 00:00,2.51,2.16,,1.61,8.01,7.93,,7.95,209.520004,215.630005,,218.320007,6.78,,5.76,,,,1.62,,1.6,1.62,,1.6
2025/11/09 00:00,2.51,2.16,1.88,,8.01,7.93,7.98,,209.520004,216.119995,,,6.73,,,,,,1.631,,1.598,1.631,,1.598
2025/11/09 00:00,2.5,2.17,1.88,,7.98,7.93,7.98,,209.279999,215.869995,,,6.73,,,,,,1.618,,1.603,1.618,,1.603
2025/11/09 00:00,2.5,2.16,1.89,,7.96,7.92,7.97,,210.009995,216.360001,217.830002,,6.76,6.09,,,,,1.619,,,1.619,,
2025/11/09 00:00,2.5,2.16,1.88,,7.96,7.93,7.98,,209.279999,216.119995,218.070007,,6.73,6.13,,,,,1.614,1.616,,1.614,1.616,
2025/11/09 00:00,2.48,2.16,1.89,,7.93,7.92,7.97,,209.520004,216.360001,217.830002,,6.77,6.12,,,,,1.601,1.613,,1.601,1.613,
2025/11/09 00:00,1.05,2.16,1.88,,,7.92,7.98,,,216.360001,218.070007,,6.71,6.09,,,,,1.62,,,1.62,,
2025/11/09 00:00,0.42,2.16,,,,7.92,,7.95,,216.360001,,,6.77,6.04,,,,,1.624,1.615,,1.624,1.615,
2025/11/09 00:00,0.33,2.17,,1.61,,7.92,,7.95,,216.360001,,,6.76,,,,,,1.614,,,1.614,,
2025/11/09 00:00,0.31,2.17,,1.62,,7.92,,7.95,,216.119995,,218.800003,6.73,,5.85,,,,1.617,,1.606,1.617,,1.606
2025/11/09 00:00,1.31,2.16,,1.61,,7.92,,7.95,,216.360001,,218.559998,6.71,,5.84,,,,1.609,,1.598,1.609,,1.598
2025/11/09 00:00,2.69,2.16,,1.61,8.7,7.92,,7.95,,215.869995,,219.050003,6.73,,5.79,,,,1.607,,1.599,1.607,,1.599
2025/11/09 00:00,2.74,2.16,,1.61,8.68,7.91,,7.95,209.279999,216.360001,,218.320007,6.74,,5.81,,,,1.618,,1.597,1.618,,1.597
2025/11/09 00:00,2.59,2.17,1.88,,8.65,7.92,7.97,,209.770004,216.360001,,,6.75,,5.84,,,,1.632,,,1.632,,
2025/11/09 00:00,2.63,2.16,1.89,,8.6,7.92,7.97,,209.770004,216.119995,,,6.77,6.1,,,,,1.618,,1.598,1.618,,1.598
2025/11/09 00:00,2.63,2.16,1.89,,8.58,7.92,7.98,,210.009995,216.119995,218.559998,,6.75,6.09,,,,,1.624,,,1.624,,
2025/11/09 00:00,2.61,2.17,1.89,,8.58,7.94,7.98,,210.259995,216.119995,217.830002,,6.77,6.11,,,,,1.612,,,1.612,,
2025/11/09 00:00,2.6,2.15,1.89,,8.58,7.94,7.98,,210.259995,216.360001,218.070007,,6.72,6.13,,,,,1.629,,,1.629,,
2025/11/09 00:00,2.6,2.17,1.89,,8.57,7.93,7.97,,209.770004,216.119995,217.830002,,6.73,6.08,,,,,1.606,,,1.606,,
2025/11/09 00:00,2.6,2.17,,,8.56,7.92,,7.95,209.770004,216.360001,,,6.72,6.08,,,,,1.611,1.613,,1.611,1.613,
2025/11/09 00:00,2.59,2.17,,1.6,8.56,7.93,,7.95,209.770004,215.869995,,,6.78,,5.86,,,,1.611,1.619,,1.611,1.619,
2025/11/09 00:00,2.58,2.16,,1.6,8.56,7.94,,7.95,209.770004,216.360001,,219.050003,6.74,,5.84,,,,1.609,,1.6,1.609,,1.6
2025/11/09 00:00,2.58,2.16,,1.61,8.56,7.93,,7.95,209.770004,216.119995,,218.559998,6.75,,5.86,,,,1.605,,1.595,1.605,,1.595
2025/11/09 00:00,2.58,2.16,,1.61,8.56,7.94,,7.95,209.770004,216.119995,,218.800003,6.74,,5.88,,,,1.606,,1.596,1.606,,1.596
2025/11/09 00:00,2.59,2.17,,1.6,8.55,7.93,,7.95,209.770004,216.119995,,218.800003,6.72,,5.86,,,,1.617,,1.601,1.617,,1.601
2025/11/09 00:00,2.6,2.16,1.89,,8.55,7.93,7.97,,210.259995,215.869995,,,6.74,,5.88,,,,1.619,,,1.619,,
2025/11/09 00:00,2.59,2.17,1.9,,8.54,7.94,7.97,,209.770004,215.869995,,,6.71,,,,,,1.617,,1.601,1.617,,1.601
2025/11/09 00:00,2.59,2.17,1.9,,8.54,7.94,7.97,,210.009995,216.360001,217.580002,,6.68,6.07,,,,,1.61,,,1.61,,
2025/11/09 00:00,2.59,2.17,1.89,,8.53,7.93,7.97,,209.520004,216.119995,217.580002,,6.71,6.09,,,,,1.614,,,1.614,,
2025/11/09 00:00,2.59,2.17,1.89,,8.53,7.94,7.97,,210.009995,216.360001,217.580002,,6.7,6.12,,,,,1.608,1.616,,1.608,1.616,
2025/11/09 00:00,2.59,2.17,1.89,,8.52,7.94,7.97,,209.770004,215.869995,217.830002,,6.73,6.13,,,,,1.621,,,1.621,,
2025/11/09 00:00,2.59,2.16,,,8.51,7.94,,7.94,210.009995,215.869995,,,6.75,6.09,,,,,1.609,1.616,,1.609,1.616,
2025/11/09 00:00,2.58,2.16,,1.61,8.51,7.94,,7.94,209.770004,216.360001,,,6.75,,5.82,,,,1.615,,,1.615,,
2025/11/09 00:00,2.59,2.16,,1.61,8.51,7.94,,7.95,209.770004,216.360001,,217.830002,6.75,,5.81,,,,1.629,,1.596,1.629,,1.596
2025/11/09 00:00,2.59,2.16,,1.61,8.51,7.94,,7.94,209.520004,216.119995,,217.830002,6.72,,5.78,,,,1.617,,1.597,1.617,,1.597
2025/11/09 00:00,2.6,2.16,,1.61,8.5,7.94,,7.95,209.520004,216.360001,,217.580002,6.74,,5.82,,,,1.613,,,1.613,,
2025/11/09 00:00,2.59,2.16,,1.6,8.5,7.94,,7.95,209.770004,215.869995,,217.830002,6.73,,5.82,,,,1.608,,1.597,1.608,,1.597
2025/11/09 00:00,2.59,2.16,1.9,,8.49,7.94,7.97,,209.770004,216.119995,,,6.78,,,,,,1.601,,1.599,1.601,,1.599
2025/11/09 00:00,2.59,2.17,1.89,,8.48,7.94,7.97,,209.770004,216.119995,,,6.71,6.11,,,,,1.611,1.602,,1.611,1.602,
2025/11/09 00:00,2.59,2.17,1.89,,8.47,7.94,7.97,,209.770004,216.119995,217.580002,,6.75,6.09,,,,,1.617,1.615,,1.617,1.615,
2025/11/09 00:00,2.59,2.17,1.89,,8.48,7.94,7.98,,209.770004,216.119995,217.830002,,6.76,6.07,,,,,1.614,1.607,,1.614,1.607,
2025/11/09 00:00,2.59,2.16,1.89,,8.46,7.94,7.97,,209.770004,216.119995,217.830002,,6.76,6.1,,,,,1.61,,,1.61,,
2025/11/09 00:00,2.58,2.17,1.89,,8.46,7.95,7.98,,209.520004,216.119995,217.580002,,6.76,6.11,,,,,1.609,1.603,,1.609,1.603,
2025/11/09 00:00,2.59,2.16,,,8.45,7.94,,7.96,209.770004,215.869995,,,6.75,6.09,,,,,1.615,1.613,,1.615,1.613,
2025/11/09 00:00,2.59,2.17,,1.62,8.44,7.94,,7.95,209.520004,216.360001,,,6.76,,5.81,,,,1.619,,1.662,1.619,,1.662
2025/11/09 00:00,2.58,2.17,,1.62,8.43,7.94,,7.95,210.009995,216.119995,,218.559998,6.74,,5.81,,,,1.616,,1.602,1.616,,1.602
2025/11/09 00:00,2.6,2.16,,1.62,8.43,7.93,,7.95,209.770004,216.119995,,218.070007,6.78,,5.79,,,,1.615,,,1.615,,
2025/11/09 00:00,2.58,2.16,,1.62,8.42,7.94,,7.95,209.770004,216.119995,,218.559998,6.73,,5.81,,,,1.605,,1.596,1.605,,1.596
2025/11/09 00:00,2.59,2.17,,1.62,8.41,7.94,,7.94,210.009995,216.360001,,218.070007,6.76,,5.73,,,,1.604,,1.603,1.604,,1.603
2025/11/09 00:00,2.58,2.16,1.89,,8.4,7.94,7.98,,209.770004,216.119995,,,6.75,,5.81,,,,1.622,,1.597,1.622,,1.597
2025/11/09 00:00,2.58,2.17,1.9,,8.39,7.94,7.97,,209.520004,216.360001,,,6.77,6.09,,,,,1.609,,1.598,1.609,,1.598
2025/11/09 00:00,2.58,2.17,1.89,,8.38,7.94,7.97,,209.520004,216.119995,217.339996,,6.72,6.08,,,,,1.606,1.613,,1.606,1.613,
2025/11/09 00:00,2.58,2.17,1.9,,8.38,7.94,7.98,,209.520004,216.360001,217.580002,,6.77,6.06,,,,,1.615,1.617,,1.615,1.617,
2025/11/09 00:00,2.58,2.16,1.89,,8.37,7.94,7.97,,209.770004,216.360001,217.830002,,6.77,6.1,,,,,1.617,1.614,,1.617,1.614,
2025/11/09 00:00,2.58,2.17,1.89,,8.35,7.95,7.97,,209.770004,216.360001,217.580002,,6.8,6.1,,,,,1.611,1.613,,1.611,1.613,
2025/11/09 00:00,2.59,2.17,,,8.35,7.94,,7.95,209.770004,216.119995,,,6.77,6.06,,,,,1.605,,,1.605,,
2025/11/09 00:00,2.58,2.17,,1.61,8.34,7.93,,7.95,209.770004,216.119995,,,6.74,,,,,,1.612,1.612,,1.612,1.612,
2025/11/09 00:00,2.58,2.18,,1.61,8.32,7.94,,7.95,209.770004,216.119995,,218.559998,6.76,,5.84,,,,1.626,,1.605,1.626,,1.605
2025/11/09 00:00,2.58,2.18,,1.61,8.31,7.94,,7.95,209.770004,216.119995,,217.830002,6.74,,5.83,,,,1.615,,1.602,1.615,,1.602
2025/11/09 00:00,2.57,2.18,,1.61,8.3,7.94,,7.95,209.770004,216.360001,,218.070007,6.75,,5.84,,,,1.607,,,1.607,,
2025/11/09 00:00,2.58,2.18,,1.61,8.29,7.94,,7.95,209.770004,216.119995,,218.320007,6.71,,5.85,,,,1.616,,1.656,1.616,,1.656
2025/11/09 00:00,2.58,2.17,1.89,,8.28,7.94,7.96,,209.770004,216.119995,,,6.73,,5.86,,,,1.608,,1.597,1.608,,1.597
2025/11/09 00:00,2.56,2.17,1.89,,8.27,7.94,7.97,,209.770004,215.869995,,,6.72,6.07,,,,,1.621,,,1.621,,
2025/11/09 00:00,2.57,2.17,1.9,,8.25,7.94,7.97,,210.009995,216.119995,217.830002,,6.7,6.07,,,,,1.612,1.614,,1.612,1.614,
2025/11/09 00:00,2.57,2.17,1.9,,8.24,7.93,7.97,,210.009995,216.360001,218.070007,,6.75,6.11,,,,,1.623,,,1.623,,
2025/11/09 00:00,2.57,2.17,1.89,,8.23,7.94,7.97,,209.770004,216.119995,218.070007,,6.76,6.11,,,,,1.605,,,1.605,,
2025/11/09 00:00,2.57,2.18,1.89,,8.22,7.94,7.97,,209.770004,216.360001,218.070007,,6.73,6.14,,,,,1.609,,,1.609,,
2025/11/09 00:00,2.56,2.18,,,8.21,7.94,,7.95,210.009995,216.360001,,,6.72,6.14,,,,,1.62,,1.607,1.62,,1.607
2025/11/09 00:00,2.56,2.18,,1.62,8.19,7.94,,7.95,209.770004,216.119995,,,6.75,,5.84,,,,1.621,,,1.621,,
2025/11/09 00:00,2.56,2.19,,1.61,8.17,7.93,,7.95,210.009995,216.360001,,218.320007,6.72,,5.85,,,,1.615,,1.597,1.615,,1.597
2025/11/09 00:00,2.56,2.19,,1.61,8.16,7.92,,7.95,209.770004,216.360001,,218.800003,6.74,,5.83,,,,1.625,,1.601,1.625,,1.601
2025/11/09 00:00,2.56,2.18,,1.61,8.14,7.92,,7.95,210.009995,216.360001,,218.320007,6.75,,5.84,,,,1.616,,1.598,1.616,,1.598
2025/11/09 00:00,2.56,2.19,,1.61,8.12,7.92,,7.95,209.520004,216.119995,,218.800003,6.75,,5.86,,,,1.61,,,1.61,,
2025/11/09 00:00,2.56,2.19,1.89,,8.11,7.92,7.97,,209.520004,216.119995,,,6.74,,5.82,,,,1.605,,1.595,1.605,,1.595
2025/11/09 00:00,2.56,2.18,1.89,,8.09,7.93,7.97,,209.770004,216.119995,,,6.73,6.11,,,,,1.614,,,1.614,,
2025/11/09 00:00,2.56,2.19,1.9,,8.07,7.93,7.97,,209.520004,216.360001,218.070007,,6.76,6.12,,,,,1.609,1.615,,1.609,1.615,
2025/11/09 00:00,2.56,2.18,1.9,,8.06,7.93,7.97,,209.520004,216.119995,218.070007,,6.75,6.08,,,,,1.609,1.613,,1.609,1.613,
2025/11/09 00:00,2.54,2.19,1.89,,8.04,7.92,7.97,,209.770004,216.119995,217.830002,,6.72,6.14,,,,,1.609,,,1.609,,
2025/11/09 00:00,2.55,2.19,1.9,,8.02,7.92,7.97,,209.770004,216.360001,218.070007,,6.76,6.09,,,,,1.62,1.623,,1.62,1.623,
2025/11/09 00:00,2.54,2.19,,,8.01,7.92,,7.95,209.770004,216.119995,,,6.76,6.09,,,,,1.62,,1.609,1.62,,1.609
2025/11/09 00:00,2.54,2.19,,1.62,7.99,7.93,,7.95,209.520004,216.119995,,,6.74,,5.84,,,,1.614,,,1.614,,
2025/11/09 00:00,2.54,2.19,,1.62,7.98,7.92,,7.95,210.009995,216.119995,,219.050003,6.71,,5.82,,,,1.606,,1.598,1.606,,1.598
2025/11/09 00:00,2.54,2.19,,1.62,7.97,7.92,,7.94,210.009995,216.360001,,218.320007,6.71,,5.83,,,,1.611,,,1.611,,
2025/11/09 00:00,2.53,2.19,,1.62,7.95,7.92,,7.95,210.009995,216.119995,,219.289993,6.76,,5.8,,,,1.619,,1.596,1.619,,1.596
2025/11/09 00:00,2.53,2.18,,1.62,7.93,7.92,,7.94,209.770004,216.360001,,218.800003,6.72,,5.79,,,,1.615,,1.595,1.615,,1.595
2025/11/09 00:00,2.52,2.19,,,7.92,7.91,7.96,,209.770004,216.360001,,,6.75,,5.79,,,,1.608,,1.593,1.608,,1.593
2025/11/09 00:00,2.54,2.19,1.9,,7.92,7.92,7.96,,210.259995,216.360001,,,6.76,6.05,,,,,1.614,1.598,,1.614,1.598,
2025/11/09 00:00,2.54,2.2,1.91,,7.91,7.92,7.97,,210.009995,216.119995,217.830002,,6.7,6.07,,,,,1.612,1.601,,1.612,1.601,
2025/11/09 00:00,1.31,2.2,1.91,,,7.91,7.96,,,216.360001,217.830002,,6.65,6.07,,,,,1.613,,,1.613,,
2025/11/09 00:00,0.47,2.19,1.91,,,7.91,7.97,,,216.360001,217.580002,,6.7,6.04,,,,,1.611,1.614,,1.611,1.614,
2025/11/09 00:00,0.34,2.2,1.91,,,7.91,7.98,,,216.119995,217.339996,,6.72,6.03,,,,,1.613,,,1.613,,
2025/11/09 00:00,0.31,2.19,,,,7.91,,7.95,,215.869995,,,6.74,6.07,,,,,1.62,1.604,,1.62,1.604,
2025/11/09 00:00,1.07,2.18,,1.63,,7.91,,7.94,,216.119995,,,6.69,,,,,,1.619,1.61,,1.619,1.61,
2025/11/09 00:00,2.42,2.19,,1.62,8.68,7.91,,7.94,,215.869995,,218.559998,6.71,,5.83,,,,1.607,,,1.607,,
2025/11/09 00:00,2.77,2.19,,1.62,8.68,7.91,,7.94,209.039993,216.119995,,217.830002,6.69,,5.77,,,,1.618,,1.593,1.618,,1.593
2025/11/09 00:00,2.6,2.19,,1.62,8.65,7.91,,7.95,209.279999,216.119995,,218.070007,6.71,,5.8,,,,1.624,,1.594,1.624,,1.594
2025/11/09 00:00,2.6,2.18,,1.62,8.62,7.91,,7.95,209.520004,216.119995,,218.070007,6.7,,5.82,,,,1.623,,,1.623,,
2025/11/09 00:00,2.63,2.18,1.89,,8.58,7.91,7.97,,210.009995,215.869995,,,6.65,,5.83,,,,1.613,,1.594,1.613,,1.594
2025/11/09 00:00,2.61,2.19,1.9,,8.58,7.93,7.98,,209.770004,215.630005,,,6.66,6.11,,,,,1.617,,1.598,1.617,,1.598
2025/11/09 00:00,2.61,2.18,1.9,,8.58,7.92,7.98,,209.770004,216.119995,217.580002,,6.72,6.08,,,,,1.611,,,1.611,,
2025/11/09 00:00,2.6,2.19,1.9,,8.57,7.92,7.97,,209.770004,216.119995,217.580002,,6.7,6.1,,,,,1.612,1.61,,1.612,1.61,
2025/11/09 00:00,2.6,2.2,1.9,,8.57,7.92,7.97,,209.520004,216.119995,217.339996,,6.69,6.07,,,,,1.61,1.607,,1.61,1.607,
2025/11/09 00:00,2.6,2.19,1.9,,8.57,7.92,7.98,,209.279999,216.119995,217.580002,,6.74,6.12,,,,,1.614,1.61,,1.614,1.61,
2025/11/09 00:00,2.59,2.19,,,8.56,7.92,,7.95,209.770004,216.360001,,,6.7,6.1,,,,,1.615,1.609,,1.615,1.609,
2025/11/09 00:00,2.59,2.19,,1.63,8.56,7.93,,7.95,209.770004,216.360001,,,6.72,,,,,,1.609,,,1.609,,
2025/11/09 00:00,2.59,2.2,,1.63,8.56,7.93,,7.95,209.770004,216.610001,,218.320007,6.73,,5.81,,,,1.609,,1.602,1.609,,1.602
2025/11/09 00:00,2.59,2.19,,1.63,8.55,7.93,,7.95,209.770004,216.360001,,218.070007,6.71,,5.76,,,,1.603,,,1.603,,
2025/11/09 00:00,2.59,2.19,,1.63,8.54,7.93,,7.94,209.039993,216.119995,,218.559998,6.73,,5.75,,,,1.612,,1.599,1.612,,1.599
2025/11/09 00:00,2.59,2.19,,1.62,8.54,7.92,,7.95,209.520004,216.360001,,218.070007,6.7,,5.76,,,,1.612,,,1.612,,
2025/11/09 00:00,2.6,2.2,,,8.54,7.94,7.97,,209.520004,216.119995,,,6.67,,5.74,,,,1.627,,1.597,1.627,,1.597
2025/11/09 00:00,2.58,2.19,1.91,,8.53,7.94,7.97,,209.520004,216.360001,,,6.7,6.08,,,,,1.619,,1.597,1.619,,1.597
2025/11/09 00:00,2.59,2.2,1.9,,8.53,7.93,7.97,,209.279999,216.360001,217.339996,,6.68,6.03,,,,,1.609,1.604,,1.609,1.604,
2025/11/09 00:00,2.59,2.19,1.9,,8.52,7.93,7.97,,209.279999,216.119995,217.339996,,6.72,6.1,,,,,1.606,1.609,,1.606,1.609,
2025/11/09 00:00,2.58,2.19,1.91,,8.52,7.93,7.97,,209.279999,216.360001,217.580002,,6.68,6.06,,,,,1.622,1.609,,1.622,1.609,
2025/11/09 00:00,2.58,2.19,1.91,,8.51,7.94,7.97,,209.279999,215.630005,217.580002,,6.7,6.11,,,,,1.618,,,1.618,,
2025/11/09 00:00,2.59,2.19,,,8.51,7.93,,7.95,209.279999,216.119995,,,6.69,6.09,,,,,1.623,1.603,,1.623,1.603,
2025/11/09 00:00,2.58,2.19,,1.63,8.5,7.94,,7.94,209.279999,216.119995,,,6.75,,,,,,1.612,1.606,,1.612,1.606,
2025/11/09 00:00,2.59,2.2,,1.62,8.5,7.93,,7.95,209.520004,216.119995,,217.830002,6.7,,5.8,,,,1.614,,,1.614,,
2025/11/09 00:00,2.59,2.2,,1.61,8.5,7.93,,7.95,209.520004,215.869995,,218.070007,6.69,,5.8,,,,1.607,,1.598,1.607,,1.598
2025/11/09 00:00,2.58,2.19,,1.61,8.49,7.94,,7.95,209.279999,216.119995,,218.320007,6.7,,5.85,,,,1.626,,1.597,1.626,,1.597
2025/11/09 00:00,2.58,2.19,,1.62,8.49,7.94,,7.95,209.279999,216.119995,,218.320007,6.71,,5.85,,,,1.611,,,1.611,,
2025/11/09 00:00,2.58,2.19,,,8.49,7.94,7.97,,209.279999,215.869995,,,6.7,,5.84,,,,1.616,,1.598,1.616,,1.598
2025/11/09 00:00,2.57,2.19,1.9,,8.48,7.93,7.97,,209.520004,215.869995,,,6.71,6.11,,,,,1.613,,1.598,1.613,,1.598
2025/11/09 00:00,2.57,2.19,1.91,,8.48,7.93,7.97,,209.039993,216.119995,217.830002,,6.72,6.1,,,,,1.619,,,1.619,,
2025/11/09 00:00,2.57,2.19,1.91,,8.47,7.94,7.97,,209.279999,216.360001,218.070007,,6.71,6.11,,,,,1.604,1.612,,1.604,1.612,
2025/11/09 00:00,2.58,2.19,1.91,,8.46,7.94,7.97,,209.279999,216.360001,218.070007,,6.68,6.11,,,,,1.616,1.603,,1.616,1.603,
2025/11/09 00:00,2.58,2.19,1.91,,8.45,7.94,7.97,,209.279999,216.360001,217.830002,,6.72,6.1,,,,,1.607,1.607,,1.607,1.607,
2025/11/09 00:00,2.58,2.2,,,8.45,7.94,,7.96,209.039993,216.360001,,,6.71,6.13,,,,,1.62,1.611,,1.62,1.611,
2025/11/09 00:00,2.57,2.19,,1.63,8.44,7.94,,7.95,209.039993,216.360001,,,6.7,,,,,,1.616,1.612,,1.616,1.612,
2025/11/09 00:00,2.57,2.19,,1.63,8.43,7.94,,7.95,209.279999,216.360001,,218.320007,6.72,,5.85,,,,1.615,,,1.615,,
2025/11/09 00:00,2.57,2.19,,1.63,8.43,7.94,,7.95,209.279999,215.869995,,218.800003,6.68,,5.82,,,,1.609,,1.588,1.609,,1.588
2025/11/09 00:00,2.57,2.19,,1.63,8.42,7.94,,7.94,209.520004,216.360001,,218.559998,6.64,,5.82,,,,1.613,,1.595,1.613,,1.595
2025/11/09 00:00,2.57,2.19,,1.63,8.41,7.94,,7.95,209.520004,216.119995,,219.289993,6.68,,5.81,,,,1.608,,1.597,1.608,,1.597
2025/11/09 00:00,2.57,2.19,,,8.41,7.94,7.97,,209.520004,216.119995,,,6.66,,5.85,,,,1.614,,1.593,1.614,,1.593
2025/11/09 00:00,2.58,2.19,1.9,,8.4,7.94,7.98,,209.520004,216.119995,,,6.72,,,,,,1.604,,,1.604,,
2025/11/09 00:00,2.57,2.19,1.91,,8.39,7.95,7.97,,209.279999,216.360001,217.830002,,6.67,6.1,,,,,1.62,1.605,,1.62,1.605,
2025/11/09 00:00,2.57,2.19,1.91,,8.38,7.95,7.97,,209.279999,216.119995,218.070007,,6.71,6.11,,,,,1.616,1.608,,1.616,1.608,
2025/11/09 00:00,2.57,2.2,1.9,,8.37,7.94,7.97,,209.279999,216.360001,218.070007,,6.74,6.06,,,,,1.612,,,1.612,,
2025/11/09 00:00,2.57,2.2,1.9,,8.36,7.94,7.98,,209.770004,216.119995,217.830002,,6.68,6.12,,,,,1.612,1.608,,1.612,1.608,
2025/11/09 00:00,2.57,2.19,,,8.36,7.94,,7.96,209.279999,216.119995,,,6.7,6.1,,,,,1.599,1.609,,1.599,1.609,
2025/11/09 00:00,2.56,2.2,,1.63,8.34,7.94,,7.94,209.520004,216.119995,,,6.67,,,,,,1.613,,,1.613,,
2025/11/09 00:00,2.56,2.19,,1.64,8.34,7.95,,7.94,209.520004,216.119995,,219.050003,6.71,,5.83,,,,1.612,,1.597,1.612,,1.597
2025/11/09 00:00,2.56,2.2,,1.64,8.33,7.94,,7.94,209.520004,216.360001,,218.559998,6.69,,5.76,,,,1.61,,1.595,1.61,,1.595
2025/11/09 00:00,2.57,2.2,,1.64,8.32,7.94,,7.94,209.520004,216.360001,,219.050003,6.71,,5.77,,,,1.603,,1.597,1.603,,1.597
2025/11/09 00:00,2.56,2.19,,1.64,8.31,7.93,,7.95,209.520004,216.119995,,218.559998,6.68,,5.76,,,,1.619,,1.597,1.619,,1.597
2025/11/09 00:00,2.55,2.2,,,8.3,7.94,7.97,,209.279999,216.360001,,,6.68,,5.75,,,,1.608,,1.592,1.608,,1.592
2025/11/09 00:00,2.55,2.19,1.91,,8.29,7.94,7.98,,209.279999,216.119995,,,6.67,6.06,,,,,1.611,,1.599,1.611,,1.599
2025/11/09 00:00,2.56,2.2,1.92,,8.28,7.93,7.98,,209.279999,216.360001,217.830002,,6.72,6.06,,,,,1.603,1.612,,1.603,1.612,
2025/11/09 00:00,2.56,2.2,1.92,,8.27,7.94,7.98,,209.279999,216.119995,217.580002,,6.69,6.03,,,,,1.608,,,1.608,,
2025/11/09 00:00,2.56,2.19,1.92,,8.26,7.93,7.98,,209.279999,216.360001,217.339996,,6.68,6.07,,,,,1.608,1.606,,1.608,1.606,
2025/11/09 00:00,2.55,2.19,1.92,,8.25,7.94,7.98,,209.520004,216.360001,217.580002,,6.7,6.01,,,,,1.615,1.602,,1.615,1.602,
2025/11/09 00:00,2.56,2.19,,,8.24,7.94,,7.95,209.520004,216.119995,,,6.69,6.07,,,,,1.602,1.605,,1.602,1.605,
2025/11/09 00:00,2.56,2.2,,1.64,8.22,7.94,,7.94,209.279999,216.119995,,,6.68,,,,,,1.615,1.603,,1.615,1.603,
2025/11/09 00:00,2.56,2.2,,1.64,8.21,7.94,,7.95,209.279999,216.360001,,218.320007,6.67,,5.77,,,,1.612,,1.597,1.612,,1.597
2025/11/09 00:00,2.56,2.19,,1.63,8.2,7.94,,7.95,209.279999,216.360001,,217.830002,6.67,,5.79,,,,1.598,,,1.598,,
2025/11/09 00:00,2.55,2.19,,1.63,8.17,7.94,,7.94,209.039993,216.360001,,218.070007,6.72,,5.77,,,,1.612,,1.597,1.612,,1.597
2025/11/09 00:00,2.56,2.19,,1.63,8.17,7.94,,7.94,209.039993,216.119995,,218.070007,6.67,,5.77,,,,1.604,,1.591,1.604,,1.591
2025/11/09 00:00,2.56,2.19,,,8.15,7.94,7.98,,209.039993,216.119995,,,6.7,,5.8,,,,1.605,,,1.605,,
2025/11/09 00:00,2.56,2.2,1.91,,8.13,7.94,7.98,,209.279999,216.360001,,,6.71,,,,,,1.61,,1.595,1.61,,1.595
2025/11/09 00:00,2.55,2.2,1.92,,8.12,7.94,7.98,,209.279999,216.360001,217.339996,,6.71,6.09,,,,,1.608,1.603,,1.608,1.603,
2025/11/09 00:00,2.55,2.19,1.92,,8.1,7.94,7.98,,209.279999,216.119995,217.580002,,6.68,6.07,,,,,1.603,,,1.603,,
2025/11/09 00:00,2.55,2.2,1.92,,8.08,7.92,7.98,,209.279999,216.360001,217.580002,,6.67,6.08,,,,,1.619,1.611,,1.619,1.611,
2025/11/09 00:00,2.55,2.2,1.92,,8.06,7.92,7.98,,209.520004,216.119995,217.580002,,6.68,6.11,,,,,1.606,1.604,,1.606,1.604,
2025/11/09 00:00,2.54,2.2,,,8.04,7.93,,7.96,209.279999,216.119995,,,6.71,6.09,,,,,1.601,,,1.601,,
2025/11/09 00:00,2.55,2.2,,1.64,8.03,7.93,,7.95,209.520004,216.119995,,,6.7,,,,,,1.61,1.603,,1.61,1.603,
2025/11/09 00:00,2.53,2.19,,1.63,8.02,7.93,,7.95,209.520004,216.360001,,218.320007,6.67,,5.82,,,,1.597,,1.595,1.597,,1.595
2025/11/09 00:00,2.53,2.2,,1.63,8,7.93,,7.94,209.520004,216.119995,,218.320007,6.7,,5.8,,,,1.618,,,1.618,,
2025/11/09 00:00,2.53,2.2,,1.63,7.97,7.92,,7.94,209.520004,216.119995,,217.580002,6.73,,5.78,,,,1.612,,1.595,1.612,,1.595
2025/11/09 00:00,2.53,2.2,,1.64,7.97,7.92,,7.94,209.770004,216.119995,,218.070007,6.67,,5.82,,,,1.612,,1.595,1.612,,1.595
2025/11/09 00:00,2.52,2.2,,,7.96,7.92,7.98,,209.770004,216.360001,,,6.7,,5.74,,,,1.618,,1.595,1.618,,1.595
2025/11/09 00:00,2.52,2.2,1.92,,7.94,7.92,7.98,,209.520004,216.119995,,,6.72,6.09,,,,,1.609,,1.593,1.609,,1.593
2025/11/09 00:00,1.11,2.2,1.92,,,7.92,7.98,,,216.360001,217.580002,,6.67,6.08,,,,,1.616,1.601,,1.616,1.601,
2025/11/09 00:00,0.43,2.19,1.92,,,7.92,7.98,,,216.360001,217.580002,,6.72,6.06,,,,,1.606,,,1.606,,
2025/11/09 00:00,0.34,2.2,1.92,,,7.91,7.98,,,216.119995,217.580002,,6.69,6.08,,,,,1.598,1.602,,1.598,1.602,
2025/11/09 00:00,0.31,2.19,1.92,,,7.92,7.99,,,216.119995,217.339996,,6.68,6.08,,,,,1.615,1.605,,1.615,1.605,
2025/11/09 00:00,1.23,2.19,,,,7.92,,7.95,,216.119995,,,6.68,6.08,,,,,1.603,,,1.603,,
2025/11/09 00:00,2.61,2.19,,1.65,8.69,7.92,,7.95,,216.360001,,,6.7,,,,,,1.608,1.605,,1.608,1.605,
2025/11/09 00:00,2.72,2.2,,1.65,8.68,7.92,,7.95,209.039993,216.360001,,218.320007,6.68,,5.78,,,,1.611,1.603,,1.611,1.603,
2025/11/09 00:00,2.56,2.19,,1.64,8.64,7.92,,7.95,209.279999,216.119995,,217.830002,6.69,,5.7,,,,1.603,,,1.603,,
2025/11/09 00:00,2.61,2.2,,1.64,8.59,7.91,,7.95,209.279999,216.119995,,218.320007,6.68,,5.72,,,,1.609,,1.594,1.609,,1.594
2025/11/09 00:00,2.61,2.19,,1.63,8.57,7.91,,7.95,209.770004,216.119995,,218.559998,6.69,,5.76,,,,1.6,,1.59,1.6,,1.59
2025/11/09 00:00,2.59,2.19,,,8.56,7.94,7.98,,210.009995,216.119995,,,6.68,,5.78,,,,1.604,,1.599,1.604,,1.599
2025/11/09 00:00,2.58,2.19,1.92,,8.56,7.94,7.98,,209.279999,216.360001,,,6.68,,,,,,1.611,,1.597,1.611,,1.597
2025/11/09 00:00,2.58,2.19,1.92,,8.56,7.94,7.98,,209.279999,216.119995,218.070007,,6.71,6.1,,,,,1.597,1.605,,1.597,1.605,
2025/11/09 00:00,2.58,2.2,1.92,,8.55,7.94,7.98,,209.279999,216.119995,218.070007,,6.7,6.09,,,,,1.611,,,1.611,,
2025/11/09 00:00,2.58,2.2,1.92,,8.55,7.93,7.98,,209.039993,216.119995,218.070007,,6.67,6.11,,,,,1.614,1.604,,1.614,1.604,
2025/11/09 00:00,2.57,2.2,1.92,,8.55,7.94,7.97,,209.279999,215.869995,218.070007,,6.67,6.09,,,,,1.601,,,1.601,,
2025/11/09 00:00,2.57,2.19,,,8.54,7.94,,7.96,209.279999,216.119995,,,6.68,6.08,,,,,1.594,1.602,,1.594,1.602,
2025/11/09 00:00,2.57,2.19,,1.64,8.54,7.94,,7.94,209.279999,216.119995,,,6.68,,5.87,,,,1.601,1.608,,1.601,1.608,
2025/11/09 00:00,2.57,2.2,,1.63,8.53,7.94,,7.94,209.279999,216.360001,,218.800003,6.71,,5.89,,,,1.597,,,1.597,,
2025/11/09 00:00,2.57,2.19,,1.63,8.53,7.94,,7.95,209.279999,216.119995,,218.320007,6.66,,5.86,,,,1.6,,1.593,1.6,,1.593
2025/11/09 00:00,2.57,2.19,,1.63,8.53,7.94,,7.95,209.520004,216.119995,,218.320007,6.67,,5.89,,,,1.608,,1.591,1.608,,1.591
2025/11/09 00:00,2.56,2.19,,1.63,8.53,7.94,,7.95,209.520004,216.119995,,219.050003,6.69,,5.88,,,,1.608,,1.596,1.608,,1.596
2025/11/09 00:00,2.57,2.19,,,8.52,7.94,7.98,,209.520004,216.360001,,,6.69,,,,,,1.603,,,1.603,,
2025/11/09 00:00,2.56,2.2,1.91,,8.52,7.94,7.98,,209.279999,216.360001,,,6.71,6.09,,,,,1.606,,1.598,1.606,,1.598
2025/11/09 00:00,2.56,2.19,1.92,,8.51,7.93,7.97,,209.520004,216.119995,217.830002,,6.71,6.11,,,,,1.621,1.603,,1.621,1.603,
2025/11/09 00:00,2.56,2.19,1.92,,8.5,7.94,7.97,,209.279999,216.119995,218.320007,,6.71,6.1,,,,,1.598,1.604,,1.598,1.604,
2025/11/09 00:00,2.57,2.19,1.92,,8.5,7.94,7.98,,209.520004,216.119995,218.320007,,6.73,6.14,,,,,1.615,1.602,,1.615,1.602,
2025/11/09 00:00,2.56,2.2,1.92,,8.5,7.94,7.98,,209.520004,216.119995,218.070007,,6.7,6.12,,,,,1.617,,,1.617,,
2025/11/09 00:00,2.56,2.2,,,8.5,7.94,,7.96,209.520004,216.119995,,,6.67,6.1,,,,,1.608,1.604,,1.608,1.604,
2025/11/09 00:00,2.56,2.2,,1.64,8.49,7.95,,7.95,209.520004,216.360001,,,6.69,,,,,,1.599,1.605,,1.599,1.605,
2025/11/09 00:00,2.55,2.19,,1.64,8.48,7.94,,7.95,209.039993,216.360001,,219.050003,6.73,,5.85,,,,1.616,,1.601,1.616,,1.601
2025/11/09 00:00,2.56,2.19,,1.64,8.48,7.94,,7.95,209.520004,216.360001,,218.559998,6.71,,5.82,,,,1.612,,1.594,1.612,,1.594
2025/11/09 00:00,2.56,2.19,,1.64,8.47,7.94,,7.96,209.520004,216.360001,,218.800003,6.7,,5.84,,,,1.591,,1.594,1.591,,1.594
2025/11/09 00:00,2.56,2.2,,1.63,8.46,7.94,,7.95,209.039993,216.360001,,218.800003,6.71,,5.82,,,,1.609,,1.593,1.609,,1.593
2025/11/09 00:00,2.56,2.19,,,8.46,7.94,7.98,,209.279999,216.360001,,,6.7,,5.81,,,,1.605,,,1.605,,
2025/11/09 00:00,2.55,2.19,1.91,,8.45,7.94,7.98,,209.520004,216.360001,,,6.72,6.17,,,,,1.605,,1.593,1.605,,1.593
2025/11/09 00:00,2.55,2.2,1.92,,8.45,7.94,7.98,,209.279999,216.360001,218.800003,,6.69,6.11,,,,,1.613,1.605,,1.613,1.605,
2025/11/09 00:00,2.55,2.19,1.92,,8.44,7.94,7.98,,209.279999,216.119995,218.070007,,6.68,6.12,,,,,1.598,,,1.598,,
2025/11/09 00:00,2.56,2.2,1.92,,8.43,7.94,7.98,,209.279999,216.119995,218.070007,,6.71,6.08,,,,,1.609,1.599,,1.609,1.599,
2025/11/09 00:00,2.57,2.2,1.92,,8.43,7.94,7.98,,209.520004,216.119995,217.830002,,6.67,6.06,,,,,1.605,1.603,,1.605,1.603,
2025/11/09 00:00,2.56,2.2,,,8.42,7.94,,7.95,209.520004,216.119995,,,6.66,6.09,,,,,1.622,1.596,,1.622,1.596,
2025/11/09 00:00,2.55,2.2,,1.65,8.41,7.94,,7.94,209.279999,215.630005,,,6.71,,,,,,1.604,1.603,,1.604,1.603,
2025/11/09 00:00,2.55,2.19,,1.64,8.41,7.94,,7.94,209.279999,216.119995,,218.320007,6.69,,5.78,,,,1.61,,1.588,1.61,,1.588
2025/11/09 00:00,2.56,2.19,,1.64,8.4,7.94,,7.95,209.279999,216.119995,,218.320007,6.72,,5.82,,,,1.603,,,1.603,,
2025/11/09 00:00,2.55,2.2,,1.63,8.4,7.94,,7.94,209.279999,216.119995,,218.320007,6.72,,5.81,,,,1.61,,1.591,1.61,,1.591
2025/11/09 00:00,2.56,2.19,,1.63,8.38,7.94,,7.94,209.279999,216.119995,,217.830002,6.76,,5.77,,,,1.605,,1.589,1.605,,1.589
2025/11/09 00:00,2.54,2.19,,,8.38,7.94,7.98,,209.520004,216.119995,,,6.71,,5.85,,,,1.596,,1.59,1.596,,1.59
2025/11/09 00:00,2.55,2.19,1.92,,8.36,7.94,7.98,,209.039993,215.869995,,,6.69,6.09,,,,,1.603,,1.594,1.603,,1.594
2025/11/09 00:00,2.55,2.2,1.92,,8.35,7.94,7.97,,209.520004,216.119995,217.580002,,6.7,6.08,,,,,1.618,1.605,,1.618,1.605,
2025/11/09 00:00,2.55,2.19,1.92,,8.35,7.94,7.98,,209.520004,216.119995,217.339996,,6.71,6.07,,,,,1.609,,,1.609,,
2025/11/09 00:00,2.55,2.2,1.92,,8.34,7.94,7.98,,209.279999,216.119995,217.339996,,6.72,6.07,,,,,1.602,1.599,,1.602,1.599,
2025/11/09 00:00,2.54,2.2,1.92,,8.32,7.94,7.98,,209.520004,216.119995,217.580002,,6.69,6.09,,,,,1.593,1.595,,1.593,1.595,
2025/11/09 00:00,2.53,2.2,,,8.31,7.95,,7.95,209.520004,216.119995,,,6.71,6.13,,,,,1.604,,,1.604,,
2025/11/09 00:00,2.54,2.19,,1.64,8.31,7.93,,7.95,209.279999,216.119995,,,6.69,,5.89,,,,1.611,1.601,,1.611,1.601,
2025/11/09 00:00,2.54,2.2,,1.65,8.3,7.94,,7.95,209.279999,216.119995,,218.800003,6.69,,5.83,,,,1.593,1.6,,1.593,1.6,
2025/11/09 00:00,2.54,2.2,,1.64,8.29,7.94,,7.95,209.279999,216.119995,,218.070007,6.71,,5.86,,,,1.611,,,1.611,,
2025/11/09 00:00,2.54,2.19,,1.64,8.28,7.93,,7.95,209.520004,216.360001,,218.800003,6.72,,5.82,,,,1.593,,1.592,1.593,,1.592
2025/11/09 00:00,2.53,2.2,,1.64,8.26,7.94,,7.95,209.520004,216.119995,,218.320007,6.72,,5.8,,,,1.603,,1.59,1.603,,1.59
2025/11/09 00:00,2.53,2.19,,,8.25,7.94,7.98,,209.520004,216.360001,,,6.71,,5.8,,,,1.601,,1.593,1.601,,1.593
2025/11/09 00:00,2.53,2.2,1.92,,8.24,7.93,7.98,,209.279999,216.360001,,,6.75,6.09,,,,,1.607,,1.595,1.607,,1.595
2025/11/09 00:00,2.53,2.2,1.92,,8.23,7.93,7.98,,209.279999,216.360001,217.580002,,6.74,6.11,,,,,1.601,1.606,,1.601,1.606,
2025/11/09 00:00,2.53,2.19,1.92,,8.22,7.93,7.98,,209.279999,216.119995,217.580002,,6.72,6.1,,,,,1.612,1.643,,1.612,1.643,
2025/11/09 00:00,2.52,2.2,1.92,,8.18,7.93,7.98,,209.279999,216.360001,217.580002,,6.72,6.11,,,,,1.618,1.6,,1.618,1.6,
2025/11/09 00:00,2.53,2.2,1.92,,8.17,7.93,7.98,,209.520004,216.360001,217.580002,,6.76,6.13,,,,,1.617,1.599,,1.617,1.599,
2025/11/09 00:00,2.53,2.2,,,8.15,7.93,,7.95,209.279999,216.119995,,,6.7,6.1,,,,,1.598,1.6,,1.598,1.6,
2025/11/09 00:00,2.53,2.2,,1.65,8.14,7.93,,7.95,209.279999,216.119995,,,6.74,,,,,,1.609,1.6,,1.609,1.6,
2025/11/09 00:00,2.53,2.2,,1.64,8.13,7.92,,7.95,209.520004,216.360001,,218.559998,6.71,,5.82,,,,1.608,,1.596,1.608,,1.596
2025/11/09 00:00,2.52,2.19,,1.65,8.1,7.93,,7.95,209.279999,216.360001,,218.320007,6.7,,5.79,,,,1.612,,,1.612,,
2025/11/09 00:00,2.51,2.2,,1.64,8.09,7.93,,7.96,209.279999,216.119995,,217.830002,6.72,,5.79,,,,1.61,,1.59,1.61,,1.59
2025/11/09 00:00,2.51,2.21,,1.64,8.06,7.92,,7.95,209.520004,216.119995,,218.800003,6.71,,5.77,,,,1.606,,1.587,1.606,,1.587
2025/11/09 00:00,2.51,2.2,,,8.06,7.92,7.97,,209.520004,216.119995,,,6.7,,5.79,,,,1.598,1.586,,1.598,1.586,
2025/11/09 00:00,2.51,2.2,1.91,,8.05,7.92,7.98,,209.279999,215.869995,,,6.69,6.12,,,,,1.598,1.59,,1.598,1.59,
2025/11/09 00:00,2.5,2.2,1.92,,8.03,7.92,7.98,,209.279999,216.119995,217.830002,,6.73,6.1,,,,,1.604,1.605,,1.604,1.605,
2025/11/09 00:00,2.51,2.19,1.92,,8,7.92,7.97,,209.520004,216.119995,218.559998,,6.68,6.06,,,,,1.601,,,1.601,,
2025/11/10 00:00,2.5,2.2,1.92,,7.99,7.92,7.97,,209.520004,216.119995,217.830002,,6.71,6.06,,,,,1.605,1.597,,1.605,1.597,
2025/11/10 00:00,2.51,2.21,1.91,,7.97,7.92,7.97,,209.520004,216.119995,217.830002,,6.69,6.09,,,,,1.602,1.604,,1.602,1.604,
2025/11/10 00:00,2.5,2.21,,,7.95,7.92,,7.96,209.279999,216.119995,,,6.68,6.08,,,,,1.601,,,1.601,,
2025/11/10 00:00,2.51,2.2,,1.65,,7.91,,7.95,,215.869995,,,6.67,,,,,,1.596,1.593,,1.596,1.593,
2025/11/10 00:00,0.82,2.2,,1.65,,7.91,,7.95,,216.360001,,219.289993,6.66,,5.87,,,,1.595,,1.589,1.595,,1.589
2025/11/10 00:00,0.38,2.2,,1.64,,7.91,,7.95,,216.360001,,218.559998,6.7,,5.81,,,,1.606,,,1.606,,
2025/11/10 00:00,0.33,2.2,,1.64,,7.91,,7.95,,216.119995,,219.050003,6.69,,5.82,,,,1.59,,1.59,1.59,,1.59
2025/11/10 00:00,0.32,2.2,,1.65,,7.91,,7.95,,216.119995,,218.559998,6.71,,5.84,,,,1.599,,1.589,1.599,,1.589
2025/11/10 00:00,1.51,2.2,,,,7.91,7.98,,,216.119995,,,6.71,,5.85,,,,1.597,,,1.597,,
2025/11/10 00:00,2.75,2.2,1.92,,8.7,7.91,7.98,,209.039993,216.119995,,,6.72,6.13,,,,,1.606,,1.585,1.606,,1.585
2025/11/10 00:00,2.68,2.2,1.92,,8.68,7.91,7.97,,208.789993,216.360001,218.559998,,6.67,6.09,,,,,1.599,1.594,,1.599,1.594,
2025/11/10 00:00,2.54,2.2,1.92,,8.65,7.91,7.98,,209.279999,216.360001,218.320007,,6.7,6.09,,,,,1.593,,,1.593,,
2025/11/10 00:00,2.6,2.2,1.92,,8.6,7.91,7.98,,209.520004,216.360001,218.320007,,6.68,6.14,,,,,1.6,1.592,,1.6,1.592,
2025/11/10 00:00,2.59,2.2,1.92,,8.59,7.9,7.97,,209.520004,216.119995,218.320007,,6.68,6.11,,,,,1.602,1.597,,1.602,1.597,
2025/11/10 00:00,2.58,2.2,,1.63,8.58,7.92,,7.97,209.770004,216.119995,,,6.69,6.09,,,,,1.592,,,1.592,,
2025/11/10 00:00,2.57,2.19,,1.64,8.58,7.93,,7.95,209.770004,216.119995,,,6.7,,,,,,1.603,,1.597,1.603,,1.597
2025/11/10 00:00,2.57,2.2,,1.63,8.58,7.93,,7.95,209.770004,216.360001,,218.800003,6.73,,5.87,,,,1.607,,1.595,1.607,,1.595
2025/11/10 00:00,2.57,2.2,,1.63,8.58,7.92,,7.95,210.009995,216.360001,,218.800003,6.68,,5.87,,,,1.593,,1.586,1.593,,1.586
2025/11/10 00:00,2.57,2.2,,1.64,8.58,7.92,,7.95,210.009995,216.119995,,219.289993,6.69,,5.9,,,,1.598,,1.591,1.598,,1.591
2025/11/10 00:00,2.56,2.2,,1.64,8.57,7.93,,7.95,209.770004,215.869995,,218.800003,6.72,,5.86,,,,1.598,,,1.598,,
2025/11/10 00:00,2.56,2.2,,,8.57,7.92,7.97,,209.770004,216.119995,,,6.72,,5.86,,,,1.598,,1.586,1.598,,1.586
2025/11/10 00:00,2.56,2.2,1.92,,8.57,7.92,7.97,,209.770004,216.119995,,,6.71,6.06,,,,,1.6,,1.586,1.6,,1.586
2025/11/10 00:00,2.56,2.21,1.92,,8.56,7.92,7.97,,209.520004,216.119995,218.559998,,6.71,6.11,,,,,1.598,,,1.598,,
2025/11/10 00:00,2.56,2.2,1.93,,8.56,7.92,7.97,,209.520004,216.360001,218.800003,,6.72,6.13,,,,,1.599,1.603,,1.599,1.603,
2025/11/10 00:00,2.56,2.21,1.93,,8.56,7.92,7.97,,209.770004,216.119995,218.070007,,6.69,6.07,,,,,1.609,1.598,,1.609,1.598,
2025/11/10 00:00,2.57,2.21,1.93,,8.55,7.92,7.97,,209.770004,216.119995,218.320007,,6.67,6.07,,,,,1.589,,,1.589,,
2025/11/10 00:00,2.57,2.21,,,8.54,7.92,,7.95,209.520004,216.119995,,,6.67,6.1,,,,,1.604,1.596,,1.604,1.596,
2025/11/10 00:00,2.57,2.21,,1.65,8.54,7.92,,7.95,209.520004,216.119995,,,6.68,,5.89,,,,1.602,1.597,,1.602,1.597,
2025/11/10 00:00,2.56,2.2,,1.65,8.53,7.92,,7.94,209.279999,216.360001,,218.320007,6.68,,5.82,,,,1.589,,1.59,1.589,,1.59
2025/11/10 00:00,2.56,2.2,,1.64,8.52,7.93,,7.95,209.279999,216.119995,,218.320007,6.69,,5.8,,,,1.595,,1.589,1.595,,1.589
2025/11/10 00:00,2.57,2.2,,1.64,8.52,7.93,,7.95,209.279999,216.119995,,218.559998,6.73,,5.83,,,,1.596,,1.586,1.596,,1.586
2025/11/10 00:00,2.57,2.2,,1.63,8.52,7.93,,7.95,209.279999,216.360001,,218.320007,6.67,,5.83,,,,1.599,,1.586,1.599,,1.586
2025/11/10 00:00,2.57,2.21,,,8.51,7.93,7.98,,209.279999,216.360001,,,6.72,,5.87,,,,1.602,,,1.602,,
2025/11/10 00:00,2.57,2.2,1.92,,8.51,7.92,7.97,,209.520004,216.119995,,,6.71,6.11,,,,,1.594,,1.582,1.594,,1.582
2025/11/10 00:00,2.57,2.2,1.92,,8.51,7.93,7.97,,209.039993,216.360001,217.339996,,6.72,6.11,,,,,1.592,1.595,,1.592,1.595,
2025/11/10 00:00,2.56,2.2,1.93,,8.5,7.93,7.97,,209.279999,216.360001,217.830002,,6.71,6.12,,,,,1.603,,,1.603,,
2025/11/10 00:00,2.56,2.2,1.93,,8.5,7.93,7.97,,209.520004,216.360001,218.070007,,6.73,6.15,,,,,1.599,1.594,,1.599,1.594,
2025/11/10 00:00,2.57,2.21,1.93,,8.49,7.93,7.97,,209.520004,216.119995,217.580002,,6.68,6.09,,,,,1.593,1.599,,1.593,1.599,
2025/11/10 00:00,2.56,2.2,,1.66,8.48,7.93,,7.96,209.520004,216.360001,,,6.7,6.12,,,,,1.603,,,1.603,,
2025/11/10 00:00,2.55,2.2,,1.66,8.48,7.92,,7.95,209.520004,216.119995,,,6.72,,,,,,1.595,,1.591,1.595,,1.591
2025/11/10 00:00,2.55,2.2,,1.65,8.46,7.94,,7.95,209.520004,216.360001,,218.559998,6.72,,5.85,,,,1.601,,1.588,1.601,,1.588
2025/11/10 00:00,2.56,2.2,,1.65,8.46,7.93,,7.95,209.520004,216.119995,,218.320007,6.73,,5.8,,,,1.601,,,1.601,,
2025/11/10 00:00,2.57,2.2,,1.65,8.45,7.93,,7.95,209.279999,216.119995,,218.800003,6.7,,5.82,,,,1.606,,1.585,1.606,,1.585
2025/11/10 00:00,2.56,2.2,,1.65,8.45,7.93,,7.94,209.520004,216.119995,,218.800003,6.71,,5.83,,,,1.594,,1.58,1.594,,1.58
2025/11/10 00:00,2.57,2.2,,,8.44,7.93,7.98,,209.279999,216.119995,,,6.72,,5.82,,,,1.594,,1.581,1.594,,1.581
2025/11/10 00:00,2.56,2.21,1.93,,8.43,7.93,7.98,,209.279999,216.119995,,,6.69,6.08,,,,,1.597,,1.584,1.597,,1.584
2025/11/10 00:00,2.55,2.21,1.93,,8.43,7.93,7.97,,209.279999,216.119995,218.070007,,6.69,6.11,,,,,1.604,1.595,,1.604,1.595,
2025/11/10 00:00,2.56,2.21,1.93,,8.42,7.93,7.96,,209.279999,216.119995,217.830002,,6.72,6.07,,,,,1.599,1.593,,1.599,1.593,
2025/11/10 00:00,2.56,2.21,1.93,,8.41,7.93,7.97,,209.279999,216.360001,217.580002,,6.72,6.1,,,,,1.606,1.595,,1.606,1.595,
2025/11/10 00:00,2.56,2.21,1.93,,8.41,7.92,7.97,,209.279999,216.119995,217.580002,,6.7,6.06,,,,,1.594,1.591,,1.594,1.591,
2025/11/10 00:00,2.55,2.2,,,8.39,7.92,,7.96,209.279999,216.119995,,,6.66,6.1,,,,,1.603,1.594,,1.603,1.594,
2025/11/10 00:00,2.55,2.2,,1.65,8.39,7.92,,7.95,209.279999,216.119995,,,6.72,,5.89,,,,1.605,,,1.605,,
2025/11/10 00:00,2.55,2.21,,1.64,8.38,7.93,,7.95,209.520004,216.360001,,218.320007,6.67,,5.9,,,,1.59,1.591,,1.59,1.591,
2025/11/10 00:00,2.55,2.2,,1.64,8.37,7.93,,7.95,209.520004,216.360001,,218.070007,6.75,,5.84,,,,1.6,,1.585,1.6,,1.585
2025/11/10 00:00,2.55,2.2,,1.64,8.36,7.93,,7.95,209.279999,216.360001,,218.070007,6.7,,5.91,,,,1.588,,1.586,1.588,,1.586
2025/11/10 00:00,2.54,2.21,,1.64,8.35,7.93,,7.95,209.279999,216.119995,,217.830002,6.7,,5.87,,,,1.596,,1.586,1.596,,1.586
2025/11/10 00:00,2.54,2.21,,,8.33,7.93,7.98,,209.520004,216.360001,,,6.72,,5.85,,,,1.6,,1.587,1.6,,1.587
2025/11/10 00:00,2.54,2.21,1.92,,8.32,7.93,7.97,,209.279999,216.119995,,,6.7,6.1,,,,,1.599,,1.587,1.599,,1.587
2025/11/10 00:00,2.54,2.2,1.92,,8.31,7.92,7.97,,209.520004,216.119995,218.070007,,6.68,6.1,,,,,1.592,1.594,,1.592,1.594,
2025/11/10 00:00,2.54,2.2,1.92,,8.3,7.92,7.97,,209.520004,216.360001,217.580002,,6.71,6.11,,,,,1.583,,,1.583,,
2025/11/10 00:00,2.53,2.2,1.92,,8.29,7.93,7.97,,209.520004,216.360001,218.070007,,6.7,6.1,,,,,1.59,1.598,,1.59,1.598,
2025/11/10 00:00,2.53,2.2,1.93,,8.27,7.92,7.97,,209.520004,216.119995,218.559998,,6.7,6.12,,,,,1.588,1.592,,1.588,1.592,
2025/11/10 00:00,2.53,2.2,,,8.27,7.92,,7.97,209.520004,216.119995,,,6.71,6.12,,,,,1.594,1.591,,1.594,1.591,
2025/11/10 00:00,2.53,2.2,,1.65,8.25,7.92,,7.95,209.279999,216.119995,,,6.69,,,,,,1.593,1.593,,1.593,1.593,
2025/11/10 00:00,2.53,2.2,,1.64,8.25,7.93,,7.95,209.279999,216.360001,,218.800003,6.72,,5.87,,,,1.602,,1.593,1.602,,1.593
2025/11/10 00:00,2.53,2.2,,1.64,8.23,7.92,,7.95,209.279999,216.610001,,219.289993,6.72,,5.87,,,,1.583,,,1.583,,
2025/11/10 00:00,2.54,2.19,,1.64,8.22,7.92,,7.95,209.279999,216.119995,,218.559998,6.72,,5.87,,,,1.599,,1.581,1.599,,1.581
2025/11/10 00:00,2.54,2.2,,1.65,8.21,7.92,,7.95,209.520004,216.119995,,219.289993,6.71,,5.88,,,,1.594,,1.619,1.594,,1.619
2025/11/10 00:00,2.53,2.21,,,8.19,7.92,7.98,,209.520004,216.119995,,,6.69,,5.87,,,,1.589,,1.587,1.589,,1.587
2025/11/10 00:00,2.54,2.21,1.92,,8.17,7.92,7.97,,209.520004,216.119995,,,6.69,6.1,,,,,1.6,1.596,,1.6,1.596,
2025/11/10 00:00,2.54,2.21,1.92,,8.16,7.92,7.97,,209.279999,216.119995,217.830002,,6.7,6.12,,,,,1.601,1.594,,1.601,1.594,
2025/11/10 00:00,2.53,2.21,1.92,,8.14,7.92,7.97,,209.279999,215.869995,218.070007,,6.66,6.05,,,,,1.597,1.591,,1.597,1.591,
2025/11/10 00:00,2.53,2.21,1.93,,8.13,7.92,7.97,,209.279999,216.119995,218.320007,,6.65,6.12,,,,,1.607,1.588,,1.607,1.588,
2025/11/10 00:00,2.53,2.21,1.93,,8.11,7.92,7.97,,209.039993,216.360001,218.070007,,6.68,6.09,,,,,1.599,1.593,,1.599,1.593,
2025/11/10 00:00,2.52,2.2,,1.65,8.1,7.92,,7.97,209.039993,215.869995,,,6.67,6.13,,,,,1.597,,1.588,1.597,,1.588
2025/11/10 00:00,2.52,2.2,,1.65,8.08,7.92,,7.95,209.279999,216.119995,,,6.7,,,,,,1.594,,1.592,1.594,,1.592
2025/11/10 00:00,2.51,2.2,,1.65,8.04,7.92,,7.95,209.520004,215.869995,,219.779999,6.71,,5.88,,,,1.592,,1.584,1.592,,1.584
2025/11/10 00:00,2.5,2.2,,1.64,8.03,7.91,,7.95,209.279999,216.360001,,218.800003,6.72,,5.89,,,,1.601,,1.584,1.601,,1.584
2025/11/10 00:00,2.5,2.21,,1.64,8.02,7.92,,7.95,209.279999,216.360001,,219.050003,6.75,,5.85,,,,1.595,,,1.595,,
2025/11/10 00:00,2.5,2.21,,1.64,7.99,7.91,,7.95,209.279999,216.360001,,218.800003,6.72,,5.88,,,,1.597,,1.578,1.597,,1.578
2025/11/10 00:00,2.5,2.21,,,7.98,7.91,7.98,,209.279999,216.119995,,,6.68,,5.85,,,,1.593,,1.586,1.593,,1.586
2025/11/10 00:00,2.46,2.21,1.91,,,7.91,7.97,,,216.119995,,,6.71,6.11,,,,,1.593,,,1.593,,
2025/11/10 00:00,0.68,2.2,1.91,,,7.9,7.97,,,216.119995,218.070007,,6.72,6.1,,,,,1.589,1.595,,1.589,1.595,
2025/11/10 00:00,0.36,2.21,1.92,,,7.91,7.98,,,216.360001,218.320007,,6.72,6.15,,,,,1.597,1.59,,1.597,1.59,
2025/11/10 00:00,0.32,2.21,1.92,,,7.91,7.97,,,216.119995,218.070007,,6.66,6.11,,,,,1.593,1.649,,1.593,1.649,
2025/11/10 00:00,0.47,2.22,1.92,,,7.91,7.97,,,216.119995,217.830002,,6.71,6.13,,,,,1.596,1.591,,1.596,1.591,
2025/11/10 00:00,1.8,2.21,,,,7.91,,7.96,,216.119995,,,6.68,6.09,,,,,1.607,1.589,,1.607,1.589,
2025/11/10 00:00,2.8,2.21,,1.66,8.69,7.91,,7.94,209.039993,216.119995,,,6.65,,,,,,1.602,,1.58,1.602,,1.58
2025/11/10 00:00,2.67,2.2,,1.66,8.67,7.91,,7.94,209.039993,216.360001,,218.800003,6.7,,5.83,,,,1.594,,1.587,1.594,,1.587
2025/11/10 00:00,2.56,2.2,,1.65,8.63,7.91,,7.94,209.520004,216.360001,,218.320007,6.71,,5.76,,,,1.603,,1.582,1.603,,1.582
2025/11/10 00:00,2.62,2.2,,1.65,8.59,7.9,,7.94,210.259995,216.360001,,218.320007,6.67,,5.78,,,,1.597,,1.582,1.597,,1.582
2025/11/10 00:00,2.61,2.2,,1.65,8.58,7.91,,7.94,210.009995,216.119995,,218.070007,6.65,,5.82,,,,1.602,,1.621,1.602,,1.621
2025/11/10 00:00,2.6,2.2,,,8.58,7.92,7.99,,209.770004,216.119995,,,6.67,,5.87,,,,1.597,,1.578,1.597,,1.578
2025/11/10 00:00,2.59,2.19,1.93,,8.58,7.91,7.98,,210.259995,216.119995,,,6.7,6.1,,,,,1.594,1.58,,1.594,1.58,
2025/11/10 00:00,2.6,2.2,1.92,,8.57,7.92,7.97,,210.009995,216.119995,217.580002,,6.72,6.14,,,,,1.592,,,1.592,,
2025/11/10 00:00,2.59,2.2,1.92,,8.57,7.92,7.98,,210.009995,216.119995,217.580002,,6.75,6.09,,,,,1.598,1.586,,1.598,1.586,
2025/11/10 00:00,2.6,2.2,1.92,,8.57,7.91,7.97,,209.520004,216.119995,217.830002,,6.71,6.11,,,,,1.601,1.685,,1.601,1.685,
2025/11/10 00:00,2.59,2.21,1.92,,8.57,7.92,7.97,,209.770004,215.869995,218.070007,,6.7,6.14,,,,,1.587,1.588,,1.587,1.588,
2025/11/10 00:00,2.58,2.2,,,8.57,7.92,,7.97,209.520004,216.119995,,,6.71,6.11,,,,,1.598,1.59,,1.598,1.59,
2025/11/10 00:00,2.58,2.2,,1.66,8.56,7.92,,7.95,209.770004,216.119995,,,6.71,,,,,,1.594,,,1.594,,
2025/11/10 00:00,2.59,2.2,,1.65,8.56,7.92,,7.94,209.520004,216.119995,,218.320007,6.68,,5.89,,,,1.602,1.583,,1.602,1.583,
2025/11/10 00:00,2.58,2.2,,1.65,8.56,7.92,,7.95,209.770004,216.360001,,218.800003,6.71,,5.89,,,,1.589,,1.579,1.589,,1.579
2025/11/10 00:00,2.59,2.2,,1.64,8.54,7.93,,7.95,209.770004,216.119995,,218.320007,6.72,,5.88,,,,1.592,,,1.592,,
2025/11/10 00:00,2.59,2.2,,1.65,8.55,7.93,,7.95,209.770004,216.360001,,218.800003,6.71,,5.87,,,,1.586,,1.58,1.586,,1.58
2025/11/10 00:00,2.58,2.21,,,8.54,7.92,7.98,,209.520004,216.119995,,,6.72,,5.85,,,,1.597,,1.583,1.597,,1.583
2025/11/10 00:00,2.59,2.2,1.93,,8.54,7.92,7.97,,209.770004,216.360001,,,6.72,6.13,,,,,1.596,,1.577,1.596,,1.577
2025/11/10 00:00,2.58,2.2,1.92,,8.53,7.92,7.98,,210.009995,216.119995,217.339996,,6.68,6.1,,,,,1.596,1.587,,1.596,1.587,
2025/11/10 00:00,2.58,2.2,1.93,,8.52,7.93,7.97,,210.009995,216.119995,217.580002,,6.73,6.09,,,,,1.588,1.582,,1.588,1.582,
2025/11/10 00:00,2.58,2.21,1.93,,8.52,7.93,7.97,,210.009995,216.360001,217.830002,,6.72,6.16,,,,,1.589,,,1.589,,
2025/11/10 00:00,2.58,2.21,1.93,,8.51,7.93,7.97,,210.259995,216.360001,217.580002,,6.74,6.12,,,,,1.59,1.587,,1.59,1.587,
2025/11/10 00:00,2.58,2.21,,,8.51,7.93,,7.96,210.009995,216.360001,,,6.74,6.13,,,,,1.597,1.586,,1.597,1.586,
2025/11/10 00:00,2.58,2.2,,1.66,8.5,7.92,,7.94,209.770004,216.360001,,,6.72,,,,,,1.592,1.591,,1.592,1.591,
2025/11/10 00:00,2.57,2.2,,1.65,8.5,7.94,,7.95,209.770004,216.360001,,219.289993,6.74,,5.88,,,,1.591,,1.581,1.591,,1.581
2025/11/10 00:00,2.58,2.2,,1.65,8.49,7.93,,7.94,209.770004,216.360001,,218.320007,6.75,,5.85,,,,1.597,,1.58,1.597,,1.58
2025/11/10 00:00,2.58,2.2,,1.65,8.48,7.93,,7.95,209.770004,215.869995,,218.800003,6.7,,5.89,,,,1.596,,1.577,1.596,,1.577
2025/11/10 00:00,2.58,2.21,,1.65,8.48,7.93,,7.95,209.770004,216.360001,,218.320007,6.71,,5.84,,,,1.592,,1.583,1.592,,1.583
2025/11/10 00:00,2.58,2.21,,,8.47,7.92,7.98,,209.520004,216.119995,,,6.72,,5.82,,,,1.597,,1.577,1.597,,1.577
2025/11/10 00:00,2.57,2.22,1.93,,8.46,7.93,7.97,,209.520004,216.119995,,,6.71,6.11,,,,,1.594,,1.577,1.594,,1.577
2025/11/10 00:00,2.58,2.21,1.93,,8.46,7.92,7.98,,210.009995,216.119995,217.830002,,6.66,6.07,,,,,1.591,,,1.591,,
2025/11/10 00:00,2.59,2.21,1.93,,8.45,7.92,7.97,,209.520004,216.119995,218.070007,,6.69,6.13,,,,,1.597,1.59,,1.597,1.59,
2025/11/10 00:00,2.58,2.21,1.93,,8.45,7.93,7.97,,209.520004,215.869995,217.830002,,6.7,6.1,,,,,1.588,1.589,,1.588,1.589,
2025/11/10 00:00,2.56,2.21,1.93,,8.45,7.93,7.97,,209.279999,216.119995,218.070007,,6.71,6.12,,,,,1.594,,,1.594,,
2025/11/10 00:00,2.57,2.2,,1.66,8.43,7.94,,7.98,209.039993,216.360001,,,6.74,6.1,,,,,1.602,1.583,,1.602,1.583,
2025/11/10 00:00,2.57,2.2,,1.66,8.43,7.93,,7.95,209.279999,216.119995,,,6.72,,5.94,,,,1.596,1.59,,1.596,1.59,
2025/11/10 00:00,2.57,2.21,,1.65,8.42,7.93,,7.95,209.279999,216.119995,,218.800003,6.71,,5.93,,,,1.59,,,1.59,,
2025/11/10 00:00,2.56,2.2,,1.65,8.41,7.93,,7.95,209.039993,216.119995,,219.779999,6.73,,5.93,,,,1.592,,1.581,1.592,,1.581
2025/11/10 00:00,2.56,2.2,,1.65,8.4,7.93,,7.95,209.520004,216.119995,,218.800003,6.71,,5.88,,,,1.59,,1.579,1.59,,1.579
2025/11/10 00:00,2.57,2.21,,1.66,8.4,7.94,,7.95,209.770004,216.119995,,219.539993,6.69,,5.88,,,,1.589,,,1.589,,
2025/11/10 00:00,2.57,2.2,,,8.38,7.94,7.99,,209.770004,216.360001,,,6.69,,5.89,,,,1.597,,1.581,1.597,,1.581
2025/11/10 00:00,2.57,2.21,1.92,,8.38,7.93,7.97,,209.279999,216.119995,,,6.66,6.11,,,,,1.59,,1.575,1.59,,1.575
2025/11/10 00:00,2.58,2.2,1.93,,8.37,7.93,7.97,,209.520004,216.119995,218.559998,,6.69,6.13,,,,,1.6,,,1.6,,
2025/11/10 00:00,2.57,2.21,1.93,,8.36,7.93,7.97,,209.279999,216.610001,218.559998,,6.72,6.13,,,,,1.591,1.587,,1.591,1.587,
2025/11/10 00:00,2.56,2.21,1.93,,8.35,7.93,7.97,,209.520004,216.360001,218.559998,,6.7,6.1,,,,,1.597,1.588,,1.597,1.588,
2025/11/10 00:00,2.56,2.21,1.93,,8.34,7.93,7.97,,209.279999,216.119995,218.559998,,6.68,6.13,,,,,1.589,,,1.589,,
2025/11/10 00:00,2.57,2.21,,1.67,8.32,7.93,,7.99,209.279999,216.360001,,,6.75,6.13,,,,,1.597,1.583,,1.597,1.583,
2025/11/10 00:00,2.56,2.21,,1.66,8.31,7.93,,7.95,209.279999,216.360001,,,6.67,,5.98,,,,1.596,1.589,,1.596,1.589,
2025/11/10 00:00,2.55,2.21,,1.66,8.31,7.93,,7.95,209.279999,216.360001,,219.539993,6.67,,5.94,,,,1.595,,,1.595,,
2025/11/10 00:00,2.54,2.21,,1.65,8.29,7.93,,7.95,209.520004,216.360001,,218.559998,6.68,,5.92,,,,1.602,,1.578,1.602,,1.578
2025/11/10 00:00,2.54,2.21,,1.66,8.28,7.93,,7.95,209.520004,216.610001,,218.800003,6.72,,5.86,,,,1.586,,1.572,1.586,,1.572
2025/11/10 00:00,2.55,2.21,,1.67,8.27,7.93,,7.95,209.520004,216.360001,,219.050003,6.68,,5.87,,,,1.599,,,1.599,,
2025/11/10 00:00,2.55,2.21,,,8.26,7.92,7.98,,209.279999,216.119995,,,6.74,,5.86,,,,1.594,,1.573,1.594,,1.573
2025/11/10 00:00,2.55,2.21,1.93,,8.25,7.92,7.97,,209.520004,216.360001,,,6.74,6.1,,,,,1.581,,1.575,1.581,,1.575
2025/11/10 00:00,2.54,2.21,1.94,,8.24,7.92,7.97,,209.520004,216.360001,219.779999,,6.71,6.13,,,,,1.603,1.588,,1.603,1.588,
2025/11/10 00:00,2.55,2.21,1.93,,8.23,7.92,7.97,,209.520004,216.610001,220.020004,,6.73,6.13,,,,,1.595,1.583,,1.595,1.583,
2025/11/10 00:00,2.55,2.21,1.93,,8.21,7.92,7.98,,209.520004,216.119995,220.020004,,6.74,6.09,,,,,1.593,1.588,,1.593,1.588,
2025/11/10 00:00,2.56,2.21,1.95,,8.19,7.92,7.98,,209.770004,216.119995,220.020004,,6.67,6.07,,,,,1.594,1.588,,1.594,1.588,
2025/11/10 00:00,2.57,2.22,,,8.18,7.92,,7.98,209.520004,216.119995,,,6.69,6.09,,,,,1.592,1.583,,1.592,1.583,
2025/11/10 00:00,2.56,2.22,,1.66,8.15,7.92,,7.94,209.279999,216.119995,,,6.7,,,,,,1.596,1.587,,1.596,1.587,
2025/11/10 00:00,2.55,2.22,,,8.14,7.92,,7.94,209.279999,216.119995,,221,6.69,,5.81,,,,1.586,,1.58,1.586,,1.58
2025/11/10 00:00,2.55,2.21,,,8.13,7.92,,7.94,209.279999,216.360001,,220.270004,6.67,,5.78,,,,1.605,,,1.605,,
2025/11/10 00:00,2.55,2.22,,,8.11,7.92,,7.94,209.279999,216.119995,,220.020004,6.67,,5.75,,,,1.596,,1.576,1.596,,1.576
2025/11/10 00:00,2.55,2.22,,,8.1,7.93,,7.93,209.279999,216.360001,,220.020004,6.66,,5.77,,,,1.586,,1.574,1.586,,1.574
2025/11/10 00:00,2.55,2.22,,,8.08,7.92,7.99,,209.039993,216.360001,,,6.69,,5.79,,,,1.59,,1.58,1.59,,1.58
2025/11/10 00:00,2.54,2.22,,,8.04,7.92,7.98,,209.039993,215.869995,,,6.67,6.06,,,,,1.59,,1.573,1.59,,1.573
2025/11/10 00:00,2.53,2.21,,,8.03,7.91,7.98,,209.520004,216.119995,218.800003,,6.67,6.08,,,,,1.585,1.583,,1.585,1.583,
2025/11/10 00:00,2.54,2.22,1.91,,8.02,7.92,7.98,,209.279999,216.360001,219.050003,,6.65,6.08,,,,,1.592,1.582,,1.592,1.582,
2025/11/10 00:00,2.54,2.22,1.91,,8,7.92,7.98,,209.279999,216.119995,218.559998,,6.7,6.05,,,,,1.591,1.587,,1.591,1.587,
2025/11/10 00:00,2.54,2.21,1.91,,7.99,7.92,7.98,,209.039993,216.360001,218.800003,,6.68,6.08,,,,,1.589,,,1.589,,
2025/11/10 00:00,2.54,2.21,,,,7.91,,7.97,209.039993,216.360001,,,6.69,6.03,,,,,1.589,1.587,,1.589,1.587,
2025/11/10 00:00,0.92,2.21,,,,7.91,,7.95,,216.360001,,,6.66,,,,,,1.6,1.59,,1.6,1.59,
2025/11/10 00:00,0.41,2.22,,,,7.91,,7.94,,216.119995,,219.289993,6.69,,5.91,,,,1.594,,1.578,1.594,,1.578
2025/11/10 00:00,0.34,2.22,,,,7.91,,7.95,,216.119995,,219.539993,6.68,,5.86,,,,1.579,,,1.579,,
2025/11/10 00:00,0.31,2.21,,,,7.91,,7.94,,216.119995,,219.050003,6.65,,5.82,,,,1.59,,1.578,1.59,,1.578
2025/11/10 00:00,1.37,2.21,,,,7.91,,7.94,,216.360001,,219.779999,6.65,,5.86,,,,1.592,,1.579,1.592,,1.579
2025/11/10 00:00,2.72,2.22,,,8.71,7.91,7.99,,,216.360001,,,6.65,,5.82,,,,1.595,,,1.595,,
2025/11/10 00:00,2.73,2.22,,,8.7,7.91,7.98,,209.039993,216.119995,,,6.64,6.11,,,,,1.594,,1.577,1.594,,1.577
2025/11/10 00:00,2.58,2.21,,,8.66,7.91,7.98,,209.520004,216.360001,218.800003,,6.69,6.1,,,,,1.594,1.582,,1.594,1.582,
2025/11/10 00:00,2.63,2.21,,,8.63,7.9,7.97,,210.009995,216.360001,218.559998,,6.65,6.1,,,,,1.592,1.588,,1.592,1.588,
2025/11/10 00:00,2.63,2.21,,,8.61,7.91,7.98,,209.520004,216.360001,218.559998,,6.66,6.11,,,,,1.582,1.583,,1.582,1.583,
2025/11/10 00:00,2.62,2.21,,,8.61,7.92,7.98,,209.770004,216.360001,218.800003,,6.66,6.08,,,,,1.598,1.589,,1.598,1.589,
2025/11/10 00:00,2.61,2.2,,,8.6,7.92,,7.97,209.520004,216.119995,,,6.64,6.04,,,,,1.593,1.585,,1.593,1.585,
2025/11/10 00:00,2.61,2.22,,,8.6,7.93,,7.95,209.520004,216.119995,,,6.67,,,,,,1.597,1.586,,1.597,1.586,
2025/11/10 00:00,2.61,2.22,,,8.58,7.92,,7.95,209.520004,216.119995,,219.779999,6.65,,5.88,,,,1.586,,1.583,1.586,,1.583
2025/11/10 00:00,2.61,2.22,,,8.58,7.92,,7.95,209.520004,216.119995,,219.539993,6.71,,5.8,,,,1.602,,1.577,1.602,,1.577
2025/11/10 00:00,2.6,2.22,,,8.58,7.92,,7.95,209.279999,216.119995,,220.020004,6.65,,5.79,,,,1.597,,,1.597,,
2025/11/10 00:00,2.6,2.21,,,8.58,7.93,,7.95,209.279999,216.119995,,219.539993,6.7,,5.74,,,,1.597,,1.576,1.597,,1.576
2025/11/10 00:00,2.61,2.22,,,8.57,7.92,7.99,,209.039993,215.869995,,,6.65,,5.76,,,,1.592,,1.571,1.592,,1.571
2025/11/10 00:00,2.6,2.23,1.92,,8.57,7.93,7.99,,209.279999,216.119995,,,6.69,,,,,,1.595,,1.573,1.595,,1.573
2025/11/10 00:00,2.6,2.22,1.92,,8.57,7.93,7.98,,209.279999,216.360001,219.050003,,6.65,6.07,,,,,1.598,1.58,,1.598,1.58,
2025/11/10 00:00,2.6,2.21,1.93,,8.56,7.93,7.98,,209.279999,216.119995,219.050003,,6.63,6.1,,,,,1.588,,,1.588,,
2025/11/10 00:00,2.6,2.21,1.93,,8.56,7.94,7.99,,209.039993,216.119995,219.539993,,6.65,6.11,,,,,1.587,1.59,,1.587,1.59,
2025/11/10 00:00,2.6,2.21,1.93,,8.55,7.94,7.98,,209.520004,216.360001,220.020004,,6.66,6.1,,,,,1.597,1.589,,1.597,1.589,
2025/11/10 00:00,2.6,2.22,,,8.55,7.93,,7.99,209.520004,216.360001,,,6.66,6.07,,,,,1.59,1.586,,1.59,1.586,
2025/11/10 00:00,2.6,2.22,,1.68,8.54,7.93,,7.95,209.279999,216.360001,,,6.68,,5.96,,,,1.59,1.584,,1.59,1.584,
2025/11/10 00:00,2.6,2.22,,1.66,8.54,7.93,,7.95,209.279999,216.360001,,220.509995,6.65,,5.92,,,,1.593,,,1.593,,
2025/11/10 00:00,2.6,2.22,,1.66,8.53,7.94,,7.95,209.279999,216.119995,,220.759995,6.67,,5.89,,,,1.592,,1.577,1.592,,1.577
2025/11/10 00:00,2.6,2.22,,1.66,8.53,7.94,,7.95,209.520004,216.119995,,220.759995,6.65,,5.87,,,,1.598,,1.573,1.598,,1.573
2025/11/10 00:00,2.6,2.22,,1.67,8.52,7.93,,7.95,209.520004,216.360001,,221,6.65,,5.85,,,,1.592,,1.578,1.592,,1.578
2025/11/10 00:00,2.6,2.22,,,8.52,7.94,7.98,,209.279999,216.360001,,,6.65,,5.85,,,,1.596,,1.577,1.596,,1.577
2025/11/10 00:00,2.6,2.22,1.93,,8.51,7.94,7.99,,209.520004,215.869995,,,6.65,,,,,,1.588,,1.574,1.588,,1.574
2025/11/10 00:00,2.6,2.22,1.94,,8.51,7.94,7.98,,209.279999,216.119995,219.539993,,6.65,6.13,,,,,1.589,,1.577,1.589,,1.577
2025/11/10 00:00,2.59,2.22,1.94,,8.5,7.94,7.98,,209.520004,216.119995,219.779999,,6.68,6.06,,,,,1.583,1.577,,1.583,1.577,
2025/11/10 00:00,2.6,2.22,1.94,,8.5,7.94,7.98,,209.279999,216.119995,220.270004,,6.64,6.13,,,,,1.59,1.582,,1.59,1.582,
2025/11/10 00:00,2.58,2.22,1.95,,8.49,7.93,7.98,,209.279999,216.360001,219.539993,,6.69,6.11,,,,,1.592,1.583,,1.592,1.583,
2025/11/10 00:00,2.59,2.22,,,8.49,7.93,,7.99,209.520004,215.869995,,,6.66,6.09,,,,,1.584,1.587,,1.584,1.587,
2025/11/10 00:00,2.57,2.22,,1.69,8.48,7.94,,7.95,209.039993,216.119995,,,6.66,,,,,,1.597,,,1.597,,
2025/11/10 00:00,2.58,2.21,,1.68,8.48,7.95,,7.95,209.279999,216.119995,,221,6.63,,5.88,,,,1.591,,1.575,1.591,,1.575
2025/11/10 00:00,2.59,2.22,,1.68,8.47,7.94,,7.95,209.520004,216.360001,,220.509995,6.65,,5.86,,,,1.588,,1.572,1.588,,1.572
2025/11/10 00:00,2.59,2.22,,1.68,8.47,7.94,,7.95,209.279999,216.119995,,221.25,6.68,,5.8,,,,1.592,,1.574,1.592,,1.574
2025/11/10 00:00,2.58,2.22,,1.68,8.46,7.94,,7.95,209.279999,216.119995,,220.270004,6.63,,5.81,,,,1.586,,1.575,1.586,,1.575
2025/11/10 00:00,2.58,2.22,,,8.45,7.94,7.99,,209.520004,216.119995,,,6.67,,5.84,,,,1.587,,1.577,1.587,,1.577
2025/11/10 00:00,2.58,2.22,1.95,,8.44,7.94,7.99,,209.279999,216.360001,,,6.62,,,,,,1.598,,1.575,1.598,,1.575
2025/11/10 00:00,2.58,2.22,1.95,,8.43,7.94,7.98,,209.520004,216.119995,220.270004,,6.64,6.1,,,,,1.595,,,1.595,,
2025/11/10 00:00,2.58,2.22,1.95,,8.43,7.95,7.99,,209.520004,216.360001,219.539993,,6.61,6.11,,,,,1.587,1.581,,1.587,1.581,
2025/11/10 00:00,2.58,2.22,1.94,,8.42,7.94,7.99,,209.279999,216.360001,219.539993,,6.67,6.09,,,,,1.582,1.582,,1.582,1.582,
2025/11/10 00:00,2.57,2.22,1.94,,8.41,7.94,7.99,,209.279999,215.869995,220.020004,,6.66,6.12,,,,,1.601,1.581,,1.601,1.581,
2025/11/10 00:00,2.58,2.22,,,8.4,7.94,,7.99,209.279999,216.360001,,,6.66,6.08,,,,,1.586,,,1.586,,
2025/11/10 00:00,2.58,2.23,,,8.4,7.94,,7.95,209.279999,216.119995,,,6.66,,5.93,,,,1.584,1.582,,1.584,1.582,
2025/11/10 00:00,2.58,2.22,,1.68,8.39,7.94,,7.95,209.279999,216.119995,,220.270004,6.65,,5.93,,,,1.6,,1.579,1.6,,1.579
2025/11/10 00:00,2.58,2.22,,1.67,8.38,7.94,,7.95,209.039993,216.119995,,219.779999,6.64,,5.88,,,,1.593,,1.624,1.593,,1.624
2025/11/10 00:00,2.58,2.22,,1.67,8.37,7.94,,7.95,209.520004,215.869995,,220.020004,6.67,,5.84,,,,1.58,,1.57,1.58,,1.57
2025/11/10 00:00,2.58,2.22,,1.66,8.36,7.94,,7.95,209.039993,216.360001,,219.779999,6.63,,5.86,,,,1.596,,1.573,1.596,,1.573
2025/11/10 00:00,2.58,2.22,,1.67,8.34,7.94,7.99,,209.279999,216.119995,,,6.65,,5.88,,,,1.596,1.572,,1.596,1.572,
2025/11/10 00:00,2.58,2.22,1.95,,8.34,7.94,7.98,,209.279999,216.119995,,,6.65,6.1,,,,,1.587,1.575,,1.587,1.575,
2025/11/10 00:00,2.59,2.22,1.95,,8.32,7.94,7.98,,209.520004,216.119995,218.559998,,6.66,6.06,,,,,1.597,1.573,,1.597,1.573,
2025/11/10 00:00,2.58,2.22,1.95,,8.31,7.94,7.99,,209.520004,216.119995,218.800003,,6.68,6.05,,,,,1.587,,,1.587,,
2025/11/10 00:00,2.58,2.22,1.95,,8.29,7.94,7.99,,209.520004,216.119995,218.800003,,6.69,6.09,,,,,1.588,1.586,,1.588,1.586,
2025/11/10 00:00,2.58,2.22,1.96,,8.29,7.94,7.99,,209.279999,216.119995,218.800003,,6.66,6.04,,,,,1.597,1.585,,1.597,1.585,
2025/11/10 00:00,2.58,2.22,,,8.28,7.93,,7.99,209.279999,216.119995,,,6.66,6.08,,,,,1.595,1.582,,1.595,1.582,
2025/11/10 00:00,2.58,2.22,,1.68,8.26,7.94,,7.95,209.039993,216.119995,,,6.66,,,,,,1.601,,,1.601,,
2025/11/10 00:00,2.58,2.22,,1.68,8.25,7.93,,7.95,209.279999,216.119995,,219.779999,6.68,,5.87,,,,1.604,1.581,,1.604,1.581,
2025/11/10 00:00,2.58,2.22,,1.67,8.23,7.94,,7.95,209.520004,216.360001,,219.539993,6.69,,5.88,,,,1.587,,1.573,1.587,,1.573
2025/11/10 00:00,2.58,2.22,,1.67,8.22,7.94,,7.95,209.279999,216.360001,,220.020004,6.69,,5.84,,,,1.588,,1.579,1.588,,1.579
2025/11/10 00:00,2.58,2.23,,1.67,8.21,7.94,,7.95,209.279999,216.360001,,219.539993,6.68,,5.85,,,,1.594,,1.579,1.594,,1.579
2025/11/10 00:00,2.58,2.23,,1.67,8.21,7.94,7.99,,209.279999,216.360001,,,6.69,,5.86,,,,1.597,,,1.597,,
2025/11/10 00:00,2.58,2.23,1.95,,8.18,7.94,7.99,,209.279999,216.360001,,,6.69,,,,,,1.595,,1.574,1.595,,1.574
2025/11/10 00:00,2.57,2.23,1.95,,8.16,7.94,7.99,,209.279999,216.360001,218.800003,,6.71,6.1,,,,,1.592,,1.578,1.592,,1.578
2025/11/10 00:00,2.57,2.23,1.95,,8.13,7.94,7.99,,209.520004,216.119995,218.800003,,6.7,6.1,,,,,1.597,1.582,,1.597,1.582,
2025/11/10 00:00,2.57,2.23,1.95,,8.12,7.94,7.99,,209.039993,216.119995,218.800003,,6.68,6.09,,,,,1.589,1.584,,1.589,1.584,
2025/11/10 00:00,2.57,2.23,1.96,,8.11,7.94,7.99,,209.279999,216.360001,218.800003,,6.7,6.11,,,,,1.597,1.584,,1.597,1.584,
2025/11/10 00:00,2.57,2.23,,,8.09,7.94,,7.99,209.279999,216.119995,,,6.68,6.09,,,,,1.608,1.582,,1.608,1.582,
2025/11/10 00:00,2.55,2.23,,,8.07,7.93,,7.96,209.279999,215.869995,,,6.72,,,,,,1.586,1.582,,1.586,1.582,
2025/11/10 00:00,2.54,2.23,,1.68,8.04,7.93,,7.95,209.279999,216.119995,,220.020004,6.72,,5.83,,,,1.594,,,1.594,,
2025/11/10 00:00,2.55,2.23,,1.68,8.04,7.92,,7.95,209.520004,216.119995,,220.509995,6.71,,5.8,,,,1.587,,1.574,1.587,,1.574
2025/11/10 00:00,2.55,2.23,,1.68,8.02,7.93,,7.95,209.279999,216.119995,,220.020004,6.67,,5.78,,,,1.593,,1.576,1.593,,1.576
2025/11/10 00:00,2.55,2.23,,1.68,8,7.93,,7.95,209.279999,216.119995,,220.270004,6.72,,5.78,,,,1.588,,1.564,1.588,,1.564
2025/11/10 00:00,2.53,2.23,,1.67,7.98,7.92,7.99,,209.279999,216.119995,,,6.68,,5.78,,,,1.598,,1.569,1.598,,1.569
2025/11/10 00:00,2.53,2.23,1.95,,7.96,7.92,7.99,,209.279999,216.360001,,,6.66,,,,,,1.592,,,1.592,,
2025/11/10 00:00,2.53,2.24,1.95,,7.95,7.92,7.99,,209.279999,216.119995,219.050003,,6.72,6.1,,,,,1.595,1.575,,1.595,1.575,
2025/11/10 00:00,2.52,2.24,1.95,,7.93,7.92,7.99,,209.520004,216.360001,219.289993,,6.69,6.09,,,,,1.587,1.58,,1.587,1.58,
2025/11/10 00:00,2.52,2.23,1.94,,7.91,7.92,7.99,,209.770004,216.360001,219.050003,,6.66,6.07,,,,,1.585,1.582,,1.585,1.582,
2025/11/10 00:00,2.27,2.23,1.95,,,7.92,7.99,,,216.360001,219.539993,,6.7,6.12,,,,,1.581,,,1.581,,
2025/11/10 00:00,0.61,2.23,,,,7.92,,8,,215.869995,,,6.64,6.13,,,,,1.586,1.582,,1.586,1.582,
2025/11/10 00:00,0.35,2.22,,1.67,,7.92,,7.96,,216.119995,,,6.72,6.03,,,,,1.588,1.583,,1.588,1.583,
2025/11/10 00:00,0.31,2.23,,1.67,,7.92,,7.96,,216.360001,,220.509995,6.7,,,,,,1.588,,,1.588,,
2025/11/10 00:00,0.58,2.23,,1.67,,7.91,,7.96,,216.119995,,221,6.72,,5.92,,,,1.587,,1.575,1.587,,1.575
2025/11/10 00:00,1.92,2.23,,1.67,,7.92,,7.96,,216.119995,,220.509995,6.67,,5.94,,,,1.592,,1.573,1.592,,1.573
2025/11/10 00:00,2.81,2.23,,1.67,8.69,7.92,,7.96,208.789993,216.360001,,221,6.68,,5.93,,,,1.588,,,1.588,,
2025/11/10 00:00,2.66,2.23,,1.67,8.67,7.92,7.99,,208.789993,216.119995,,,6.65,,5.95,,,,1.596,,1.573,1.596,,1.573
2025/11/10 00:00,2.57,2.23,1.96,,8.63,7.91,7.98,,209.279999,216.119995,,,6.67,,,,,,1.591,,1.568,1.591,,1.568
2025/11/10 00:00,2.63,2.22,1.95,,8.59,7.91,7.99,,209.770004,216.360001,220.020004,,6.65,6.13,,,,,1.584,,,1.584,,
2025/11/10 00:00,2.6,2.23,1.94,,8.58,7.92,7.99,,209.770004,216.119995,220.020004,,6.69,6.11,,,,,1.593,1.581,,1.593,1.581,
2025/11/10 00:00,2.61,2.23,1.94,,8.57,7.94,7.99,,209.520004,216.360001,220.020004,,6.69,6.11,,,,,1.593,1.581,,1.593,1.581,
2025/11/10 00:00,2.6,2.22,1.94,,8.57,7.94,7.98,,209.279999,216.119995,220.020004,,6.71,6.11,,,,,1.586,,,1.586,,
2025/11/10 00:00,2.59,2.24,,,8.56,7.94,,8,209.039993,216.119995,,,6.68,6.15,,,,,1.586,1.587,,1.586,1.587,
2025/11/10 00:00,2.59,2.23,,1.68,8.56,7.93,,7.96,209.279999,216.360001,,,6.74,6.04,,,,,1.588,1.584,,1.588,1.584,
2025/11/10 00:00,2.59,2.23,,1.67,8.56,7.94,,7.96,209.279999,216.119995,,221.729996,6.68,,5.91,,,,1.588,,,1.588,,
2025/11/10 00:00,2.59,2.23,,1.67,8.55,7.94,,7.96,209.279999,216.119995,,221.25,6.7,,5.9,,,,1.598,,1.569,1.598,,1.569
2025/11/10 00:00,2.59,2.23,,1.66,8.55,7.94,,7.95,209.279999,215.869995,,221,6.69,,5.91,,,,1.601,,1.569,1.601,,1.569
2025/11/10 00:00,2.58,2.24,,1.67,8.54,7.94,,7.96,209.279999,216.360001,,221.25,6.68,,5.9,,,,1.581,,1.573,1.581,,1.573
2025/11/10 00:00,2.59,2.23,,1.67,8.54,7.94,7.98,,209.279999,216.119995,,,6.69,,5.88,,,,1.597,,1.569,1.597,,1.569
2025/11/10 00:00,2.58,2.23,1.95,,8.53,7.94,7.98,,209.039993,216.119995,,,6.7,6.11,,,,,1.606,,1.568,1.606,,1.568
2025/11/10 00:00,2.59,2.23,1.96,,8.53,7.94,7.99,,209.279999,216.119995,220.020004,,6.66,6.15,,,,,1.583,1.57,,1.583,1.57,
2025/11/10 00:00,2.58,2.23,1.95,,8.53,7.94,7.99,,209.520004,216.119995,220.020004,,6.67,6.13,,,,,1.596,1.587,,1.596,1.587,
2025/11/10 00:00,2.59,2.23,1.95,,8.52,7.94,7.98,,209.279999,216.119995,220.509995,,6.69,6.12,,,,,1.588,1.577,,1.588,1.577,
2025/11/10 00:00,2.59,2.23,1.96,,8.51,7.94,7.98,,209.770004,216.360001,220.509995,,6.72,6.12,,,,,1.597,1.588,,1.597,1.588,
2025/11/10 00:00,2.59,2.23,,,8.51,7.94,,7.99,209.520004,216.119995,,,6.64,6.1,,,,,1.596,1.581,,1.596,1.581,
2025/11/10 00:00,2.58,2.24,,,8.5,7.95,,7.95,209.520004,216.119995,,,6.68,,,,,,1.59,1.579,,1.59,1.579,
2025/11/10 00:00,2.59,2.24,,1.68,8.5,7.95,,7.95,209.279999,216.119995,,221,6.65,,,,,,1.595,1.582,,1.595,1.582,
2025/11/10 00:00,2.59,2.23,,1.68,8.49,7.95,,7.95,209.279999,216.360001,,220.270004,6.68,,5.81,,,,1.586,,,1.586,,
2025/11/10 00:00,2.59,2.23,,1.68,8.49,7.95,,7.95,209.039993,216.360001,,220.270004,6.65,,5.78,,,,1.591,,1.567,1.591,,1.567
2025/11/10 00:00,2.59,2.22,,1.67,8.49,7.95,,7.95,209.039993,216.119995,,220.020004,6.67,,5.82,,,,1.581,,1.566,1.581,,1.566
2025/11/10 00:00,2.58,2.22,,1.67,8.48,7.95,7.96,,209.279999,215.630005,,,6.7,,5.81,,,,1.599,,,1.599,,
2025/11/10 00:00,2.57,2.23,1.96,,8.48,7.95,7.99,,209.279999,216.360001,,,6.71,6.06,,,,,1.588,1.57,,1.588,1.57,
2025/11/10 00:00,2.59,2.23,1.96,,8.47,7.95,7.99,,209.279999,216.119995,219.050003,,6.71,6.1,,,,,1.581,,,1.581,,
2025/11/10 00:00,2.58,2.23,1.96,,8.46,7.95,7.99,,209.520004,216.360001,218.800003,,6.71,6.09,,,,,1.582,1.574,,1.582,1.574,
2025/11/10 00:00,2.58,2.23,1.96,,8.45,7.95,7.99,,209.039993,216.360001,219.050003,,6.71,6.14,,,,,1.593,1.578,,1.593,1.578,
2025/11/10 00:00,2.56,2.23,1.96,,8.45,7.95,7.99,,209.279999,216.360001,219.050003,,6.7,6.1,,,,,1.594,1.583,,1.594,1.583,
2025/11/10 00:00,2.57,2.23,,,8.44,7.95,,7.99,209.279999,216.119995,,,6.68,6.1,,,,,1.59,1.575,,1.59,1.575,
2025/11/10 00:00,2.57,2.23,,1.68,8.43,7.95,,7.96,209.039993,216.119995,,,6.7,6,,,,,1.585,,,1.585,,
2025/11/10 00:00,2.58,2.23,,1.67,8.43,7.95,,7.96,209.279999,216.119995,,220.020004,6.72,,,,,,1.593,,,1.593,,
2025/11/10 00:00,2.58,2.23,,1.67,8.43,7.95,,7.96,209.279999,216.119995,,220.509995,6.73,,,,,,1.581,,1.566,1.581,,1.566
2025/11/10 00:00,2.56,2.23,,1.66,8.41,7.95,,7.96,209.279999,216.360001,,219.779999,6.72,,5.89,,,,1.593,,1.572,1.593,,1.572
2025/11/10 00:00,2.57,2.23,,1.66,8.4,7.95,,7.96,209.279999,216.119995,,220.509995,6.7,,5.88,,,,1.585,,1.574,1.585,,1.574
2025/11/10 00:00,2.57,2.23,,1.67,8.4,7.95,7.97,,209.520004,216.119995,,,6.73,,5.9,,,,1.593,,1.572,1.593,,1.572
2025/11/10 00:00,2.57,2.23,1.96,,8.39,7.95,7.99,,209.279999,216.119995,,,6.67,6.1,,,,,1.593,,1.571,1.593,,1.571
2025/11/10 00:00,2.57,2.23,1.96,,8.38,7.95,7.99,,209.279999,216.119995,219.050003,,6.7,6.1,,,,,1.59,,,1.59,,
2025/11/10 00:00,2.57,2.23,1.96,,8.38,7.95,7.99,,209.279999,216.360001,218.800003,,6.76,6.1,,,,,1.586,1.588,,1.586,1.588,
2025/11/11 00:00,2.56,2.23,1.96,,8.36,7.95,7.99,,209.279999,216.119995,218.800003,,6.7,6.08,,,,,1.584,1.581,,1.584,1.581,
2025/11/11 00:00,2.56,2.23,1.96,,8.36,7.95,7.99,,209.520004,216.119995,218.800003,,6.74,6.07,,,,,1.597,1.58,,1.597,1.58,
2025/11/11 00:00,2.57,2.24,1.95,,8.35,7.95,,7.99,209.279999,216.360001,,,6.76,6.15,,,,,1.589,1.578,,1.589,1.578,
2025/11/11 00:00,2.57,2.24,,1.68,8.32,7.95,,7.96,209.279999,216.360001,,,6.72,6.03,,,,,1.586,1.575,,1.586,1.575,
2025/11/11 00:00,2.57,2.23,,1.68,8.31,7.95,,7.96,209.279999,216.119995,,220.270004,6.71,,,,,,1.592,1.586,,1.592,1.586,
2025/11/11 00:00,2.56,2.23,,1.68,8.31,7.96,,7.95,209.520004,216.360001,,220.020004,6.71,,5.89,,,,1.59,,1.573,1.59,,1.573
2025/11/11 00:00,2.56,2.23,,1.68,8.28,7.95,,7.96,209.279999,216.360001,,220.270004,6.76,,5.88,,,,1.586,,1.564,1.586,,1.564
2025/11/11 00:00,2.57,2.24,,1.68,8.3,7.95,,7.95,209.520004,216.360001,,220.020004,6.71,,5.86,,,,1.578,,1.569,1.578,,1.569
2025/11/11 00:00,2.57,2.24,,1.68,8.27,7.95,7.96,,209.520004,216.360001,,,6.76,,5.86,,,,1.585,,,1.585,,
2025/11/11 00:00,2.57,2.24,1.96,,8.26,7.95,7.99,,209.520004,216.360001,,,6.74,6.1,,,,,1.587,,,1.587,,
2025/11/11 00:00,2.56,2.24,1.96,,8.23,7.95,7.99,,209.279999,216.119995,219.050003,,6.71,6.1,,,,,1.577,1.565,,1.577,1.565,
2025/11/11 00:00,2.56,2.24,1.96,,8.22,7.94,7.99,,209.520004,216.360001,219.050003,,6.71,6.15,,,,,1.581,1.578,,1.581,1.578,
2025/11/11 00:00,2.56,2.24,1.96,,8.21,7.95,7.99,,209.770004,216.360001,219.539993,,6.71,6.12,,,,,1.592,1.576,,1.592,1.576,
2025/11/11 00:00,2.56,2.24,1.97,,8.2,7.95,7.99,,209.520004,216.119995,219.539993,,6.71,6.12,,,,,1.586,1.58,,1.586,1.58,
2025/11/11 00:00,2.55,2.24,1.96,,8.19,7.95,,7.99,209.279999,216.360001,,,6.68,6.13,,,,,1.588,,,1.588,,
2025/11/11 00:00,2.54,2.23,,,8.16,7.95,,7.96,209.279999,216.119995,,,6.69,,,,,,1.587,1.578,,1.587,1.578,
2025/11/11 00:00,2.54,2.23,,1.68,8.15,7.95,,7.95,209.520004,216.360001,,220.759995,6.69,,5.92,,,,1.603,1.58,,1.603,1.58,
2025/11/11 00:00,2.54,2.23,,1.68,8.14,7.94,,7.96,208.789993,216.119995,,221,6.71,,5.84,,,,1.58,,,1.58,,
2025/11/11 00:00,2.54,2.23,,1.68,8.11,7.94,,7.96,209.520004,216.119995,,220.759995,6.67,,5.91,,,,1.592,,1.564,1.592,,1.564
2025/11/11 00:00,2.53,2.23,,1.68,8.1,7.94,,7.96,209.520004,216.119995,,221.490005,6.71,,5.9,,,,1.591,,1.57,1.591,,1.57
2025/11/11 00:00,2.53,2.23,,1.68,8.09,7.94,7.96,,209.520004,215.869995,,,6.7,,5.92,,,,1.592,,1.57,1.592,,1.57
2025/11/11 00:00,2.53,2.24,1.96,,8.05,7.94,7.99,,209.520004,216.610001,,,6.68,6.11,,,,,1.594,1.565,,1.594,1.565,
2025/11/11 00:00,2.53,2.24,1.96,,8.02,7.94,7.99,,209.279999,216.360001,220.270004,,6.7,6.1,,,,,1.587,1.565,,1.587,1.565,
2025/11/11 00:00,2.53,2.24,1.97,,8.01,7.94,7.98,,209.279999,216.119995,220.270004,,6.68,6.08,,,,,1.586,1.576,,1.586,1.576,
2025/11/11 00:00,2.53,2.24,1.97,,8,7.94,7.98,,209.520004,216.360001,220.020004,,6.68,6.11,,,,,1.589,,,1.589,,
2025/11/11 00:00,2.53,2.24,1.97,,7.98,7.94,7.98,,209.520004,216.119995,220.020004,,6.67,6.12,,,,,1.578,1.578,,1.578,1.578,
2025/11/11 00:00,2.51,2.24,1.96,,7.96,7.93,,7.99,209.520004,216.119995,,,6.68,6.1,,,,,1.594,1.578,,1.594,1.578,
2025/11/11 00:00,2.5,2.23,,,7.93,7.93,,7.96,209.279999,216.119995,,,6.69,6.09,,,,,1.58,1.574,,1.58,1.574,
2025/11/11 00:00,2.5,2.24,,1.67,7.92,7.93,,7.96,209.279999,216.119995,,221,6.69,,,,,,1.585,,,1.585,,
2025/11/11 00:00,2.51,2.24,,1.68,7.9,7.94,,7.96,209.520004,216.119995,,221.25,6.67,,5.95,,,,1.592,,1.575,1.592,,1.575
2025/11/11 00:00,2.5,2.23,,1.68,7.9,7.93,,7.96,209.279999,216.360001,,221,6.65,,5.96,,,,1.589,,,1.589,,
2025/11/11 00:00,1.32,2.23,,1.68,,7.93,,7.96,,216.119995,,221.25,6.73,,5.94,,,,1.578,,1.566,1.578,,1.566
2025/11/11 00:00,0.47,2.23,,1.68,,7.93,7.96,,,216.119995,,,6.7,,5.93,,,,1.587,,1.574,1.587,,1.574
2025/11/11 00:00,0.34,2.23,1.96,,,7.93,7.99,,,216.119995,,,6.67,6.11,,,,,1.592,,1.569,1.592,,1.569
2025/11/11 00:00,0.31,2.23,1.96,,,7.94,7.99,,,216.119995,220.270004,,6.71,6.12,,,,,1.589,1.57,,1.589,1.57,
2025/11/11 00:00,0.95,2.23,1.96,,,7.93,7.98,,,216.119995,219.779999,,6.69,6.14,,,,,1.591,1.58,,1.591,1.58,
2025/11/11 00:00,2.28,2.23,1.96,,,7.93,7.99,,,216.360001,220.020004,,6.68,6.16,,,,,1.589,1.581,,1.589,1.581,
2025/11/11 00:00,2.8,2.23,1.97,,8.69,7.93,7.99,,209.039993,216.360001,220.020004,,6.66,6.14,,,,,1.583,1.574,,1.583,1.574,
2025/11/11 00:00,2.63,2.23,,,8.65,7.92,,7.99,209.279999,216.360001,,,6.7,6.15,,,,,1.58,,,1.58,,
2025/11/11 00:00,2.59,2.23,,,8.62,7.93,,7.95,209.770004,216.360001,,,6.7,6.07,,,,,1.589,1.578,,1.589,1.578,
2025/11/11 00:00,2.64,2.24,,1.69,8.58,7.92,,7.96,209.770004,215.869995,,221.979996,6.66,,,,,,1.585,1.581,,1.585,1.581,
2025/11/11 00:00,2.62,2.24,,1.69,8.58,7.94,,7.95,210.009995,215.869995,,221,6.63,,5.87,,,,1.573,,,1.573,,
2025/11/11 00:00,2.62,2.23,,1.69,8.57,7.95,,7.96,209.520004,216.360001,,221.25,6.7,,5.81,,,,1.601,,1.565,1.601,,1.565
2025/11/11 00:00,2.61,2.22,,1.69,8.57,7.95,,7.95,209.279999,216.119995,,220.759995,6.68,,5.83,,,,1.596,,1.566,1.596,,1.566
2025/11/11 00:00,2.61,2.23,,1.69,8.57,7.95,7.95,,209.279999,215.869995,,,6.69,,5.81,,,,1.584,,1.565,1.584,,1.565
2025/11/11 00:00,2.61,2.23,1.96,,8.56,7.94,7.99,,209.279999,216.119995,,,6.68,,,,,,1.594,,,1.594,,
2025/11/11 00:00,2.61,2.23,1.96,,8.56,7.95,7.98,,209.039993,216.119995,219.289993,,6.73,6.14,,,,,1.585,,1.562,1.585,,1.562
2025/11/11 00:00,2.61,2.23,1.96,,8.55,7.95,7.98,,209.039993,216.119995,219.050003,,6.68,6.08,,,,,1.588,1.58,,1.588,1.58,
2025/11/11 00:00,2.6,2.23,1.96,,8.55,7.95,7.99,,209.039993,215.869995,219.050003,,6.7,6.14,,,,,1.586,1.574,,1.586,1.574,
2025/11/11 00:00,2.6,2.23,1.97,,8.54,7.95,7.98,,209.279999,215.869995,219.050003,,6.73,6.1,,,,,1.582,1.584,,1.582,1.584,
2025/11/11 00:00,2.6,2.23,1.95,,8.54,7.95,,7.98,209.279999,216.119995,,,6.7,6.15,,,,,1.581,1.574,,1.581,1.574,
2025/11/11 00:00,2.6,2.24,,1.68,8.54,7.94,,7.96,209.520004,216.119995,,,6.7,6.06,,,,,1.588,,,1.588,,
2025/11/11 00:00,2.6,2.24,,1.67,8.53,7.96,,7.96,209.279999,216.360001,,220.020004,6.67,,,,,,1.581,1.58,,1.581,1.58,
2025/11/11 00:00,2.61,2.23,,1.67,8.53,7.96,,7.96,209.520004,216.119995,,219.779999,6.68,,5.93,,,,1.59,,1.571,1.59,,1.571
2025/11/11 00:00,2.6,2.24,,1.68,8.52,7.95,,7.96,209.520004,216.360001,,220.270004,6.69,,5.91,,,,1.585,,1.569,1.585,,1.569
2025/11/11 00:00,2.6,2.24,,1.67,8.52,7.95,,7.96,209.520004,216.360001,,220.020004,6.67,,5.87,,,,1.575,,1.573,1.575,,1.573
2025/11/11 00:00,2.6,2.24,,1.68,8.51,7.96,7.95,,209.279999,216.119995,,,6.68,,5.9,,,,1.591,,1.567,1.591,,1.567
2025/11/11 00:00,2.59,2.24,1.96,,8.51,7.95,7.98,,209.279999,216.119995,,,6.69,,,,,,1.588,,,1.588,,
2025/11/11 00:00,2.59,2.23,1.95,,8.5,7.96,7.98,,209.520004,216.119995,218.559998,,6.69,6.12,,,,,1.581,1.585,,1.581,1.585,
2025/11/11 00:00,2.6,2.23,1.95,,8.5,7.95,7.98,,208.789993,216.119995,219.050003,,6.7,6.11,,,,,1.583,1.578,,1.583,1.578,
2025/11/11 00:00,2.6,2.23,1.96,,8.49,7.95,7.98,,209.039993,216.119995,218.559998,,6.67,6.09,,,,,1.584,1.578,,1.584,1.578,
2025/11/11 00:00,2.6,2.23,1.95,,8.49,7.95,7.98,,209.520004,216.360001,218.559998,,6.73,6.09,,,,,1.586,1.572,,1.586,1.572,
2025/11/11 00:00,2.59,2.23,,,8.47,7.96,,7.98,209.279999,215.869995,,,6.71,6.09,,,,,1.584,1.581,,1.584,1.581,
2025/11/11 00:00,2.59,2.23,,,8.47,7.95,,7.95,209.279999,216.119995,,,6.7,6.04,,,,,1.587,1.579,,1.587,1.579,
2025/11/11 00:00,2.6,2.23,,1.68,8.46,7.96,,7.96,209.279999,216.119995,,220.020004,6.75,,,,,,1.59,,1.562,1.59,,1.562
2025/11/11 00:00,2.59,2.24,,1.68,8.46,7.96,,7.96,209.279999,216.360001,,220.270004,6.66,,5.87,,,,1.588,,1.568,1.588,,1.568
2025/11/11 00:00,2.59,2.23,,1.68,8.45,7.95,,7.96,209.520004,216.119995,,220.020004,6.68,,5.88,,,,1.584,,1.565,1.584,,1.565
2025/11/11 00:00,2.57,2.23,,1.68,8.45,7.96,,7.96,209.279999,216.119995,,220.270004,6.67,,5.85,,,,1.585,,,1.585,,
2025/11/11 00:00,2.58,2.23,,1.68,8.44,7.96,7.96,,209.279999,215.869995,,,6.74,,5.84,,,,1.584,,1.568,1.584,,1.568
2025/11/11 00:00,2.58,2.23,1.96,,8.43,7.95,7.99,,209.279999,216.119995,,,6.7,,,,,,1.591,,1.569,1.591,,1.569
2025/11/11 00:00,2.58,2.24,1.96,,8.43,7.95,7.99,,209.520004,216.119995,219.050003,,6.74,6.13,,,,,1.592,1.581,,1.592,1.581,
2025/11/11 00:00,2.58,2.24,1.96,,8.42,7.95,7.98,,209.520004,215.869995,219.539993,,6.68,6.13,,,,,1.598,1.579,,1.598,1.579,
2025/11/11 00:00,2.58,2.24,1.96,,8.42,7.95,7.99,,209.279999,216.119995,219.289993,,6.72,6.07,,,,,1.583,1.577,,1.583,1.577,
2025/11/11 00:00,2.58,2.24,1.97,,8.41,7.95,7.99,,209.279999,216.360001,219.289993,,6.7,6.08,,,,,1.579,1.581,,1.579,1.581,
2025/11/11 00:00,2.57,2.24,,,8.39,7.95,,7.98,209.279999,216.119995,,,6.68,6.07,,,,,1.595,,,1.595,,
2025/11/11 00:00,2.58,2.24,,1.68,8.39,7.95,,7.96,209.279999,216.360001,,,6.69,,,,,,1.574,1.576,,1.574,1.576,
2025/11/11 00:00,2.59,2.24,,1.67,8.38,7.95,,7.97,209.279999,216.119995,,220.509995,6.67,,5.91,,,,1.584,,1.568,1.584,,1.568
2025/11/11 00:00,2.58,2.23,,1.67,8.37,7.95,,7.96,209.520004,216.119995,,221,6.73,,5.94,,,,1.596,,1.566,1.596,,1.566
2025/11/11 00:00,2.58,2.23,,1.67,8.36,7.95,,7.96,209.279999,216.360001,,220.759995,6.68,,5.97,,,,1.59,,1.565,1.59,,1.565
2025/11/11 00:00,2.58,2.23,,1.67,8.35,7.96,,7.96,209.520004,216.119995,,220.759995,6.67,,5.92,,,,1.595,,,1.595,,
2025/11/11 00:00,2.58,2.23,,1.67,8.34,7.95,7.96,,209.279999,216.360001,,,6.71,,5.95,,,,1.587,,1.566,1.587,,1.566
2025/11/11 00:00,2.57,2.23,1.96,,8.32,7.96,7.98,,209.520004,216.119995,,,6.7,,,,,,1.588,,1.567,1.588,,1.567
2025/11/11 00:00,2.57,2.23,1.95,,8.31,7.96,7.98,,209.770004,216.360001,220.020004,,6.72,6.1,,,,,1.591,,,1.591,,
2025/11/11 00:00,2.56,2.23,1.96,,8.3,7.96,7.99,,209.279999,216.119995,220.020004,,6.69,6.14,,,,,1.581,1.577,,1.581,1.577,
2025/11/11 00:00,2.56,2.23,1.96,,8.29,7.96,7.99,,209.520004,216.119995,220.270004,,6.68,6.12,,,,,1.597,1.577,,1.597,1.577,
2025/11/11 00:00,2.56,2.24,1.96,,8.27,7.96,7.99,,209.520004,216.119995,220.020004,,6.69,6.11,,,,,1.593,,,1.593,,
2025/11/11 00:00,2.57,2.24,,,8.26,7.95,,7.98,209.520004,216.119995,,,6.69,6.13,,,,,1.595,1.58,,1.595,1.58,
2025/11/11 00:00,2.56,2.24,,,8.25,7.96,,7.96,209.520004,216.119995,,,6.68,,,,,,1.587,1.575,,1.587,1.575,
2025/11/11 00:00,2.55,2.24,,1.68,8.2,7.95,,7.96,209.279999,216.360001,,221.25,6.67,,5.94,,,,1.58,,1.566,1.58,,1.566
2025/11/11 00:00,2.55,2.23,,1.68,8.2,7.95,,7.96,209.279999,216.360001,,221.25,6.75,,5.98,,,,1.585,,1.57,1.585,,1.57
2025/11/11 00:00,2.55,2.24,,1.67,8.17,7.96,,7.95,209.279999,216.360001,,221,6.69,,5.95,,,,1.584,,1.564,1.584,,1.564
2025/11/11 00:00,2.56,2.24,,1.68,8.15,7.96,,7.95,209.279999,216.119995,,221.25,6.69,,5.92,,,,1.583,,1.569,1.583,,1.569
2025/11/11 00:00,2.56,2.24,,1.68,8.15,7.95,7.96,,209.520004,216.360001,,,6.71,,5.9,,,,1.589,,1.568,1.589,,1.568
2025/11/11 00:00,2.55,2.24,1.96,,8.13,7.95,7.99,,209.520004,216.119995,,,6.7,6.07,,,,,1.589,,1.559,1.589,,1.559
2025/11/11 00:00,2.54,2.24,1.96,,8.13,7.96,7.98,,209.279999,216.119995,220.270004,,6.69,6.11,,,,,1.586,,,1.586,,
2025/11/11 00:00,2.54,2.24,1.96,,8.12,7.95,7.99,,209.520004,216.119995,220.509995,,6.7,6.14,,,,,1.58,,,1.58,,
2025/11/11 00:00,2.54,2.24,1.97,,8.1,7.94,7.98,,209.520004,216.119995,220.509995,,6.7,6.16,,,,,1.577,1.579,,1.577,1.579,
2025/11/11 00:00,2.54,2.24,1.97,,8.09,7.95,7.98,,209.520004,216.119995,219.779999,,6.7,6.13,,,,,1.585,1.572,,1.585,1.572,
2025/11/11 00:00,2.52,2.23,,,8.04,7.95,,7.98,209.520004,216.119995,,,6.69,6.13,,,,,1.589,1.579,,1.589,1.579,
2025/11/11 00:00,2.52,2.24,,1.7,8.04,7.95,,7.96,209.279999,216.119995,,,6.68,,,,,,1.587,1.577,,1.587,1.577,
2025/11/11 00:00,2.54,2.24,,1.7,8.01,7.94,,7.95,209.279999,216.360001,,222.470001,6.69,,5.95,,,,1.588,,1.56,1.588,,1.56
2025/11/11 00:00,2.54,2.25,,1.7,7.99,7.94,,7.95,209.520004,216.360001,,221.729996,6.66,,5.89,,,,1.585,,,1.585,,
2025/11/11 00:00,2.54,2.25,,1.71,7.99,7.94,,7.95,209.520004,216.360001,,221.490005,6.67,,5.8,,,,1.591,,1.564,1.591,,1.564
2025/11/11 00:00,2.51,2.24,,1.7,7.96,7.94,,7.95,209.279999,216.360001,,220.759995,6.67,,5.8,,,,1.593,,1.56,1.593,,1.56
2025/11/11 00:00,1.37,2.24,,1.71,,7.94,7.95,,,216.360001,,,6.68,,5.73,,,,1.585,,1.557,1.585,,1.557
2025/11/11 00:00,0.48,2.24,1.97,,,7.94,7.98,,,216.119995,,,6.68,,,,,,1.575,,1.557,1.575,,1.557
2025/11/11 00:00,0.35,2.24,1.98,,,7.93,7.97,,,216.119995,219.539993,,6.66,6.11,,,,,1.588,1.575,,1.588,1.575,
2025/11/11 00:00,0.31,2.24,1.98,,,7.94,7.98,,,216.119995,219.289993,,6.65,6.11,,,,,1.586,1.576,,1.586,1.576,
2025/11/11 00:00,0.98,2.24,1.98,,,7.94,7.98,,,216.360001,219.289993,,6.69,6.13,,,,,1.588,1.571,,1.588,1.571,
2025/11/11 00:00,2.33,2.24,1.98,,8.69,7.94,7.98,,,216.360001,219.050003,,6.7,6.08,,,,,1.591,1.577,,1.591,1.577,
2025/11/11 00:00,2.79,2.24,,,8.7,7.94,,,,216.119995,,,6.67,6.1,,,,,1.593,1.572,,1.593,1.572,
2025/11/11 00:00,2.63,2.24,,,8.67,7.94,,7.95,209.279999,216.119995,,,6.69,6,,,,,1.594,1.576,,1.594,1.576,
2025/11/11 00:00,2.59,2.24,,1.69,8.63,7.93,,7.95,209.039993,216.360001,,,6.69,,5.9,,,,1.589,,1.567,1.589,,1.567
2025/11/11 00:00,2.63,2.24,,1.69,8.6,7.93,,7.95,209.279999,216.360001,,220.020004,6.72,,5.89,,,,1.588,,1.562,1.588,,1.562
2025/11/11 00:00,2.61,2.24,,1.69,8.59,7.95,,7.95,209.279999,215.869995,,219.539993,6.69,,5.9,,,,1.588,,1.567,1.588,,1.567
2025/11/11 00:00,2.61,2.23,,1.69,8.59,7.95,,7.95,209.279999,216.119995,,220.509995,6.68,,5.93,,,,1.589,,1.563,1.589,,1.563
2025/11/11 00:00,2.61,2.24,,,8.58,7.95,,,209.279999,216.360001,,,6.7,,5.9,,,,1.585,,1.566,1.585,,1.566
2025/11/11 00:00,2.6,2.24,1.98,,8.58,7.94,7.97,,209.520004,215.869995,,,6.73,,,,,,1.59,,1.563,1.59,,1.563
2025/11/11 00:00,2.61,2.24,1.98,,8.58,7.94,7.97,,209.279999,216.119995,,,6.72,6.11,,,,,1.59,,,1.59,,
2025/11/11 00:00,2.6,2.24,1.97,,8.59,7.95,7.98,,209.520004,216.119995,218.800003,,6.7,6.11,,,,,1.592,1.573,,1.592,1.573,
2025/11/11 00:00,2.6,2.24,1.98,,8.55,7.95,7.98,,209.039993,216.119995,218.800003,,6.69,6.13,,,,,1.588,1.574,,1.588,1.574,
2025/11/11 00:00,2.6,2.24,1.98,,8.55,7.95,7.98,,209.039993,215.869995,218.800003,,6.68,6.12,,,,,1.576,,,1.576,,
2025/11/11 00:00,2.6,2.25,,,8.56,7.95,,,209.039993,216.119995,,,6.72,6.07,,,,,1.576,1.573,,1.576,1.573,
2025/11/11 00:00,2.6,2.24,,1.71,8.56,7.94,,7.95,209.279999,216.119995,,,6.69,,,,,,1.589,1.574,,1.589,1.574,
2025/11/11 00:00,2.6,2.24,,1.71,8.55,7.95,,7.95,208.789993,216.119995,,,6.72,,,,,,1.588,,,1.588,,
2025/11/11 00:00,2.6,2.24,,1.7,8.55,7.95,,7.94,209.039993,216.360001,,219.289993,6.66,,5.88,,,,1.589,,1.561,1.589,,1.561
2025/11/11 00:00,2.6,2.24,,1.71,8.54,7.95,,7.95,208.789993,216.119995,,220.509995,6.6,,5.82,,,,1.589,,1.559,1.589,,1.559
2025/11/11 00:00,2.61,2.24,,1.7,8.53,7.94,,7.95,209.039993,216.360001,,219.539993,6.61,,5.82,,,,1.587,,1.553,1.587,,1.553
2025/11/11 00:00,2.64,2.24,,1.71,8.52,7.94,,7.95,208.789993,216.119995,,220.509995,6.6,,5.83,,,,1.589,,,1.589,,
2025/11/11 00:00,2.62,2.24,,,8.52,7.95,7.95,,209.039993,216.119995,,,6.64,,,,,,1.58,,1.559,1.58,,1.559
2025/11/11 00:00,2.61,2.25,1.98,,8.51,7.95,7.93,,209.039993,215.869995,,,6.63,6.06,,,,,1.575,1.578,,1.575,1.578,
2025/11/11 00:00,2.61,2.24,1.98,,8.51,7.94,7.94,,209.520004,216.360001,217.830002,,6.62,6.05,,,,,1.583,,,1.583,,
2025/11/11 00:00,2.6,2.24,1.98,,8.5,7.95,7.94,,209.039993,216.119995,218.320007,,6.64,6.02,,,,,1.603,1.575,,1.603,1.575,
2025/11/11 00:00,2.61,2.23,1.98,,8.5,7.95,7.93,,209.279999,216.850006,218.070007,,6.64,6.08,,,,,1.583,1.576,,1.583,1.576,
2025/11/11 00:00,2.61,2.22,1.97,,8.5,7.94,7.94,,209.279999,216.610001,218.320007,,6.63,6.05,,,,,1.59,,,1.59,,
2025/11/11 00:00,2.61,2.23,,1.69,8.48,7.94,,7.94,209.279999,216.850006,,,6.61,6.05,,,,,1.586,,1.576,1.586,,1.576
2025/11/11 00:00,2.6,2.23,,1.68,8.47,7.94,,7.94,209.279999,217.089996,,,6.66,,5.96,,,,1.595,,1.56,1.595,,1.56
2025/11/11 00:00,2.61,2.23,,1.68,8.46,7.94,,7.93,209.279999,217.089996,,219.050003,6.64,,5.92,,,,1.588,,,1.588,,
2025/11/11 00:00,2.61,2.24,,1.68,8.45,7.94,,7.94,209.279999,216.850006,,220.020004,6.65,,5.95,,,,1.586,,1.563,1.586,,1.563
2025/11/11 00:00,2.6,2.24,,1.68,8.44,7.94,,7.93,209.279999,216.850006,,219.779999,6.65,,5.9,,,,1.597,,1.563,1.597,,1.563
2025/11/11 00:00,2.61,2.25,,1.68,8.44,7.93,,7.93,209.279999,216.850006,,220.020004,6.65,,5.93,,,,1.59,,1.557,1.59,,1.557
2025/11/11 00:00,2.6,2.24,1.96,,8.43,7.93,7.91,,209.520004,217.339996,,,6.66,,,,,,1.59,1.568,,1.59,1.568,
2025/11/11 00:00,2.6,2.24,1.97,,8.41,7.94,7.92,,209.770004,217.089996,,,6.64,6.06,,,,,1.583,,,1.583,,
2025/11/11 00:00,2.6,2.25,1.97,,8.41,7.94,7.91,,209.520004,217.089996,219.050003,,6.68,6.08,,,,,1.583,1.574,,1.583,1.574,
2025/11/11 00:00,2.61,2.25,1.97,,8.4,7.93,7.92,,209.770004,217.089996,218.800003,,6.64,6.05,,,,,1.589,1.574,,1.589,1.574,
2025/11/11 00:00,2.61,2.26,1.97,,8.39,7.94,7.92,,209.520004,217.089996,218.800003,,6.65,6.04,,,,,1.589,1.569,,1.589,1.569,
2025/11/11 00:00,2.59,2.25,1.97,,8.37,7.93,7.91,,209.279999,217.089996,218.800003,,6.64,6.07,,,,,1.581,1.574,,1.581,1.574,
2025/11/11 00:00,2.6,2.25,,,8.36,7.93,,7.93,209.279999,217.089996,,,6.63,6.05,,,,,1.592,,,1.592,,
2025/11/11 00:00,2.6,2.25,,1.69,8.36,7.93,,7.92,209.279999,217.089996,,,6.6,,,,,,1.576,,,1.576,,
2025/11/11 00:00,2.6,2.25,,1.7,8.35,7.93,,7.92,209.520004,216.850006,,220.020004,6.65,,5.89,,,,1.578,,1.558,1.578,,1.558
2025/11/11 00:00,2.6,2.25,,1.69,8.33,7.93,,7.92,209.279999,217.089996,,219.539993,6.63,,5.87,,,,1.583,,1.561,1.583,,1.561
2025/11/11 00:00,2.61,2.25,,1.69,8.32,7.93,,7.92,209.279999,216.850006,,220.020004,6.66,,5.84,,,,1.584,,1.561,1.584,,1.561
2025/11/11 00:00,2.59,2.25,,1.69,8.3,7.93,,7.92,209.520004,216.850006,,219.539993,6.63,,5.89,,,,1.595,,1.582,1.595,,1.582
2025/11/11 00:00,2.59,2.25,1.96,,8.29,7.94,7.91,,209.520004,216.850006,,,6.6,,,,,,1.587,,,1.587,,
2025/11/11 00:00,2.6,2.25,1.96,,8.28,7.93,7.92,,209.279999,216.850006,,,6.64,6.05,,,,,1.591,1.574,,1.591,1.574,
2025/11/11 00:00,2.6,2.25,1.96,,8.27,7.93,7.92,,209.279999,217.089996,218.800003,,6.61,6.02,,,,,1.593,1.577,,1.593,1.577,
2025/11/11 00:00,2.6,2.25,1.96,,8.25,7.92,7.92,,209.279999,216.850006,218.559998,,6.63,6.03,,,,,1.584,,,1.584,,
2025/11/11 00:00,2.59,2.25,1.96,,8.24,7.92,7.91,,209.520004,217.089996,218.320007,,6.59,6.06,,,,,1.589,1.581,,1.589,1.581,
2025/11/11 00:00,2.59,2.25,1.97,,8.22,7.93,7.92,,209.520004,216.610001,219.050003,,6.62,6.05,,,,,1.58,1.584,,1.58,1.584,
2025/11/11 00:00,2.59,2.26,,,8.22,7.92,,7.92,209.279999,216.610001,,,6.59,6.03,,,,,1.585,1.574,,1.585,1.574,
2025/11/11 00:00,2.6,2.26,,1.69,8.19,7.93,,7.91,209.520004,216.610001,,,6.6,,,,,,1.586,,1.559,1.586,,1.559
2025/11/11 00:00,2.62,2.25,,1.7,8.18,7.92,,7.91,209.770004,216.610001,,220.020004,6.62,,5.88,,,,1.592,,1.561,1.592,,1.561
2025/11/11 00:00,2.59,2.26,,1.7,8.16,7.92,,7.91,209.279999,216.610001,,219.289993,6.6,,5.81,,,,1.574,,1.559,1.574,,1.559
2025/11/11 00:00,2.6,2.25,,1.7,8.15,7.92,,7.91,209.520004,216.850006,,219.289993,6.61,,5.78,,,,1.587,,1.56,1.587,,1.56
2025/11/11 00:00,2.6,2.25,,1.69,8.13,7.92,,7.91,209.520004,216.610001,,219.050003,6.61,,5.8,,,,1.583,,1.557,1.583,,1.557
2025/11/11 00:00,2.6,2.25,1.98,,8.12,7.92,7.91,,209.520004,216.610001,,,6.57,,5.84,,,,1.584,,1.565,1.584,,1.565
2025/11/11 00:00,2.6,2.25,1.98,,8.11,7.92,7.91,,209.520004,216.610001,,,6.63,6.06,,,,,1.58,1.577,,1.58,1.577,
2025/11/11 00:00,2.6,2.25,1.98,,8.09,7.92,7.91,,209.520004,216.360001,217.830002,,6.61,6.06,,,,,1.585,1.579,,1.585,1.579,
2025/11/11 00:00,2.6,2.25,1.98,,8.07,7.92,7.92,,209.520004,216.360001,217.830002,,6.63,6.02,,,,,1.579,1.587,,1.579,1.587,
2025/11/11 00:00,2.6,2.26,1.99,,8.05,7.92,7.91,,209.279999,216.360001,217.830002,,6.61,6.02,,,,,1.591,1.576,,1.591,1.576,
2025/11/11 00:00,2.6,2.26,1.99,,8.04,7.91,7.91,,209.279999,216.610001,217.830002,,6.58,6,,,,,1.592,1.575,,1.592,1.575,
2025/11/11 00:00,2.6,2.26,,,8.03,7.91,,7.91,209.279999,216.610001,,,6.57,,,,,,1.586,1.574,,1.586,1.574,
2025/11/11 00:00,2.59,2.26,,1.72,8.02,7.91,,7.92,209.279999,216.119995,,,6.6,,5.9,,,,1.587,,1.564,1.587,,1.564
2025/11/11 00:00,2.59,2.25,,1.7,8.01,7.91,,7.91,209.279999,216.610001,,219.779999,6.63,,5.91,,,,1.591,,1.569,1.591,,1.569
2025/11/11 00:00,2.59,2.26,,1.72,8,7.91,,7.92,209.520004,216.610001,,220.509995,6.62,,5.88,,,,1.595,,1.557,1.595,,1.557
2025/11/11 00:00,2.59,2.26,,1.71,7.98,7.91,,7.92,209.279999,216.610001,,220.020004,6.61,,5.83,,,,1.592,,1.563,1.592,,1.563
2025/11/11 00:00,2.59,2.26,,1.7,7.96,7.91,,7.92,209.520004,216.610001,,219.539993,6.6,,5.81,,,,1.594,,1.563,1.594,,1.563
2025/11/11 00:00,2.57,2.26,1.99,,7.94,7.91,7.92,,209.039993,216.360001,,,6.61,,5.89,,,,1.585,,1.563,1.585,,1.563
2025/11/11 00:00,2.58,2.25,1.99,,7.93,7.9,7.92,,209.039993,216.610001,,,6.61,6.04,,,,,1.58,1.573,,1.58,1.573,
2025/11/11 00:00,2.58,2.26,1.99,,7.92,7.9,7.92,,209.279999,216.850006,219.050003,,6.6,5.99,,,,,1.598,1.575,,1.598,1.575,
2025/11/11 00:00,2.58,2.26,1.99,,7.91,7.9,7.92,,209.039993,216.610001,219.050003,,6.56,5.98,,,,,1.587,,,1.587,,
2025/11/11 00:00,2.58,2.25,1.98,,7.9,7.9,7.92,,209.520004,216.850006,219.050003,,6.64,6.01,,,,,1.579,1.577,,1.579,1.577,
2025/11/11 00:00,2.56,2.25,1.98,,7.89,7.9,7.92,,209.770004,216.610001,219.289993,,6.6,6,,,,,1.588,1.577,,1.588,1.577,
2025/11/11 00:00,2.56,2.26,,,7.87,7.9,,7.93,209.520004,216.610001,,,6.59,6.03,,,,,1.585,1.575,,1.585,1.575,
2025/11/11 00:00,2.56,2.26,,1.7,7.87,7.9,,7.92,209.770004,216.119995,,,6.62,,,,,,1.586,,1.563,1.586,,1.563
2025/11/11 00:00,2.56,2.26,,1.67,7.86,7.89,,7.92,209.520004,216.610001,,220.509995,6.59,,5.81,,,,1.594,,1.561,1.594,,1.561
2025/11/11 00:00,2.55,2.26,,1.68,7.85,7.89,,7.92,209.770004,216.119995,,220.020004,6.58,,5.81,,,,1.584,,1.559,1.584,,1.559
2025/11/11 00:00,2.55,2.26,,1.68,7.84,7.89,,7.92,209.770004,216.360001,,220.270004,6.59,,5.8,,,,1.58,,,1.58,,
2025/11/11 00:00,1.63,2.26,,1.69,,7.89,,7.92,,216.610001,,220.270004,6.6,,5.76,,,,1.578,,1.563,1.578,,1.563
2025/11/11 00:00,0.54,2.25,,,,7.89,7.93,,,216.610001,,,6.59,,5.81,,,,1.592,,1.562,1.592,,1.562
2025/11/11 00:00,0.37,2.26,1.98,,,7.89,7.94,,,216.119995,,,6.62,6.06,,,,,1.589,,,1.589,,
2025/11/11 00:00,0.34,2.26,1.98,,,7.89,7.93,,,216.360001,218.800003,,6.56,6.04,,,,,1.595,,,1.595,,
2025/11/11 00:00,1.06,2.25,1.98,,,7.89,7.92,,,216.119995,219.050003,,6.61,6.02,,,,,1.592,1.582,,1.592,1.582,
2025/11/11 00:00,2.36,2.26,1.98,,8.68,7.88,7.93,,,216.119995,219.289993,,6.56,6,,,,,1.582,1.574,,1.582,1.574,
2025/11/11 00:00,2.74,2.26,1.98,,8.69,7.88,7.93,,210.009995,216.119995,219.289993,,6.62,6,,,,,1.584,1.572,,1.584,1.572,
2025/11/11 00:00,2.6,2.25,,,8.66,7.89,,7.93,210.259995,216.119995,,,6.6,6,,,,,1.589,1.58,,1.589,1.58,
2025/11/11 00:00,2.59,2.25,,1.7,8.62,7.88,,7.93,210.5,216.119995,,,6.6,,,,,,1.588,,1.561,1.588,,1.561
2025/11/11 00:00,2.62,2.25,,1.69,8.58,7.88,,7.94,210.990005,216.360001,,221,6.59,,5.89,,,,1.586,,1.563,1.586,,1.563
2025/11/11 00:00,2.61,2.24,,1.69,8.58,7.9,,7.93,210.990005,216.119995,,221,6.58,,5.86,,,,1.595,,1.568,1.595,,1.568
2025/11/11 00:00,2.6,2.24,,1.7,8.58,7.9,,7.94,210.990005,216.360001,,221.25,6.58,,5.93,,,,1.592,,1.562,1.592,,1.562
2025/11/11 00:00,2.6,2.25,,1.7,8.57,7.9,,7.94,210.5,216.360001,,221.490005,6.68,,5.9,,,,1.581,,1.562,1.581,,1.562
2025/11/11 00:00,2.59,2.25,1.99,,8.58,7.9,7.94,,210.740005,216.360001,,,6.62,,5.96,,,,1.589,,,1.589,,
2025/11/11 00:00,2.58,2.25,1.99,,8.58,7.9,7.94,,210.5,216.850006,,,6.62,6.08,,,,,1.6,1.585,,1.6,1.585,
2025/11/11 00:00,2.58,2.26,1.99,,8.57,7.91,7.94,,210.740005,216.119995,220.509995,,6.64,6.06,,,,,1.602,1.578,,1.602,1.578,
2025/11/11 00:00,2.58,2.25,1.99,,8.57,7.91,7.95,,210.5,216.610001,220.759995,,6.63,6.06,,,,,1.598,,,1.598,,
2025/11/11 00:00,2.58,2.25,2,,8.56,7.9,7.94,,210.5,216.119995,220.759995,,6.64,6.04,,,,,1.581,1.577,,1.581,1.577,
2025/11/11 00:00,2.58,2.26,2,,8.56,7.91,7.95,,210.5,216.119995,220.759995,,6.64,6.1,,,,,1.585,1.58,,1.585,1.58,
2025/11/11 00:00,2.58,2.25,,,8.56,7.9,,7.94,210.740005,216.850006,,,6.67,6.04,,,,,1.599,1.576,,1.599,1.576,
2025/11/11 00:00,2.58,2.25,,1.71,8.55,7.9,,7.93,210.740005,216.360001,,,6.66,,5.9,,,,1.6,,1.565,1.6,,1.565
2025/11/11 00:00,2.57,2.25,,1.71,8.55,7.91,,7.94,210.5,216.610001,,221,6.6,,5.91,,,,1.599,,1.564,1.599,,1.564
2025/11/11 00:00,2.57,2.25,,1.71,8.54,7.91,,7.93,210.5,216.119995,,221.729996,6.66,,5.87,,,,1.599,,,1.599,,
2025/11/11 00:00,2.57,2.26,,1.71,8.54,7.9,,7.94,210.5,216.360001,,221,6.69,,5.89,,,,1.598,,1.559,1.598,,1.559
2025/11/11 00:00,2.57,2.25,,1.71,8.53,7.9,,7.94,210.740005,216.119995,,221.979996,6.64,,5.91,,,,1.595,,1.56,1.595,,1.56
2025/11/11 00:00,2.57,2.25,1.98,,8.53,7.91,7.95,,210.5,216.119995,,,6.69,,5.93,,,,1.602,,,1.602,,
2025/11/11 00:00,2.57,2.25,1.99,,8.53,7.91,7.95,,210.5,216.119995,,,6.69,6.06,,,,,1.604,1.576,,1.604,1.576,
2025/11/11 00:00,2.57,2.25,1.99,,8.52,7.91,7.95,,210.740005,216.610001,221,,6.63,6.07,,,,,1.587,1.579,,1.587,1.579,
2025/11/11 00:00,2.57,2.25,2,,8.52,7.91,7.95,,210.740005,216.360001,220.759995,,6.7,6.11,,,,,1.59,,,1.59,,
2025/11/11 00:00,2.58,2.25,2,,8.51,7.91,7.95,,210.5,216.119995,221,,6.7,6.1,,,,,1.6,1.576,,1.6,1.576,
2025/11/11 00:00,2.57,2.25,2,,8.5,7.91,7.95,,210.5,216.360001,221,,6.68,6.11,,,,,1.593,1.576,,1.593,1.576,
2025/11/11 00:00,2.57,2.25,,1.7,8.5,7.92,,7.93,210.5,216.119995,,,6.7,6.09,,,,,1.6,,,1.6,,
2025/11/11 00:00,2.57,2.25,,1.71,8.49,7.92,,7.92,210.5,216.119995,,,6.69,,,,,,1.598,,1.558,1.598,,1.558
2025/11/11 00:00,2.57,2.25,,1.71,8.49,7.92,,7.92,210.5,216.610001,,222.710007,6.7,,,,,,1.604,,1.561,1.604,,1.561
2025/11/11 00:00,2.58,2.26,,1.71,8.48,7.91,,7.92,210.5,216.119995,,222.220001,6.69,,5.82,,,,1.601,,1.56,1.601,,1.56
2025/11/11 00:00,2.57,2.26,,1.71,8.48,7.91,,7.92,210.5,215.869995,,222.470001,6.71,,5.75,,,,1.593,,1.56,1.593,,1.56
2025/11/11 00:00,2.56,2.25,,1.7,8.47,7.92,,7.91,210.259995,216.119995,,221.729996,6.71,,5.73,,,,1.595,,1.554,1.595,,1.554
2025/11/11 00:00,2.56,2.24,1.99,,8.47,7.92,7.96,,210.259995,216.360001,,,6.71,,5.73,,,,1.595,,,1.595,,
2025/11/11 00:00,2.57,2.25,1.99,,8.46,7.92,7.96,,210.5,216.360001,,,6.7,6.05,,,,,1.602,1.575,,1.602,1.575,
2025/11/11 00:00,2.57,2.25,1.98,,8.46,7.92,7.95,,210.5,216.119995,219.539993,,6.7,6.07,,,,,1.603,,,1.603,,
2025/11/11 00:00,2.57,2.24,1.99,,8.46,7.92,7.95,,210.259995,216.360001,219.539993,,6.74,6.03,,,,,1.601,1.572,,1.601,1.572,
2025/11/11 00:00,2.57,2.24,1.99,,8.45,7.91,7.96,,210.009995,216.360001,219.289993,,6.73,6.06,,,,,1.607,1.579,,1.607,1.579,
2025/11/11 00:00,2.56,2.25,1.99,,8.44,7.92,7.96,,210.009995,216.119995,219.539993,,6.73,6.08,,,,,1.614,1.578,,1.614,1.578,
2025/11/11 00:00,2.56,2.24,,1.7,8.44,7.92,,7.92,210.009995,216.360001,,,6.74,6.05,,,,,1.604,,1.575,1.604,,1.575
2025/11/11 00:00,2.56,2.25,,1.7,8.43,7.92,,7.91,209.520004,216.360001,,,6.75,,5.9,,,,1.6,,1.564,1.6,,1.564
2025/11/11 00:00,2.55,2.25,,1.7,8.43,7.92,,7.91,210.259995,216.360001,,219.779999,6.74,,5.94,,,,1.612,,1.576,1.612,,1.576
2025/11/11 00:00,2.56,2.25,,1.7,8.42,7.91,,7.91,209.770004,216.360001,,219.779999,6.74,,5.9,,,,1.601,,1.558,1.601,,1.558
2025/11/11 00:00,2.54,2.25,,1.7,8.41,7.92,,7.91,210.009995,216.119995,,220.509995,6.74,,5.88,,,,1.612,,1.561,1.612,,1.561
2025/11/11 00:00,2.54,2.24,,1.7,8.4,7.92,,7.91,209.770004,216.119995,,220.509995,6.71,,5.91,,,,1.595,,1.558,1.595,,1.558
2025/11/11 00:00,2.55,2.25,1.99,,8.4,7.91,7.95,,209.770004,216.119995,,,6.79,,5.92,,,,1.61,,,1.61,,
2025/11/11 00:00,2.55,2.25,1.98,,8.39,7.91,7.95,,209.770004,216.119995,,,6.74,6.1,,,,,1.596,1.579,,1.596,1.579,
2025/11/11 00:00,2.55,2.25,1.98,,8.38,7.91,7.95,,209.770004,216.119995,219.050003,,6.72,6.1,,,,,1.607,1.582,,1.607,1.582,
2025/11/11 00:00,2.53,2.25,1.99,,8.36,7.91,7.95,,210.259995,216.119995,219.289993,,6.75,6.06,,,,,1.599,,,1.599,,
2025/11/11 00:00,2.54,2.24,1.99,,8.35,7.91,7.94,,210.009995,216.119995,219.289993,,6.76,6.08,,,,,1.599,1.578,,1.599,1.578,
2025/11/11 00:00,2.54,2.25,1.99,,8.34,7.91,7.94,,210.259995,216.360001,219.289993,,6.73,6.07,,,,,1.606,,,1.606,,
2025/11/11 00:00,2.55,2.25,,,8.32,7.9,,7.9,210.259995,216.119995,,,6.78,6.05,,,,,1.607,1.58,,1.607,1.58,
2025/11/11 00:00,2.55,2.25,,1.72,8.31,7.9,,7.9,210.009995,216.119995,,,6.81,,,,,,1.597,,1.564,1.597,,1.564
2025/11/11 00:00,2.54,2.25,,1.71,8.29,7.9,,7.9,210.259995,216.360001,,220.509995,6.8,,5.87,,,,1.612,,1.56,1.612,,1.56
2025/11/11 00:00,2.54,2.25,,1.71,8.28,7.91,,7.89,210.259995,216.119995,,220.759995,6.8,,5.79,,,,1.601,,1.56,1.601,,1.56
2025/11/11 00:00,2.54,2.25,,1.71,8.27,7.91,,7.9,210.259995,216.119995,,220.270004,6.79,,5.85,,,,1.608,,1.556,1.608,,1.556
2025/11/11 00:00,2.55,2.25,,1.71,8.25,7.9,,7.9,210.259995,216.360001,,221,6.81,,5.81,,,,1.613,,1.557,1.613,,1.557
2025/11/11 00:00,2.55,2.25,1.99,,8.24,7.9,7.93,,210.009995,216.360001,,,6.77,,,,,,1.603,1.558,,1.603,1.558,
2025/11/11 00:00,2.55,2.26,1.99,,8.23,7.9,7.92,,210.259995,216.360001,,,6.79,6.05,,,,,1.604,1.576,,1.604,1.576,
2025/11/11 00:00,2.55,2.25,1.99,,8.21,7.91,7.93,,210.259995,216.360001,218.800003,,6.8,6.05,,,,,1.604,,,1.604,,
2025/11/11 00:00,2.55,2.26,1.99,,8.18,7.9,7.93,,210.5,216.119995,219.050003,,6.8,6.01,,,,,1.613,,,1.613,,
2025/11/11 00:00,2.55,2.26,1.99,,8.17,7.9,7.92,,210.259995,216.119995,219.050003,,6.78,6.04,,,,,1.612,,,1.612,,
2025/11/11 00:00,2.53,2.26,1.99,,8.15,7.9,7.92,,210.009995,216.119995,219.050003,,6.78,6.06,,,,,1.619,1.578,,1.619,1.578,
2025/11/11 00:00,2.53,2.25,,1.71,8.14,7.9,,7.9,209.770004,216.360001,,,6.79,6.08,,,,,1.608,,,1.608,,
2025/11/11 00:00,2.53,2.25,,1.7,8.12,7.9,,7.9,209.770004,216.360001,,,6.78,,5.89,,,,1.613,,1.587,1.613,,1.587
2025/11/11 00:00,2.54,2.24,,1.7,8.09,7.89,,7.89,210.259995,216.119995,,221,6.84,,5.88,,,,1.605,,,1.605,,
2025/11/11 00:00,2.54,2.25,,1.7,8.08,7.89,,7.9,210.259995,216.360001,,221.25,6.79,,5.87,,,,1.604,,1.56,1.604,,1.56
2025/11/11 00:00,2.54,2.26,,1.7,8.06,7.9,,7.9,210.009995,216.360001,,221,6.79,,5.89,,,,1.621,,1.566,1.621,,1.566
2025/11/11 00:00,2.52,2.25,,1.7,8.04,7.89,,7.9,210.009995,216.360001,,220.759995,6.81,,5.87,,,,1.609,,1.557,1.609,,1.557
2025/11/11 00:00,2.52,2.25,1.98,,8.02,7.88,7.92,,209.770004,216.119995,,,6.82,,5.87,,,,1.617,1.559,,1.617,1.559,
2025/11/11 00:00,2.52,2.26,1.99,,8.01,7.89,7.92,,209.770004,216.119995,,,6.81,,,,,,1.615,1.583,,1.615,1.583,
2025/11/11 00:00,2.52,2.25,1.99,,7.99,7.88,7.92,,209.770004,216.119995,219.779999,,6.84,6.14,,,,,1.61,1.58,,1.61,1.58,
2025/11/11 00:00,2.5,2.25,1.99,,7.97,7.88,7.92,,209.770004,216.119995,220.020004,,6.82,6.11,,,,,1.612,1.58,,1.612,1.58,
2025/11/11 00:00,2.49,2.24,1.99,,7.95,7.88,7.92,,210.009995,216.360001,220.020004,,6.8,6.1,,,,,1.611,1.577,,1.611,1.577,
2025/11/11 00:00,2.49,2.25,1.99,,7.93,7.88,7.92,,210.259995,216.610001,220.270004,,6.83,6.09,,,,,1.608,1.581,,1.608,1.581,
2025/11/11 00:00,2.48,2.25,,,7.91,7.88,,7.9,210.009995,216.360001,,,6.83,6.13,,,,,1.608,,,1.608,,
2025/11/11 00:00,2.48,2.25,,1.72,7.89,7.87,,7.89,210.259995,216.610001,,,6.79,,5.87,,,,1.626,,1.565,1.626,,1.565
2025/11/11 00:00,2.48,2.25,,1.71,7.87,7.87,,7.89,210.259995,216.119995,,221,6.83,,5.91,,,,1.612,,1.565,1.612,,1.565
2025/11/11 00:00,2.47,2.25,,1.71,7.86,7.87,,7.9,210.009995,216.850006,,221.25,6.79,,5.89,,,,1.603,,1.556,1.603,,1.556
2025/11/11 00:00,2.1,2.25,,1.69,,7.87,,7.89,,216.610001,,221.490005,6.81,,5.86,,,,1.614,,1.558,1.614,,1.558
2025/11/11 00:00,0.59,2.25,,1.69,,7.87,,7.9,,216.610001,,221.979996,6.79,,5.9,,,,1.614,,1.557,1.614,,1.557
2025/11/11 00:00,0.36,2.25,1.98,,,7.87,7.92,,,216.610001,,,6.82,,5.91,,,,1.612,,,1.612,,
2025/11/11 00:00,0.32,2.26,1.99,,,7.86,7.92,,,216.610001,,,6.84,,,,,,1.606,1.582,,1.606,1.582,
2025/11/11 00:00,0.74,2.25,1.99,,,7.87,7.92,,,216.610001,220.759995,,6.83,6.12,,,,,1.61,,,1.61,,
2025/11/11 00:00,2.03,2.25,1.99,,,7.87,7.92,,,216.610001,220.759995,,6.79,6.12,,,,,1.614,1.587,,1.614,1.587,
2025/11/11 00:00,2.82,2.25,1.99,,8.7,7.87,7.92,,210.259995,216.610001,220.509995,,6.85,6.08,,,,,1.617,1.61,,1.617,1.61,
2025/11/11 00:00,2.65,2.25,1.99,,8.68,7.86,7.91,,210.740005,216.850006,221,,6.85,6.13,,,,,1.621,1.579,,1.621,1.579,
2025/11/11 00:00,2.57,2.25,,,8.64,7.87,,7.9,210.5,216.610001,,,6.79,6.13,,,,,1.611,,1.587,1.611,,1.587
2025/11/11 00:00,2.63,2.25,,1.72,8.6,7.87,,7.89,210.990005,216.610001,,,6.79,,5.89,,,,1.616,,1.562,1.616,,1.562
2025/11/11 00:00,2.6,2.25,,1.72,8.59,7.88,,7.9,210.990005,216.360001,,222.710007,6.84,,5.88,,,,1.613,,1.558,1.613,,1.558
2025/11/11 00:00,2.62,2.25,,1.73,8.58,7.89,,7.89,210.990005,216.610001,,222.710007,6.83,,5.88,,,,1.621,,1.565,1.621,,1.565
2025/11/11 00:00,2.61,2.25,,1.74,8.59,7.89,,7.89,210.740005,216.610001,,222.220001,6.83,,5.84,,,,1.61,,1.56,1.61,,1.56
2025/11/11 00:00,2.6,2.27,,1.73,8.58,7.89,,7.89,210.5,216.119995,,221.979996,6.79,,5.77,,,,1.611,,1.559,1.611,,1.559
2025/11/11 00:00,2.61,2.27,,,8.58,7.89,7.91,,210.5,216.119995,,,6.8,,5.74,,,,1.615,1.56,,1.615,1.56,
2025/11/11 00:00,2.61,2.26,2.01,,8.58,7.88,7.91,,210.5,216.360001,,,6.8,,,,,,1.609,,,1.609,,
2025/11/11 00:00,2.61,2.26,2,,8.57,7.89,7.91,,210.740005,216.119995,219.779999,,6.79,6.09,,,,,1.625,,,1.625,,
2025/11/12 00:00,2.61,2.25,2.01,,8.57,7.89,7.92,,210.5,216.119995,220.020004,,6.83,6.12,,,,,1.623,,,1.623,,
2025/11/12 00:00,2.61,2.25,2,,8.57,7.89,7.92,,210.5,216.119995,219.539993,,6.82,6.08,,,,,1.623,,,1.623,,
2025/11/12 00:00,2.61,2.25,2,,8.56,7.88,7.92,,210.740005,216.119995,219.539993,,6.83,6.07,,,,,1.616,1.586,,1.616,1.586,
2025/11/12 00:00,2.61,2.25,,,8.56,7.89,,7.9,210.740005,216.119995,,,6.83,6.08,,,,,1.627,1.582,,1.627,1.582,
2025/11/12 00:00,2.6,2.25,,1.73,8.55,7.89,,7.9,210.740005,215.869995,,,6.86,,5.89,,,,1.624,,1.56,1.624,,1.56
2025/11/12 00:00,2.61,2.25,,1.72,8.54,7.89,,7.9,210.740005,216.360001,,221.729996,6.84,,5.85,,,,1.63,,1.557,1.63,,1.557
2025/11/12 00:00,2.6,2.25,,1.72,8.53,7.89,,7.9,210.5,216.119995,,221.490005,6.84,,5.85,,,,1.62,,1.56,1.62,,1.56
2025/11/12 00:00,2.6,2.25,,1.71,8.54,7.89,,7.9,210.5,216.360001,,221.490005,6.86,,5.86,,,,1.612,,1.562,1.612,,1.562
2025/11/12 00:00,2.61,2.25,,1.72,8.53,7.89,,7.9,210.5,216.360001,,221.979996,6.86,,5.87,,,,1.621,,,1.621,,
2025/11/12 00:00,2.6,2.26,2.01,,8.53,7.9,7.92,,210.5,215.869995,,,6.85,,5.84,,,,1.623,1.563,,1.623,1.563,
2025/11/12 00:00,2.6,2.26,2.01,,8.51,7.9,7.92,,210.259995,216.610001,,,6.83,6.07,,,,,1.637,,,1.637,,
2025/11/12 00:00,2.6,2.26,2.01,,8.52,7.89,7.92,,210.740005,216.360001,220.509995,,6.84,6.08,,,,,1.619,1.588,,1.619,1.588,
2025/11/12 00:00,2.61,2.26,2.01,,8.51,7.89,7.92,,210.5,216.119995,220.270004,,6.86,6.1,,,,,1.62,,,1.62,,
2025/11/12 00:00,2.61,2.26,2.01,,8.51,7.89,7.92,,210.5,216.360001,220.270004,,6.88,6.04,,,,,1.619,1.585,,1.619,1.585,
2025/11/12 00:00,2.6,2.25,2.01,,8.5,7.89,7.93,,210.259995,216.360001,220.509995,,6.87,6.12,,,,,1.615,1.579,,1.615,1.579,
2025/11/12 00:00,2.6,2.25,,,8.49,7.9,,7.91,210.5,216.119995,,,6.86,6.12,,,,,1.621,,,1.621,,
2025/11/12 00:00,2.6,2.25,,1.73,8.48,7.9,,7.9,210.5,216.360001,,,6.88,,5.87,,,,1.621,,1.557,1.621,,1.557
2025/11/12 00:00,2.6,2.26,,1.73,8.46,7.9,,7.91,210.740005,216.119995,,221.979996,6.89,,5.85,,,,1.631,,1.566,1.631,,1.566
2025/11/12 00:00,2.6,2.25,,1.73,8.46,7.9,,7.91,210.5,216.119995,,221.490005,6.91,,5.82,,,,1.622,,1.557,1.622,,1.557
2025/11/12 00:00,2.6,2.25,,1.73,8.46,7.9,,7.9,210.5,216.119995,,221.729996,6.9,,5.81,,,,1.626,,,1.626,,
2025/11/12 00:00,2.59,2.26,,1.73,8.45,7.9,,7.9,210.5,216.610001,,221.490005,6.9,,5.82,,,,1.63,,1.561,1.63,,1.561
2025/11/12 00:00,2.59,2.25,2,,8.45,7.89,7.92,,210.259995,216.360001,,,6.88,,5.79,,,,1.63,,,1.63,,
2025/11/12 00:00,2.59,2.26,2.01,,8.44,7.9,7.92,,210.5,216.119995,,,6.9,6.13,,,,,1.628,1.591,,1.628,1.591,
2025/11/12 00:00,2.59,2.26,2.01,,8.44,7.9,7.93,,210.5,216.119995,220.270004,,6.88,6.14,,,,,1.63,,,1.63,,
2025/11/12 00:00,2.58,2.25,2.01,,8.43,7.9,7.93,,210.5,216.119995,220.020004,,6.91,6.13,,,,,1.63,,,1.63,,
2025/11/12 00:00,2.58,2.26,2.01,,8.42,7.9,7.92,,210.5,216.119995,220.509995,,6.9,6.14,,,,,1.632,1.585,,1.632,1.585,
2025/11/12 00:00,2.58,2.26,2.01,,8.41,7.89,7.93,,210.5,216.610001,220.509995,,6.9,6.1,,,,,1.619,1.591,,1.619,1.591,
2025/11/12 00:00,2.58,2.26,,,8.4,7.9,,7.91,210.5,216.610001,,,6.91,6.09,,,,,1.63,1.593,,1.63,1.593,
2025/11/12 00:00,2.58,2.26,,1.73,8.39,7.89,,7.92,210.5,216.360001,,,6.88,,5.87,,,,1.632,,1.564,1.632,,1.564
2025/11/12 00:00,2.58,2.26,,1.73,8.37,7.89,,7.91,210.5,216.360001,,221.979996,6.93,,5.85,,,,1.633,,1.567,1.633,,1.567
2025/11/12 00:00,2.57,2.26,,1.72,8.37,7.9,,7.92,210.5,216.360001,,222.949997,6.87,,5.82,,,,1.632,,1.555,1.632,,1.555
2025/11/12 00:00,2.57,2.25,,1.72,8.36,7.9,,7.92,210.5,216.610001,,222.220001,6.91,,5.83,,,,1.629,,1.561,1.629,,1.561
2025/11/12 00:00,2.57,2.26,,1.72,8.36,7.9,,7.91,210.259995,216.360001,,222.710007,6.95,,5.88,,,,1.639,,,1.639,,
2025/11/12 00:00,2.57,2.26,2,,8.36,7.9,7.94,,210.5,216.610001,,,6.92,,5.85,,,,1.636,1.59,,1.636,1.59,
2025/11/12 00:00,2.58,2.26,2,,8.34,7.9,7.93,,210.740005,216.119995,,,6.95,6.15,,,,,1.639,1.587,,1.639,1.587,
2025/11/12 00:00,2.57,2.25,,,8.31,7.9,7.93,,210.740005,215.869995,221.729996,,6.93,6.17,,,,,1.627,,,1.627,,
2025/11/12 00:00,2.57,2.25,,,8.3,7.9,7.94,,210.740005,216.360001,221.729996,,6.93,6.17,,,,,1.632,1.585,,1.632,1.585,
2025/11/12 00:00,2.58,2.26,,,8.28,7.9,7.93,,210.5,216.610001,221.979996,,6.96,6.14,,,,,1.644,,,1.644,,
2025/11/12 00:00,2.58,2.26,,,8.27,7.9,7.93,,210.5,216.610001,221.490005,,6.92,6.14,,,,,1.634,1.587,,1.634,1.587,
2025/11/12 00:00,2.58,2.26,,,8.25,7.9,,7.91,210.740005,216.850006,,,6.93,6.15,,,,,1.636,,,1.636,,
2025/11/12 00:00,2.57,2.26,,,8.23,7.9,,7.91,210.5,216.610001,,,6.91,,5.87,,,,1.627,,1.56,1.627,,1.56
2025/11/12 00:00,2.57,2.26,,,8.21,7.9,,7.91,210.5,216.610001,,222.710007,6.91,,5.85,,,,1.629,,1.565,1.629,,1.565
2025/11/12 00:00,2.57,2.26,,,8.2,7.9,,7.91,210.5,216.850006,,222.220001,6.92,,5.86,,,,1.628,,,1.628,,
2025/11/12 00:00,2.57,2.27,,,8.18,7.9,,7.92,210.259995,216.610001,,222.220001,6.92,,5.88,,,,1.639,,1.563,1.639,,1.563
2025/11/12 00:00,2.56,2.26,,,8.16,7.9,,7.91,210.740005,216.610001,,222.220001,6.9,,5.89,,,,1.632,,1.561,1.632,,1.561
2025/11/12 00:00,2.56,2.25,,,8.14,7.9,7.94,,210.5,216.610001,,,6.94,,5.86,,,,1.638,,1.556,1.638,,1.556
2025/11/12 00:00,2.54,2.25,,,8.13,7.9,7.94,,210.5,216.850006,,,6.93,6.14,,,,,1.635,1.594,,1.635,1.594,
2025/11/12 00:00,2.54,2.25,,,8.11,7.89,7.94,,210.5,216.610001,221.979996,,6.94,6.15,,,,,1.63,1.589,,1.63,1.589,
2025/11/12 00:00,2.54,2.25,,,8.08,7.9,7.94,,210.5,216.610001,221.979996,,6.97,6.14,,,,,1.639,1.593,,1.639,1.593,
2025/11/12 00:00,2.53,2.27,,,8.06,7.9,7.94,,210.5,216.610001,221.729996,,6.95,6.15,,,,,1.642,,,1.642,,
2025/11/12 00:00,2.53,2.27,,,8.04,7.9,7.95,,210.5,216.360001,221.979996,,6.95,6.16,,,,,1.639,1.581,,1.639,1.581,
2025/11/12 00:00,2.52,2.27,,,8.02,7.9,,7.92,210.5,216.360001,,,7.01,6.18,,,,,1.636,1.593,,1.636,1.593,
2025/11/12 00:00,2.52,2.27,,,8,7.9,,7.92,210.5,216.610001,,,6.98,,5.9,,,,1.629,,1.562,1.629,,1.562
2025/11/12 00:00,2.51,2.26,,,7.98,7.89,,7.91,210.5,216.119995,,223.440002,6.99,,5.92,,,,1.638,,,1.638,,
2025/11/12 00:00,2.51,2.27,,,7.96,7.89,,7.91,210.259995,216.610001,,222.710007,6.95,,5.88,,,,1.636,,1.557,1.636,,1.557
2025/11/12 00:00,2.52,2.27,,,7.94,7.89,,7.91,210.5,216.360001,,223.929993,6.96,,5.87,,,,1.642,,1.556,1.642,,1.556
2025/11/12 00:00,2.53,2.27,,,7.92,7.89,,7.91,210.5,216.610001,,222.949997,6.95,,5.85,,,,1.636,,1.56,1.636,,1.56
2025/11/12 00:00,1.86,2.27,,,,7.89,7.95,,,216.610001,,,6.97,,5.8,,,,1.642,,,1.642,,
2025/11/12 00:00,0.54,2.27,,,,7.89,7.95,,,216.119995,,,6.97,6.16,,,,,1.635,1.593,,1.635,1.593,
2025/11/12 00:00,0.35,2.26,,,,7.89,7.95,,,216.360001,221.25,,6.98,6.13,,,,,1.64,1.594,,1.64,1.594,
2025/11/12 00:00,0.32,2.27,,,,7.89,7.94,,,216.360001,220.759995,,6.96,6.16,,,,,1.635,1.592,,1.635,1.592,
2025/11/12 00:00,0.83,2.26,,,,7.89,7.95,,,216.119995,221,,6.97,6.16,,,,,1.641,1.592,,1.641,1.592,
2025/11/12 00:00,2.15,2.26,,,,7.89,7.94,,,216.360001,221,,6.92,6.2,,,,,1.634,1.593,,1.634,1.593,
2025/11/12 00:00,2.79,2.27,,,8.7,7.88,,7.91,,216.610001,,,6.97,6.21,,,,,1.627,1.597,,1.627,1.597,
2025/11/12 00:00,2.63,2.27,,,8.67,7.89,,7.9,210.009995,216.360001,,,6.93,,5.9,,,,1.637,,1.565,1.637,,1.565
2025/11/12 00:00,2.56,2.26,,,8.64,7.88,,7.91,210.740005,216.360001,,221.25,6.92,,5.89,,,,1.641,,1.557,1.641,,1.557
2025/11/12 00:00,2.62,2.26,,,8.6,7.89,,7.91,210.990005,216.610001,,221.490005,6.95,,5.89,,,,1.636,,1.564,1.636,,1.564
2025/11/12 00:00,2.59,2.26,,,8.59,7.9,,7.9,210.5,216.119995,,221.979996,6.94,,5.86,,,,1.63,,,1.63,,
2025/11/12 00:00,2.59,2.25,,,8.59,7.92,,7.91,210.5,216.610001,,221.490005,6.96,,5.9,,,,1.647,,1.561,1.647,,1.561
2025/11/12 00:00,2.59,2.26,,,8.58,7.91,7.95,,210.740005,216.610001,,,6.97,,5.87,,,,1.637,,1.56,1.637,,1.56
2025/11/12 00:00,2.59,2.27,,,8.57,7.91,7.95,,210.5,216.610001,,,6.98,6.18,,,,,1.639,1.595,,1.639,1.595,
2025/11/12 00:00,2.59,2.27,,,8.57,7.91,7.95,,210.740005,216.850006,220.270004,,6.95,6.21,,,,,1.639,1.599,,1.639,1.599,
2025/11/12 00:00,2.58,2.26,,,8.57,7.91,7.95,,210.740005,216.610001,220.020004,,6.98,6.21,,,,,1.639,1.591,,1.639,1.591,
2025/11/12 00:00,2.58,2.26,,,8.57,7.91,7.95,,210.5,216.610001,220.759995,,6.97,6.23,,,,,1.644,1.596,,1.644,1.596,
2025/11/12 00:00,2.58,2.26,,,8.56,7.91,7.95,,210.259995,216.610001,220.509995,,6.98,6.2,,,,,1.646,1.601,,1.646,1.601,
2025/11/12 00:00,2.58,2.27,,,8.56,7.91,,7.92,210.5,216.610001,,,6.99,6.22,,,,,1.641,1.596,,1.641,1.596,
2025/11/12 00:00,2.59,2.26,,,8.56,7.91,,7.91,210.740005,216.360001,,221.979996,7.02,,,,,,1.634,,1.565,1.634,,1.565
2025/11/12 00:00,2.58,2.26,,,8.56,7.9,,7.91,210.5,216.360001,,221.490005,7.03,,5.87,,,,1.641,,1.56,1.641,,1.56
2025/11/12 00:00,2.58,2.26,,,8.55,7.91,,7.91,210.5,216.610001,,221.979996,7.03,,5.84,,,,1.646,,1.564,1.646,,1.564
2025/11/12 00:00,2.59,2.26,,,8.54,7.91,,7.91,210.5,216.119995,,221.490005,7.01,,5.85,,,,1.65,,1.559,1.65,,1.559
2025/11/12 00:00,2.58,2.27,,,8.54,7.91,,7.9,210.009995,216.360001,,221.979996,7.03,,5.79,,,,1.65,,,1.65,,
2025/11/12 00:00,2.58,2.26,,,8.54,7.91,7.96,,210.5,216.119995,,,7.05,,5.83,,,,1.639,,1.561,1.639,,1.561
2025/11/12 00:00,2.58,2.26,,,8.53,7.91,7.95,,210.5,216.360001,220.509995,,7.02,6.23,,,,,1.646,1.599,,1.646,1.599,
2025/11/12 00:00,2.58,2.26,,,8.53,7.91,7.95,,210.259995,216.360001,220.509995,,6.99,6.17,,,,,1.652,1.597,,1.652,1.597,
2025/11/12 00:00,2.58,2.26,,,8.52,7.91,7.95,,210.5,216.850006,220.509995,,7.04,6.24,,,,,1.643,1.597,,1.643,1.597,
2025/11/12 00:00,2.58,2.27,,,8.52,7.92,7.96,,210.259995,216.610001,220.509995,,7.08,6.17,,,,,1.648,1.596,,1.648,1.596,
2025/11/12 00:00,2.58,2.26,,,8.52,7.92,7.96,,210.5,216.610001,220.270004,,7.05,6.2,,,,,1.645,1.598,,1.645,1.598,
2025/11/12 00:00,2.58,2.27,,,8.52,7.91,,7.92,210.5,216.360001,,,7.07,6.21,,,,,1.646,1.595,,1.646,1.595,
2025/11/12 00:00,2.57,2.28,,,8.51,7.92,,7.91,210.259995,216.360001,,221.490005,6.97,,,,,,1.653,,1.565,1.653,,1.565
2025/11/12 00:00,2.57,2.27,,,8.5,7.92,,7.91,210.740005,216.610001,,221.729996,6.99,,5.9,,,,1.652,,1.563,1.652,,1.563
2025/11/12 00:00,2.57,2.27,,,8.5,7.92,,7.9,210.740005,216.850006,,221.979996,7.03,,5.84,,,,1.646,,1.561,1.646,,1.561
2025/11/12 00:00,2.57,2.27,,,8.49,7.92,,7.91,210.5,216.610001,,222.220001,7,,5.9,,,,1.649,,1.562,1.649,,1.562
2025/11/12 00:00,2.56,2.26,,,8.49,7.92,,7.91,210.259995,216.610001,,221.979996,7.02,,5.86,,,,1.643,,1.559,1.643,,1.559
2025/11/12 00:00,2.54,2.26,,,8.48,7.93,7.96,,210.009995,216.610001,,,7.03,,5.89,,,,1.652,,1.56,1.652,,1.56
2025/11/12 00:00,2.54,2.25,,,8.48,7.93,7.96,,210.259995,216.610001,221.979996,,7.06,6.19,,,,,1.648,1.601,,1.648,1.601,
2025/11/12 00:00,2.55,2.26,,,8.47,7.92,7.95,,210.009995,216.360001,221.25,,7.04,6.26,,,,,1.648,1.598,,1.648,1.598,
2025/11/12 00:00,2.55,2.26,,,8.46,7.92,7.95,,210.259995,216.850006,221.979996,,7.08,6.25,,,,,1.648,1.603,,1.648,1.603,
2025/11/12 00:00,2.55,2.26,,,8.45,7.92,7.96,,210.5,216.610001,221.979996,,7.07,6.26,,,,,1.645,,,1.645,,
2025/11/12 00:00,2.54,2.26,,,8.44,7.93,7.96,,210.5,216.610001,222.220001,,7.03,6.25,,,,,1.648,1.6,,1.648,1.6,
2025/11/12 00:00,2.53,2.26,,,8.43,7.92,,7.93,210.740005,217.089996,,,7.05,6.28,,,,,1.65,1.606,,1.65,1.606,
2025/11/12 00:00,2.54,2.27,,,8.42,7.92,,7.91,210.259995,216.850006,,223.199997,7.07,,5.89,,,,1.65,,1.578,1.65,,1.578
2025/11/12 00:00,2.54,2.26,,,8.42,7.92,,7.91,210.740005,216.610001,,223.199997,7.03,,5.9,,,,1.646,,1.568,1.646,,1.568
2025/11/12 00:00,2.54,2.26,,,8.41,7.92,,7.91,210.5,216.610001,,222.949997,7.04,,5.92,,,,1.654,,1.559,1.654,,1.559
2025/11/12 00:00,2.53,2.26,,,8.4,7.92,,7.91,210.259995,216.610001,,222.710007,7.06,,5.9,,,,1.647,,1.562,1.647,,1.562
2025/11/12 00:00,2.54,2.26,,,8.4,7.92,,7.91,210.259995,217.089996,,222.949997,7.07,,5.86,,,,1.649,,,1.649,,
2025/11/12 00:00,2.54,2.26,,,8.39,7.92,7.96,,210.009995,216.850006,,,7.05,,5.85,,,,1.644,,1.561,1.644,,1.561
2025/11/12 00:00,2.54,2.26,,,8.38,7.92,7.96,,210.5,216.610001,222.220001,,7.09,6.25,,,,,1.657,1.604,,1.657,1.604,
2025/11/12 00:00,2.54,2.26,,,8.37,7.92,7.96,,210.740005,216.610001,221.979996,,7.04,6.29,,,,,1.651,1.599,,1.651,1.599,
2025/11/12 00:00,2.54,2.26,,,8.36,7.93,7.96,,210.259995,216.850006,221.979996,,7.05,6.25,,,,,1.651,1.597,,1.651,1.597,
2025/11/12 00:00,2.53,2.26,2,,8.35,7.92,7.96,,210.009995,216.850006,221.979996,,7.08,6.24,,,,,1.65,1.604,,1.65,1.604,
2025/11/12 00:00,2.53,2.26,2.01,,8.34,7.93,7.96,,210.259995,216.610001,222.220001,,7.07,6.27,,,,,1.651,1.603,,1.651,1.603,
2025/11/12 00:00,2.54,2.26,,,8.33,7.92,,7.92,210.009995,217.089996,,,7.1,6.29,,,,,1.651,1.603,,1.651,1.603,
2025/11/12 00:00,2.54,2.26,,1.72,8.31,7.93,,7.92,210.259995,216.850006,,223.929993,7.09,,,,,,1.654,,1.568,1.654,,1.568
2025/11/12 00:00,2.53,2.26,,1.72,8.3,7.93,,7.91,210.259995,216.610001,,223.690002,7.06,,5.87,,,,1.654,,,1.654,,
2025/11/12 00:00,2.53,2.26,,1.72,8.29,7.93,,7.92,210.740005,217.089996,,223.199997,7.09,,5.88,,,,1.657,,1.567,1.657,,1.567
2025/11/12 00:00,2.53,2.26,,1.72,8.28,7.92,,7.91,210.259995,216.610001,,223.199997,7.08,,5.86,,,,1.647,,1.559,1.647,,1.559
2025/11/12 00:00,2.54,2.27,,1.73,8.26,7.92,,7.91,210.5,217.339996,,224.179993,7.05,,5.85,,,,1.653,,1.565,1.653,,1.565
2025/11/12 00:00,2.55,2.27,,,8.25,7.92,7.96,,210.009995,216.610001,,,7.07,,5.82,,,,1.648,,1.56,1.648,,1.56
2025/11/12 00:00,2.54,2.27,2.01,,8.24,7.92,7.97,,210.259995,216.850006,221.729996,,7.08,6.22,,,,,1.649,1.601,,1.649,1.601,
2025/11/12 00:00,2.53,2.27,2.01,,8.22,7.93,7.97,,210.259995,216.360001,221,,7.05,6.25,,,,,1.667,1.605,,1.667,1.605,
2025/11/12 00:00,2.53,2.26,2.03,,8.2,7.92,7.96,,210.259995,216.610001,221.25,,7.06,6.25,,,,,1.655,1.604,,1.655,1.604,
2025/11/12 00:00,2.53,2.27,2.02,,8.18,7.92,7.96,,210.009995,216.850006,221.25,,7.07,6.28,,,,,1.656,1.605,,1.656,1.605,
2025/11/12 00:00,2.53,2.27,2.01,,8.17,7.93,7.97,,210.259995,216.360001,220.759995,,7.07,6.27,,,,,1.654,1.599,,1.654,1.599,
2025/11/12 00:00,2.53,2.26,,,8.15,7.92,,7.92,210.259995,216.610001,,,7.07,6.24,,,,,1.658,,,1.658,,
2025/11/12 00:00,2.51,2.26,,,8.13,7.92,,7.91,210.009995,216.610001,,221.729996,7.14,,5.93,,,,1.65,,1.562,1.65,,1.562
2025/11/12 00:00,2.51,2.26,,1.73,8.11,7.93,,7.91,210.259995,216.610001,,221.25,7.14,,5.92,,,,1.658,,1.567,1.658,,1.567
2025/11/12 00:00,2.51,2.26,,1.71,8.08,7.91,,7.92,210.259995,216.610001,,221,7.11,,5.9,,,,1.651,,1.559,1.651,,1.559
2025/11/12 00:00,2.51,2.27,,1.72,8.06,7.91,,7.92,210.259995,216.610001,,221.490005,7.1,,5.86,,,,1.661,,1.564,1.661,,1.564
2025/11/12 00:00,2.52,2.26,,1.72,8.04,7.92,,7.91,210.009995,216.119995,,221.490005,7.07,,5.93,,,,1.655,,1.563,1.655,,1.563
2025/11/12 00:00,2.51,2.26,,,8.02,7.91,7.96,,210.259995,216.360001,,,7.09,,5.89,,,,1.654,,,1.654,,
2025/11/12 00:00,2.08,2.26,2.02,,,7.91,7.97,,,216.360001,220.759995,,7.1,6.26,,,,,1.651,,,1.651,,
2025/11/12 00:00,0.57,2.26,2.01,,,7.91,7.97,,,216.360001,220.270004,,7.08,6.25,,,,,1.662,1.608,,1.662,1.608,
2025/11/12 00:00,0.35,2.26,2.01,,,7.91,7.97,,,216.360001,220.509995,,7.09,6.25,,,,,1.654,1.605,,1.654,1.605,
2025/11/12 00:00,0.31,2.27,2.02,,,7.91,7.97,,,216.360001,220.270004,,7.07,6.25,,,,,1.653,1.605,,1.653,1.605,
2025/11/12 00:00,0.76,2.27,2.01,,,7.91,7.96,,,216.360001,219.779999,,7.09,6.31,,,,,1.646,1.611,,1.646,1.611,
2025/11/12 00:00,2.05,2.26,,,,7.91,,7.93,,216.610001,,,7.07,6.29,,,,,1.662,1.606,,1.662,1.606,
2025/11/12 00:00,2.79,2.26,,1.71,8.7,7.91,,7.92,,216.850006,,221.979996,7.11,,5.95,,,,1.647,,,1.647,,
2025/11/12 00:00,2.64,2.26,,1.71,8.68,7.91,,7.92,210.259995,216.610001,,221.490005,7.09,,5.93,,,,1.652,,1.564,1.652,,1.564
2025/11/12 00:00,2.56,2.26,,1.71,8.64,7.91,,7.92,210.5,216.610001,,221.729996,7.01,,5.87,,,,1.653,,1.558,1.653,,1.558
2025/11/12 00:00,2.61,2.26,,1.71,8.6,7.91,,7.92,210.990005,216.850006,,221.25,7.06,,5.81,,,,1.653,,1.61,1.653,,1.61
2025/11/12 00:00,2.59,2.26,,1.72,8.59,7.92,,7.92,210.740005,216.610001,,221.25,7.08,,5.83,,,,1.644,,1.555,1.644,,1.555
2025/11/12 00:00,2.6,2.26,2.01,,8.58,7.93,7.97,,210.5,217.089996,,,7.07,,5.81,,,,1.662,,,1.662,,
2025/11/12 00:00,2.59,2.26,2,,8.59,7.93,7.96,,210.740005,216.850006,220.509995,,7.1,6.26,,,,,1.658,1.604,,1.658,1.604,
2025/11/12 00:00,2.58,2.27,2.01,,8.58,7.92,7.97,,210.5,216.610001,220.270004,,7.11,6.31,,,,,1.655,,,1.655,,
2025/11/12 00:00,2.58,2.27,2.01,,8.58,7.93,7.97,,210.5,216.610001,220.509995,,7.09,6.29,,,,,1.656,1.61,,1.656,1.61,
2025/11/12 00:00,2.57,2.26,2,,8.57,7.93,7.97,,210.740005,216.360001,220.509995,,7.1,6.33,,,,,1.66,1.611,,1.66,1.611,
2025/11/12 00:00,2.58,2.26,2,,8.57,7.93,7.97,,210.5,216.610001,220.270004,,7.1,6.3,,,,,1.655,1.608,,1.655,1.608,
2025/11/12 00:00,2.58,2.26,,1.73,8.57,7.93,,7.94,210.5,217.089996,,,7.13,6.28,,,,,1.651,1.609,,1.651,1.609,
2025/11/12 00:00,2.58,2.27,,1.73,8.57,7.93,,7.93,210.5,216.850006,,221.25,7.11,,5.99,,,,1.648,,1.565,1.648,,1.565
2025/11/12 00:00,2.58,2.27,,1.73,8.56,7.93,,7.92,210.5,216.610001,,221.25,7.08,,5.89,,,,1.66,,1.56,1.66,,1.56
2025/11/12 00:00,2.57,2.26,,1.73,8.56,7.93,,7.92,210.259995,216.610001,,221.490005,7.08,,5.91,,,,1.668,,1.561,1.668,,1.561
2025/11/12 00:00,2.57,2.26,,1.73,8.55,7.94,,7.92,210.259995,217.089996,,221.979996,7.07,,5.93,,,,1.66,,1.562,1.66,,1.562
2025/11/12 00:00,2.58,2.26,,1.72,8.55,7.93,,7.92,210.5,216.610001,,221.490005,7.08,,5.92,,,,1.646,,1.564,1.646,,1.564
2025/11/12 00:00,2.58,2.26,1.99,,8.54,7.93,7.97,,210.259995,216.610001,,,7.1,,5.9,,,,1.658,,1.563,1.658,,1.563
2025/11/12 00:00,2.58,2.26,1.99,,8.54,7.93,7.96,,210.259995,216.610001,221,,7.09,6.29,,,,,1.66,1.602,,1.66,1.602,
2025/11/12 00:00,2.58,2.26,2,,8.53,7.93,7.96,,210.259995,216.610001,221.25,,7.1,6.3,,,,,1.664,1.606,,1.664,1.606,
2025/11/12 00:00,2.57,2.26,2,,8.53,7.94,7.96,,210.259995,217.339996,221.729996,,7.07,6.35,,,,,1.654,1.615,,1.654,1.615,
2025/11/12 00:00,2.57,2.25,2,,8.53,7.93,7.97,,210.5,216.610001,221.25,,7.09,6.32,,,,,1.664,1.612,,1.664,1.612,
2025/11/12 00:00,2.57,2.26,2,,8.52,7.93,7.97,,210.009995,216.360001,221.490005,,7.1,6.34,,,,,1.656,1.61,,1.656,1.61,
2025/11/12 00:00,2.57,2.26,,1.73,8.52,7.94,,7.94,209.770004,216.610001,,,7.09,6.28,,,,,1.657,1.614,,1.657,1.614,
2025/11/12 00:00,2.57,2.26,,1.72,8.51,7.93,,7.91,210.009995,216.610001,,,7.12,,5.94,,,,1.657,,1.571,1.657,,1.571
2025/11/12 00:00,2.56,2.26,,1.72,8.51,7.94,,7.93,210.009995,216.610001,,218.320007,7.07,,5.88,,,,1.661,,1.561,1.661,,1.561
2025/11/12 00:00,2.57,2.26,,1.73,8.51,7.94,,7.94,210.009995,217.089996,,218.070007,7.06,,5.89,,,,1.662,,1.562,1.662,,1.562
2025/11/12 00:00,2.56,2.26,,1.72,8.5,7.94,,7.94,210.259995,216.610001,,218.559998,7.05,,5.94,,,,1.649,,1.566,1.649,,1.566
2025/11/12 00:00,2.57,2.27,,1.72,8.5,7.93,,7.95,210.259995,216.360001,,218.800003,7.09,,5.94,,,,1.655,,1.577,1.655,,1.577
2025/11/12 00:00,2.57,2.26,,,8.49,7.93,7.97,,210.009995,217.089996,,,7.06,,5.95,,,,1.653,,1.563,1.653,,1.563
2025/11/12 00:00,2.56,2.26,2,,8.49,7.94,7.97,,209.770004,216.610001,218.559998,,7.01,6.29,,,,,1.658,1.608,,1.658,1.608,
2025/11/12 00:00,2.56,2.26,2.01,,8.47,7.94,7.96,,210.259995,217.089996,218.800003,,7.02,6.35,,,,,1.661,1.621,,1.661,1.621,
2025/11/12 00:00,2.56,2.26,2.01,,8.46,7.94,7.96,,210.009995,216.610001,218.559998,,7.04,6.32,,,,,1.655,1.617,,1.655,1.617,
2025/11/12 00:00,2.56,2.27,2.01,,8.46,7.93,7.96,,210.009995,216.850006,218.800003,,7.08,6.35,,,,,1.655,1.617,,1.655,1.617,
2025/11/12 00:00,2.56,2.26,2.01,,8.45,7.93,7.96,,210.009995,216.610001,218.800003,,7.04,6.37,,,,,1.658,1.614,,1.658,1.614,
2025/11/12 00:00,2.56,2.26,,1.74,8.44,7.93,,7.95,210.009995,216.610001,,,7.1,6.34,,,,,1.661,1.614,,1.661,1.614,
2025/11/12 00:00,2.55,2.26,,1.76,8.43,7.93,,7.94,210.259995,217.089996,,219.539993,7.06,6.04,,,,,1.66,,,1.66,,
2025/11/12 00:00,2.55,2.26,,1.75,8.42,7.93,,7.94,210.259995,217.089996,,219.289993,7.08,6.01,,,,,1.665,,1.571,1.665,,1.571
2025/11/12 00:00,2.55,2.26,,1.75,8.41,7.93,,7.94,210.259995,216.610001,,219.289993,7.04,6.01,,,,,1.663,,1.572,1.663,,1.572
2025/11/12 00:00,2.55,2.26,,1.75,8.4,7.93,,7.94,210.259995,216.850006,,219.289993,7.04,6.06,,,,,1.661,,1.576,1.661,,1.576
2025/11/12 00:00,2.55,2.26,,1.75,8.4,7.92,,7.93,210.009995,217.089996,,219.539993,7.07,6.01,,,,,1.666,,1.573,1.666,,1.573
2025/11/12 00:00,2.56,2.26,,,8.38,7.92,7.95,,210.259995,216.360001,,,7.08,6.02,,,,,1.66,,,1.66,,
2025/11/12 00:00,2.56,2.27,2.02,,8.37,7.93,7.94,,210.009995,217.089996,218.320007,,7.07,6.31,,,,,1.671,1.61,,1.671,1.61,
2025/11/12 00:00,2.56,2.26,2.02,,8.36,7.92,7.94,,210.259995,216.360001,218.320007,,7.05,6.32,,,,,1.659,1.613,,1.659,1.613,
2025/11/12 00:00,2.56,2.26,2.02,,8.35,7.92,7.94,,210.259995,216.360001,218.320007,,7.07,6.33,,,,,1.666,1.619,,1.666,1.619,
2025/11/12 00:00,2.56,2.26,2.02,,8.34,7.92,7.94,,209.770004,216.360001,218.320007,,7.08,6.35,,,,,1.667,1.616,,1.667,1.616,
2025/11/12 00:00,2.55,2.26,2.03,,8.33,7.92,7.94,,210.259995,216.610001,218.320007,,7.12,6.33,,,,,1.662,1.617,,1.662,1.617,
2025/11/12 00:00,2.56,2.26,,1.78,8.33,7.92,,7.92,210.5,217.089996,,,7.07,6.31,,,,,1.662,1.614,,1.662,1.614,
2025/11/12 00:00,2.56,2.26,,1.77,8.31,7.92,,7.9,210.009995,216.610001,,219.050003,7.08,6.03,,,,,1.658,,,1.658,,
2025/11/12 00:00,2.57,2.27,,1.77,8.31,7.92,,7.9,210.259995,216.360001,,219.289993,7.09,,5.97,,,,1.656,,1.569,1.656,,1.569
2025/11/12 00:00,2.56,2.26,,1.76,8.3,7.92,,7.9,210.009995,216.610001,,218.800003,7.13,,5.89,,,,1.653,,1.576,1.653,,1.576
2025/11/12 00:00,2.56,2.27,,1.77,8.29,7.92,,7.9,210.009995,216.610001,,219.289993,7.11,,5.96,,,,1.666,,1.574,1.666,,1.574
2025/11/12 00:00,2.56,2.27,,1.77,8.27,7.92,,7.9,210.009995,217.089996,,218.800003,7.08,,5.93,,,,1.662,,1.567,1.662,,1.567
2025/11/12 00:00,2.55,2.27,,,8.26,7.92,7.94,,210.009995,216.610001,,,7.11,,5.89,,,,1.664,,1.57,1.664,,1.57
2025/11/12 00:00,2.56,2.27,2.03,,8.25,7.91,7.94,,210.009995,216.610001,218.320007,,7.07,6.32,,,,,1.668,1.603,,1.668,1.603,
2025/11/12 00:00,2.56,2.27,2.03,,8.24,7.91,7.93,,210.009995,216.610001,218.070007,,7.12,6.32,,,,,1.665,,,1.665,,
2025/11/12 00:00,2.56,2.26,2.03,,8.23,7.91,7.94,,210.009995,216.360001,218.070007,,7.08,6.38,,,,,1.656,1.617,,1.656,1.617,
2025/11/12 00:00,2.55,2.27,2.03,,8.19,7.91,7.93,,210.259995,216.610001,218.559998,,7.11,6.32,,,,,1.661,1.618,,1.661,1.618,
2025/11/12 00:00,2.55,2.26,2.03,,8.19,7.91,7.94,,210.009995,216.850006,218.070007,,7.11,6.31,,,,,1.668,1.62,,1.668,1.62,
2025/11/12 00:00,2.55,2.27,,1.78,8.18,7.9,,7.92,210.259995,216.610001,,,7.1,6.34,,,,,1.665,1.62,,1.665,1.62,
2025/11/12 00:00,2.55,2.27,,1.78,8.16,7.9,,7.9,210.009995,216.360001,,219.050003,7.09,6.01,,,,,1.667,,,1.667,,
2025/11/12 00:00,2.55,2.26,,1.77,8.15,7.9,,7.9,210.259995,216.360001,,218.559998,7.09,,5.97,,,,1.674,,1.572,1.674,,1.572
2025/11/12 00:00,2.54,2.26,,1.77,8.13,7.91,,7.9,210.259995,216.360001,,218.800003,7.12,,5.97,,,,1.661,,1.573,1.661,,1.573
2025/11/12 00:00,2.54,2.26,,1.77,8.12,7.9,,7.9,210.259995,217.089996,,218.800003,7.11,,5.9,,,,1.662,,1.569,1.662,,1.569
2025/11/12 00:00,2.54,2.27,,1.77,8.11,7.9,,7.91,210.259995,216.610001,,219.289993,7.11,,5.91,,,,1.66,,,1.66,,
2025/11/12 00:00,2.54,2.27,,,8.08,7.9,7.94,,210.5,216.610001,,,7.08,,5.95,,,,1.667,,,1.667,,
2025/11/12 00:00,2.54,2.27,2.03,,8.08,7.9,7.93,,210.259995,216.610001,218.070007,,7.07,6.34,,,,,1.657,,,1.657,,
2025/11/12 00:00,2.54,2.27,2.03,,8.06,7.9,7.93,,210.259995,216.610001,218.070007,,7.09,6.36,,,,,1.663,,,1.663,,
2025/11/12 00:00,2.53,2.26,2.03,,8.03,7.9,7.93,,210.259995,216.610001,217.830002,,7.12,6.36,,,,,1.664,1.626,,1.664,1.626,
2025/11/12 00:00,2.53,2.27,2.03,,8.02,7.9,7.94,,210.009995,216.610001,217.580002,,7.14,6.36,,,,,1.671,1.619,,1.671,1.619,
2025/11/12 00:00,2.53,2.27,2.03,,8.01,7.89,7.93,,210.259995,216.610001,218.070007,,7.08,6.31,,,,,1.66,1.62,,1.66,1.62,
2025/11/12 00:00,2.53,2.27,,,7.99,7.89,,7.92,210.259995,216.610001,,,7.11,6.34,,,,,1.67,1.619,,1.67,1.619,
2025/11/12 00:00,2.53,2.27,,1.77,7.98,7.9,,7.9,210.259995,217.089996,,218.070007,7.11,6.06,,,,,1.668,,,1.668,,
2025/11/12 00:00,2.04,2.28,,1.76,,7.89,,7.9,,216.360001,,218.559998,7.1,,5.96,,,,1.674,,1.57,1.674,,1.57
2025/11/12 00:00,0.57,2.27,,1.76,,7.89,,7.9,,216.850006,,218.070007,7.07,,5.94,,,,1.673,,1.572,1.673,,1.572
2025/11/12 00:00,0.35,2.27,,1.76,,7.89,,7.91,,216.610001,,219.289993,7.1,,5.97,,,,1.67,,1.571,1.67,,1.571
2025/11/12 00:00,0.32,2.27,,1.76,,7.89,,7.9,,216.850006,,218.559998,7.07,,5.97,,,,1.665,,1.578,1.665,,1.578
2025/11/12 00:00,0.71,2.26,,,,7.89,7.94,,,217.089996,,,7.07,,6,,,,1.664,1.576,,1.664,1.576,
2025/11/12 00:00,2.01,2.26,2.02,,,7.89,7.94,,,216.850006,218.800003,,7.12,6.33,,,,,1.66,1.601,,1.66,1.601,
2025/11/12 00:00,2.81,2.26,2.02,,8.74,7.88,7.94,,210.009995,216.850006,218.320007,,7.1,6.42,,,,,1.66,1.624,,1.66,1.624,
2025/11/12 00:00,2.66,2.26,2.02,,8.72,7.89,7.94,,210.5,217.089996,218.320007,,7.07,6.35,,,,,1.662,1.62,,1.662,1.62,
2025/11/12 00:00,2.57,2.27,2.02,,8.68,7.89,7.94,,210.990005,216.850006,218.559998,,7.09,6.36,,,,,1.672,1.621,,1.672,1.621,
2025/11/12 00:00,2.63,2.27,2.02,,8.65,7.88,7.94,,211.479996,216.850006,218.320007,,7.15,6.39,,,,,1.668,1.621,,1.668,1.621,
2025/11/12 00:00,2.6,2.26,,,8.64,7.9,,7.92,211.479996,216.850006,,,7.1,6.41,,,,,1.661,,1.625,1.661,,1.625
2025/11/12 00:00,2.62,2.26,,1.77,8.63,7.91,,7.91,211.479996,217.089996,,219.539993,7.1,6.05,,,,,1.679,,1.611,1.679,,1.611
2025/11/12 00:00,2.61,2.27,,1.77,8.63,7.9,,7.91,211.229996,216.850006,,219.289993,7.07,,6,,,,1.678,,1.574,1.678,,1.574
2025/11/12 00:00,2.61,2.28,,1.76,8.63,7.9,,7.91,210.990005,217.089996,,219.289993,7.05,,6,,,,1.666,,1.572,1.666,,1.572
2025/11/12 00:00,2.61,2.28,,1.77,8.63,7.9,,7.91,211.229996,216.850006,,218.800003,7.08,,6,,,,1.666,,1.599,1.666,,1.599
2025/11/12 00:00,2.61,2.27,,1.76,8.62,7.9,,7.91,210.990005,216.850006,,219.289993,7.05,,5.95,,,,1.673,,1.57,1.673,,1.57
2025/11/12 00:00,2.61,2.27,,,8.62,7.91,7.95,,210.990005,217.089996,,,7.08,,5.99,,,,1.665,,1.579,1.665,,1.579
2025/11/12 00:00,2.61,2.27,2.02,,8.61,7.9,7.94,,210.990005,216.610001,218.559998,,7.04,6.4,,,,,1.662,,,1.662,,
2025/11/12 00:00,2.6,2.27,2.02,,8.62,7.91,7.94,,211.229996,216.850006,218.320007,,7.1,6.37,,,,,1.67,1.625,,1.67,1.625,
2025/11/12 00:00,2.6,2.26,2.02,,8.6,7.9,7.95,,210.990005,216.850006,218.559998,,7.08,6.4,,,,,1.675,1.624,,1.675,1.624,
2025/11/12 00:00,2.61,2.26,2.02,,8.6,7.9,7.94,,210.990005,216.850006,218.800003,,7.13,6.4,,,,,1.661,1.626,,1.661,1.626,
2025/11/12 00:00,2.6,2.26,2.03,,8.59,7.91,7.95,,210.990005,217.089996,218.320007,,7.12,6.38,,,,,1.662,1.62,,1.662,1.62,
2025/11/12 00:00,2.6,2.26,,,8.59,7.91,,7.94,210.990005,216.850006,,,7.11,6.39,,,,,1.667,1.623,,1.667,1.623,
2025/11/12 00:00,2.6,2.26,,1.77,8.58,7.91,,7.91,211.229996,216.850006,,219.289993,7.13,,6.07,,,,1.67,1.617,,1.67,1.617,
2025/11/12 00:00,2.6,2.26,,1.76,8.57,7.91,,7.91,210.990005,217.089996,,219.289993,7.12,,6.01,,,,1.66,,1.571,1.66,,1.571
2025/11/12 00:00,2.6,2.26,,1.76,8.58,7.92,,7.91,210.740005,217.089996,,219.289993,7.11,,6.01,,,,1.674,,1.578,1.674,,1.578
2025/11/12 00:00,2.6,2.27,,1.76,8.57,7.92,,7.91,210.990005,217.089996,,219.050003,7.09,,6.03,,,,1.67,,1.577,1.67,,1.577
2025/11/12 00:00,2.6,2.26,,1.76,8.57,7.92,,7.91,210.740005,217.089996,,219.050003,7.16,,6.01,,,,1.673,,1.578,1.673,,1.578
2025/11/12 00:00,2.59,2.27,,,8.56,7.92,7.95,,210.990005,217.089996,,,7.11,,6,,,,1.673,,1.573,1.673,,1.573
2025/11/12 00:00,2.6,2.27,2.03,,8.56,7.91,7.95,,210.990005,216.850006,218.559998,,7.13,,,,,,1.671,,1.589,1.671,,1.589
2025/11/12 00:00,2.6,2.27,2.03,,8.55,7.91,7.95,,210.740005,217.089996,218.320007,,7.1,6.43,,,,,1.669,1.626,,1.669,1.626,
2025/11/12 00:00,2.61,2.27,2.04,,8.55,7.93,7.95,,210.990005,216.850006,218.320007,,7.09,6.42,,,,,1.667,1.623,,1.667,1.623,
2025/11/12 00:00,2.6,2.26,2.03,,8.54,7.92,7.95,,210.990005,216.850006,218.070007,,7.12,6.38,,,,,1.666,,,1.666,,
2025/11/12 00:00,2.6,2.27,2.03,,8.53,7.92,7.95,,210.990005,217.089996,218.070007,,7.13,6.44,,,,,1.67,1.625,,1.67,1.625,
2025/11/12 00:00,2.6,2.26,,,8.53,7.91,,7.92,210.990005,217.089996,,,7.15,6.42,,,,,1.665,,,1.665,,
2025/11/12 00:00,2.6,2.26,,1.78,8.53,7.92,,7.91,210.990005,217.089996,,219.050003,7.14,,,,,,1.667,,,1.667,,
2025/11/12 00:00,2.6,2.26,,1.77,8.52,7.92,,7.92,210.740005,217.089996,,218.800003,7.13,,6.02,,,,1.668,,1.576,1.668,,1.576
2025/11/12 00:00,2.6,2.26,,1.77,8.52,7.93,,7.91,210.990005,217.089996,,219.050003,7.14,,6,,,,1.669,,1.579,1.669,,1.579
2025/11/12 00:00,2.6,2.27,,1.77,8.51,7.92,,7.92,210.990005,217.089996,,218.559998,7.18,,6.01,,,,1.671,,,1.671,,
2025/11/12 00:00,2.6,2.27,,1.77,8.5,7.92,,7.92,211.229996,216.850006,,218.800003,7.17,,6.02,,,,1.665,,,1.665,,
2025/11/12 00:00,2.6,2.26,,,8.5,7.92,7.96,,210.990005,216.850006,,,7.14,,6.02,,,,1.668,,,1.668,,
2025/11/12 00:00,2.59,2.26,2.04,,8.49,7.92,7.95,,210.990005,216.850006,,,7.16,6.41,,,,,1.667,,,1.667,,
2025/11/12 00:00,2.6,2.26,2.04,,8.49,7.92,7.95,,210.990005,216.850006,218.070007,,7.17,6.42,,,,,1.666,,,1.666,,
2025/11/12 00:00,2.6,2.27,2.04,,8.48,7.92,7.95,,210.990005,216.850006,217.830002,,7.17,6.37,,,,,1.666,1.623,,1.666,1.623,
2025/11/12 00:00,2.59,2.27,2.03,,8.47,7.92,7.95,,210.990005,217.089996,217.580002,,7.13,6.43,,,,,1.669,1.63,,1.669,1.63,
2025/11/12 00:00,2.59,2.26,2.04,,8.46,7.92,7.96,,210.990005,216.850006,217.830002,,7.17,6.44,,,,,1.665,,,1.665,,
2025/11/12 00:00,2.6,2.26,,,8.45,7.92,,7.93,210.990005,216.610001,,218.800003,7.19,6.42,,,,,1.676,,,1.676,,
2025/11/12 00:00,2.58,2.26,,1.78,8.44,7.92,,7.92,210.990005,216.850006,,218.800003,7.16,,,,,,1.682,,,1.682,,
2025/11/12 00:00,2.58,2.26,,1.77,8.43,7.92,,7.91,211.229996,217.089996,,218.800003,7.19,,6.06,,,,1.676,,1.579,1.676,,1.579
2025/11/12 00:00,2.58,2.26,,1.78,8.42,7.92,,7.92,210.990005,216.850006,,218.559998,7.15,,5.99,,,,1.679,,,1.679,,
2025/11/12 00:00,2.59,2.27,,1.77,8.41,7.92,,7.92,210.990005,217.089996,,219.050003,7.17,,5.98,,,,1.665,,1.58,1.665,,1.58
2025/11/12 00:00,2.59,2.26,,1.78,8.4,7.92,,7.92,210.990005,216.850006,,218.800003,7.16,,5.99,,,,1.678,,,1.678,,
2025/11/12 00:00,2.58,2.26,,,8.39,7.93,7.96,,210.990005,217.089996,,,7.22,,6,,,,1.669,,,1.669,,
2025/11/12 00:00,2.58,2.26,2.03,,8.39,7.92,7.95,,210.990005,217.089996,218.559998,,7.2,6.44,,,,,1.67,1.635,,1.67,1.635,
2025/11/12 00:00,2.59,2.27,2.03,,8.38,7.92,7.95,,211.229996,217.089996,217.830002,,7.18,6.42,,,,,1.681,,,1.681,,
2025/11/12 00:00,2.59,2.27,2.03,,8.37,7.93,7.95,,210.990005,217.089996,217.830002,,7.19,6.47,,,,,1.675,1.628,,1.675,1.628,
2025/11/12 00:00,2.59,2.26,2.03,,8.37,7.92,7.95,,210.990005,217.089996,218.320007,,7.16,6.48,,,,,1.668,1.628,,1.668,1.628,
2025/11/12 00:00,2.58,2.26,2.03,,8.35,7.92,7.95,,210.990005,217.089996,218.559998,,7.19,6.45,,,,,1.672,1.629,,1.672,1.629,
2025/11/12 00:00,2.59,2.26,,,8.33,7.92,,7.94,210.740005,217.089996,,,7.17,6.45,,,,,1.67,1.632,,1.67,1.632,
2025/11/12 00:00,2.59,2.27,,1.78,8.31,7.92,,7.92,210.740005,216.850006,,219.289993,7.2,,,,,,1.669,1.626,,1.669,1.626,
2025/11/12 00:00,2.59,2.27,,1.77,8.3,7.92,,7.91,210.740005,217.339996,,218.559998,7.21,,6.06,,,,1.664,,1.579,1.664,,1.579
2025/11/12 00:00,2.59,2.28,,1.77,8.29,7.92,,7.92,210.990005,217.089996,,218.800003,7.13,,6.02,,,,1.67,,1.579,1.67,,1.579
2025/11/12 00:00,2.58,2.27,,1.77,8.28,7.92,,7.92,210.990005,217.089996,,219.050003,7.15,,6.05,,,,1.681,,1.583,1.681,,1.583
2025/11/12 00:00,2.58,2.27,,1.76,8.26,7.92,,7.92,210.740005,216.850006,,218.800003,7.16,,6.06,,,,1.671,,1.58,1.671,,1.58
2025/11/12 00:00,2.58,2.27,,,8.25,7.92,7.96,,210.740005,216.850006,,,7.14,,6.05,,,,1.676,,1.573,1.676,,1.573
2025/11/12 00:00,2.59,2.27,2.03,,8.24,7.92,7.96,,210.990005,217.089996,218.800003,,7.15,,,,,,1.684,,,1.684,,
2025/11/12 00:00,2.59,2.26,2.03,,8.23,7.92,7.96,,210.740005,217.089996,218.320007,,7.14,6.49,,,,,1.675,,,1.675,,
2025/11/12 00:00,2.58,2.26,2.03,,8.21,7.92,7.96,,210.740005,217.089996,218.800003,,7.18,6.48,,,,,1.677,1.628,,1.677,1.628,
2025/11/12 00:00,2.56,2.26,2.04,,8.2,7.92,7.96,,210.990005,217.089996,219.050003,,7.18,6.48,,,,,1.671,1.631,,1.671,1.631,
2025/11/12 00:00,2.56,2.26,2.03,,8.17,7.92,7.96,,210.990005,216.850006,219.289993,,7.18,6.49,,,,,1.668,1.632,,1.668,1.632,
2025/11/12 00:00,2.57,2.27,,1.76,8.16,7.91,,7.95,210.990005,217.339996,,,7.16,6.48,,,,,1.672,,,1.672,,
2025/11/12 00:00,2.57,2.27,,1.77,8.14,7.91,,7.92,210.990005,216.850006,,219.539993,7.15,,,,,,1.672,1.632,,1.672,1.632,
2025/11/12 00:00,2.57,2.26,,1.77,8.13,7.91,,7.92,210.990005,217.339996,,219.050003,7.15,,6.08,,,,1.669,,1.58,1.669,,1.58
2025/11/12 00:00,2.55,2.27,,1.76,8.11,7.91,,7.93,210.990005,216.850006,,219.050003,7.15,,6.05,,,,1.666,,,1.666,,
2025/11/12 00:00,2.57,2.27,,1.76,8.09,7.91,,7.93,210.990005,217.580002,,219.289993,7.19,,6.11,,,,1.675,,1.583,1.675,,1.583
2025/11/12 00:00,2.56,2.27,,1.76,8.07,7.91,,7.92,210.990005,217.089996,,219.289993,7.17,,6.07,,,,1.672,,1.58,1.672,,1.58
2025/11/12 00:00,2.57,2.27,,,8.05,7.91,7.96,,210.990005,217.089996,,,7.15,,6.07,,,,1.667,,1.578,1.667,,1.578
2025/11/12 00:00,2.56,2.27,2.03,,8.03,7.91,7.96,,210.990005,217.089996,219.050003,,7.2,,,,,,1.674,,1.581,1.674,,1.581
2025/11/12 00:00,2.55,2.27,2.03,,8.01,7.91,7.95,,211.229996,217.089996,218.800003,,7.16,6.49,,,,,1.685,1.625,,1.685,1.625,
2025/11/13 00:00,2.55,2.27,2.03,,8,7.91,7.96,,210.990005,217.580002,219.050003,,7.19,6.49,,,,,1.677,1.634,,1.677,1.634,
2025/11/13 00:00,2.55,2.27,2.03,,8,7.91,7.95,,210.990005,217.339996,218.800003,,7.19,6.48,,,,,1.667,1.631,,1.667,1.631,
2025/11/13 00:00,2.55,2.27,2.04,,7.98,7.9,7.95,,210.990005,217.089996,218.800003,,7.17,6.52,,,,,1.674,1.635,,1.674,1.635,
2025/11/13 00:00,2.55,2.27,,1.76,7.96,7.91,,7.96,210.740005,217.339996,,,7.17,6.49,,,,,1.669,1.635,,1.669,1.635,
2025/11/13 00:00,2.54,2.27,,1.77,7.96,7.9,,7.93,210.990005,217.089996,,219.289993,7.19,,,,,,1.666,1.637,,1.666,1.637,
2025/11/13 00:00,1.49,2.27,,1.76,,7.9,,7.93,,217.339996,,219.050003,7.19,,6.07,,,,1.674,,1.583,1.674,,1.583
2025/11/13 00:00,0.49,2.27,,1.76,,7.9,,7.93,,217.580002,,219.050003,7.19,,6.05,,,,1.669,,1.579,1.669,,1.579
2025/11/13 00:00,0.35,2.27,,1.76,,7.9,,7.93,,217.339996,,219.050003,7.2,,6.09,,,,1.675,,1.578,1.675,,1.578
2025/11/13 00:00,0.32,2.27,,1.76,,7.9,,7.93,,217.339996,,219.289993,7.21,,6.1,,,,1.67,,1.58,1.67,,1.58
2025/11/13 00:00,0.96,2.27,,,,7.9,7.97,,,217.580002,,,7.18,,6.1,,,,1.677,,1.583,1.677,,1.583
2025/11/13 00:00,2.28,2.27,2.04,,,7.9,7.96,,,217.580002,219.539993,,7.2,6.5,,,,,1.665,,1.582,1.665,,1.582
2025/11/13 00:00,2.79,2.27,2.04,,8.71,7.89,7.96,,,217.089996,218.800003,,7.12,6.51,,,,,1.67,1.631,,1.67,1.631,
2025/11/13 00:00,2.63,2.28,2.05,,8.69,7.89,7.96,,210.009995,217.089996,218.320007,,7.14,6.48,,,,,1.682,1.634,,1.682,1.634,
2025/11/13 00:00,2.58,2.27,2.04,,8.65,7.89,7.96,,210.5,217.089996,218.559998,,7.16,6.44,,,,,1.675,1.63,,1.675,1.63,
2025/11/13 00:00,2.62,2.28,2.04,,8.62,7.89,7.96,,210.990005,216.850006,218.320007,,7.14,6.46,,,,,1.682,1.634,,1.682,1.634,
2025/11/13 00:00,2.6,2.27,,,8.61,7.91,,7.94,211.229996,216.610001,,,7.13,6.48,,,,,1.679,1.639,,1.679,1.639,
2025/11/13 00:00,2.6,2.26,,,8.61,7.91,,7.93,210.5,217.089996,,219.050003,7.16,,6.13,,,,1.666,1.631,,1.666,1.631,
2025/11/13 00:00,2.6,2.26,,1.78,8.61,7.91,,7.93,210.990005,217.089996,,218.800003,7.17,,6.08,,,,1.669,,1.579,1.669,,1.579
2025/11/13 00:00,2.6,2.27,,1.78,8.6,7.92,,7.93,210.990005,217.089996,,218.800003,7.15,,6.06,,,,1.675,,1.587,1.675,,1.587
2025/11/13 00:00,2.6,2.27,,1.77,8.6,7.91,,7.93,210.990005,217.089996,,218.559998,7.13,,6.04,,,,1.677,,,1.677,,
2025/11/13 00:00,2.59,2.27,,1.78,8.61,7.91,,7.93,210.740005,216.850006,,218.800003,7.2,,6.11,,,,1.677,,,1.677,,
2025/11/13 00:00,2.59,2.27,,,8.59,7.92,7.97,,210.740005,216.850006,,,7.18,,6.01,,,,1.681,,1.583,1.681,,1.583
2025/11/13 00:00,2.59,2.26,2.04,,8.59,7.91,7.96,,210.5,217.089996,218.320007,,7.14,6.47,,,,,1.671,,,1.671,,
2025/11/13 00:00,2.59,2.27,2.04,,8.57,7.91,7.95,,210.5,217.089996,218.320007,,7.18,6.52,,,,,1.681,,,1.681,,
2025/11/13 00:00,2.59,2.27,2.04,,8.57,7.91,7.95,,210.5,216.850006,218.320007,,7.17,6.47,,,,,1.671,,,1.671,,
2025/11/13 00:00,2.59,2.27,2.04,,8.57,7.91,7.96,,210.5,217.089996,218.070007,,7.19,6.51,,,,,1.676,1.644,,1.676,1.644,
2025/11/13 00:00,2.58,2.27,2.05,,8.57,7.92,7.96,,210.5,217.089996,218.070007,,7.18,6.5,,,,,1.679,1.64,,1.679,1.64,
2025/11/13 00:00,2.59,2.26,,,8.56,7.92,,7.95,210.5,217.089996,,,7.2,6.48,,,,,1.676,1.635,,1.676,1.635,
2025/11/13 00:00,2.59,2.27,,1.78,8.56,7.92,,7.92,210.740005,217.089996,,219.050003,7.23,,,,,,1.665,1.637,,1.665,1.637,
2025/11/13 00:00,2.59,2.27,,1.78,8.55,7.91,,7.92,210.740005,217.089996,,218.559998,7.21,,6.1,,,,1.685,,1.583,1.685,,1.583
2025/11/13 00:00,2.59,2.27,,1.78,8.55,7.91,,7.92,210.5,217.089996,,218.559998,7.17,,6.08,,,,1.671,,1.58,1.671,,1.58
2025/11/13 00:00,2.59,2.27,,1.78,8.55,7.92,,7.92,210.5,216.850006,,218.800003,7.22,,6.03,,,,1.664,,1.586,1.664,,1.586
2025/11/13 00:00,2.59,2.26,,1.77,8.55,7.91,,7.92,210.5,217.089996,,218.800003,7.19,,6.08,,,,1.669,,1.582,1.669,,1.582
2025/11/13 00:00,2.59,2.27,,,8.54,7.91,7.97,,210.5,216.850006,,,7.2,,6.05,,,,1.676,,,1.676,,
2025/11/13 00:00,2.59,2.27,2.04,,8.53,7.92,7.95,,210.259995,217.089996,218.559998,,7.22,6.51,,,,,1.669,,1.587,1.669,,1.587
2025/11/13 00:00,2.58,2.26,2.04,,8.54,7.91,7.96,,210.5,217.089996,218.559998,,7.21,6.49,,,,,1.672,1.632,,1.672,1.632,
2025/11/13 00:00,2.58,2.26,2.04,,8.52,7.92,7.96,,210.259995,217.089996,218.320007,,7.2,6.51,,,,,1.674,,,1.674,,
2025/11/13 00:00,2.58,2.26,2.05,,8.53,7.92,7.96,,210.990005,217.580002,218.800003,,7.21,6.49,,,,,1.672,1.639,,1.672,1.639,
2025/11/13 00:00,2.59,2.27,2.04,,8.52,7.91,7.96,,210.5,216.850006,218.559998,,7.21,6.48,,,,,1.668,1.632,,1.668,1.632,
2025/11/13 00:00,2.59,2.27,,,8.51,7.91,,7.96,210.5,216.850006,,,7.24,6.51,,,,,1.676,,,1.676,,
2025/11/13 00:00,2.59,2.27,,1.79,8.51,7.91,,7.92,210.5,216.850006,,219.289993,7.21,,,,,,1.668,1.638,,1.668,1.638,
2025/11/13 00:00,2.58,2.27,,1.78,8.49,7.92,,7.93,210.990005,217.339996,,219.050003,7.25,,6.13,,,,1.672,,1.584,1.672,,1.584
2025/11/13 00:00,2.58,2.27,,1.78,8.5,7.92,,7.94,210.740005,217.580002,,218.559998,7.18,,6.06,,,,1.676,,1.585,1.676,,1.585
2025/11/13 00:00,2.58,2.28,,1.77,8.49,7.92,,7.93,210.259995,216.850006,,218.800003,7.2,,6.07,,,,1.677,,1.585,1.677,,1.585
2025/11/13 00:00,2.58,2.28,,1.77,8.48,7.92,,7.93,210.5,216.850006,,219.289993,7.18,,6.1,,,,1.68,,,1.68,,
2025/11/13 00:00,2.58,2.27,,1.79,8.47,7.92,7.97,,210.740005,217.089996,,,7.17,,6.12,,,,1.663,,1.584,1.663,,1.584
2025/11/13 00:00,2.56,2.27,2.04,,8.47,7.93,7.95,,210.740005,216.850006,219.289993,,7.18,6.53,,,,,1.676,,1.586,1.676,,1.586
2025/11/13 00:00,2.57,2.27,2.04,,8.46,7.92,7.96,,210.740005,217.339996,218.320007,,7.22,6.5,,,,,1.679,1.639,,1.679,1.639,
2025/11/13 00:00,2.57,2.27,2.04,,8.45,7.92,7.96,,210.740005,217.339996,218.800003,,7.19,6.52,,,,,1.678,1.636,,1.678,1.636,
2025/11/13 00:00,2.57,2.27,2.04,,8.44,7.92,7.96,,210.5,217.339996,218.559998,,7.23,6.53,,,,,1.674,1.637,,1.674,1.637,
2025/11/13 00:00,2.58,2.27,2.04,,8.43,7.91,7.96,,210.5,217.339996,219.050003,,7.16,6.54,,,,,1.67,1.639,,1.67,1.639,
2025/11/13 00:00,2.56,2.27,,,8.42,7.92,,7.97,210.5,217.339996,,,7.22,6.49,,,,,1.679,,,1.679,,
2025/11/13 00:00,2.57,2.27,,1.78,8.42,7.93,,7.93,210.5,217.339996,,219.539993,7.2,,,,,,1.675,1.636,,1.675,1.636,
2025/11/13 00:00,2.57,2.27,,1.78,8.41,7.92,,7.93,210.5,217.339996,,219.779999,7.23,,6.15,,,,1.673,,1.588,1.673,,1.588
2025/11/13 00:00,2.56,2.27,,1.77,8.4,7.92,,7.93,210.5,217.339996,,219.289993,7.23,,6.1,,,,1.671,,,1.671,,
2025/11/13 00:00,2.56,2.27,,1.77,8.38,7.92,,7.93,210.5,217.339996,,219.539993,7.19,,6.14,,,,1.672,,1.586,1.672,,1.586
2025/11/13 00:00,2.56,2.27,,1.77,8.38,7.92,,7.93,210.5,217.339996,,219.289993,7.19,,6.12,,,,1.679,,1.586,1.679,,1.586
2025/11/13 00:00,2.56,2.27,,,8.36,7.92,7.96,,210.740005,217.339996,,,7.19,,6.15,,,,1.675,,1.586,1.675,,1.586
2025/11/13 00:00,2.56,2.27,2.04,,8.36,7.92,7.96,,210.740005,217.089996,219.289993,,7.22,6.48,,,,,1.674,,,1.674,,
2025/11/13 00:00,2.57,2.27,2.04,,8.35,7.92,7.96,,210.5,217.089996,219.289993,,7.2,6.5,,,,,1.658,1.644,,1.658,1.644,
2025/11/13 00:00,2.56,2.27,2.04,,8.34,7.92,7.96,,210.259995,217.339996,218.800003,,7.19,6.57,,,,,1.672,1.644,,1.672,1.644,
2025/11/13 00:00,2.56,2.27,2.04,,8.33,7.91,7.96,,210.740005,217.339996,218.800003,,7.23,6.53,,,,,1.673,1.639,,1.673,1.639,
2025/11/13 00:00,2.56,2.27,2.04,,8.31,7.92,7.96,,210.740005,217.830002,219.050003,,7.2,6.56,,,,,1.672,1.639,,1.672,1.639,
2025/11/13 00:00,2.57,2.27,,,8.3,7.92,,7.97,210.990005,217.339996,,,7.2,6.52,,,,,1.671,1.638,,1.671,1.638,
2025/11/13 00:00,2.57,2.27,,1.78,8.29,7.92,,7.93,210.740005,217.339996,,220.020004,7.21,,,,,,1.667,,,1.667,,
2025/11/13 00:00,2.57,2.27,,1.77,8.28,7.92,,7.93,210.5,217.580002,,219.289993,7.23,,6.18,,,,1.672,,1.593,1.672,,1.593
2025/11/13 00:00,2.56,2.27,,1.77,8.26,7.91,,7.94,210.5,217.339996,,219.539993,7.22,,6.14,,,,1.687,,1.588,1.687,,1.588
2025/11/13 00:00,2.56,2.27,,1.77,8.26,7.92,,7.94,210.5,217.339996,,219.050003,7.21,,6.16,,,,1.674,,1.582,1.674,,1.582
2025/11/13 00:00,2.56,2.27,,1.77,8.25,7.91,,7.94,210.5,217.339996,,219.289993,7.19,,6.18,,,,1.676,1.636,,1.676,1.636,
2025/11/13 00:00,2.56,2.27,,1.78,8.24,7.91,7.97,,210.5,217.580002,,,7.2,,6.17,,,,1.672,,1.586,1.672,,1.586
2025/11/13 00:00,2.56,2.27,2.04,,8.22,7.91,7.96,,210.5,217.580002,219.289993,,7.21,6.52,,,,,1.669,,1.587,1.669,,1.587
2025/11/13 00:00,2.58,2.27,2.05,,8.21,7.92,7.96,,210.990005,217.339996,219.050003,,7.23,6.54,,,,,1.667,1.636,,1.667,1.636,
2025/11/13 00:00,2.56,2.28,2.05,,8.18,7.91,7.96,,210.990005,217.339996,218.800003,,7.16,6.53,,,,,1.669,1.639,,1.669,1.639,
2025/11/13 00:00,2.57,2.28,2.05,,8.16,7.91,7.96,,210.5,217.339996,218.800003,,7.19,6.52,,,,,1.671,1.639,,1.671,1.639,
2025/11/13 00:00,2.56,2.28,2.05,,8.17,7.91,7.96,,210.740005,217.339996,218.559998,,7.15,6.52,,,,,1.674,,,1.674,,
2025/11/13 00:00,2.56,2.28,,,8.15,7.91,,7.96,210.740005,217.089996,,,7.17,6.52,,,,,1.667,,,1.667,,
2025/11/13 00:00,2.56,2.27,,1.79,8.12,7.91,,7.94,210.740005,217.580002,,219.289993,7.17,,,,,,1.669,,,1.669,,
2025/11/13 00:00,2.55,2.27,,1.79,8.1,7.91,,7.93,210.5,217.089996,,219.050003,7.17,,6.11,,,,1.673,,,1.673,,
2025/11/13 00:00,2.55,2.27,,1.78,8.1,7.91,,7.92,210.5,217.089996,,218.800003,7.21,,6.06,,,,1.665,,,1.665,,
2025/11/13 00:00,2.56,2.27,,1.78,8.08,7.91,,7.93,210.5,217.089996,,219.289993,7.18,,6.08,,,,1.668,,,1.668,,
2025/11/13 00:00,2.55,2.27,,1.78,8.06,7.91,,7.93,210.740005,217.089996,,219.050003,7.21,,6.1,,,,1.669,,,1.669,,
2025/11/13 00:00,2.55,2.27,,1.77,8.04,7.9,7.96,,210.5,217.580002,,,7.19,,6.12,,,,1.67,,1.59,1.67,,1.59
2025/11/13 00:00,2.53,2.27,2.05,,8.01,7.9,7.96,,210.5,216.850006,218.559998,,7.2,6.51,,,,,1.669,,,1.669,,
2025/11/13 00:00,2.53,2.27,2.04,,8,7.9,7.96,,210.5,217.339996,218.320007,,7.23,6.52,,,,,1.667,1.645,,1.667,1.645,
2025/11/13 00:00,2.53,2.27,2.05,,7.98,7.91,7.96,,210.740005,217.339996,217.830002,,7.24,6.55,,,,,1.666,1.645,,1.666,1.645,
2025/11/13 00:00,2.53,2.27,2.05,,7.96,7.9,7.96,,210.740005,217.339996,218.070007,,7.22,6.52,,,,,1.671,1.644,,1.671,1.644,
2025/11/13 00:00,2.54,2.27,2.05,,7.95,7.89,7.95,,210.990005,217.089996,218.070007,,7.23,6.56,,,,,1.67,1.642,,1.67,1.642,
2025/11/13 00:00,2.53,2.27,,,7.94,7.9,,7.96,210.990005,217.339996,,,7.23,6.54,,,,,1.667,1.644,,1.667,1.644,
2025/11/13 00:00,2.31,2.27,,1.79,,7.9,,7.93,,217.339996,,219.539993,7.23,,,,,,1.669,1.641,,1.669,1.641,
2025/11/13 00:00,0.6,2.27,,1.79,,7.9,,7.93,,217.089996,,218.800003,7.2,,6.13,,,,1.668,,1.588,1.668,,1.588
2025/11/13 00:00,0.35,2.27,,1.78,,7.89,,7.92,,217.339996,,219.289993,7.22,,6.11,,,,1.67,,1.591,1.67,,1.591
2025/11/13 00:00,0.32,2.28,,1.79,,7.89,,7.92,,217.089996,,219.050003,7.23,,6.11,,,,1.677,,1.591,1.677,,1.591
2025/11/13 00:00,0.53,2.27,,1.78,,7.89,,7.92,,217.580002,,219.050003,7.2,,6.14,,,,1.666,,1.591,1.666,,1.591
2025/11/13 00:00,1.82,2.27,,1.77,,7.9,7.97,,,217.339996,,,7.21,,6.13,,,,1.665,,1.589,1.665,,1.589
2025/11/13 00:00,2.81,2.27,2.05,,8.74,7.89,7.96,,,217.580002,218.559998,,7.24,6.55,,,,,1.679,,1.591,1.679,,1.591
2025/11/13 00:00,2.68,2.27,2.05,,8.73,7.89,7.96,,210.259995,217.339996,218.320007,,7.24,6.53,,,,,1.67,1.642,,1.67,1.642,
2025/11/13 00:00,2.56,2.27,2.05,,8.68,7.89,7.96,,210.740005,217.339996,218.559998,,7.21,6.54,,,,,1.666,,,1.666,,
2025/11/13 00:00,2.63,2.27,2.05,,8.65,7.89,7.96,,211.479996,217.339996,218.320007,,7.21,6.56,,,,,1.659,1.646,,1.659,1.646,
2025/11/13 00:00,2.6,2.27,2.05,,8.63,7.89,7.96,,210.990005,217.580002,218.559998,,7.21,6.54,,,,,1.668,,,1.668,,
2025/11/13 00:00,2.6,2.27,,,8.63,7.91,,7.96,210.990005,217.339996,,,7.2,6.54,,,,,1.661,,,1.661,,
2025/11/13 00:00,2.6,2.26,,1.79,8.63,7.9,,7.93,210.990005,217.339996,,219.050003,7.17,,,,,,1.667,,,1.667,,
2025/11/13 00:00,2.6,2.28,,1.79,8.62,7.9,,7.92,210.990005,217.580002,,219.289993,7.2,,6.14,,,,1.671,,,1.671,,
2025/11/13 00:00,2.6,2.28,,1.78,8.62,7.9,,7.93,210.990005,217.339996,,218.559998,7.2,,6.12,,,,1.668,,1.59,1.668,,1.59
2025/11/13 00:00,2.6,2.28,,1.78,8.62,7.9,,7.94,210.990005,217.339996,,218.800003,7.23,,6.1,,,,1.671,,1.594,1.671,,1.594
2025/11/13 00:00,2.59,2.28,,1.78,8.61,7.91,,7.92,210.990005,217.339996,,218.800003,7.17,,6.14,,,,1.664,,,1.664,,
2025/11/13 00:00,2.59,2.28,,1.77,8.61,7.91,7.96,,210.990005,217.580002,,,7.16,,6.13,,,,1.665,,1.588,1.665,,1.588
2025/11/13 00:00,2.6,2.28,2.05,,8.6,7.91,7.95,,210.990005,217.339996,,,7.16,,,,,,1.67,,,1.67,,
2025/11/13 00:00,2.6,2.28,2.05,,8.6,7.91,7.95,,210.740005,217.089996,218.800003,,7.18,6.54,,,,,1.67,1.642,,1.67,1.642,
2025/11/13 00:00,2.6,2.27,2.05,,8.59,7.9,7.95,,210.5,217.339996,218.559998,,7.13,6.56,,,,,1.668,,,1.668,,
2025/11/13 00:00,2.58,2.26,2.05,,8.59,7.91,7.95,,210.5,216.850006,218.559998,,7.18,6.57,,,,,1.673,1.643,,1.673,1.643,
2025/11/13 00:00,2.59,2.25,2.05,,8.58,7.91,7.95,,210.5,217.339996,218.800003,,7.17,6.56,,,,,1.667,1.643,,1.667,1.643,
2025/11/13 00:00,2.59,2.26,,,8.58,7.9,,7.96,210.740005,217.339996,,,7.2,6.59,,,,,1.667,1.642,,1.667,1.642,
2025/11/13 00:00,2.59,2.26,,1.79,8.58,7.9,,7.92,210.259995,217.339996,,,7.22,,,,,,1.671,,,1.671,,
2025/11/13 00:00,2.59,2.26,,1.78,8.57,7.91,,7.92,210.740005,217.339996,,219.289993,7.17,,6.19,,,,1.669,,1.599,1.669,,1.599
2025/11/13 00:00,2.58,2.26,,1.78,8.57,7.91,,7.92,210.5,217.339996,,219.289993,7.2,,6.17,,,,1.67,,1.6,1.67,,1.6
2025/11/13 00:00,2.59,2.26,,1.77,8.57,7.91,,7.93,210.5,217.339996,,219.050003,7.15,,6.15,,,,1.675,,1.593,1.675,,1.593
2025/11/13 00:00,2.59,2.26,,1.77,8.56,7.91,,7.93,210.259995,217.339996,,219.289993,7.21,,6.18,,,,1.668,,,1.668,,
2025/11/13 00:00,2.59,2.26,,1.77,8.56,7.91,7.95,,210.259995,217.580002,,,7.2,,6.17,,,,1.665,,1.593,1.665,,1.593
2025/11/13 00:00,2.59,2.26,2.04,,8.55,7.91,7.96,,210.259995,217.580002,218.800003,,7.19,6.54,,,,,1.671,,1.596,1.671,,1.596
2025/11/13 00:00,2.58,2.26,2.04,,8.55,7.91,7.96,,210.5,217.339996,218.800003,,7.21,6.55,,,,,1.671,1.647,,1.671,1.647,
2025/11/13 00:00,2.59,2.26,2.05,,8.54,7.92,7.96,,210.5,217.339996,219.050003,,7.18,6.57,,,,,1.666,1.644,,1.666,1.644,
2025/11/13 00:00,2.59,2.26,2.05,,8.53,7.91,7.96,,210.5,217.089996,218.559998,,7.22,6.58,,,,,1.661,1.645,,1.661,1.645,
2025/11/13 00:00,2.59,2.26,2.04,,8.53,7.92,7.95,,210.5,217.339996,218.800003,,7.18,6.57,,,,,1.667,1.645,,1.667,1.645,
2025/11/13 00:00,2.59,2.26,,,8.52,7.92,,7.97,210.740005,217.830002,,,7.21,6.57,,,,,1.659,1.645,,1.659,1.645,
2025/11/13 00:00,2.58,2.26,,1.79,8.52,7.91,,7.93,210.740005,217.339996,,219.779999,7.19,,,,,,1.662,1.642,,1.662,1.642,
2025/11/13 00:00,2.58,2.26,,1.78,8.51,7.92,,7.93,210.5,217.580002,,219.289993,7.2,,6.13,,,,1.666,,,1.666,,
2025/11/13 00:00,2.58,2.26,,1.78,8.5,7.92,,7.93,210.5,217.339996,,219.289993,7.19,,6.14,,,,1.658,,1.598,1.658,,1.598
2025/11/13 00:00,2.58,2.26,,1.77,8.49,7.92,,7.93,210.740005,217.339996,,219.050003,7.19,,6.17,,,,1.66,,1.599,1.66,,1.599
2025/11/13 00:00,2.58,2.27,,1.77,8.49,7.91,,7.94,210.5,217.339996,,219.050003,7.18,,6.2,,,,1.66,,1.596,1.66,,1.596
2025/11/13 00:00,2.58,2.26,,1.77,8.48,7.92,7.95,,210.5,217.339996,,,7.2,,6.16,,,,1.669,,1.598,1.669,,1.598
2025/11/13 00:00,2.57,2.26,2.04,,8.47,7.92,7.96,,210.259995,217.339996,,,7.21,,,,,,1.665,,1.589,1.665,,1.589
2025/11/13 00:00,2.57,2.26,2.04,,8.46,7.92,7.95,,210.5,217.339996,218.800003,,7.24,6.54,,,,,1.667,1.645,,1.667,1.645,
2025/11/13 00:00,2.58,2.27,2.05,,8.45,7.92,7.96,,210.990005,217.339996,219.289993,,7.2,6.58,,,,,1.656,1.645,,1.656,1.645,
2025/11/13 00:00,2.58,2.27,2.05,,8.45,7.92,7.96,,210.5,217.339996,218.559998,,7.16,6.55,,,,,1.664,1.641,,1.664,1.641,
2025/11/13 00:00,2.59,2.27,2.06,,8.44,7.91,7.96,,210.740005,217.580002,218.559998,,7.19,6.55,,,,,1.653,,,1.653,,
2025/11/13 00:00,2.58,2.27,,,8.43,7.91,,7.96,210.5,217.339996,,,7.12,6.55,,,,,1.673,,,1.673,,
2025/11/13 00:00,2.58,2.26,,1.8,8.43,7.91,,7.93,210.5,217.580002,,219.289993,7.17,,,,,,1.652,1.643,,1.652,1.643,
2025/11/13 00:00,2.58,2.26,,1.79,8.42,7.91,,7.93,210.740005,217.580002,,219.050003,7.18,,6.15,,,,1.664,,1.597,1.664,,1.597
2025/11/13 00:00,2.58,2.26,,1.79,8.41,7.92,,7.93,210.259995,217.339996,,218.559998,7.17,,6.13,,,,1.674,,1.593,1.674,,1.593
2025/11/13 00:00,2.58,2.26,,1.79,8.4,7.92,,7.93,210.259995,217.580002,,218.559998,7.17,,6.1,,,,1.655,,,1.655,,
2025/11/13 00:00,2.58,2.27,,1.79,8.39,7.91,,7.92,210.5,216.850006,,218.800003,7.19,,6.1,,,,1.67,,1.592,1.67,,1.592
2025/11/13 00:00,2.59,2.26,,1.79,8.37,7.92,7.95,,210.5,217.339996,,,7.18,,6.09,,,,1.663,,1.594,1.663,,1.594
2025/11/13 00:00,2.59,2.27,,,8.37,7.92,7.96,,210.5,217.339996,218.320007,,7.19,,,,,,1.667,,1.596,1.667,,1.596
2025/11/13 00:00,2.59,2.27,2.06,,8.35,7.92,7.94,,210.259995,217.339996,218.559998,,7.15,6.56,,,,,1.67,,,1.67,,
2025/11/13 00:00,2.6,2.27,2.05,,8.35,7.91,7.94,,210.5,217.339996,218.320007,,7.19,6.51,,,,,1.653,,,1.653,,
2025/11/13 00:00,2.59,2.27,2.06,,8.31,7.91,7.94,,210.740005,217.339996,218.320007,,7.19,6.47,,,,,1.664,,,1.664,,
2025/11/13 00:00,2.59,2.27,2.06,,8.29,7.91,7.92,,210.5,217.089996,218.320007,,7.15,6.49,,,,,1.669,,,1.669,,
2025/11/13 00:00,2.59,2.27,2.06,,8.28,7.91,,7.94,210.5,217.580002,,,7.2,6.5,,,,,1.673,,,1.673,,
2025/11/13 00:00,2.6,2.27,,,8.28,7.91,,7.92,210.5,217.089996,,,7.19,,,,,,1.655,,,1.655,,
2025/11/13 00:00,2.6,2.27,,1.8,8.26,7.91,,7.92,210.5,217.339996,,218.800003,7.17,,6.11,,,,1.668,,,1.668,,
2025/11/13 00:00,2.59,2.27,,1.79,8.23,7.91,,7.92,210.740005,217.089996,,218.320007,7.16,,6.06,,,,1.669,,1.597,1.669,,1.597
2025/11/13 00:00,2.59,2.26,,1.78,8.21,7.9,,7.92,210.5,217.339996,,218.559998,7.22,,6.04,,,,1.671,,1.601,1.671,,1.601
2025/11/13 00:00,2.6,2.27,,1.77,8.19,7.9,,7.92,210.5,217.339996,,218.320007,7.22,,6.19,,,,1.663,,1.599,1.663,,1.599
2025/11/13 00:00,2.6,2.27,,1.78,8.18,7.9,7.93,,210.740005,217.580002,,,7.19,,6.19,,,,1.664,,1.609,1.664,,1.609
2025/11/13 00:00,2.59,2.27,2.06,,8.16,7.89,7.92,,210.5,217.580002,,,7.18,,,,,,1.666,,1.604,1.666,,1.604
2025/11/13 00:00,2.6,2.27,2.05,,8.16,7.89,7.92,,210.740005,217.339996,218.320007,,7.19,6.52,,,,,1.655,1.644,,1.655,1.644,
2025/11/13 00:00,2.59,2.27,2.06,,8.13,7.9,7.92,,210.740005,217.830002,218.070007,,7.19,6.54,,,,,1.663,,,1.663,,
2025/11/13 00:00,2.6,2.27,2.06,,8.1,7.9,7.91,,210.740005,217.339996,218.559998,,7.18,6.55,,,,,1.672,1.643,,1.672,1.643,
2025/11/13 00:00,2.6,2.27,2.06,,8.08,7.89,7.92,,210.5,217.339996,218.320007,,7.17,6.53,,,,,1.663,1.646,,1.663,1.646,
2025/11/13 00:00,2.6,2.27,2.06,,8.06,7.89,,7.92,210.5,217.339996,,,7.18,6.52,,,,,1.669,,,1.669,,
2025/11/13 00:00,2.6,2.27,,,8.04,7.89,,7.91,210.740005,217.089996,,,7.19,,,,,,1.658,1.647,,1.658,1.647,
2025/11/13 00:00,2.58,2.27,,1.79,8.02,7.89,,7.9,210.5,217.339996,,218.800003,7.19,,6.17,,,,1.669,,,1.669,,
2025/11/13 00:00,2.58,2.27,,1.79,8.01,7.89,,7.9,210.259995,217.339996,,219.050003,7.21,,6.1,,,,1.665,,1.607,1.665,,1.607
2025/11/13 00:00,2.58,2.29,,1.79,7.99,7.89,,7.9,210.990005,217.089996,,218.559998,7.21,,6.1,,,,1.657,,1.601,1.657,,1.601
2025/11/13 00:00,2.58,2.3,,1.79,7.98,7.89,,7.9,210.5,217.339996,,219.050003,7.2,,6.1,,,,1.669,,1.602,1.669,,1.602
2025/11/13 00:00,2.58,2.3,,1.79,7.96,7.89,7.91,,210.009995,217.339996,,,7.18,,6.17,,,,1.671,,1.611,1.671,,1.611
2025/11/13 00:00,2.57,2.3,2.06,,7.94,7.88,7.91,,210.259995,217.339996,,,7.14,,,,,,1.674,,,1.674,,
2025/11/13 00:00,2.56,2.29,2.06,,7.92,7.88,7.91,,210.990005,217.339996,218.800003,,7.13,6.5,,,,,1.666,,,1.666,,
2025/11/13 00:00,2.57,2.29,2.06,,7.91,7.88,7.91,,210.990005,217.339996,218.559998,,7.14,6.53,,,,,1.671,1.646,,1.671,1.646,
2025/11/13 00:00,2.57,2.3,2.07,,7.88,7.88,7.91,,210.740005,217.339996,218.559998,,7.14,6.52,,,,,1.668,1.643,,1.668,1.643,
2025/11/13 00:00,2.56,2.29,2.06,,7.88,7.88,7.91,,210.990005,217.339996,218.800003,,7.13,6.52,,,,,1.665,1.647,,1.665,1.647,
2025/11/13 00:00,2.58,2.29,2.06,,,7.88,,7.92,,217.339996,,,7.14,6.5,,,,,1.658,1.65,,1.658,1.65,
2025/11/13 00:00,0.79,2.28,,,,7.88,,7.9,,217.339996,,,7.14,,,,,,1.666,1.655,,1.666,1.655,
2025/11/13 00:00,0.39,2.29,,1.79,,7.88,,7.89,,217.339996,,219.539993,7.18,,,,,,1.677,,1.602,1.677,,1.602
2025/11/13 00:00,0.34,2.29,,1.79,,7.87,,7.89,,217.580002,,219.289993,7.17,,6.13,,,,1.658,,1.609,1.658,,1.609
2025/11/13 00:00,0.4,2.29,,1.79,,7.87,,7.89,,217.580002,,219.539993,7.14,,6.14,,,,1.659,,1.604,1.659,,1.604
2025/11/13 00:00,1.62,2.28,,1.79,,7.87,,7.89,,217.339996,,219.289993,7.13,,6.14,,,,1.666,,1.602,1.666,,1.602
2025/11/13 00:00,2.82,2.29,,1.79,8.74,7.87,7.9,,212.449997,217.580002,,,7.16,,6.17,,,,1.661,,,1.661,,
2025/11/13 00:00,2.74,2.28,2.06,,8.72,7.87,7.91,,212.699997,217.580002,,,7.15,,,,,,1.675,,1.604,1.675,,1.604
2025/11/13 00:00,2.62,2.29,2.06,,8.69,7.87,7.9,,212.940002,217.339996,219.050003,,7.15,6.56,,,,,1.664,1.648,,1.664,1.648,
2025/11/13 00:00,2.67,2.29,2.06,,8.64,7.86,7.91,,213.429993,217.089996,219.050003,,7.17,6.54,,,,,1.662,1.647,,1.662,1.647,
2025/11/13 00:00,2.67,2.29,2.06,,8.63,7.86,7.91,,213.429993,217.339996,219.289993,,7.14,6.51,,,,,1.664,1.65,,1.664,1.65,
2025/11/13 00:00,2.66,2.29,2.06,,8.62,7.88,7.91,,213.429993,217.580002,219.050003,,7.15,6.52,,,,,1.662,,,1.662,,
2025/11/13 00:00,2.65,2.28,2.06,,8.62,7.88,,7.91,213.679993,217.339996,,,7.17,6.6,,,,,1.668,1.642,,1.668,1.642,
2025/11/13 00:00,2.65,2.29,,,8.62,7.89,,7.89,213.429993,217.339996,,,7.18,,,,,,1.658,,,1.658,,
2025/11/13 00:00,2.66,2.29,,1.78,8.61,7.88,,7.89,212.699997,217.339996,,219.289993,7.15,,6.23,,,,1.663,,1.602,1.663,,1.602
2025/11/13 00:00,2.65,2.29,,1.79,8.61,7.88,,7.89,213.429993,217.580002,,220.270004,7.14,,6.18,,,,1.658,,,1.658,,
2025/11/13 00:00,2.65,2.29,,1.79,8.6,7.9,,7.88,213.679993,217.089996,,219.539993,7.16,,6.18,,,,1.665,,,1.665,,
2025/11/13 00:00,2.65,2.29,,1.79,8.6,7.89,,7.89,212.940002,217.830002,,219.050003,7.12,,6.16,,,,1.66,,1.605,1.66,,1.605
2025/11/13 00:00,2.65,2.3,,1.79,8.59,7.89,7.89,,212.699997,217.580002,,,7.13,,6.17,,,,1.667,,1.608,1.667,,1.608
2025/11/13 00:00,2.65,2.3,2.06,,8.59,7.88,7.91,,213.190002,217.339996,,,7.17,,,,,,1.661,,,1.661,,
2025/11/13 00:00,2.65,2.29,2.06,,8.58,7.88,7.9,,213.190002,216.850006,219.050003,,7.15,6.54,,,,,1.671,1.649,,1.671,1.649,
2025/11/13 00:00,2.65,2.29,2.06,,8.58,7.89,7.9,,212.940002,217.339996,219.050003,,7.14,6.54,,,,,1.663,1.649,,1.663,1.649,
2025/11/13 00:00,2.65,2.29,2.06,,8.57,7.89,7.9,,212.699997,217.830002,219.050003,,7.15,6.52,,,,,1.668,,,1.668,,
2025/11/13 00:00,2.65,2.3,2.06,,8.57,7.89,7.89,,212.940002,217.580002,218.559998,,7.12,6.48,,,,,1.665,1.655,,1.665,1.655,
2025/11/13 00:00,2.65,2.28,2.05,,8.56,7.89,,7.89,212.940002,217.580002,,,7.14,6.53,,,,,1.666,1.651,,1.666,1.651,
2025/11/13 00:00,2.65,2.26,,1.8,8.56,7.89,,7.88,213.190002,218.070007,,,7.19,,,,,,1.668,1.651,,1.668,1.651,
2025/11/13 00:00,2.65,2.26,,1.79,8.55,7.89,,7.89,213.190002,218.559998,,219.289993,7.21,,6.18,,,,1.673,,1.604,1.673,,1.604
2025/11/13 00:00,2.65,2.26,,1.79,8.53,7.89,,7.88,213.190002,218.070007,,219.289993,7.21,,6.2,,,,1.665,,1.605,1.665,,1.605
2025/11/13 00:00,2.65,2.28,,1.8,8.53,7.89,,7.88,213.919998,218.070007,,219.539993,7.19,,6.2,,,,1.664,,1.605,1.664,,1.605
2025/11/13 00:00,2.65,2.29,,1.79,8.52,7.89,,7.88,213.679993,218.320007,,219.289993,7.18,,6.15,,,,1.665,,1.607,1.665,,1.607
2025/11/13 00:00,2.66,2.28,,1.79,8.5,7.88,7.87,,213.919998,218.070007,,,7.18,,6.2,,,,1.661,,,1.661,,
2025/11/13 00:00,2.66,2.29,2.06,,8.51,7.89,7.86,,213.429993,218.800003,,,7.2,,,,,,1.659,,1.61,1.659,,1.61
2025/11/13 00:00,2.66,2.29,2.05,,8.49,7.89,7.85,,213.679993,218.320007,218.800003,,7.17,6.49,,,,,1.667,1.659,,1.667,1.659,
2025/11/13 00:00,2.65,2.28,2.06,,8.49,7.88,7.85,,213.429993,218.559998,218.800003,,7.19,6.51,,,,,1.668,1.646,,1.668,1.646,
2025/11/13 00:00,2.66,2.29,2.06,,8.48,7.88,7.85,,213.429993,218.559998,218.800003,,7.17,6.52,,,,,1.668,1.655,,1.668,1.655,
2025/11/13 00:00,2.66,2.3,2.06,,8.46,7.88,7.84,,213.429993,218.559998,218.800003,,7.19,6.49,,,,,1.675,,,1.675,,
2025/11/13 00:00,2.66,2.29,2.06,,8.47,7.88,,7.84,213.429993,218.559998,,,7.19,6.48,,,,,1.667,,,1.667,,
2025/11/13 00:00,2.65,2.29,,,8.43,7.88,,7.84,213.919998,218.320007,,,7.17,,,,,,1.658,1.651,,1.658,1.651,
2025/11/13 00:00,2.66,2.28,,1.8,8.42,7.88,,7.83,213.190002,218.559998,,219.289993,7.21,,6.19,,,,1.664,,,1.664,,
2025/11/13 00:00,2.66,2.29,,1.8,8.41,7.87,,7.83,213.429993,218.559998,,219.779999,7.21,,6.12,,,,1.675,,1.609,1.675,,1.609
2025/11/13 00:00,2.66,2.3,,1.8,8.41,7.87,,7.82,213.429993,218.320007,,219.289993,7.2,,6.11,,,,1.666,,,1.666,,
2025/11/13 00:00,2.66,2.29,,1.8,8.38,7.86,,7.82,213.679993,218.559998,,219.289993,7.19,,6.13,,,,1.662,,,1.662,,
2025/11/13 00:00,2.65,2.3,,1.8,8.38,7.87,7.81,,213.429993,218.800003,,,7.22,,6.15,,,,1.663,,1.604,1.663,,1.604
2025/11/13 00:00,2.66,2.29,2.06,,8.35,7.86,7.82,,213.429993,218.800003,,,7.17,,,,,,1.668,,1.61,1.668,,1.61
2025/11/13 00:00,2.66,2.3,2.06,,8.34,7.87,7.82,,213.919998,218.070007,218.800003,,7.19,6.48,,,,,1.654,1.652,,1.654,1.652,
2025/11/13 00:00,2.67,2.3,2.07,,8.32,7.86,7.81,,213.429993,218.559998,219.289993,,7.18,6.47,,,,,1.665,1.644,,1.665,1.644,
2025/11/13 00:00,2.65,2.3,2.06,,8.31,7.86,7.81,,213.679993,218.070007,219.050003,,7.19,6.47,,,,,1.663,1.648,,1.663,1.648,
2025/11/13 00:00,2.65,2.3,2.06,,8.3,7.86,7.81,,213.429993,218.559998,218.559998,,7.21,6.47,,,,,1.667,1.646,,1.667,1.646,
2025/11/13 00:00,2.65,2.3,2.07,,8.29,7.86,,7.8,213.429993,218.070007,,,7.19,6.49,,,,,1.65,,,1.65,,
2025/11/13 00:00,2.65,2.3,,,8.28,7.86,,7.79,213.429993,218.070007,,,7.18,,,,,,1.669,1.65,,1.669,1.65,
2025/11/13 00:00,2.65,2.3,,1.81,8.26,7.86,,7.78,213.190002,218.320007,,219.289993,7.18,,6.14,,,,1.654,,1.607,1.654,,1.607
2025/11/13 00:00,2.65,2.3,,1.81,8.26,7.85,,7.79,213.429993,218.070007,,218.800003,7.2,,6.12,,,,1.663,,1.613,1.663,,1.613
2025/11/13 00:00,2.65,2.3,,1.81,8.22,7.86,,7.78,213.429993,218.320007,,219.539993,7.2,,6.1,,,,1.663,,1.61,1.663,,1.61
2025/11/13 00:00,2.65,2.31,,1.8,8.21,7.84,,7.78,213.429993,218.320007,,218.559998,7.17,,6.15,,,,1.672,,1.601,1.672,,1.601
2025/11/13 00:00,2.65,2.32,,1.8,8.18,7.85,7.78,,213.429993,218.070007,,,7.17,,6.12,,,,1.663,,1.607,1.663,,1.607
2025/11/13 00:00,2.66,2.32,2.07,,8.18,7.85,7.81,,212.940002,218.070007,,,7.14,,,,,,1.664,,1.617,1.664,,1.617
2025/11/13 00:00,2.66,2.31,2.06,,8.16,7.85,7.8,,213.190002,218.070007,219.050003,,7.13,6.47,,,,,1.654,1.645,,1.654,1.645,
2025/11/13 00:00,2.65,2.31,2.06,,8.13,7.85,7.8,,213.190002,218.559998,219.050003,,7.17,6.51,,,,,1.667,1.662,,1.667,1.662,
2025/11/13 00:00,2.66,2.3,2.07,,8.11,7.84,7.8,,213.190002,217.830002,219.050003,,7.16,6.47,,,,,1.672,,,1.672,,
2025/11/13 00:00,2.66,2.3,2.07,,8.09,7.83,7.81,,213.190002,218.070007,219.289993,,7.16,6.47,,,,,1.666,1.646,,1.666,1.646,
2025/11/13 00:00,2.66,2.3,2.07,,8.06,7.84,,7.79,212.940002,218.070007,,,7.16,6.5,,,,,1.668,1.649,,1.668,1.649,
2025/11/13 00:00,2.66,2.3,,,8.04,7.84,,7.78,213.429993,218.070007,,,7.14,,,,,,1.668,1.645,,1.668,1.645,
2025/11/13 00:00,2.65,2.31,,1.8,8.02,7.84,,7.78,213.429993,218.320007,,219.539993,7.14,,6.17,,,,1.669,,,1.669,,
2025/11/13 00:00,2.65,2.3,,1.81,8.03,7.84,,7.78,213.429993,217.830002,,220.020004,7.14,,6.17,,,,1.669,,1.61,1.669,,1.61
2025/11/13 00:00,2.65,2.31,,1.8,7.99,7.84,,7.77,213.919998,218.320007,,219.289993,7.17,,6.14,,,,1.665,,1.607,1.665,,1.607
2025/11/13 00:00,2.65,2.31,,1.8,7.97,7.83,,7.77,213.429993,218.559998,,219.539993,7.15,,6.18,,,,1.665,,1.61,1.665,,1.61
2025/11/13 00:00,2.65,2.31,,1.81,7.95,7.83,7.77,,213.190002,218.070007,,,7.16,,6.16,,,,1.677,,,1.677,,
2025/11/13 00:00,2.65,2.31,2.07,,7.94,7.83,7.81,,213.679993,218.070007,,,7.16,,,,,,1.669,,1.608,1.669,,1.608
2025/11/13 00:00,2.64,2.32,2.07,,7.91,7.83,7.81,,213.429993,218.800003,219.050003,,7.12,6.47,,,,,1.666,1.648,,1.666,1.648,
2025/11/13 00:00,2.64,2.31,2.07,,7.9,7.83,7.81,,213.190002,218.070007,219.050003,,7.12,6.47,,,,,1.662,1.651,,1.662,1.651,
2025/11/13 00:00,2.64,2.32,2.07,,7.87,7.82,7.81,,213.679993,218.070007,219.539993,,7.1,6.46,,,,,1.675,1.646,,1.675,1.646,
2025/11/13 00:00,2.63,2.32,2.07,,7.86,7.82,7.81,,213.429993,218.320007,219.539993,,7.1,6.49,,,,,1.673,,,1.673,,
2025/11/13 00:00,2.63,2.31,2.07,,7.85,7.83,,7.81,213.429993,218.559998,,,7.12,6.45,,,,,1.665,1.645,,1.665,1.645,
2025/11/13 00:00,2.62,2.31,,1.82,7.84,7.82,,7.78,213.429993,218.559998,,,7.15,,,,,,1.67,,,1.67,,
2025/11/13 00:00,2.62,2.31,,1.8,7.82,7.82,,7.78,213.919998,218.559998,,220.020004,7.15,,6.1,,,,1.67,,,1.67,,
2025/11/13 00:00,2.62,2.31,,1.81,7.79,7.81,,7.77,213.919998,218.320007,,220.020004,7.17,,6.15,,,,1.671,,1.608,1.671,,1.608
2025/11/13 00:00,2.61,2.31,,1.8,7.79,7.81,,7.77,213.919998,218.559998,,219.539993,7.1,,6.16,,,,1.662,,1.615,1.662,,1.615
2025/11/13 00:00,2.62,2.31,,1.8,7.79,7.81,,7.77,213.679993,218.320007,,219.539993,7.13,,6.16,,,,1.656,,1.609,1.656,,1.609
2025/11/13 00:00,2.61,2.31,,,7.76,7.81,7.78,,213.429993,218.070007,,,7.16,,6.14,,,,1.668,,1.61,1.668,,1.61
2025/11/13 00:00,2.6,2.31,2.06,,7.76,7.81,7.81,,213.679993,218.800003,,,7.1,,,,,,1.665,,1.611,1.665,,1.611
2025/11/13 00:00,2.59,2.31,2.07,,7.76,7.81,7.81,,213.679993,218.559998,219.289993,,7.11,6.5,,,,,1.674,1.646,,1.674,1.646,
2025/11/13 00:00,2.59,2.32,2.07,,7.75,7.81,7.82,,213.679993,218.559998,219.050003,,7.11,6.5,,,,,1.673,1.648,,1.673,1.648,
2025/11/13 00:00,2.58,2.32,2.07,,7.73,7.81,7.82,,213.679993,218.800003,220.020004,,7.14,6.46,,,,,1.668,1.644,,1.668,1.644,
2025/11/13 00:00,2.6,2.31,2.07,,7.73,7.79,7.82,,213.679993,218.070007,219.289993,,7.1,6.48,,,,,1.669,1.643,,1.669,1.643,
2025/11/13 00:00,2.13,2.33,2.08,,,7.79,,7.82,,218.070007,,,7.09,6.45,,,,,1.67,1.644,,1.67,1.644,
2025/11/13 00:00,0.56,2.31,,,,7.79,,7.78,,218.070007,,,7.13,,,,,,1.668,1.648,,1.668,1.648,
2025/11/13 00:00,0.36,2.32,,1.82,,7.79,,7.78,,218.320007,,219.779999,7.1,,6.14,,,,1.669,,1.606,1.669,,1.606
2025/11/13 00:00,0.33,2.32,,1.81,,7.79,,7.77,,218.070007,,219.289993,7.12,,6.08,,,,1.659,,1.607,1.659,,1.607
2025/11/13 00:00,0.68,2.31,,1.82,,7.79,,7.78,,218.070007,,219.050003,7.1,,6.15,,,,1.666,,1.607,1.666,,1.607
2025/11/13 00:00,2.02,2.31,,1.81,,7.79,,7.78,,218.070007,,219.050003,7.11,,6.1,,,,1.665,,1.61,1.665,,1.61
2025/11/13 00:00,2.85,2.31,,1.81,8.74,7.79,7.78,,,217.830002,,,7.09,,6.11,,,,1.673,,1.616,1.673,,1.616
2025/11/13 00:00,2.71,2.3,2.07,,8.71,7.78,7.83,,214.160004,217.830002,,,7.07,,,,,,1.66,,1.61,1.66,,1.61
2025/11/13 00:00,2.61,2.31,2.06,,8.66,7.79,7.82,,214.160004,218.320007,218.800003,,7.12,6.47,,,,,1.67,,,1.67,,
2025/11/13 00:00,2.67,2.3,2.06,,8.63,7.79,7.82,,214.649994,218.320007,219.050003,,7.08,6.52,,,,,1.67,1.644,,1.67,1.644,
2025/11/13 00:00,2.65,2.31,2.07,,8.62,7.8,7.83,,214.649994,218.320007,219.289993,,7.12,6.49,,,,,1.667,1.643,,1.667,1.643,
2025/11/13 00:00,2.65,2.31,2.06,,8.61,7.81,7.82,,214.649994,218.559998,218.800003,,7.12,6.51,,,,,1.666,1.647,,1.666,1.647,
2025/11/13 00:00,2.65,2.31,2.06,,8.6,7.81,,7.83,214.160004,218.320007,,,7.12,6.52,,,,,1.671,,,1.671,,
2025/11/13 00:00,2.65,2.32,,,8.6,7.81,,7.79,213.919998,218.070007,,,7.16,,,,,,1.664,,,1.664,,
2025/11/13 00:00,2.65,2.31,,1.81,8.6,7.8,,7.79,214.410004,218.070007,,219.539993,7.14,,6.19,,,,1.662,,1.61,1.662,,1.61
2025/11/13 00:00,2.64,2.31,,1.81,8.59,7.8,,7.78,214.160004,218.320007,,219.050003,7.11,,6.14,,,,1.666,,1.61,1.666,,1.61
2025/11/13 00:00,2.64,2.31,,1.81,8.59,7.81,,7.78,213.919998,218.070007,,219.050003,7.1,,6.11,,,,1.663,,1.615,1.663,,1.615
2025/11/13 00:00,2.64,2.31,,1.81,8.58,7.81,,7.78,213.919998,218.320007,,219.050003,7.13,,6.12,,,,1.67,,,1.67,,
2025/11/13 00:00,2.64,2.31,,1.81,8.58,7.81,7.78,,214.160004,218.320007,,,7.15,,6.12,,,,1.67,,1.607,1.67,,1.607
2025/11/13 00:00,2.64,2.31,2.07,,8.57,7.81,7.83,,214.160004,218.320007,,,7.12,,,,,,1.666,,1.606,1.666,,1.606
2025/11/13 00:00,2.64,2.31,2.07,,8.57,7.81,7.83,,214.160004,218.320007,218.800003,,7.11,6.45,,,,,1.66,1.644,,1.66,1.644,
2025/11/13 00:00,2.64,2.32,2.07,,8.56,7.82,7.84,,213.919998,218.320007,218.559998,,7.16,6.47,,,,,1.665,1.649,,1.665,1.649,
2025/11/13 00:00,2.64,2.31,2.07,,8.55,7.81,7.84,,213.919998,218.320007,219.050003,,7.14,6.48,,,,,1.658,1.649,,1.658,1.649,
2025/11/13 00:00,2.64,2.32,2.07,,8.55,7.81,7.84,,213.919998,217.830002,219.289993,,7.13,6.48,,,,,1.689,1.645,,1.689,1.645,
2025/11/13 00:00,2.64,2.31,,,8.54,7.81,,,213.919998,218.070007,,,7.14,6.5,,,,,1.665,1.646,,1.665,1.646,
2025/11/13 00:00,2.64,2.31,,,8.54,7.82,,7.79,214.160004,218.070007,,,7.13,,,,,,1.667,1.645,,1.667,1.645,
2025/11/13 00:00,2.64,2.32,,1.81,8.53,7.82,,7.79,214.160004,218.070007,,,7.12,,6.14,,,,1.668,,1.611,1.668,,1.611
2025/11/13 00:00,2.64,2.3,,1.81,8.52,7.82,,7.8,214.160004,218.320007,,219.289993,7.12,,6.1,,,,1.668,,1.602,1.668,,1.602
2025/11/13 00:00,2.64,2.31,,1.81,8.52,7.82,,7.81,214.160004,218.320007,,219.050003,7.15,,6.15,,,,1.676,,1.604,1.676,,1.604
2025/11/13 00:00,2.64,2.31,,1.81,8.51,7.81,,7.81,214.410004,218.559998,,219.289993,7.14,,6.16,,,,1.682,,,1.682,,
2025/11/13 00:00,2.64,2.32,,1.8,8.51,7.81,,7.8,214.160004,217.830002,,219.289993,7.09,,6.15,,,,1.665,,,1.665,,
2025/11/13 00:00,2.64,2.33,2.07,,8.51,7.82,7.85,,214.410004,218.800003,,,7.1,,,,,,1.664,,1.611,1.664,,1.611
2025/11/13 00:00,2.64,2.32,2.06,,8.49,7.81,7.85,,214.160004,218.320007,,,7.08,6.5,,,,,1.669,1.645,,1.669,1.645,
2025/11/14 00:00,2.64,2.32,2.07,,8.49,7.81,7.85,,214.160004,218.070007,219.539993,,7.07,6.5,,,,,1.662,,,1.662,,
2025/11/14 00:00,2.65,2.31,2.07,,8.48,7.82,7.85,,214.160004,218.070007,219.779999,,7.11,6.57,,,,,1.667,,,1.667,,
2025/11/14 00:00,2.64,2.31,2.06,,8.47,7.82,7.84,,214.410004,218.320007,219.289993,,7.1,6.52,,,,,1.673,1.643,,1.673,1.643,
2025/11/14 00:00,2.64,2.31,2.06,,8.47,7.82,7.85,,213.919998,218.559998,219.779999,,7.11,6.54,,,,,1.664,1.642,,1.664,1.642,
2025/11/14 00:00,2.64,2.31,,,8.45,7.82,,7.81,214.160004,218.559998,,,7.07,,,,,,1.661,1.645,,1.661,1.645,
2025/11/14 00:00,2.64,2.32,,1.8,8.44,7.82,,7.81,214.160004,218.559998,,,7.11,,6.19,,,,1.659,,1.611,1.659,,1.611
2025/11/14 00:00,2.63,2.31,,1.8,8.44,7.82,,7.81,214.160004,218.559998,,219.289993,7.1,,6.21,,,,1.66,,1.609,1.66,,1.609
2025/11/14 00:00,2.63,2.31,,1.8,8.42,7.82,,7.81,214.160004,218.800003,,219.539993,7.08,,6.17,,,,1.669,,1.61,1.669,,1.61
2025/11/14 00:00,2.63,2.31,,1.81,8.41,7.83,,7.81,214.160004,218.320007,,219.779999,7.09,,6.2,,,,1.663,,1.609,1.663,,1.609
2025/11/14 00:00,2.63,2.31,,1.8,8.41,7.82,,7.81,214.160004,218.559998,,219.539993,7.07,,6.18,,,,1.679,,1.607,1.679,,1.607
2025/11/14 00:00,2.63,2.32,2.06,,8.4,7.82,7.85,,214.160004,218.559998,,,7.08,,,,,,1.665,,1.607,1.665,,1.607
2025/11/14 00:00,2.64,2.32,2.07,,8.39,7.82,7.85,,214.160004,218.559998,219.539993,,7.1,6.51,,,,,1.676,1.646,,1.676,1.646,
2025/11/14 00:00,2.64,2.32,2.06,,8.38,7.82,7.85,,214.160004,218.320007,219.779999,,7.08,6.51,,,,,1.672,1.642,,1.672,1.642,
2025/11/14 00:00,2.63,2.32,2.06,,8.37,7.82,7.86,,213.679993,218.320007,219.539993,,7.08,6.51,,,,,1.672,1.647,,1.672,1.647,
2025/11/14 00:00,2.64,2.32,2.07,,8.36,7.82,7.86,,213.919998,218.559998,219.539993,,7.1,6.49,,,,,1.663,1.648,,1.663,1.648,
2025/11/14 00:00,2.63,2.32,2.06,,8.35,7.82,7.86,,213.679993,218.070007,219.050003,,7.11,6.53,,,,,1.667,1.643,,1.667,1.643,
2025/11/14 00:00,2.63,2.32,,,8.34,7.82,,7.82,213.429993,218.320007,,,7.05,,,,,,1.666,1.647,,1.666,1.647,
2025/11/14 00:00,2.63,2.31,,1.8,8.32,7.81,,7.82,213.919998,218.559998,,219.539993,7.11,,6.19,,,,1.669,,1.612,1.669,,1.612
2025/11/14 00:00,2.62,2.31,,1.79,8.31,7.82,,7.82,214.160004,218.559998,,219.289993,7.06,,6.23,,,,1.664,,1.607,1.664,,1.607
2025/11/14 00:00,2.63,2.31,,1.8,8.3,7.82,,7.82,213.429993,218.559998,,220.020004,7.08,,6.17,,,,1.668,,1.606,1.668,,1.606
2025/11/14 00:00,2.63,2.31,,1.79,8.28,7.82,,7.83,213.679993,218.559998,,219.779999,7.12,,6.21,,,,1.663,,,1.663,,
2025/11/14 00:00,2.63,2.32,,1.8,8.28,7.82,,7.83,213.679993,218.320007,,220.270004,7.1,,6.21,,,,1.663,,1.607,1.663,,1.607
2025/11/14 00:00,2.63,2.31,2.06,,8.26,7.82,7.86,,213.679993,218.559998,,,7.09,,,,,,1.66,,,1.66,,
2025/11/14 00:00,2.62,2.31,2.06,,8.25,7.82,7.86,,213.679993,218.559998,219.539993,,7.12,6.53,,,,,1.675,1.646,,1.675,1.646,
2025/11/14 00:00,2.62,2.31,2.06,,8.24,7.82,7.86,,213.679993,218.559998,220.270004,,7.09,6.55,,,,,1.665,1.642,,1.665,1.642,
2025/11/14 00:00,2.62,2.31,2.06,,8.24,7.82,7.86,,213.679993,218.559998,220.020004,,7.07,6.55,,,,,1.677,,,1.677,,
2025/11/14 00:00,2.63,2.32,2.07,,8.24,7.82,7.86,,214.410004,218.559998,220.270004,,7.13,6.55,,,,,1.663,,,1.663,,
2025/11/14 00:00,2.63,2.32,2.07,,8.23,7.82,7.87,,213.679993,218.800003,219.539993,,7.1,6.51,,,,,1.661,1.646,,1.661,1.646,
2025/11/14 00:00,2.63,2.33,,,8.22,7.82,,7.83,213.679993,218.559998,,,7.05,,,,,,1.667,1.642,,1.667,1.642,
2025/11/14 00:00,2.63,2.33,,1.81,8.16,7.82,,7.83,213.679993,218.559998,,219.289993,7.03,,6.22,,,,1.662,,1.608,1.662,,1.608
2025/11/14 00:00,2.63,2.32,,1.81,8.15,7.82,,7.82,213.919998,218.559998,,219.539993,7.04,,6.16,,,,1.65,,1.61,1.65,,1.61
2025/11/14 00:00,2.63,2.32,,1.81,8.13,7.82,,7.82,213.429993,218.559998,,219.050003,7.1,,6.15,,,,1.66,,1.602,1.66,,1.602
2025/11/14 00:00,2.63,2.32,,1.81,8.11,7.82,,7.83,213.919998,218.559998,,219.539993,7.04,,6.13,,,,1.667,,1.61,1.667,,1.61
2025/11/14 00:00,2.63,2.32,,1.81,8.1,7.82,,7.83,213.919998,218.800003,,219.050003,7.06,,6.17,,,,1.669,,1.606,1.669,,1.606
2025/11/14 00:00,2.62,2.31,2.07,,8.08,7.82,7.87,,213.679993,218.320007,,,7.1,,,,,,1.656,,1.611,1.656,,1.611
2025/11/14 00:00,2.62,2.31,2.07,,8.06,7.82,7.87,,213.919998,218.559998,219.289993,,7.07,6.5,,,,,1.662,1.645,,1.662,1.645,
2025/11/14 00:00,2.62,2.31,2.07,,8.03,7.82,7.87,,213.919998,218.320007,219.289993,,7.09,6.52,,,,,1.675,1.64,,1.675,1.64,
2025/11/14 00:00,2.62,2.32,2.07,,8.02,7.81,7.87,,213.919998,218.320007,219.050003,,7.07,6.48,,,,,1.662,1.648,,1.662,1.648,
2025/11/14 00:00,2.62,2.31,2.07,,8.01,7.81,7.87,,213.429993,218.320007,219.539993,,7.07,6.48,,,,,1.659,,,1.659,,
2025/11/14 00:00,2.62,2.32,2.07,,7.99,7.81,7.86,,213.429993,218.559998,218.800003,,7.1,6.5,,,,,1.664,1.643,,1.664,1.643,
2025/11/14 00:00,2.61,2.32,,,7.97,7.81,,7.83,214.160004,218.320007,,,7.06,,,,,,1.668,,,1.668,,
2025/11/14 00:00,2.61,2.31,,1.81,7.96,7.81,,7.83,214.160004,218.320007,,219.539993,7.07,,,,,,1.665,,1.608,1.665,,1.608
2025/11/14 00:00,2.6,2.32,,1.81,7.94,7.81,,7.83,213.919998,218.559998,,219.289993,7.11,,6.17,,,,1.666,,1.61,1.666,,1.61
2025/11/14 00:00,2.59,2.32,,1.81,7.92,7.81,,7.83,214.160004,218.559998,,219.289993,7.09,,6.15,,,,1.669,,,1.669,,
2025/11/14 00:00,2.59,2.32,,1.81,7.91,7.81,,7.84,213.919998,218.559998,,219.050003,7.1,,6.16,,,,1.673,,1.607,1.673,,1.607
2025/11/14 00:00,2.58,2.32,,1.81,7.89,7.81,,7.84,213.919998,218.559998,,219.289993,7.06,,6.17,,,,1.669,,,1.669,,
2025/11/14 00:00,2.58,2.31,2.07,,7.88,7.81,7.88,,213.919998,218.800003,,,7.1,,,,,,1.669,,,1.669,,
2025/11/14 00:00,2.58,2.32,2.07,,7.85,7.8,7.87,,214.160004,218.320007,219.050003,,7.07,6.54,,,,,1.656,1.645,,1.656,1.645,
2025/11/14 00:00,2.58,2.33,2.07,,7.84,7.81,7.87,,214.160004,218.320007,219.779999,,7.06,6.53,,,,,1.668,,,1.668,,
2025/11/14 00:00,2.58,2.32,2.07,,7.83,7.81,7.88,,214.160004,218.559998,219.050003,,7.1,6.54,,,,,1.669,1.642,,1.669,1.642,
2025/11/14 00:00,2.44,2.32,2.07,,,7.81,7.88,,,218.559998,219.050003,,7.06,6.53,,,,,1.666,1.645,,1.666,1.645,
2025/11/14 00:00,0.61,2.31,2.07,,,7.81,7.88,,,218.559998,219.539993,,7.06,6.53,,,,,1.666,1.649,,1.666,1.649,
2025/11/14 00:00,0.36,2.32,,,,7.8,,7.84,,218.320007,,,7.11,,,,,,1.659,1.649,,1.659,1.649,
2025/11/14 00:00,0.33,2.32,,1.81,,7.8,,7.84,,218.559998,,219.779999,7.08,,,,,,1.66,,,1.66,,
2025/11/14 00:00,0.53,2.32,,1.81,,7.8,,7.84,,218.559998,,219.539993,7.07,,6.16,,,,1.662,,,1.662,,
2025/11/14 00:00,1.84,2.32,,1.81,,7.8,,7.84,,218.559998,,219.050003,7.08,,6.19,,,,1.66,,,1.66,,
2025/11/14 00:00,2.85,2.31,,1.81,8.75,7.8,,7.84,,218.559998,,219.539993,7.09,,6.2,,,,1.66,,1.605,1.66,,1.605
2025/11/14 00:00,2.74,2.31,,1.8,8.73,7.8,,7.84,214.160004,218.800003,,219.050003,7.04,,6.16,,,,1.659,,1.61,1.659,,1.61
2025/11/14 00:00,2.62,2.33,2.07,,8.7,7.79,7.88,,214.160004,218.559998,,,7.06,,,,,,1.655,,,1.655,,
2025/11/14 00:00,2.67,2.33,2.07,,8.65,7.79,7.88,,214.649994,218.559998,219.779999,,7.04,6.53,,,,,1.667,,,1.667,,
2025/11/14 00:00,2.65,2.32,2.07,,8.65,7.8,7.88,,214.649994,219.050003,219.539993,,7.02,6.57,,,,,1.659,,,1.659,,
2025/11/14 00:00,2.65,2.31,2.07,,8.64,7.82,7.88,,214.649994,218.800003,219.779999,,7.06,6.52,,,,,1.662,,,1.662,,
2025/11/14 00:00,2.66,2.31,2.07,,8.63,7.82,7.88,,214.410004,218.559998,219.779999,,7.01,6.52,,,,,1.657,,,1.657,,
2025/11/14 00:00,2.66,2.32,2.07,,8.63,7.82,7.88,,214.160004,218.800003,219.539993,,7.07,6.55,,,,,1.668,,,1.668,,
2025/11/14 00:00,2.66,2.32,,,8.63,7.82,,7.85,214.160004,218.800003,,,7,6.53,,,,,1.668,,,1.668,,
2025/11/14 00:00,2.65,2.31,,1.8,8.62,7.82,,7.85,214.160004,218.320007,,220.509995,7.05,,6.23,,,,1.654,,,1.654,,
2025/11/14 00:00,2.65,2.31,,1.8,8.62,7.82,,7.85,214.160004,218.800003,,220.020004,7.04,,6.22,,,,1.67,,,1.67,,
2025/11/14 00:00,2.65,2.31,,1.8,8.61,7.82,,7.85,214.160004,218.800003,,220.020004,7.06,,6.22,,,,1.669,,1.61,1.669,,1.61
2025/11/14 00:00,2.65,2.32,,1.8,8.61,7.82,,7.86,213.919998,218.800003,,219.779999,7.07,,6.27,,,,1.672,,1.609,1.672,,1.609
2025/11/14 00:00,2.65,2.31,,1.8,8.61,7.82,,7.85,214.160004,219.050003,,219.779999,7.06,,6.27,,,,1.659,,1.606,1.659,,1.606
2025/11/14 00:00,2.64,2.31,2.06,,8.61,7.83,7.89,,214.160004,218.800003,,,7.1,,,,,,1.661,,,1.661,,
2025/11/14 00:00,2.65,2.31,2.06,,8.59,7.83,7.89,,214.160004,218.559998,219.539993,,7.05,6.52,,,,,1.669,1.645,,1.669,1.645,
2025/11/14 00:00,2.65,2.31,2.07,,8.58,7.83,7.89,,214.410004,218.800003,220.020004,,7.05,6.53,,,,,1.663,1.642,,1.663,1.642,
2025/11/14 00:00,2.65,2.32,2.06,,8.58,7.83,7.89,,214.160004,219.050003,220.020004,,7.06,6.56,,,,,1.657,1.641,,1.657,1.641,
2025/11/14 00:00,2.65,2.32,2.07,,8.58,7.83,7.88,,214.410004,219.050003,220.020004,,7.03,6.52,,,,,1.67,1.648,,1.67,1.648,
2025/11/14 00:00,2.65,2.32,2.07,,8.57,7.83,7.89,,214.160004,218.800003,219.779999,,6.98,6.51,,,,,1.668,,,1.668,,
2025/11/14 00:00,2.64,2.32,,,8.56,7.83,,7.86,213.919998,219.050003,,,7.02,,,,,,1.657,,,1.657,,
2025/11/14 00:00,2.64,2.31,,1.8,8.57,7.83,,7.86,214.160004,219.050003,,220.020004,7.06,,,,,,1.662,,,1.662,,
2025/11/14 00:00,2.65,2.31,,1.8,8.56,7.84,,7.86,214.410004,219.050003,,220.020004,7.05,,6.23,,,,1.657,,1.605,1.657,,1.605
2025/11/14 00:00,2.64,2.31,,1.79,8.55,7.84,,7.86,214.410004,218.800003,,220.020004,7.08,,6.23,,,,1.666,,1.612,1.666,,1.612
2025/11/14 00:00,2.65,2.3,,1.8,8.54,7.83,,7.87,214.160004,219.050003,,220.020004,7.08,,6.25,,,,1.663,,1.615,1.663,,1.615
2025/11/14 00:00,2.64,2.31,,1.79,8.53,7.84,,7.86,214.160004,219.050003,,219.779999,7.07,,6.27,,,,1.66,,1.612,1.66,,1.612
2025/11/14 00:00,2.65,2.31,2.07,,8.54,7.84,7.89,,214.160004,219.289993,,,7.12,,6.29,,,,1.652,,1.609,1.652,,1.609
2025/11/14 00:00,2.64,2.31,2.07,,8.52,7.84,7.89,,213.919998,218.800003,220.020004,,7.06,,,,,,1.662,1.649,,1.662,1.649,
2025/11/14 00:00,2.65,2.31,2.06,,8.52,7.83,7.9,,214.410004,218.800003,220.020004,,7.04,6.53,,,,,1.661,1.642,,1.661,1.642,
2025/11/14 00:00,2.65,2.31,2.07,,8.51,7.83,7.9,,214.410004,218.800003,220.020004,,7.03,6.56,,,,,1.665,1.651,,1.665,1.651,
2025/11/14 00:00,2.64,2.31,2.07,,8.51,7.85,7.9,,213.919998,218.800003,220.509995,,7.06,6.53,,,,,1.661,1.643,,1.661,1.643,
2025/11/14 00:00,2.65,2.31,2.07,,8.5,7.84,7.9,,214.160004,218.800003,220.020004,,7.07,6.54,,,,,1.656,,,1.656,,
2025/11/14 00:00,2.65,2.32,,,8.49,7.84,,7.87,214.160004,218.800003,,,7,6.54,,,,,1.655,1.645,,1.655,1.645,
2025/11/14 00:00,2.65,2.33,,1.81,8.48,7.84,,7.86,214.160004,218.800003,,220.270004,7.03,,,,,,1.649,,1.611,1.649,,1.611
2025/11/14 00:00,2.66,2.32,,1.81,8.48,7.84,,7.87,214.410004,218.800003,,219.289993,7.04,,6.2,,,,1.661,,1.612,1.661,,1.612
2025/11/14 00:00,2.64,2.32,,1.81,8.46,7.85,,7.86,213.919998,219.050003,,219.289993,7,,6.15,,,,1.667,,,1.667,,
2025/11/14 00:00,2.64,2.31,,1.81,8.45,7.84,,7.86,214.160004,218.800003,,219.289993,7.06,,6.13,,,,1.656,,1.618,1.656,,1.618
2025/11/14 00:00,2.65,2.31,,1.8,8.45,7.84,,7.86,214.160004,219.050003,,219.539993,7.06,,6.18,,,,1.661,,1.611,1.661,,1.611
2025/11/14 00:00,2.64,2.31,2.07,,8.43,7.84,7.89,,214.160004,219.050003,,,7.07,,,,,,1.653,,1.604,1.653,,1.604
2025/11/14 00:00,2.65,2.3,2.07,,8.42,7.84,7.9,,214.160004,218.800003,219.539993,,7.06,6.54,,,,,1.654,,,1.654,,
2025/11/14 00:00,2.64,2.3,2.07,,8.42,7.84,7.9,,214.160004,219.050003,219.289993,,7.05,6.52,,,,,1.658,1.646,,1.658,1.646,
2025/11/14 00:00,2.64,2.3,2.07,,8.4,7.84,7.9,,214.160004,218.800003,219.539993,,7.08,6.52,,,,,1.662,,,1.662,,
2025/11/14 00:00,2.64,2.31,2.07,,8.39,7.84,7.9,,213.919998,219.050003,219.289993,,7.08,6.53,,,,,1.657,1.644,,1.657,1.644,
2025/11/14 00:00,2.64,2.31,2.07,,8.39,7.84,7.9,,214.160004,219.050003,219.539993,,7.07,6.52,,,,,1.662,1.644,,1.662,1.644,
2025/11/14 00:00,2.64,2.31,,,8.37,7.85,,7.87,213.919998,218.800003,,,7.04,6.52,,,,,1.663,,,1.663,,
2025/11/14 00:00,2.64,2.31,,1.81,8.36,7.85,,7.87,214.160004,219.050003,,219.289993,7.07,,,,,,1.658,,1.611,1.658,,1.611
2025/11/14 00:00,2.64,2.31,,1.8,8.35,7.85,,7.87,214.160004,219.050003,,219.539993,7.07,,6.2,,,,1.659,,1.612,1.659,,1.612
2025/11/14 00:00,2.64,2.31,,1.81,8.33,7.84,,7.87,214.160004,219.050003,,219.779999,7.07,,6.19,,,,1.66,,1.607,1.66,,1.607
2025/11/14 00:00,2.64,2.31,,1.8,8.32,7.85,,7.87,214.160004,219.050003,,219.539993,7.08,,6.22,,,,1.655,,1.61,1.655,,1.61
2025/11/14 00:00,2.65,2.31,,1.8,8.31,7.85,,7.87,214.410004,219.289993,,219.289993,7.06,,6.19,,,,1.665,,,1.665,,
2025/11/14 00:00,2.64,2.31,2.07,,8.3,7.84,7.9,,214.160004,219.050003,,,7.08,,6.23,,,,1.655,,1.604,1.655,,1.604
2025/11/14 00:00,2.63,2.31,2.07,,8.29,7.85,7.91,,214.410004,218.800003,219.289993,,7.06,6.54,,,,,1.649,,,1.649,,
2025/11/14 00:00,2.64,2.31,2.07,,8.28,7.85,7.91,,214.160004,219.289993,219.779999,,7.09,6.54,,,,,1.655,1.638,,1.655,1.638,
2025/11/14 00:00,2.64,2.32,2.06,,8.27,7.84,7.91,,214.410004,218.800003,220.020004,,7.1,6.54,,,,,1.662,1.643,,1.662,1.643,
2025/11/14 00:00,2.64,2.31,2.07,,8.25,7.84,7.91,,214.160004,218.800003,219.539993,,7.06,6.54,,,,,1.666,1.642,,1.666,1.642,
2025/11/14 00:00,2.63,2.31,2.07,,8.23,7.85,7.91,,214.410004,218.800003,219.539993,,7.08,6.52,,,,,1.661,1.642,,1.661,1.642,
2025/11/14 00:00,2.64,2.31,,,8.22,7.85,,7.88,214.410004,219.050003,,,7.08,6.55,,,,,1.671,,,1.671,,
2025/11/14 00:00,2.64,2.31,,1.81,8.2,7.85,,7.88,213.919998,218.800003,,219.539993,7.07,,,,,,1.656,,1.616,1.656,,1.616
2025/11/14 00:00,2.64,2.31,,1.81,8.18,7.84,,7.87,214.160004,219.050003,,219.539993,7.03,,6.25,,,,1.659,,1.613,1.659,,1.613
2025/11/14 00:00,2.64,2.32,,1.81,8.16,7.84,,7.87,214.160004,219.289993,,219.539993,7.05,,6.24,,,,1.657,,1.612,1.657,,1.612
2025/11/14 00:00,2.64,2.31,,1.81,8.15,7.84,,7.88,214.160004,219.050003,,219.779999,7.04,,6.2,,,,1.659,,1.61,1.659,,1.61
2025/11/14 00:00,2.63,2.32,,1.81,8.12,7.84,,7.88,213.919998,218.800003,,219.539993,7.14,,6.2,,,,1.647,,1.613,1.647,,1.613
2025/11/14 00:00,2.63,2.31,2.07,,8.11,7.84,7.91,,213.919998,219.289993,,,7.06,,6.21,,,,1.657,,1.613,1.657,,1.613
2025/11/14 00:00,2.63,2.33,2.07,,8.09,7.84,7.91,,214.160004,218.800003,219.779999,,7.04,6.52,,,,,1.658,,,1.658,,
2025/11/14 00:00,2.63,2.33,2.07,,8.07,7.84,7.91,,214.160004,219.050003,220.020004,,7.07,6.55,,,,,1.663,1.632,,1.663,1.632,
2025/11/14 00:00,2.63,2.32,2.07,,8.05,7.84,7.9,,213.919998,219.289993,219.779999,,7.04,6.52,,,,,1.65,,,1.65,,
2025/11/14 00:00,2.61,2.32,2.07,,8.03,7.84,7.91,,213.919998,218.800003,219.779999,,7,6.5,,,,,1.658,1.647,,1.658,1.647,
2025/11/14 00:00,2.62,2.31,2.07,,8.02,7.84,7.9,,214.160004,219.539993,219.779999,,7.03,6.48,,,,,1.658,,,1.658,,
2025/11/14 00:00,2.62,2.32,,,8,7.84,,7.88,213.919998,219.050003,,,7.01,6.49,,,,,1.655,1.647,,1.655,1.647,
2025/11/14 00:00,2.62,2.31,,1.8,7.98,7.84,,7.88,213.919998,219.050003,,219.779999,7.03,,,,,,1.663,,1.616,1.663,,1.616
2025/11/14 00:00,2.62,2.31,,1.8,7.96,7.84,,7.88,214.160004,219.539993,,220.020004,6.99,,6.22,,,,1.656,,,1.656,,
2025/11/14 00:00,2.61,2.31,,1.8,7.92,7.84,,7.88,214.160004,219.539993,,219.779999,6.99,,6.18,,,,1.662,,1.614,1.662,,1.614
2025/11/14 00:00,2.61,2.31,,1.8,7.89,7.84,,7.88,213.919998,219.539993,,219.539993,6.97,,6.23,,,,1.654,,1.611,1.654,,1.611
2025/11/14 00:00,2.57,2.32,,1.8,7.88,7.84,,7.88,213.919998,219.289993,,219.779999,6.98,,6.22,,,,1.66,,,1.66,,
2025/11/14 00:00,2.61,2.31,2.07,,7.86,7.83,7.9,,214.160004,219.539993,,,6.97,,6.21,,,,1.66,,,1.66,,
2025/11/14 00:00,2.52,2.31,2.07,,7.84,7.83,7.9,,214.160004,219.289993,219.779999,,6.99,6.49,,,,,1.655,1.647,,1.655,1.647,
2025/11/14 00:00,2.04,2.31,2.07,,,7.83,7.9,,,219.539993,219.779999,,6.97,6.52,,,,,1.651,1.642,,1.651,1.642,
2025/11/14 00:00,0.55,2.31,2.08,,,7.83,7.89,,,219.289993,220.270004,,6.99,6.51,,,,,1.667,,,1.667,,
2025/11/14 00:00,0.37,2.32,2.08,,,7.83,7.89,,,219.050003,220.020004,,6.99,6.5,,,,,1.659,1.64,,1.659,1.64,
2025/11/14 00:00,0.33,2.32,2.07,,,7.82,7.89,,,219.289993,220.020004,,6.98,6.49,,,,,1.649,,,1.649,,
2025/11/14 00:00,0.81,2.32,,,,7.82,,7.88,,219.289993,,,6.96,6.49,,,,,1.658,,,1.658,,
2025/11/14 00:00,2.17,2.31,,1.8,,7.83,,7.88,,219.289993,,220.020004,6.95,,,,,,1.663,,1.622,1.663,,1.622
2025/11/14 00:00,2.83,2.31,,1.81,8.72,7.82,,7.88,,219.289993,,220.270004,6.98,,,,,,1.656,,1.612,1.656,,1.612
2025/11/14 00:00,2.68,2.31,,1.81,8.69,7.82,,7.88,213.429993,219.539993,,220.020004,6.91,,6.19,,,,1.663,,1.61,1.663,,1.61
2025/11/14 00:00,2.62,2.32,,1.81,8.66,7.82,,7.87,213.919998,219.289993,,219.779999,6.93,,6.16,,,,1.651,,1.62,1.651,,1.62
2025/11/14 00:00,2.67,2.32,,1.81,8.62,7.81,,7.87,214.160004,219.539993,,219.539993,6.93,,6.13,,,,1.657,,1.617,1.657,,1.617
2025/11/14 00:00,2.65,2.31,2.08,,8.62,7.83,7.88,,213.679993,219.050003,,,6.91,,6.13,,,,1.661,,1.612,1.661,,1.612
2025/11/14 00:00,2.65,2.3,2.09,,8.61,7.83,7.88,,213.429993,219.539993,,,6.89,6.45,,,,,1.649,1.644,,1.649,1.644,
2025/11/14 00:00,2.64,2.31,2.09,,8.61,7.84,7.87,,213.679993,219.289993,220.020004,,6.94,6.42,,,,,1.65,1.643,,1.65,1.643,
2025/11/14 00:00,2.64,2.32,2.08,,8.61,7.83,7.87,,213.429993,218.800003,219.779999,,6.9,6.45,,,,,1.656,1.642,,1.656,1.642,
2025/11/14 00:00,2.65,2.32,2.08,,8.59,7.83,7.88,,213.679993,218.800003,220.020004,,6.89,6.44,,,,,1.664,1.639,,1.664,1.639,
2025/11/14 00:00,2.65,2.32,2.08,,8.59,7.83,7.88,,213.190002,219.539993,220.020004,,6.92,6.44,,,,,1.655,1.643,,1.655,1.643,
2025/11/14 00:00,2.66,2.32,,,8.58,7.84,,7.85,213.190002,219.539993,,,6.88,6.45,,,,,1.654,1.645,,1.654,1.645,
2025/11/14 00:00,2.65,2.32,,1.83,8.58,7.84,,7.84,213.190002,219.050003,,220.020004,6.92,,,,,,1.663,,1.619,1.663,,1.619
2025/11/14 00:00,2.65,2.32,,1.82,8.58,7.84,,7.85,213.190002,218.800003,,219.779999,6.89,,6.06,,,,1.657,,1.606,1.657,,1.606
2025/11/14 00:00,2.65,2.31,,1.83,8.58,7.84,,7.85,213.429993,218.800003,,220.020004,6.87,,6.02,,,,1.666,,1.609,1.666,,1.609
2025/11/14 00:00,2.65,2.3,,1.82,8.58,7.83,,7.84,213.919998,219.289993,,219.539993,6.94,,6.06,,,,1.661,,1.607,1.661,,1.607
2025/11/14 00:00,2.65,2.28,,1.82,8.57,7.84,,7.85,213.679993,219.289993,,219.289993,6.93,,6.03,,,,1.649,,1.612,1.649,,1.612
2025/11/14 00:00,2.65,2.28,2.09,,8.56,7.84,7.87,,213.919998,220.020004,,,6.94,,6.05,,,,1.652,,1.612,1.652,,1.612
2025/11/14 00:00,2.65,2.29,2.08,,8.56,7.84,7.88,,214.160004,219.779999,219.539993,,6.97,6.42,,,,,1.658,1.643,,1.658,1.643,
2025/11/14 00:00,2.65,2.3,2.09,,8.55,7.84,7.88,,213.919998,219.779999,219.539993,,6.92,6.41,,,,,1.655,1.653,,1.655,1.653,
2025/11/14 00:00,2.65,2.3,2.09,,8.54,7.84,7.88,,213.919998,219.779999,220.020004,,6.97,6.41,,,,,1.655,1.645,,1.655,1.645,
2025/11/14 00:00,2.65,2.31,2.08,,8.54,7.85,7.88,,214.160004,220.020004,219.539993,,6.96,6.42,,,,,1.659,,,1.659,,
2025/11/14 00:00,2.66,2.3,2.09,,8.53,7.84,7.88,,213.919998,220.270004,219.539993,,6.94,6.43,,,,,1.671,,,1.671,,
2025/11/14 00:00,2.65,2.31,,,8.52,7.84,,7.86,214.410004,219.539993,,,6.96,6.43,,,,,1.664,,,1.664,,
2025/11/14 00:00,2.66,2.32,,1.82,8.52,7.84,,7.87,214.160004,220.020004,,219.539993,6.98,,6.18,,,,1.655,,1.615,1.655,,1.615
2025/11/14 00:00,2.66,2.31,,1.82,8.51,7.84,,7.86,214.160004,220.020004,,220.020004,6.99,,6.15,,,,1.657,,1.617,1.657,,1.617
2025/11/14 00:00,2.65,2.31,,1.82,8.51,7.85,,7.87,214.410004,219.539993,,219.779999,6.97,,6.18,,,,1.663,,1.622,1.663,,1.622
2025/11/14 00:00,2.66,2.31,,1.82,8.5,7.85,,7.86,214.160004,220.020004,,219.539993,6.95,,6.13,,,,1.665,,1.616,1.665,,1.616
2025/11/14 00:00,2.63,2.31,,1.82,8.5,7.85,,7.87,214.410004,219.779999,,219.539993,7,,6.12,,,,1.663,,1.617,1.663,,1.617
2025/11/14 00:00,2.63,2.31,2.08,,8.49,7.84,7.89,,213.919998,219.539993,,,6.97,,6.12,,,,1.658,,1.616,1.658,,1.616
2025/11/14 00:00,2.65,2.31,2.08,,8.49,7.84,7.89,,214.160004,219.779999,220.020004,,7.01,6.5,,,,,1.658,1.641,,1.658,1.641,
2025/11/14 00:00,2.64,2.31,2.08,,8.47,7.84,7.88,,214.160004,219.779999,219.289993,,6.99,6.46,,,,,1.656,1.639,,1.656,1.639,
2025/11/14 00:00,2.65,2.31,2.08,,8.47,7.85,7.89,,214.160004,220.270004,219.539993,,6.96,6.43,,,,,1.65,1.644,,1.65,1.644,
2025/11/14 00:00,2.65,2.31,2.08,,8.46,7.84,7.89,,214.160004,219.539993,220.020004,,6.97,6.46,,,,,1.652,1.645,,1.652,1.645,
2025/11/14 00:00,2.65,2.31,2.08,,8.45,7.85,7.89,,214.160004,219.539993,219.779999,,7.02,6.46,,,,,1.656,1.644,,1.656,1.644,
2025/11/14 00:00,2.65,2.31,,,8.44,7.84,,7.87,214.410004,219.539993,,,7,6.49,,,,,1.665,1.646,,1.665,1.646,
2025/11/14 00:00,2.63,2.31,,1.83,8.43,7.85,,7.86,213.919998,219.779999,,219.779999,7.02,,6.22,,,,1.661,1.642,,1.661,1.642,
2025/11/14 00:00,2.63,2.31,,1.82,8.42,7.85,,7.86,214.160004,220.020004,,219.539993,7.01,,6.16,,,,1.658,,1.612,1.658,,1.612
2025/11/14 00:00,2.64,2.31,,1.82,8.41,7.85,,7.87,214.160004,219.779999,,219.779999,7.01,,6.14,,,,1.658,,1.617,1.658,,1.617
2025/11/14 00:00,2.65,2.31,,1.83,8.4,7.84,,7.86,213.919998,219.779999,,219.539993,7.01,,6.19,,,,1.657,,1.614,1.657,,1.614
2025/11/14 00:00,2.64,2.31,,1.82,8.4,7.84,,7.86,214.160004,219.779999,,219.289993,6.99,,6.13,,,,1.656,,1.612,1.656,,1.612
2025/11/14 00:00,2.64,2.31,2.08,,8.38,7.85,7.89,,214.160004,219.779999,,,7,,6.14,,,,1.655,,1.614,1.655,,1.614
2025/11/14 00:00,2.63,2.31,2.08,,8.38,7.85,7.89,,213.919998,220.270004,219.779999,,7.01,6.49,,,,,1.657,1.648,,1.657,1.648,
2025/11/14 00:00,2.63,2.32,2.08,,8.37,7.85,7.89,,214.160004,219.779999,219.539993,,7.01,6.47,,,,,1.652,1.645,,1.652,1.645,
2025/11/14 00:00,2.62,2.32,2.08,,8.37,7.85,7.89,,213.919998,219.779999,219.779999,,6.99,6.43,,,,,1.661,1.641,,1.661,1.641,
2025/11/14 00:00,2.63,2.31,2.08,,8.36,7.85,7.89,,214.160004,219.779999,220.270004,,7.03,6.53,,,,,1.656,,,1.656,,
2025/11/14 00:00,2.63,2.31,2.07,,8.35,7.85,7.89,,213.919998,219.779999,220.509995,,7.02,6.48,,,,,1.663,1.642,,1.663,1.642,
2025/11/14 00:00,2.63,2.31,,,8.33,7.85,,7.87,214.160004,220.020004,,,7.03,6.49,,,,,1.662,1.646,,1.662,1.646,
2025/11/14 00:00,2.63,2.3,,1.81,8.32,7.85,,7.86,214.160004,220.020004,,220.270004,7.01,,6.25,,,,1.66,,,1.66,,
2025/11/14 00:00,2.63,2.32,,1.81,8.3,7.85,,7.87,214.160004,220.270004,,220.270004,7.03,,6.22,,,,1.652,,,1.652,,
2025/11/14 00:00,2.63,2.32,,1.81,8.29,7.84,,7.87,213.919998,220.020004,,220.270004,7.06,,6.26,,,,1.661,,,1.661,,
2025/11/14 00:00,2.64,2.31,,1.81,8.29,7.84,,7.86,214.160004,220.270004,,219.779999,6.99,,6.25,,,,1.662,,1.613,1.662,,1.613
2025/11/14 00:00,2.63,2.32,,1.81,8.27,7.85,,7.87,213.919998,219.779999,,220.270004,7.02,,6.22,,,,1.656,,1.61,1.656,,1.61
2025/11/14 00:00,2.63,2.31,,,8.26,7.85,7.9,,214.410004,219.779999,,,7.03,,6.25,,,,1.659,,,1.659,,
2025/11/14 00:00,2.62,2.31,2.08,,8.24,7.85,7.91,,214.160004,220.020004,220.759995,,7.02,,,,,,1.661,,,1.661,,
2025/11/14 00:00,2.63,2.31,2.07,,8.23,7.84,7.9,,214.160004,220.270004,220.270004,,7.05,6.5,,,,,1.651,1.642,,1.651,1.642,
2025/11/14 00:00,2.63,2.31,2.07,,8.23,7.84,7.9,,214.160004,220.020004,221,,7,6.54,,,,,1.653,1.642,,1.653,1.642,
2025/11/14 00:00,2.62,2.31,2.08,,8.21,7.85,7.9,,214.160004,219.779999,221,,7.04,6.49,,,,,1.661,1.643,,1.661,1.643,
2025/11/14 00:00,2.62,2.31,2.08,,8.19,7.85,7.9,,214.160004,220.270004,220.509995,,7.03,6.53,,,,,1.659,,,1.659,,
2025/11/14 00:00,2.62,2.31,,,8.18,7.84,,7.87,213.919998,220.020004,,,7.03,6.52,,,,,1.663,1.639,,1.663,1.639,
2025/11/14 00:00,2.62,2.32,,1.8,8.17,7.84,,7.88,214.160004,220.270004,,220.270004,7.04,,6.23,,,,1.66,,1.622,1.66,,1.622
2025/11/14 00:00,2.62,2.32,,1.8,8.15,7.85,,7.88,214.410004,220.270004,,220.759995,7.05,,6.25,,,,1.661,,1.614,1.661,,1.614
2025/11/14 00:00,2.61,2.31,,1.8,8.13,7.85,,7.88,214.410004,219.539993,,220.509995,7,,6.28,,,,1.66,,,1.66,,
2025/11/14 00:00,2.6,2.31,,1.8,8.12,7.85,,7.88,214.160004,220.020004,,220.270004,7,,6.28,,,,1.662,,,1.662,,
2025/11/14 00:00,2.6,2.31,,1.8,8.1,7.85,,7.88,214.410004,219.779999,,220.020004,7.03,,6.29,,,,1.651,,,1.651,,
2025/11/14 00:00,2.6,2.32,,,8.08,7.85,7.91,,214.160004,220.270004,,,7.03,,6.28,,,,1.66,,1.612,1.66,,1.612
2025/11/14 00:00,2.61,2.31,2.07,,8.06,7.85,7.9,,214.410004,219.779999,220.759995,,7.04,6.5,,,,,1.659,1.636,,1.659,1.636,
2025/11/14 00:00,2.6,2.31,2.07,,8.05,7.84,7.9,,214.410004,219.779999,221,,7.03,6.5,,,,,1.656,1.648,,1.656,1.648,
2025/11/14 00:00,2.59,2.31,2.08,,8.03,7.84,7.9,,214.160004,220.270004,221,,7.03,6.54,,,,,1.657,1.643,,1.657,1.643,
2025/11/14 00:00,2.59,2.32,2.07,,8.01,7.85,7.91,,213.919998,220.020004,221,,7,6.53,,,,,1.663,,,1.663,,
2025/11/14 00:00,2.59,2.32,2.07,,8,7.85,7.91,,214.160004,219.779999,220.759995,,7.02,6.53,,,,,1.657,,,1.657,,
2025/11/14 00:00,2.59,2.32,,,7.99,7.85,,7.88,214.160004,219.779999,,,7.04,6.52,,,,,1.654,,,1.654,,
2025/11/14 00:00,2.59,2.32,,1.81,7.97,7.84,,7.88,214.160004,220.020004,,220.759995,7,,6.27,,,,1.659,,,1.659,,
2025/11/14 00:00,2.58,2.33,,1.81,7.95,7.84,,7.88,214.160004,219.779999,,220.020004,6.99,,6.26,,,,1.664,,,1.664,,
2025/11/14 00:00,2.58,2.32,,1.82,7.94,7.84,,7.88,214.160004,219.779999,,220.270004,6.97,,6.24,,,,1.659,,,1.659,,
2025/11/14 00:00,2.58,2.32,,1.81,7.92,7.84,,7.88,214.410004,219.779999,,220.270004,6.99,,6.23,,,,1.658,,1.607,1.658,,1.607
2025/11/14 00:00,2.57,2.32,,1.81,7.91,7.84,,7.88,214.160004,219.779999,,220.270004,6.99,,6.21,,,,1.665,1.631,,1.665,1.631,
2025/11/14 00:00,2.58,2.31,2.07,,7.9,7.84,7.92,,214.160004,219.539993,,,7.01,,6.22,,,,1.659,,1.615,1.659,,1.615
2025/11/14 00:00,2.24,2.32,2.08,,,7.84,7.92,,,219.779999,220.509995,,7.02,6.46,,,,,1.658,1.634,,1.658,1.634,
2025/11/14 00:00,0.56,2.3,2.08,,,7.84,7.92,,,219.779999,219.779999,,7.01,6.51,,,,,1.662,1.646,,1.662,1.646,
2025/11/14 00:00,0.36,2.31,2.08,,,7.84,7.92,,,219.289993,220.509995,,7.01,6.5,,,,,1.656,1.642,,1.656,1.642,
2025/11/14 00:00,0.32,2.31,2.08,,,7.84,7.92,,,219.539993,220.509995,,7.03,6.53,,,,,1.661,1.645,,1.661,1.645,
2025/11/14 00:00,0.67,2.31,2.07,,,7.84,7.92,,,219.779999,220.270004,,7.08,6.52,,,,,1.656,1.64,,1.656,1.64,
2025/11/14 00:00,2.05,2.31,,,,7.83,,7.89,,219.779999,,,7.01,6.48,,,,,1.666,,,1.666,,
2025/11/14 00:00,2.81,2.3,,1.82,8.75,7.83,,7.89,,219.779999,,220.020004,7.05,,,,,,1.655,,1.624,1.655,,1.624
2025/11/14 00:00,2.69,2.31,,1.82,8.73,7.83,,7.89,214.160004,219.539993,,220.509995,7.03,,6.28,,,,1.657,,,1.657,,
2025/11/14 00:00,2.61,2.31,,1.81,8.69,7.84,,7.89,214.649994,220.020004,,220.020004,7.02,,6.21,,,,1.653,,1.614,1.653,,1.614
2025/11/14 00:00,2.67,2.31,,1.81,8.65,7.84,,7.88,215.139999,220.020004,,220.509995,7.05,,6.25,,,,1.655,,1.614,1.655,,1.614
2025/11/14 00:00,2.64,2.31,,1.82,8.65,7.85,,7.89,214.649994,219.289993,,220.020004,7.02,,6.28,,,,1.664,,1.611,1.664,,1.611
2025/11/14 00:00,2.64,2.3,,,8.64,7.86,7.93,,214.410004,219.779999,,,7.04,,6.23,,,,1.662,,1.616,1.662,,1.616
2025/11/14 00:00,2.64,2.31,2.07,,8.64,7.86,7.93,,214.410004,219.779999,220.270004,,7.01,6.52,,,,,1.655,,,1.655,,
2025/11/14 00:00,2.64,2.32,2.08,,8.63,7.86,7.92,,214.410004,220.020004,220.270004,,7.06,6.51,,,,,1.661,,,1.661,,
2025/11/14 00:00,2.64,2.31,2.08,,8.63,7.85,7.93,,214.410004,219.779999,220.270004,,7.01,6.52,,,,,1.66,1.643,,1.66,1.643,
2025/11/14 00:00,2.63,2.31,2.08,,8.63,7.86,7.93,,214.410004,219.539993,220.270004,,7.03,6.53,,,,,1.668,,,1.668,,
2025/11/14 00:00,2.63,2.3,2.08,,8.62,7.86,7.93,,214.410004,219.779999,220.509995,,7.02,6.54,,,,,1.648,1.642,,1.648,1.642,
2025/11/14 00:00,2.64,2.3,,,8.61,7.86,,7.89,214.410004,219.539993,,,7.05,6.54,,,,,1.656,1.64,,1.656,1.64,
2025/11/14 00:00,2.64,2.31,,1.81,8.62,7.86,,7.89,214.410004,219.779999,,220.270004,7.02,,,,,,1.66,,1.626,1.66,,1.626
2025/11/14 00:00,2.64,2.31,,1.81,8.61,7.86,,7.89,214.410004,220.020004,,220.020004,7.06,,6.3,,,,1.657,,1.614,1.657,,1.614
2025/11/14 00:00,2.64,2.31,,1.81,8.61,7.86,,7.89,214.649994,219.779999,,220.270004,7.03,,6.24,,,,1.655,,1.62,1.655,,1.62
2025/11/14 00:00,2.63,2.31,,1.81,8.6,7.87,,7.89,214.649994,219.539993,,220.020004,7.01,,6.25,,,,1.657,,1.613,1.657,,1.613
2025/11/14 00:00,2.63,2.3,,1.81,8.6,7.87,,7.89,214.160004,219.779999,,220.270004,7.02,,6.26,,,,1.663,,1.613,1.663,,1.613
2025/11/14 00:00,2.63,2.31,,,8.59,7.87,7.92,,213.919998,219.779999,,,7.06,,6.3,,,,1.661,,1.612,1.661,,1.612
2025/11/14 00:00,2.63,2.31,2.08,,8.59,7.87,7.92,,214.410004,220.020004,220.020004,,7.06,6.52,,,,,1.653,1.63,,1.653,1.63,
2025/11/14 00:00,2.63,2.31,2.08,,8.58,7.86,7.93,,214.160004,219.779999,220.020004,,7.07,6.47,,,,,1.656,1.647,,1.656,1.647,
2025/11/14 00:00,2.63,2.32,2.08,,8.58,7.87,7.93,,214.160004,219.779999,220.270004,,6.97,6.5,,,,,1.655,1.639,,1.655,1.639,
2025/11/14 00:00,2.63,2.32,2.08,,8.57,7.87,7.93,,214.160004,219.779999,220.509995,,7.04,6.51,,,,,1.653,1.644,,1.653,1.644,
2025/11/14 00:00,2.63,2.31,2.08,,8.56,7.87,7.92,,214.160004,219.539993,220.759995,,7.02,6.48,,,,,1.648,,,1.648,,
2025/11/14 00:00,2.64,2.32,,,8.56,7.87,,7.91,214.410004,219.539993,,,7,6.51,,,,,1.662,1.645,,1.662,1.645,
2025/11/14 00:00,2.63,2.31,,1.8,8.56,7.86,,7.9,214.160004,220.020004,,220.270004,7.02,,6.34,,,,1.65,1.631,,1.65,1.631,
2025/11/14 00:00,2.63,2.3,,1.8,8.56,7.87,,7.91,214.410004,220.020004,,220.509995,7.02,,6.32,,,,1.656,,1.613,1.656,,1.613
2025/11/14 00:00,2.63,2.3,,1.8,8.54,7.87,,7.91,214.410004,220.270004,,220.270004,7,,6.3,,,,1.666,,1.611,1.666,,1.611
2025/11/14 00:00,2.63,2.3,,1.8,8.54,7.87,,7.9,214.410004,219.779999,,221,7.06,,6.31,,,,1.659,,1.622,1.659,,1.622
2025/11/14 00:00,2.63,2.31,,1.8,8.54,7.87,,7.9,214.160004,219.779999,,220.509995,7.08,,6.3,,,,1.656,,1.618,1.656,,1.618
2025/11/14 00:00,2.63,2.31,,,8.52,7.87,7.94,,214.160004,220.270004,,,7.04,,6.31,,,,1.659,,,1.659,,
2025/11/14 00:00,2.61,2.31,2.07,,8.52,7.88,7.94,,214.410004,219.779999,220.759995,,7.06,6.54,,,,,1.662,,1.623,1.662,,1.623
2025/11/14 00:00,2.62,2.3,2.07,,8.51,7.88,7.94,,214.160004,220.270004,221,,7.05,6.54,,,,,1.658,1.64,,1.658,1.64,
2025/11/14 00:00,2.62,2.3,2.08,,8.51,7.88,7.94,,214.410004,219.779999,221,,7.08,6.58,,,,,1.657,1.641,,1.657,1.641,
2025/11/14 00:00,2.62,2.31,2.07,,8.5,7.88,7.94,,214.160004,219.779999,220.759995,,7.05,6.55,,,,,1.655,1.645,,1.655,1.645,
2025/11/14 00:00,2.62,2.31,2.07,,8.49,7.88,7.93,,214.410004,220.270004,221.25,,7.01,6.57,,,,,1.655,1.638,,1.655,1.638,
2025/11/14 00:00,2.62,2.3,,,8.48,7.86,,7.91,214.160004,220.270004,,,7.06,6.58,,,,,1.648,1.64,,1.648,1.64,
2025/11/14 00:00,2.61,2.31,,1.8,8.47,7.88,,7.9,214.160004,220.020004,,220.759995,7.06,,6.28,,,,1.658,,,1.658,,
2025/11/14 00:00,2.62,2.31,,1.8,8.46,7.88,,7.9,214.160004,220.020004,,220.759995,7.03,,6.3,,,,1.664,,,1.664,,
2025/11/14 00:00,2.61,2.31,,1.8,8.46,7.88,,7.9,214.160004,220.270004,,220.759995,7.04,,6.33,,,,1.655,,,1.655,,
2025/11/14 00:00,2.62,2.31,,1.79,8.44,7.88,,7.91,213.919998,220.020004,,220.270004,7.02,,6.29,,,,1.657,,,1.657,,
2025/11/14 00:00,2.62,2.31,,1.8,8.44,7.88,,7.91,214.160004,219.779999,,221,7.04,,6.34,,,,1.659,,,1.659,,
2025/11/14 00:00,2.61,2.31,,,8.44,7.89,7.94,,214.410004,220.270004,,,7.03,,6.33,,,,1.657,,,1.657,,
2025/11/14 00:00,2.61,2.3,2.07,,8.43,7.88,7.93,,213.919998,220.020004,221,,7.04,,,,,,1.655,1.643,,1.655,1.643,
2025/11/14 00:00,2.62,2.31,2.07,,8.41,7.88,7.93,,214.160004,220.020004,221,,7.08,6.54,,,,,1.657,1.639,,1.657,1.639,
2025/11/14 00:00,2.61,2.31,2.07,,8.41,7.88,7.94,,214.160004,220.020004,221,,7.06,6.56,,,,,1.647,1.65,,1.647,1.65,
2025/11/14 00:00,2.62,2.31,2.08,,8.4,7.88,7.94,,214.410004,220.270004,221,,7.04,6.56,,,,,1.668,1.645,,1.668,1.645,
2025/11/14 00:00,2.61,2.31,2.07,,8.39,7.88,7.94,,214.410004,220.020004,221.25,,7.04,6.56,,,,,1.659,1.641,,1.659,1.641,
2025/11/14 00:00,2.61,2.3,,,8.38,7.88,,7.92,214.160004,220.270004,,,7.05,6.54,,,,,1.655,1.647,,1.655,1.647,
2025/11/14 00:00,2.61,2.31,,1.81,8.36,7.87,,7.91,214.410004,220.270004,,221.490005,7.03,,6.29,,,,1.652,1.637,,1.652,1.637,
2025/11/14 00:00,2.63,2.32,,1.81,8.36,7.88,,7.91,214.410004,220.270004,,221,7.02,,6.32,,,,1.655,,1.616,1.655,,1.616
2025/11/14 00:00,2.62,2.32,,1.81,8.35,7.88,,7.9,214.160004,219.779999,,220.509995,7.04,,6.29,,,,1.656,,1.613,1.656,,1.613
2025/11/14 00:00,2.61,2.32,,1.81,8.35,7.88,,7.9,213.919998,220.270004,,220.509995,7,,6.24,,,,1.655,,1.615,1.655,,1.615
2025/11/14 00:00,2.62,2.31,,1.81,8.34,7.88,,7.9,214.410004,219.779999,,220.509995,7.01,,6.26,,,,1.661,,1.612,1.661,,1.612
2025/11/14 00:00,2.62,2.31,,,8.32,7.88,7.94,,214.160004,219.779999,,,7.01,,6.21,,,,1.661,,1.607,1.661,,1.607
2025/11/14 00:00,2.62,2.3,2.08,,8.31,7.88,7.94,,214.410004,219.539993,220.759995,,7.05,6.51,,,,,1.658,,1.618,1.658,,1.618
2025/11/14 00:00,2.61,2.3,2.08,,8.3,7.88,7.94,,214.160004,219.779999,220.759995,,7.05,6.56,,,,,1.659,1.632,,1.659,1.632,
2025/11/14 00:00,2.61,2.3,2.08,,8.27,7.88,7.94,,214.410004,220.270004,220.509995,,7.06,6.55,,,,,1.654,1.641,,1.654,1.641,
2025/11/14 00:00,2.62,2.29,2.07,,8.26,7.87,7.94,,213.919998,220.020004,220.270004,,7.06,6.52,,,,,1.661,1.642,,1.661,1.642,
2025/11/14 00:00,2.62,2.3,2.08,,8.25,7.88,7.94,,214.160004,219.539993,221,,7.06,6.56,,,,,1.661,1.643,,1.661,1.643,
2025/11/14 00:00,2.62,2.3,,,8.22,7.88,,7.91,214.160004,220.270004,,,7.04,6.53,,,,,1.652,,,1.652,,
2025/11/14 00:00,2.62,2.3,,1.82,8.22,7.88,,7.91,214.160004,219.779999,,220.759995,7.07,,,,,,1.645,1.641,,1.645,1.641,
2025/11/14 00:00,2.61,2.29,,1.82,8.18,7.88,,7.91,214.160004,219.289993,,220.509995,7.07,,6.28,,,,1.649,,1.613,1.649,,1.613
2025/11/14 00:00,2.61,2.29,,1.81,8.16,7.88,,7.9,214.410004,220.270004,,220.270004,7.06,,6.29,,,,1.653,,,1.653,,
2025/11/14 00:00,2.61,2.3,,1.81,8.14,7.88,,7.9,214.160004,220.270004,,220.509995,7.04,,6.26,,,,1.656,,1.614,1.656,,1.614
2025/11/14 00:00,2.61,2.3,,1.81,8.13,7.88,,7.91,214.410004,220.270004,,220.509995,7.02,,6.27,,,,1.652,,1.611,1.652,,1.611
2025/11/14 00:00,2.61,2.3,,,8.12,7.87,7.95,,214.160004,219.779999,,,7.07,,,,,,1.651,,1.609,1.651,,1.609
2025/11/14 00:00,2.59,2.3,2.08,,8.1,7.87,7.94,,214.160004,219.779999,220.509995,,7.09,6.55,,,,,1.654,,1.614,1.654,,1.614
2025/11/15 00:00,2.59,2.29,2.08,,8.07,7.87,7.95,,213.919998,220.020004,220.270004,,7.03,6.51,,,,,1.651,1.64,,1.651,1.64,
2025/11/15 00:00,2.59,2.29,2.08,,8.06,7.87,7.94,,214.160004,220.020004,220.759995,,7.1,6.52,,,,,1.654,1.641,,1.654,1.641,
2025/11/15 00:00,2.59,2.3,2.08,,8.04,7.87,7.94,,214.160004,219.779999,220.270004,,7.11,6.48,,,,,1.657,,,1.657,,
2025/11/15 00:00,2.6,2.3,2.08,,8.03,7.87,7.95,,214.160004,220.270004,220.270004,,7.06,6.52,,,,,1.647,1.642,,1.647,1.642,
2025/11/15 00:00,2.59,2.29,,,8.01,7.87,,7.92,214.160004,220.020004,,,7.06,6.5,,,,,1.661,1.639,,1.661,1.639,
2025/11/15 00:00,2.58,2.3,,1.82,7.98,7.87,,7.91,214.410004,219.779999,,220.270004,7.06,,6.3,,,,1.653,,,1.653,,
2025/11/15 00:00,2.58,2.29,,1.81,7.97,7.87,,7.91,214.899994,220.020004,,220.759995,7.06,,6.27,,,,1.653,,1.614,1.653,,1.614
2025/11/15 00:00,2.58,2.3,,1.81,7.94,7.87,,7.91,214.160004,220.020004,,220.270004,7.06,,6.31,,,,1.648,,1.617,1.648,,1.617
2025/11/15 00:00,2.58,2.3,,1.81,7.94,7.86,,7.91,214.410004,220.270004,,220.270004,7.05,,6.27,,,,1.651,,1.612,1.651,,1.612
2025/11/15 00:00,2.58,2.3,,1.82,7.92,7.86,,7.91,214.410004,220.020004,,220.509995,7.1,,6.26,,,,1.653,,1.614,1.653,,1.614
2025/11/15 00:00,2.6,2.3,,,,7.87,7.95,,,219.779999,,,7.09,,6.24,,,,1.646,,1.611,1.646,,1.611
2025/11/15 00:00,0.77,2.29,2.08,,,7.86,7.95,,,220.509995,220.759995,,7.06,6.59,,,,,1.65,,1.613,1.65,,1.613
2025/11/15 00:00,0.38,2.3,2.08,,,7.87,7.95,,,220.270004,220.509995,,7.07,6.56,,,,,1.644,1.642,,1.644,1.642,
2025/11/15 00:00,0.33,2.31,2.08,,,7.86,7.94,,,220.020004,221,,7.08,6.51,,,,,1.653,1.636,,1.653,1.636,
2025/11/15 00:00,0.37,2.31,2.08,,,7.86,7.94,,,220.020004,221,,7,6.53,,,,,1.654,1.638,,1.654,1.638,
2025/11/15 00:00,1.59,2.3,2.08,,,7.86,7.94,,,220.270004,221,,7.01,6.54,,,,,1.654,1.64,,1.654,1.64,
2025/11/15 00:00,2.82,2.3,,,8.76,7.86,,7.92,,220.020004,,,7.05,6.54,,,,,1.654,1.636,,1.654,1.636,
2025/11/15 00:00,2.77,2.3,,1.81,8.75,7.86,,7.92,213.919998,220.270004,,221.25,7.04,,6.32,,,,1.658,,,1.658,,
2025/11/15 00:00,2.62,2.29,,1.81,8.71,7.86,,7.92,214.649994,220.509995,,220.759995,7.02,,6.34,,,,1.655,,1.616,1.655,,1.616
2025/11/15 00:00,2.67,2.29,,1.8,8.68,7.86,,7.91,214.899994,220.020004,,220.759995,7.04,,6.33,,,,1.652,,1.614,1.652,,1.614
2025/11/15 00:00,2.66,2.29,,1.8,8.66,7.85,,7.92,214.899994,220.270004,,221,7.03,,6.37,,,,1.656,,1.614,1.656,,1.614
2025/11/15 00:00,2.65,2.29,,1.8,8.66,7.88,,7.91,214.649994,220.270004,,220.759995,7.04,,6.32,,,,1.651,,1.613,1.651,,1.613
2025/11/15 00:00,2.65,2.28,,,8.65,7.88,7.95,,214.649994,220.020004,,,7.02,,6.33,,,,1.648,,1.612,1.648,,1.612
2025/11/15 00:00,2.64,2.3,2.07,,8.64,7.88,7.94,,214.649994,220.270004,221.25,,7.05,6.51,,,,,1.655,,1.614,1.655,,1.614
2025/11/15 00:00,2.65,2.3,2.07,,8.64,7.88,7.95,,214.649994,220.020004,221,,7.02,6.54,,,,,1.652,1.64,,1.652,1.64,
2025/11/15 00:00,2.64,2.3,2.07,,8.63,7.87,7.94,,214.649994,220.509995,221.490005,,7.02,6.55,,,,,1.656,1.638,,1.656,1.638,
2025/11/15 00:00,2.63,2.3,2.08,,8.63,7.88,7.94,,214.649994,220.270004,221,,7.03,6.56,,,,,1.649,1.639,,1.649,1.639,
2025/11/15 00:00,2.64,2.29,2.08,,8.63,7.89,7.94,,214.410004,220.270004,221.25,,7.03,6.51,,,,,1.656,1.648,,1.656,1.648,
2025/11/15 00:00,2.63,2.3,,1.81,8.62,7.88,,7.92,214.649994,220.270004,,,7.02,6.55,,,,,1.648,1.639,,1.648,1.639,
2025/11/15 00:00,2.64,2.3,,1.81,8.62,7.88,,7.92,214.160004,220.509995,,220.759995,7.04,,6.33,,,,1.65,,,1.65,,
2025/11/15 00:00,2.64,2.3,,1.8,8.62,7.88,,7.92,214.410004,220.270004,,220.759995,7.05,,6.36,,,,1.649,,1.614,1.649,,1.614
2025/11/15 00:00,2.63,2.3,,1.8,8.61,7.89,,7.92,214.649994,220.509995,,220.759995,7.05,,6.31,,,,1.653,,1.614,1.653,,1.614
2025/11/15 00:00,2.64,2.29,,1.8,8.61,7.89,,7.92,214.410004,220.020004,,220.759995,7.06,,6.35,,,,1.652,,1.607,1.652,,1.607
2025/11/15 00:00,2.64,2.3,,1.8,8.61,7.89,,7.92,214.410004,220.270004,,220.759995,7.05,,6.34,,,,1.653,,1.619,1.653,,1.619
2025/11/15 00:00,2.64,2.3,,,8.59,7.89,7.95,,214.410004,220.270004,,,7.07,,6.35,,,,1.65,,1.612,1.65,,1.612
2025/11/15 00:00,2.64,2.3,2.07,,8.59,7.88,7.95,,214.410004,220.270004,221.490005,,7.03,6.57,,,,,1.653,,1.614,1.653,,1.614
2025/11/15 00:00,2.64,2.31,2.08,,8.58,7.89,7.94,,214.649994,220.020004,221.729996,,7.03,6.53,,,,,1.655,1.637,,1.655,1.637,
2025/11/15 00:00,2.64,2.29,2.08,,8.58,7.9,7.95,,214.160004,220.270004,221.25,,7.03,6.52,,,,,1.652,1.638,,1.652,1.638,
2025/11/15 00:00,2.64,2.3,2.08,,8.58,7.9,7.94,,214.160004,220.270004,221.729996,,7.04,6.55,,,,,1.656,1.634,,1.656,1.634,
2025/11/15 00:00,2.64,2.31,2.08,,8.57,7.89,7.95,,214.410004,220.270004,221.490005,,7.08,6.57,,,,,1.662,1.633,,1.662,1.633,
2025/11/15 00:00,2.64,2.3,,1.81,8.57,7.89,,7.93,214.899994,220.270004,,,7.07,,,,,,1.65,,,1.65,,
2025/11/15 00:00,2.63,2.3,,1.81,8.56,7.89,,7.92,214.160004,220.270004,,221.25,7.02,,6.31,,,,1.645,1.636,,1.645,1.636,
2025/11/15 00:00,2.65,2.3,,1.82,8.55,7.89,,7.91,214.649994,220.759995,,221.979996,7.06,,6.37,,,,1.655,,1.615,1.655,,1.615
2025/11/15 00:00,2.65,2.31,,1.82,8.55,7.89,,7.92,214.410004,220.270004,,220.759995,7.02,,6.31,,,,1.642,,1.616,1.642,,1.616
2025/11/15 00:00,2.65,2.32,,1.82,8.55,7.89,,7.92,214.410004,220.270004,,220.759995,6.98,,6.28,,,,1.647,,1.616,1.647,,1.616
2025/11/15 00:00,2.65,2.32,,1.82,8.53,7.89,,7.92,214.160004,220.270004,,221,7.01,,6.27,,,,1.656,,1.612,1.656,,1.612
2025/11/15 00:00,2.65,2.3,,,8.54,7.89,7.94,,213.919998,220.270004,,,7.01,,6.26,,,,1.657,1.607,,1.657,1.607,
2025/11/15 00:00,2.64,2.3,2.08,,8.52,7.89,7.95,,214.160004,219.779999,220.509995,,6.99,6.52,,,,,1.655,1.613,,1.655,1.613,
2025/11/15 00:00,2.64,2.29,2.08,,8.51,7.89,7.95,,213.919998,220.270004,220.759995,,6.99,6.5,,,,,1.657,1.638,,1.657,1.638,
2025/11/15 00:00,2.64,2.3,2.08,,8.5,7.89,7.94,,214.410004,220.270004,220.759995,,7.03,6.52,,,,,1.651,1.638,,1.651,1.638,
2025/11/15 00:00,2.65,2.29,2.08,,8.5,7.89,7.94,,214.160004,220.270004,220.759995,,7.07,6.52,,,,,1.642,1.643,,1.642,1.643,
2025/11/15 00:00,2.64,2.29,2.08,,8.49,7.89,7.94,,214.160004,220.020004,220.759995,,7.09,6.54,,,,,1.649,1.636,,1.649,1.636,
2025/11/15 00:00,2.63,2.29,,,8.49,7.89,,7.92,213.919998,220.270004,,,7.08,6.52,,,,,1.652,1.639,,1.652,1.639,
2025/11/15 00:00,2.63,2.28,,1.83,8.47,7.89,,7.91,214.160004,220.509995,,220.509995,7.06,,6.31,,,,1.664,1.646,,1.664,1.646,
2025/11/15 00:00,2.63,2.3,,1.82,8.46,7.89,,7.91,214.160004,220.270004,,220.270004,7.04,,6.35,,,,1.651,,1.608,1.651,,1.608
2025/11/15 00:00,2.63,2.3,,1.82,8.46,7.89,,7.91,214.410004,220.270004,,220.509995,7.03,,6.27,,,,1.642,,1.612,1.642,,1.612
2025/11/15 00:00,2.64,2.29,,1.81,8.46,7.89,,7.92,214.410004,220.270004,,220.270004,7.06,,6.3,,,,1.657,,1.609,1.657,,1.609
2025/11/15 00:00,2.63,2.29,,1.82,8.44,7.9,,7.92,214.649994,220.270004,,220.509995,7.08,,6.3,,,,1.645,,1.611,1.645,,1.611
2025/11/15 00:00,2.63,2.29,,,8.43,7.9,7.95,,214.160004,220.270004,,,7.05,,6.29,,,,1.66,,1.61,1.66,,1.61
2025/11/15 00:00,2.64,2.3,2.08,,8.42,7.89,7.95,,214.410004,220.270004,221.25,,7.02,6.53,,,,,1.65,,1.613,1.65,,1.613
2025/11/15 00:00,2.63,2.3,2.08,,8.41,7.89,7.95,,213.919998,220.270004,221,,7.04,6.53,,,,,1.65,1.637,,1.65,1.637,
2025/11/15 00:00,2.64,2.29,2.08,,8.41,7.89,7.95,,214.410004,220.270004,220.759995,,7.09,6.5,,,,,1.655,1.635,,1.655,1.635,
2025/11/15 00:00,2.63,2.29,2.08,,8.38,7.9,7.94,,214.410004,220.020004,221.25,,7.05,6.54,,,,,1.652,1.637,,1.652,1.637,
2025/11/15 00:00,2.63,2.29,2.08,,8.38,7.89,7.95,,214.160004,220.509995,220.509995,,7.08,6.52,,,,,1.654,1.631,,1.654,1.631,
2025/11/15 00:00,2.64,2.3,,,8.36,7.9,,7.92,214.160004,220.270004,,,7.05,6.52,,,,,1.649,1.634,,1.649,1.634,
2025/11/15 00:00,2.63,2.3,,1.82,8.36,7.89,,7.92,214.410004,220.270004,,220.759995,7.04,,,,,,1.658,1.64,,1.658,1.64,
2025/11/15 00:00,2.63,2.29,,1.82,8.34,7.89,,7.92,214.160004,220.270004,,220.759995,7.04,,6.31,,,,1.646,,1.606,1.646,,1.606
2025/11/15 00:00,2.63,2.29,,1.82,8.32,7.9,,7.92,214.160004,220.270004,,220.270004,7.04,,6.29,,,,1.659,,1.616,1.659,,1.616
2025/11/15 00:00,2.63,2.28,,1.82,8.33,7.89,,7.92,214.160004,220.759995,,220.759995,7.11,,6.3,,,,1.649,,1.617,1.649,,1.617
2025/11/15 00:00,2.63,2.3,,1.82,8.31,7.89,,7.92,214.410004,220.270004,,220.509995,7.07,,6.31,,,,1.644,,1.61,1.644,,1.61
2025/11/15 00:00,2.63,2.3,,,8.31,7.89,7.95,,214.410004,220.270004,,,7.07,,6.29,,,,1.645,,1.614,1.645,,1.614
2025/11/15 00:00,2.64,2.3,2.08,,8.29,7.89,7.95,,214.160004,220.270004,221,,7.05,6.53,,,,,1.652,,1.613,1.652,,1.613
2025/11/15 00:00,2.63,2.3,2.08,,8.26,7.89,7.95,,214.649994,220.270004,220.759995,,7.04,6.52,,,,,1.646,1.637,,1.646,1.637,
2025/11/15 00:00,2.63,2.29,2.08,,8.24,7.89,7.95,,214.410004,220.509995,221.25,,7.07,6.52,,,,,1.648,1.637,,1.648,1.637,
2025/11/15 00:00,2.63,2.31,2.08,,8.25,7.89,7.95,,213.919998,220.270004,220.759995,,7.03,6.51,,,,,1.645,1.638,,1.645,1.638,
2025/11/15 00:00,2.63,2.31,2.08,,8.21,7.89,7.95,,214.410004,220.270004,221.25,,7.04,6.48,,,,,1.656,1.641,,1.656,1.641,
2025/11/15 00:00,2.63,2.31,,1.81,8.21,7.89,,7.93,214.160004,220.270004,,,6.98,6.52,,,,,1.654,1.632,,1.654,1.632,
2025/11/15 00:00,2.62,2.3,,1.82,8.17,7.89,,7.92,214.410004,219.779999,,221.25,7.04,,,,,,1.647,1.634,,1.647,1.634,
2025/11/15 00:00,2.61,2.29,,1.81,8.15,7.89,,7.92,214.410004,220.759995,,221,7.05,,6.32,,,,1.651,,1.618,1.651,,1.618
2025/11/15 00:00,2.63,2.3,,1.81,8.14,7.89,,7.92,214.410004,220.509995,,221,7.04,,6.35,,,,1.649,,1.613,1.649,,1.613
2025/11/15 00:00,2.63,2.3,,1.81,8.12,7.88,,7.92,214.160004,220.509995,,221,7,,6.3,,,,1.643,,1.61,1.643,,1.61
2025/11/15 00:00,2.63,2.29,,1.81,8.11,7.89,,7.92,214.410004,220.509995,,221.490005,7.03,,6.34,,,,1.655,,1.616,1.655,,1.616
2025/11/15 00:00,2.62,2.3,,,8.1,7.89,7.95,,214.649994,220.759995,,,7.03,,6.29,,,,1.649,,1.619,1.649,,1.619
2025/11/15 00:00,2.61,2.3,2.08,,8.06,7.89,7.95,,214.649994,220.509995,221.979996,,7,6.58,,,,,1.646,,1.612,1.646,,1.612
2025/11/15 00:00,2.61,2.29,2.08,,8.05,7.89,7.95,,214.649994,220.509995,221.729996,,7.03,6.54,,,,,1.646,1.641,,1.646,1.641,
2025/11/15 00:00,2.62,2.3,2.08,,8.03,7.89,7.95,,214.899994,220.759995,221.729996,,7.03,6.54,,,,,1.649,,,1.649,,
2025/11/15 00:00,2.62,2.3,2.08,,8.02,7.88,7.95,,214.649994,220.759995,221.729996,,7.05,6.52,,,,,1.641,1.634,,1.641,1.634,
2025/11/15 00:00,2.61,2.3,2.08,,8,7.88,7.95,,214.410004,220.759995,221.729996,,7.04,6.5,,,,,1.651,1.641,,1.651,1.641,
2025/11/15 00:00,2.59,2.31,,1.81,7.98,7.89,,7.94,214.649994,220.759995,,,7,,,,,,1.644,,,1.644,,
2025/11/15 00:00,2.6,2.3,,1.82,7.96,7.88,,7.92,214.899994,220.759995,,221,7.02,,,,,,1.642,1.637,,1.642,1.637,
2025/11/15 00:00,2.58,2.3,,1.81,7.94,7.88,,7.93,214.899994,220.509995,,221.490005,7.02,,6.36,,,,1.645,,1.614,1.645,,1.614
2025/11/15 00:00,2.58,2.3,,1.81,7.93,7.88,,7.93,214.649994,220.759995,,220.759995,7.05,,6.38,,,,1.648,,1.623,1.648,,1.623
2025/11/15 00:00,2.58,2.29,,1.8,7.92,7.88,,7.92,214.649994,220.509995,,221.729996,7.05,,6.35,,,,1.647,,1.612,1.647,,1.612
2025/11/15 00:00,2.53,2.29,,1.81,,7.88,,7.93,,220.509995,,221.25,7.02,,6.35,,,,1.645,,1.611,1.645,,1.611
2025/11/15 00:00,0.63,2.29,,,,7.88,7.96,,,220.759995,,,7.01,,6.36,,,,1.65,,1.616,1.65,,1.616
2025/11/15 00:00,0.37,2.29,2.07,,,7.87,7.95,,,220.759995,221.490005,,7.01,6.5,,,,,1.649,,1.61,1.649,,1.61
2025/11/15 00:00,0.33,2.3,2.07,,,7.88,7.95,,,220.509995,221.490005,,7.03,6.5,,,,,1.659,1.639,,1.659,1.639,
2025/11/15 00:00,0.53,2.29,2.07,,,7.87,7.95,,,220.270004,221.729996,,7.01,6.55,,,,,1.649,1.64,,1.649,1.64,
2025/11/15 00:00,1.84,2.29,2.08,,,7.87,7.95,,,220.509995,221.490005,,7.03,6.59,,,,,1.632,1.653,,1.632,1.653,
2025/11/15 00:00,2.84,2.29,2.07,,8.77,7.87,7.95,,,220.509995,221.490005,,7.03,6.54,,,,,1.645,1.634,,1.645,1.634,
2025/11/15 00:00,2.73,2.29,,,8.75,7.87,,7.95,214.410004,220.509995,,221.490005,7.03,6.52,,,,,1.646,1.637,,1.646,1.637,
2025/11/15 00:00,2.61,2.29,,1.82,8.71,7.87,,7.93,214.410004,220.270004,,221.490005,7.03,,,,,,1.652,1.637,,1.652,1.637,
2025/11/15 00:00,2.67,2.29,,1.8,8.68,7.87,,7.92,214.899994,220.759995,,221.25,7.02,,6.34,,,,1.652,,1.612,1.652,,1.612
2025/11/15 00:00,2.65,2.29,,1.82,8.67,7.87,,7.92,214.649994,220.509995,,221.979996,7.03,,6.34,,,,1.643,,1.614,1.643,,1.614
2025/11/15 00:00,2.65,2.3,,1.82,8.66,7.89,,7.92,214.649994,220.509995,,221.25,6.96,,6.31,,,,1.65,,1.612,1.65,,1.612
2025/11/15 00:00,2.65,2.29,,1.81,8.66,7.89,,7.92,214.899994,220.509995,,221.25,6.99,,6.29,,,,1.647,,1.604,1.647,,1.604
2025/11/15 00:00,2.64,2.3,,,8.66,7.88,7.95,,214.649994,220.759995,,,6.98,,6.25,,,,1.649,,1.611,1.649,,1.611
2025/11/15 00:00,2.64,2.3,2.08,,8.65,7.89,7.95,,214.160004,220.020004,,,7,6.49,,,,,1.639,,1.612,1.639,,1.612
2025/11/15 00:00,2.64,2.29,2.08,,8.65,7.89,7.95,,214.160004,220.270004,221,,7,6.49,,,,,1.642,1.635,,1.642,1.635,
2025/11/15 00:00,2.64,2.29,2.08,,8.64,7.89,7.95,,214.160004,220.270004,221,,6.98,6.5,,,,,1.645,1.634,,1.645,1.634,
2025/11/15 00:00,2.64,2.28,2.08,,8.65,7.89,7.95,,214.160004,220.509995,221,,7.01,6.51,,,,,1.651,1.635,,1.651,1.635,
2025/11/15 00:00,2.65,2.29,2.08,,8.63,7.9,7.95,,214.160004,220.270004,220.759995,,6.99,6.49,,,,,1.645,1.636,,1.645,1.636,
2025/11/15 00:00,2.64,2.29,,,8.64,7.89,,7.94,214.160004,220.270004,,,7.02,6.51,,,,,1.645,1.632,,1.645,1.632,
2025/11/15 00:00,2.64,2.28,,1.82,8.63,7.89,,7.92,214.160004,220.020004,,221,7.07,,6.31,,,,1.648,1.638,,1.648,1.638,
2025/11/15 00:00,2.64,2.29,,1.82,8.62,7.9,,7.92,214.160004,220.509995,,221,7.04,,6.32,,,,1.643,,1.617,1.643,,1.617
2025/11/15 00:00,2.64,2.28,,1.82,8.63,7.9,,7.92,214.160004,220.759995,,220.509995,6.99,,6.3,,,,1.649,,1.612,1.649,,1.612
2025/11/15 00:00,2.63,2.29,,1.82,8.62,7.9,,7.92,214.410004,220.509995,,221.25,7.07,,6.28,,,,1.646,,1.612,1.646,,1.612
2025/11/15 00:00,2.64,2.29,,1.82,8.61,7.9,,7.92,214.410004,220.759995,,220.759995,7.03,,6.25,,,,1.646,,1.612,1.646,,1.612
2025/11/15 00:00,2.64,2.29,,,8.61,7.89,7.97,,214.160004,220.759995,,,7.03,,6.28,,,,1.642,,1.609,1.642,,1.609
2025/11/15 00:00,2.63,2.29,2.08,,8.6,7.9,7.95,,214.160004,220.270004,220.759995,,7.02,6.53,,,,,1.654,,1.612,1.654,,1.612
2025/11/15 00:00,2.64,2.28,2.08,,8.6,7.9,7.95,,214.410004,220.509995,221.25,,7.01,6.51,,,,,1.645,1.636,,1.645,1.636,
2025/11/15 00:00,2.64,2.29,2.08,,8.59,7.9,7.95,,214.410004,220.759995,221.25,,7.05,6.5,,,,,1.647,1.635,,1.647,1.635,
2025/11/15 00:00,2.64,2.29,2.08,,8.59,7.9,7.95,,213.919998,220.270004,221.25,,7.03,6.49,,,,,1.652,1.639,,1.652,1.639,
2025/11/15 00:00,2.65,2.29,2.08,,8.58,7.9,7.95,,214.160004,220.509995,221,,7.02,6.52,,,,,1.655,1.635,,1.655,1.635,
2025/11/15 00:00,2.62,2.29,,,8.58,7.91,,7.94,214.160004,220.270004,,221,7.03,,,,,,1.651,1.637,,1.651,1.637,
2025/11/15 00:00,2.64,2.28,,1.83,8.57,7.9,,7.93,214.160004,220.509995,,221,7.04,,,,,,1.642,1.635,,1.642,1.635,
2025/11/15 00:00,2.63,2.28,,1.82,8.57,7.9,,7.92,214.160004,220.509995,,220.759995,6.99,,6.31,,,,1.651,,1.615,1.651,,1.615
2025/11/15 00:00,2.64,2.29,,1.82,8.56,7.9,,7.93,214.410004,220.509995,,221,7,,6.26,,,,1.649,,1.612,1.649,,1.612
2025/11/15 00:00,2.63,2.29,,1.82,8.56,7.9,,7.92,214.410004,220.509995,,220.759995,7.01,,6.3,,,,1.652,,1.611,1.652,,1.611
2025/11/15 00:00,2.63,2.29,,1.82,8.55,7.91,,7.93,214.160004,220.270004,,221,6.99,,6.25,,,,1.651,,1.611,1.651,,1.611
2025/11/15 00:00,2.63,2.28,,,8.54,7.91,7.96,,214.160004,220.509995,,,7.03,,6.26,,,,1.641,,1.616,1.641,,1.616
2025/11/15 00:00,2.63,2.29,2.08,,8.54,7.91,7.95,,214.160004,220.270004,221.729996,,7.05,6.51,,,,,1.65,,1.611,1.65,,1.611
2025/11/15 00:00,2.63,2.29,2.07,,8.53,7.91,7.95,,214.160004,220.759995,221,,7.03,6.49,,,,,1.659,1.634,,1.659,1.634,
2025/11/15 00:00,2.64,2.29,2.08,,8.52,7.91,7.96,,213.919998,220.509995,221,,7,6.49,,,,,1.643,1.642,,1.643,1.642,
2025/11/15 00:00,2.63,2.28,2.08,,8.51,7.9,7.96,,213.919998,220.509995,221.490005,,7.02,6.48,,,,,1.639,1.637,,1.639,1.637,
2025/11/15 00:00,2.62,2.29,2.08,,8.51,7.91,7.96,,214.160004,220.759995,221,,7.02,6.54,,,,,1.654,1.636,,1.654,1.636,
2025/11/15 00:00,2.62,2.29,,,8.5,7.91,,7.94,214.160004,220.759995,,,7.01,6.49,,,,,1.646,1.639,,1.646,1.639,
2025/11/15 00:00,2.62,2.3,,1.81,8.49,7.91,,7.93,214.160004,220.509995,,221,7.02,,6.36,,,,1.651,1.632,,1.651,1.632,
2025/11/15 00:00,2.63,2.29,,1.81,8.48,7.91,,7.93,214.410004,220.759995,,221.490005,7,,6.36,,,,1.645,,1.618,1.645,,1.618
2025/11/15 00:00,2.61,2.28,,1.81,8.48,7.91,,7.92,214.160004,220.759995,,221,7.02,,6.36,,,,1.654,,1.607,1.654,,1.607
2025/11/15 00:00,2.63,2.28,,1.81,8.46,7.91,,7.93,214.160004,220.759995,,221,7,,6.34,,,,1.65,,1.61,1.65,,1.61
2025/11/15 00:00,2.62,2.28,,1.81,8.46,7.91,,7.93,214.160004,220.509995,,221.729996,7.01,,6.32,,,,1.644,,1.613,1.644,,1.613
2025/11/15 00:00,2.63,2.29,,,8.45,7.92,7.96,,214.160004,220.509995,,,7.02,,6.33,,,,1.64,,,1.64,,
2025/11/15 00:00,2.63,2.29,2.07,,8.44,7.9,7.95,,214.410004,220.270004,221.979996,,7.05,6.53,,,,,1.654,,1.609,1.654,,1.609
2025/11/15 00:00,2.63,2.29,2.07,,8.43,7.91,7.95,,214.160004,220.509995,222.220001,,7,6.53,,,,,1.641,1.637,,1.641,1.637,
2025/11/15 00:00,2.62,2.29,2.07,,8.41,7.91,7.96,,214.160004,220.270004,221.490005,,7.03,6.54,,,,,1.649,1.635,,1.649,1.635,
2025/11/15 00:00,2.63,2.28,2.07,,8.41,7.91,7.96,,214.410004,220.509995,221.490005,,6.99,6.51,,,,,1.649,1.638,,1.649,1.638,
2025/11/15 00:00,2.63,2.3,2.07,,8.39,7.91,7.96,,214.160004,220.270004,222.220001,,7,,,,,,1.64,1.635,,1.64,1.635,
2025/11/15 00:00,2.63,2.3,,1.8,8.38,7.91,,7.96,214.160004,220.509995,,,7.04,,,,,,1.637,1.634,,1.637,1.634,
2025/11/15 00:00,2.63,2.29,,1.82,8.37,7.91,,7.93,214.160004,220.270004,,222.220001,7.04,,,,,,1.648,1.635,,1.648,1.635,
2025/11/15 00:00,2.63,2.29,,1.81,8.35,7.91,,7.93,214.160004,220.509995,,221.490005,7.03,,6.35,,,,1.656,1.63,,1.656,1.63,
2025/11/15 00:00,2.63,2.28,,1.81,8.35,7.91,,7.94,214.160004,220.270004,,221.490005,6.99,,6.33,,,,1.649,,1.612,1.649,,1.612
2025/11/15 00:00,2.63,2.29,,1.81,8.33,7.91,,7.93,214.410004,220.759995,,221.729996,6.99,,6.34,,,,1.648,,1.612,1.648,,1.612
2025/11/15 00:00,2.63,2.29,,1.8,8.32,7.91,,7.93,214.410004,220.759995,,221.25,6.97,,6.29,,,,1.645,,1.613,1.645,,1.613
2025/11/15 00:00,2.63,2.29,,,8.3,7.91,7.97,,214.160004,220.509995,,,6.99,,6.3,,,,1.644,,1.614,1.644,,1.614
2025/11/15 00:00,2.62,2.29,2.07,,8.3,7.92,7.96,,214.160004,220.509995,221.979996,,7.03,6.55,,,,,1.65,,,1.65,,
2025/11/15 00:00,2.63,2.28,2.07,,8.28,7.92,7.96,,214.160004,220.759995,221.729996,,6.96,6.54,,,,,1.643,1.636,,1.643,1.636,
2025/11/15 00:00,2.63,2.29,2.07,,8.26,7.91,7.96,,214.160004,220.270004,221.729996,,7,6.5,,,,,1.649,1.637,,1.649,1.637,
2025/11/15 00:00,2.63,2.29,2.07,,8.24,7.91,7.96,,214.410004,220.759995,222.220001,,6.99,6.55,,,,,1.65,1.633,,1.65,1.633,
2025/11/15 00:00,2.63,2.29,2.07,,8.23,7.92,7.96,,214.160004,220.759995,221.490005,,6.98,6.53,,,,,1.647,1.629,,1.647,1.629,
2025/11/15 00:00,2.61,2.29,,,8.21,7.91,,7.96,214.160004,220.509995,,,6.99,6.56,,,,,1.652,1.627,,1.652,1.627,
2025/11/15 00:00,2.61,2.29,,1.82,8.2,7.91,,7.94,214.160004,220.509995,,221.729996,6.99,,,,,,1.65,1.633,,1.65,1.633,
2025/11/15 00:00,2.62,2.29,,1.81,8.17,7.91,,7.94,214.410004,220.759995,,221.490005,7.02,,6.32,,,,1.641,,1.608,1.641,,1.608
2025/11/15 00:00,2.62,2.29,,1.81,8.16,7.91,,7.94,214.160004,220.759995,,221.490005,6.99,,6.34,,,,1.639,,1.607,1.639,,1.607
2025/11/15 00:00,2.63,2.29,,1.82,8.15,7.91,,7.93,214.160004,220.759995,,221.490005,6.95,,6.32,,,,1.651,,1.609,1.651,,1.609
2025/11/15 00:00,2.62,2.3,,1.82,8.12,7.91,,7.93,214.160004,220.509995,,221.490005,6.96,,6.26,,,,1.656,,1.61,1.656,,1.61
2025/11/15 00:00,2.62,2.29,,,8.11,7.91,7.97,,214.160004,220.759995,,,6.97,,6.28,,,,1.644,,1.612,1.644,,1.612
2025/11/15 00:00,2.62,2.28,2.08,,8.09,7.91,7.97,,214.410004,220.509995,221.490005,,6.95,6.48,,,,,1.659,,1.608,1.659,,1.608
2025/11/15 00:00,2.63,2.29,2.08,,8.08,7.9,7.97,,214.160004,220.509995,221.490005,,7,6.51,,,,,1.655,1.631,,1.655,1.631,
2025/11/15 00:00,2.62,2.29,2.08,,8.06,7.9,7.97,,214.410004,220.509995,221.25,,6.98,6.54,,,,,1.638,1.629,,1.638,1.629,
2025/11/15 00:00,2.61,2.29,2.08,,8.04,7.91,7.97,,214.410004,220.509995,221,,6.97,6.5,,,,,1.64,1.633,,1.64,1.633,
2025/11/15 00:00,2.61,2.29,2.08,,8.02,7.91,7.97,,214.410004,220.509995,221.490005,,7.01,6.49,,,,,1.65,1.627,,1.65,1.627,
2025/11/15 00:00,2.61,2.28,,,8.02,7.9,,7.95,213.919998,220.509995,,,6.96,6.53,,,,,1.645,1.629,,1.645,1.629,
2025/11/15 00:00,2.61,2.29,,1.83,8,7.9,,7.94,214.410004,220.759995,,221.979996,7.04,,,,,,1.648,1.631,,1.648,1.631,
2025/11/15 00:00,2.61,2.29,,1.82,7.99,7.9,,7.94,214.410004,220.509995,,221.25,7,,6.32,,,,1.655,,1.61,1.655,,1.61
2025/11/15 00:00,2.61,2.29,,1.82,7.98,7.9,,7.94,214.160004,220.270004,,221,7,,6.24,,,,1.638,,1.613,1.638,,1.613
2025/11/15 00:00,1.9,2.29,,1.82,,7.9,,7.94,,220.509995,,221.25,7,,6.26,,,,1.652,,1.61,1.652,,1.61
2025/11/15 00:00,0.53,2.28,,1.82,,7.9,,7.94,,220.509995,,221.25,6.99,,6.26,,,,1.648,,1.61,1.648,,1.61
2025/11/15 00:00,0.35,2.29,,,,7.9,7.98,,,220.509995,,,6.99,,6.28,,,,1.648,,1.61,1.648,,1.61
2025/11/15 00:00,0.32,2.29,2.07,,,7.9,7.97,,,220.509995,221.490005,,7.01,6.48,,,,,1.644,,1.608,1.644,,1.608
2025/11/15 00:00,0.78,2.29,2.07,,,7.9,7.97,,,220.509995,221,,6.98,6.51,,,,,1.64,1.631,,1.64,1.631,
2025/11/15 00:00,2.15,2.29,2.08,,,7.9,7.97,,,220.759995,221.490005,,7.01,6.5,,,,,1.636,1.626,,1.636,1.626,
2025/11/15 00:00,2.84,2.29,2.08,,8.76,7.9,7.97,,,220.759995,221.729996,,7.01,6.52,,,,,1.641,1.634,,1.641,1.634,
2025/11/15 00:00,2.69,2.28,2.08,,8.73,7.9,7.97,,213.919998,220.270004,221,,6.97,6.48,,,,,1.645,1.629,,1.645,1.629,
2025/11/15 00:00,2.62,2.28,,,8.69,7.89,,7.96,213.919998,220.509995,,,6.99,6.48,,,,,1.641,1.634,,1.641,1.634,
2025/11/15 00:00,2.67,2.28,,1.83,8.66,7.9,,7.94,214.410004,220.509995,,221.490005,6.97,,,,,,1.648,1.633,,1.648,1.633,
2025/11/15 00:00,2.64,2.28,,1.83,8.66,7.91,,7.94,213.919998,220.270004,,221,6.99,,6.32,,,,1.648,,1.609,1.648,,1.609
2025/11/15 00:00,2.65,2.27,,1.83,8.65,7.92,,7.94,214.160004,220.759995,,221.25,6.98,,6.3,,,,1.645,,1.609,1.645,,1.609
2025/11/15 00:00,2.65,2.28,,1.82,8.65,7.91,,7.93,214.160004,220.509995,,221.25,7.02,,6.25,,,,1.645,,1.61,1.645,,1.61
2025/11/15 00:00,2.65,2.29,,1.82,8.64,7.91,,7.93,214.160004,220.759995,,221,7.03,,6.27,,,,1.653,,1.61,1.653,,1.61
2025/11/15 00:00,2.65,2.29,,,8.64,7.92,7.98,,213.919998,220.759995,,,6.98,,6.24,,,,1.643,,1.608,1.643,,1.608
2025/11/15 00:00,2.65,2.28,2.08,,8.63,7.91,7.97,,214.160004,220.759995,,,7.04,6.53,,,,,1.646,,1.604,1.646,,1.604
2025/11/15 00:00,2.64,2.29,2.08,,8.63,7.92,7.97,,214.160004,220.509995,221.490005,,6.97,6.53,,,,,1.643,1.637,,1.643,1.637,
2025/11/15 00:00,2.64,2.28,2.08,,8.63,7.92,7.97,,213.919998,220.509995,221.490005,,6.96,6.47,,,,,1.643,1.633,,1.643,1.633,
2025/11/15 00:00,2.65,2.29,2.07,,8.63,7.92,7.97,,214.160004,220.759995,221.490005,,7.02,6.49,,,,,1.649,1.63,,1.649,1.63,
2025/11/15 00:00,2.65,2.29,2.08,,8.62,7.92,7.97,,214.160004,220.509995,221.490005,,6.98,6.49,,,,,1.646,1.635,,1.646,1.635,
2025/11/15 00:00,2.64,2.3,,,8.63,7.91,,7.96,214.160004,220.509995,,,7.01,6.48,,,,,1.648,1.633,,1.648,1.633,
2025/11/15 00:00,2.63,2.3,,1.82,8.62,7.92,,7.95,214.160004,220.509995,,221.729996,7.01,,,,,,1.65,1.629,,1.65,1.629,
2025/11/15 00:00,2.63,2.28,,1.82,8.61,7.92,,7.95,213.679993,220.759995,,221.490005,6.99,,6.34,,,,1.642,,1.61,1.642,,1.61
2025/11/15 00:00,2.63,2.28,,1.82,8.61,7.92,,7.95,213.919998,220.509995,,221.25,7,,6.34,,,,1.646,,1.612,1.646,,1.612
2025/11/15 00:00,2.64,2.28,,1.82,8.6,7.92,,7.95,213.919998,220.270004,,221.979996,7,,6.33,,,,1.635,,1.608,1.635,,1.608
2025/11/15 00:00,2.64,2.28,,1.82,8.6,7.92,,7.94,213.919998,220.509995,,221.490005,7.03,,6.32,,,,1.648,,1.619,1.648,,1.619
2025/11/15 00:00,2.64,2.28,,,8.59,7.93,7.98,,213.919998,220.509995,,,6.99,,6.34,,,,1.65,,1.612,1.65,,1.612
2025/11/15 00:00,2.64,2.27,2.08,,8.59,7.92,7.97,,214.160004,221.25,,,7.05,6.51,,,,,1.638,,1.608,1.638,,1.608
2025/11/15 00:00,2.64,2.28,2.08,,8.58,7.93,7.97,,214.160004,220.759995,221.979996,,7.04,6.48,,,,,1.645,1.632,,1.645,1.632,
2025/11/15 00:00,2.65,2.28,2.08,,8.58,7.93,7.98,,214.410004,220.759995,222.220001,,7,6.53,,,,,1.64,1.637,,1.64,1.637,
2025/11/15 00:00,2.65,2.28,2.08,,8.57,7.92,7.97,,213.679993,220.509995,222.220001,,6.98,6.52,,,,,1.644,1.63,,1.644,1.63,
2025/11/15 00:00,2.64,2.28,2.08,,8.57,7.92,7.98,,214.160004,220.509995,221.979996,,6.98,6.5,,,,,1.632,1.631,,1.632,1.631,
2025/11/15 00:00,2.62,2.29,,,8.56,7.94,,7.99,213.679993,221,,,7.02,6.5,,,,,1.638,1.638,,1.638,1.638,
2025/11/15 00:00,2.64,2.27,,1.82,8.55,7.94,,7.95,214.160004,221,,222.470001,6.99,,,,,,1.646,1.628,,1.646,1.628,
2025/11/15 00:00,2.62,2.28,,1.81,8.55,7.93,,7.95,213.919998,220.759995,,221.490005,7,,6.35,,,,1.643,,1.615,1.643,,1.615
2025/11/15 00:00,2.62,2.28,,1.82,8.54,7.94,,7.95,214.160004,220.759995,,221.979996,7.01,,6.38,,,,1.644,,1.612,1.644,,1.612
2025/11/15 00:00,2.63,2.28,,1.81,8.54,7.93,,7.95,214.160004,220.509995,,221.490005,7.02,,6.34,,,,1.636,,1.611,1.636,,1.611
2025/11/15 00:00,2.62,2.28,,1.81,8.53,7.93,,7.95,214.160004,220.759995,,221.979996,7,,6.34,,,,1.645,,1.608,1.645,,1.608
2025/11/15 00:00,2.62,2.27,,,8.52,7.94,7.99,,213.919998,220.759995,,,7.02,,6.36,,,,1.645,,1.609,1.645,,1.609
2025/11/15 00:00,2.63,2.28,2.08,,8.51,7.94,7.98,,213.919998,221,222.470001,,7,6.54,,,,,1.635,,1.612,1.635,,1.612
2025/11/15 00:00,2.63,2.28,2.08,,8.51,7.93,7.97,,214.160004,221,222.470001,,7,6.52,,,,,1.64,,,1.64,,
2025/11/15 00:00,2.63,2.27,2.08,,8.5,7.93,7.97,,213.919998,221,221.979996,,7.02,6.49,,,,,1.645,,,1.645,,
2025/11/15 00:00,2.62,2.27,2.08,,8.49,7.94,7.98,,213.919998,220.759995,221.979996,,6.98,6.54,,,,,1.648,,,1.648,,
2025/11/15 00:00,2.62,2.27,2.08,,8.49,7.94,7.98,,214.160004,221,222.470001,,7,6.54,,,,,1.645,,,1.645,,
2025/11/15 00:00,2.63,2.28,,,8.48,7.94,,7.99,214.160004,221,,,6.99,6.54,,,,,1.639,,1.63,1.639,,1.63
2025/11/15 00:00,2.63,2.28,,1.82,8.48,7.94,,7.96,214.160004,220.759995,,221.979996,7.03,,,,,,1.642,,1.627,1.642,,1.627
2025/11/15 00:00,2.63,2.27,,1.81,8.47,7.94,,7.96,214.160004,220.759995,,221.979996,6.97,,6.33,,,,1.642,,1.609,1.642,,1.609
2025/11/15 00:00,2.62,2.27,,1.81,8.45,7.94,,7.96,214.160004,220.509995,,221.490005,7,,6.38,,,,1.641,,1.61,1.641,,1.61
2025/11/15 00:00,2.63,2.27,,1.82,8.44,7.94,,7.95,214.410004,220.759995,,222.220001,7.01,,6.37,,,,1.639,,,1.639,,
2025/11/15 00:00,2.63,2.28,,1.82,8.44,7.94,,7.95,214.410004,221,,221.979996,7.04,,6.34,,,,1.636,,1.628,1.636,,1.628
2025/11/15 00:00,2.63,2.29,,,8.43,7.94,7.99,,214.160004,220.270004,,,6.99,,6.29,,,,1.648,,1.607,1.648,,1.607
2025/11/15 00:00,2.63,2.29,2.09,,8.42,7.92,7.98,,214.160004,220.270004,,,6.98,6.44,,,,,1.634,,1.606,1.634,,1.606
2025/11/15 00:00,2.63,2.28,2.08,,8.41,7.94,7.99,,213.919998,220.509995,221.490005,,6.96,6.47,,,,,1.642,1.634,,1.642,1.634,
2025/11/15 00:00,2.63,2.27,2.08,,8.41,7.94,7.99,,213.679993,221,221.729996,,7,6.52,,,,,1.653,1.628,,1.653,1.628,
2025/11/15 00:00,2.63,2.27,2.08,,8.4,7.94,7.99,,213.919998,220.509995,221.729996,,6.98,6.51,,,,,1.64,1.633,,1.64,1.633,
2025/11/15 00:00,2.63,2.28,2.08,,8.39,7.94,7.99,,214.160004,220.759995,221.729996,,6.97,6.5,,,,,1.643,1.63,,1.643,1.63,
2025/11/15 00:00,2.63,2.28,,,8.38,7.93,,7.98,214.160004,220.509995,,,7.02,6.5,,,,,1.644,1.632,,1.644,1.632,
2025/11/15 00:00,2.63,2.28,,1.83,8.37,7.94,,7.95,214.160004,220.509995,,221.979996,6.98,,,,,,1.631,1.627,,1.631,1.627,
2025/11/15 00:00,2.63,2.28,,1.82,8.35,7.93,,7.95,213.919998,221.25,,221.25,7.02,,6.32,,,,1.636,,1.614,1.636,,1.614
2025/11/15 00:00,2.63,2.27,,1.83,8.34,7.94,,7.95,214.160004,221,,221.729996,7,,6.31,,,,1.64,,1.621,1.64,,1.621
2025/11/15 00:00,2.63,2.28,,1.82,8.35,7.93,,7.95,214.160004,220.759995,,221,6.99,,6.31,,,,1.641,,1.61,1.641,,1.61
2025/11/15 00:00,2.63,2.28,,1.82,8.31,7.93,,7.95,214.160004,220.759995,,221.729996,6.98,,6.3,,,,1.655,,1.608,1.655,,1.608
2025/11/15 00:00,2.63,2.28,,,8.3,7.92,7.99,,214.160004,220.759995,,,6.98,,6.28,,,,1.65,,1.603,1.65,,1.603
2025/11/15 00:00,2.63,2.28,2.08,,8.29,7.94,7.98,,214.160004,220.759995,,,6.96,6.48,,,,,1.646,,1.607,1.646,,1.607
2025/11/15 00:00,2.63,2.27,2.08,,8.28,7.92,7.99,,214.160004,220.759995,221.729996,,7.01,6.53,,,,,1.653,1.628,,1.653,1.628,
2025/11/15 00:00,2.63,2.28,2.08,,8.26,7.92,7.98,,214.160004,220.759995,221.729996,,7.03,6.54,,,,,1.646,1.628,,1.646,1.628,
2025/11/15 00:00,2.63,2.28,2.08,,8.25,7.93,7.98,,214.160004,220.759995,221.729996,,7.02,6.5,,,,,1.645,1.635,,1.645,1.635,
2025/11/15 00:00,2.62,2.27,2.09,,8.24,7.93,7.98,,214.160004,220.509995,221.490005,,7.01,6.53,,,,,1.637,1.63,,1.637,1.63,
2025/11/15 00:00,2.62,2.28,,,8.21,7.93,,7.98,214.160004,221.25,,,7.01,6.48,,,,,1.64,1.633,,1.64,1.633,
2025/11/15 00:00,2.62,2.27,,1.83,8.2,7.93,,7.95,214.410004,221,,221.490005,6.99,,,,,,1.642,1.634,,1.642,1.634,
2025/11/15 00:00,2.62,2.28,,1.83,8.19,7.93,,7.95,214.160004,221.25,,221.490005,7.03,,6.35,,,,1.641,,1.609,1.641,,1.609
2025/11/15 00:00,2.62,2.27,,1.83,8.18,7.92,,7.95,214.410004,220.759995,,221.25,7.04,,6.3,,,,1.651,,1.609,1.651,,1.609
2025/11/15 00:00,2.63,2.28,,1.82,8.16,7.92,,7.95,213.919998,221,,221.490005,7.01,,6.29,,,,1.638,,1.608,1.638,,1.608
2025/11/15 00:00,2.62,2.29,,1.82,8.14,7.92,,7.95,214.410004,221,,221.490005,6.97,,6.29,,,,1.647,,1.606,1.647,,1.606
2025/11/15 00:00,2.62,2.28,,,8.12,7.93,7.99,,214.410004,221,,,6.98,,6.27,,,,1.648,,1.609,1.648,,1.609
2025/11/15 00:00,2.61,2.29,2.08,,8.11,7.92,7.98,,214.160004,220.509995,,,6.97,,,,,,1.647,,1.606,1.647,,1.606
2025/11/15 00:00,2.62,2.28,2.08,,8.09,7.92,7.99,,214.160004,221,221.490005,,6.94,6.49,,,,,1.64,1.626,,1.64,1.626,
2025/11/15 00:00,2.62,2.29,2.09,,8.07,7.92,7.98,,213.919998,220.509995,221.729996,,6.97,6.45,,,,,1.649,1.626,,1.649,1.626,
2025/11/15 00:00,2.6,2.28,2.08,,8.05,7.92,7.98,,214.160004,221,221.490005,,6.96,6.46,,,,,1.642,1.628,,1.642,1.628,
2025/11/15 00:00,2.6,2.27,2.08,,8.03,7.92,7.99,,214.160004,220.509995,221.729996,,7.03,6.47,,,,,1.637,1.637,,1.637,1.637,
2025/11/15 00:00,2.6,2.28,,,8.01,7.92,,7.99,214.160004,220.509995,,,6.98,6.51,,,,,1.646,1.629,,1.646,1.629,
2025/11/15 00:00,2.6,2.29,,1.82,8,7.92,,7.96,214.160004,221,,221.979996,7.02,,,,,,1.637,1.63,,1.637,1.63,
2025/11/15 00:00,2.59,2.28,,1.82,7.99,7.92,,7.96,214.410004,221.25,,221.490005,6.99,,6.31,,,,1.644,,1.609,1.644,,1.609
2025/11/15 00:00,1.71,2.28,,1.82,,7.91,,7.96,,220.759995,,221.979996,7.01,,6.34,,,,1.643,,1.611,1.643,,1.611
2025/11/15 00:00,0.51,2.27,,1.81,,7.91,,7.96,,221,,221.729996,7.01,,6.37,,,,1.641,,1.617,1.641,,1.617
2025/11/15 00:00,0.36,2.28,,1.82,,7.91,,7.95,,220.759995,,221.729996,6.98,,6.34,,,,1.639,,1.607,1.639,,1.607
2025/11/15 00:00,0.32,2.28,,1.81,,7.92,7.99,,,220.759995,,,7.01,,6.34,,,,1.642,,1.61,1.642,,1.61
2025/11/15 00:00,0.81,2.28,2.08,,,7.92,7.98,,,221,,,7,6.52,,,,,1.642,,1.611,1.642,,1.611
2025/11/15 00:00,2.21,2.28,2.08,,,7.91,7.98,,,220.759995,222.220001,,6.95,6.5,,,,,1.642,1.632,,1.642,1.632,
2025/11/15 00:00,2.83,2.28,2.07,,8.76,7.92,7.98,,,221,221.729996,,7.01,6.54,,,,,1.636,1.627,,1.636,1.627,
2025/11/15 00:00,2.69,2.28,2.07,,8.74,7.91,7.99,,213.919998,220.759995,222.470001,,7.01,6.53,,,,,1.646,1.628,,1.646,1.628,
2025/11/15 00:00,2.62,2.28,2.08,,8.71,7.91,7.99,,214.160004,221,222.220001,,6.96,6.52,,,,,1.639,1.625,,1.639,1.625,
2025/11/15 00:00,2.67,2.27,,,8.67,7.9,,8,214.410004,220.759995,,,6.96,6.5,,,,,1.629,1.631,,1.629,1.631,
2025/11/15 00:00,2.64,2.27,,1.82,8.67,7.93,,7.95,214.649994,220.509995,,222.470001,6.97,,,,,,1.633,1.63,,1.633,1.63,
2025/11/15 00:00,2.64,2.26,,1.81,8.66,7.93,,7.96,214.649994,221,,222.470001,6.97,,6.35,,,,1.644,,1.614,1.644,,1.614
2025/11/15 00:00,2.64,2.27,,1.81,8.66,7.92,,7.96,214.160004,221,,221.979996,6.98,,6.35,,,,1.637,,1.609,1.637,,1.609
2025/11/15 00:00,2.65,2.28,,1.8,8.65,7.92,,7.95,214.410004,221,,222.710007,6.98,,6.36,,,,1.646,,1.604,1.646,,1.604
2025/11/15 00:00,2.63,2.27,,1.81,8.65,7.92,,7.95,214.160004,220.759995,,221.979996,7,,6.36,,,,1.64,,1.608,1.64,,1.608
2025/11/15 00:00,2.64,2.28,,1.8,8.64,7.92,7.98,,214.410004,220.759995,,,6.99,,6.37,,,,1.637,,1.613,1.637,,1.613
2025/11/15 00:00,2.64,2.28,2.07,,8.64,7.94,7.98,,213.919998,220.759995,,,7.01,6.5,,,,,1.639,,1.61,1.639,,1.61
2025/11/15 00:00,2.63,2.27,2.07,,8.64,7.93,7.98,,214.160004,221,221.979996,,7,6.47,,,,,1.648,1.63,,1.648,1.63,
2025/11/15 00:00,2.63,2.28,2.07,,8.63,7.93,7.98,,214.160004,221,222.220001,,7.02,6.5,,,,,1.641,1.627,,1.641,1.627,
2025/11/15 00:00,2.63,2.28,2.07,,8.63,7.94,7.98,,214.410004,221.25,222.470001,,6.95,6.47,,,,,1.647,1.632,,1.647,1.632,
2025/11/15 00:00,2.63,2.27,2.07,,8.63,7.93,7.99,,214.160004,221,222.470001,,6.99,6.51,,,,,1.629,1.627,,1.629,1.627,
2025/11/15 00:00,2.63,2.28,,,8.63,7.94,,8,214.410004,221,,,6.95,6.51,,,,,1.639,1.626,,1.639,1.626,
2025/11/15 00:00,2.63,2.27,,1.82,8.62,7.94,,7.96,214.160004,221,,,6.98,,,,,,1.643,1.639,,1.643,1.639,
2025/11/15 00:00,2.62,2.28,,1.81,8.62,7.94,,7.96,214.410004,221.25,,221.979996,6.95,,6.34,,,,1.638,,1.616,1.638,,1.616
2025/11/15 00:00,2.62,2.28,,1.81,8.61,7.94,,7.96,214.160004,221,,221.979996,6.99,,6.35,,,,1.644,,1.609,1.644,,1.609
2025/11/15 00:00,2.63,2.27,,1.8,8.61,7.94,,7.96,213.919998,221.490005,,221.979996,6.98,,6.36,,,,1.648,,1.612,1.648,,1.612
2025/11/15 00:00,2.63,2.27,,1.82,8.59,7.94,,7.96,214.899994,221.25,,223.199997,7,,6.37,,,,1.639,,1.61,1.639,,1.61
2025/11/15 00:00,2.63,2.28,,1.81,8.6,7.94,7.98,,214.410004,221,,,6.95,,6.33,,,,1.639,,1.61,1.639,,1.61
2025/11/15 00:00,2.64,2.3,2.08,,8.59,7.94,7.99,,214.410004,220.759995,,,7,6.45,,,,,1.632,,1.605,1.632,,1.605
2025/11/16 00:00,2.64,2.29,2.08,,8.58,7.94,7.99,,214.160004,221,221.979996,,6.95,6.44,,,,,1.642,1.624,,1.642,1.624,
2025/11/16 00:00,2.64,2.28,2.08,,8.58,7.94,7.98,,214.160004,221.25,221.979996,,6.96,6.47,,,,,1.637,1.623,,1.637,1.623,
2025/11/16 00:00,2.62,2.27,2.08,,8.58,7.94,7.99,,213.919998,221,222.220001,,6.98,6.45,,,,,1.64,1.623,,1.64,1.623,
2025/11/16 00:00,2.64,2.26,2.08,,8.57,7.94,7.99,,213.919998,221,222.220001,,7,6.43,,,,,1.641,1.626,,1.641,1.626,
2025/11/16 00:00,2.63,2.27,,,8.57,7.94,,7.99,213.919998,221,,,6.99,6.47,,,,,1.638,1.628,,1.638,1.628,
2025/11/16 00:00,2.63,2.28,,1.83,8.56,7.94,,7.95,214.160004,221,,221.979996,7.02,,,,,,1.645,1.624,,1.645,1.624,
2025/11/16 00:00,2.63,2.27,,1.82,8.55,7.93,,7.96,214.160004,221,,221.490005,6.99,,6.36,,,,1.636,,1.609,1.636,,1.609
2025/11/16 00:00,2.62,2.27,,1.83,8.55,7.95,,7.96,213.919998,220.509995,,221.25,7.05,,6.33,,,,1.646,,1.604,1.646,,1.604
2025/11/16 00:00,2.63,2.26,,1.82,8.54,7.94,,7.96,214.410004,220.759995,,221.25,6.94,,6.33,,,,1.641,,1.609,1.641,,1.609
2025/11/16 00:00,2.63,2.28,,1.82,8.53,7.95,,7.96,213.919998,221.25,,221.979996,6.98,,6.3,,,,1.64,,1.61,1.64,,1.61
2025/11/16 00:00,2.62,2.28,,1.81,8.53,7.94,7.97,,214.160004,220.759995,,,7.02,,6.33,,,,1.643,,1.613,1.643,,1.613
2025/11/16 00:00,2.63,2.28,2.08,,8.53,7.95,7.98,,213.919998,220.759995,,,6.98,6.48,,,,,1.643,,1.602,1.643,,1.602
2025/11/16 00:00,2.63,2.27,2.08,,8.51,7.94,7.98,,214.160004,220.509995,221.979996,,7,6.48,,,,,1.647,1.623,,1.647,1.623,
2025/11/16 00:00,2.63,2.27,2.08,,8.51,7.94,7.98,,214.160004,221.25,221.979996,,7,6.46,,,,,1.634,1.627,,1.634,1.627,
2025/11/16 00:00,2.63,2.28,2.08,,8.5,7.94,7.98,,214.410004,221,221.979996,,6.98,6.47,,,,,1.639,1.624,,1.639,1.624,
2025/11/16 00:00,2.63,2.28,2.08,,8.5,7.94,7.98,,214.160004,220.759995,221.979996,,6.99,6.46,,,,,1.643,1.628,,1.643,1.628,
2025/11/16 00:00,2.63,2.28,2.07,,8.49,7.94,,7.99,214.410004,221.25,,,6.98,6.5,,,,,1.644,1.625,,1.644,1.625,
2025/11/16 00:00,2.61,2.28,,,8.48,7.95,,7.96,214.410004,220.759995,,,7.03,,,,,,1.642,1.63,,1.642,1.63,
2025/11/16 00:00,2.63,2.27,,1.83,8.47,7.95,,7.96,214.160004,220.759995,,221.979996,7.02,,6.34,,,,1.635,,1.615,1.635,,1.615
2025/11/16 00:00,2.63,2.28,,1.82,8.46,7.94,,7.96,214.410004,221,,221.25,7,,6.36,,,,1.637,,1.61,1.637,,1.61
2025/11/16 00:00,2.63,2.28,,1.83,8.45,7.94,,7.96,214.160004,221,,221.979996,7,,6.31,,,,1.637,,1.608,1.637,,1.608
2025/11/16 00:00,2.63,2.29,,1.82,8.44,7.94,,7.96,214.410004,221,,221.490005,7,,6.31,,,,1.639,,1.608,1.639,,1.608
2025/11/16 00:00,2.62,2.28,,1.83,8.44,7.94,7.97,,214.160004,221,,,7.02,,6.3,,,,1.64,,1.61,1.64,,1.61
2025/11/16 00:00,2.63,2.28,2.08,,8.42,7.95,7.99,,214.160004,220.759995,,,7.01,6.47,,,,,1.65,,1.606,1.65,,1.606
2025/11/16 00:00,2.63,2.28,2.08,,8.42,7.94,7.99,,214.160004,221,221.979996,,7,6.49,,,,,1.638,1.629,,1.638,1.629,
2025/11/16 00:00,2.63,2.29,2.08,,8.4,7.95,7.99,,214.160004,221.25,222.220001,,6.99,6.49,,,,,1.639,1.623,,1.639,1.623,
2025/11/16 00:00,2.63,2.28,2.08,,8.4,7.94,7.98,,213.919998,221.25,222.470001,,7,6.49,,,,,1.644,1.627,,1.644,1.627,
2025/11/16 00:00,2.63,2.28,2.08,,8.38,7.94,7.98,,214.160004,220.759995,221.729996,,7,6.45,,,,,1.634,1.63,,1.634,1.63,
2025/11/16 00:00,2.63,2.28,2.08,,8.37,7.94,,7.99,214.410004,221.25,,,7,6.48,,,,,1.639,1.632,,1.639,1.632,
2025/11/16 00:00,2.63,2.28,,,8.37,7.94,,7.96,214.160004,221,,222.220001,7.03,,,,,,1.641,1.624,,1.641,1.624,
2025/11/16 00:00,2.63,2.3,,1.81,8.37,7.94,,7.96,213.919998,221,,221.490005,7,,6.35,,,,1.637,,1.607,1.637,,1.607
2025/11/16 00:00,2.63,2.3,,1.82,8.35,7.95,,7.96,213.919998,220.759995,,221.979996,6.96,,6.36,,,,1.643,,1.606,1.643,,1.606
2025/11/16 00:00,2.63,2.29,,1.82,8.31,7.94,,7.96,214.160004,221,,221.490005,6.99,,6.32,,,,1.634,,1.604,1.634,,1.604
2025/11/16 00:00,2.63,2.28,,1.82,8.3,7.94,,7.95,214.160004,221,,222.470001,6.95,,6.32,,,,1.634,,1.604,1.634,,1.604
2025/11/16 00:00,2.62,2.29,,1.82,8.29,7.94,7.96,,214.160004,221,,,6.99,,6.36,,,,1.647,,1.608,1.647,,1.608
2025/11/16 00:00,2.61,2.27,2.07,,8.28,7.94,7.98,,214.410004,221,,,6.96,,,,,,1.644,,1.606,1.644,,1.606
2025/11/16 00:00,2.62,2.28,2.08,,8.25,7.94,7.98,,214.410004,220.759995,222.470001,,6.99,6.51,,,,,1.637,1.625,,1.637,1.625,
2025/11/16 00:00,2.62,2.28,2.07,,8.24,7.94,7.98,,214.160004,221,222.220001,,7.02,6.48,,,,,1.638,1.62,,1.638,1.62,
2025/11/16 00:00,2.63,2.28,2.08,,8.23,7.94,7.98,,214.160004,221,222.220001,,6.98,6.51,,,,,1.632,1.629,,1.632,1.629,
2025/11/16 00:00,2.61,2.29,2.08,,8.22,7.94,7.98,,214.410004,221.25,222.220001,,7,6.47,,,,,1.644,1.63,,1.644,1.63,
2025/11/16 00:00,2.61,2.28,2.07,,8.19,7.94,,7.99,214.410004,221.490005,,,6.97,6.54,,,,,1.633,1.625,,1.633,1.625,
2025/11/16 00:00,2.62,2.29,,,8.18,7.93,,7.96,213.919998,221,,,7,,,,,,1.64,1.621,,1.64,1.621,
2025/11/16 00:00,2.61,2.29,,1.82,8.18,7.93,,7.96,214.160004,221,,222.470001,6.95,,6.31,,,,1.641,,1.602,1.641,,1.602
2025/11/16 00:00,2.62,2.28,,1.82,8.15,7.93,,7.96,214.160004,221,,222.220001,6.97,,6.33,,,,1.639,,1.604,1.639,,1.604
2025/11/16 00:00,2.6,2.28,,1.82,8.13,7.93,,7.95,214.649994,221,,222.470001,6.96,,6.34,,,,1.639,,1.605,1.639,,1.605
2025/11/16 00:00,2.61,2.28,,1.81,8.1,7.93,,7.96,214.410004,221,,221.979996,6.98,,6.36,,,,1.629,,1.605,1.629,,1.605
2025/11/16 00:00,2.61,2.29,,1.82,8.09,7.93,7.96,,214.410004,221,,,6.96,,6.33,,,,1.636,,,1.636,,
2025/11/16 00:00,2.61,2.29,2.08,,8.07,7.93,7.99,,214.160004,221,,,7.01,,,,,,1.636,,1.608,1.636,,1.608
2025/11/16 00:00,2.61,2.28,2.08,,8.07,7.93,7.99,,214.410004,221,222.470001,,7.01,6.49,,,,,1.652,1.628,,1.652,1.628,
2025/11/16 00:00,2.59,2.28,2.07,,8.04,7.93,7.98,,214.649994,221,222.470001,,6.96,6.5,,,,,1.637,1.625,,1.637,1.625,
2025/11/16 00:00,2.6,2.28,2.08,,8.02,7.92,7.98,,214.410004,221.25,222.949997,,6.99,6.49,,,,,1.65,1.625,,1.65,1.625,
2025/11/16 00:00,2.59,2.28,2.08,,8,7.93,7.98,,214.410004,221.25,222.710007,,6.94,6.48,,,,,1.638,1.631,,1.638,1.631,
2025/11/16 00:00,2.59,2.29,2.07,,7.98,7.93,,7.99,214.410004,221.25,,,7,6.48,,,,,1.649,1.622,,1.649,1.622,
2025/11/16 00:00,2.6,2.29,,1.83,7.96,7.92,,7.96,214.410004,221,,,6.98,,,,,,1.637,1.625,,1.637,1.625,
2025/11/16 00:00,2.59,2.29,,1.82,7.96,7.92,,7.96,214.649994,220.759995,,222.220001,7,,6.36,,,,1.631,,1.61,1.631,,1.61
2025/11/16 00:00,1.3,2.29,,1.82,,7.92,,7.96,,221.25,,222.470001,6.98,,6.34,,,,1.63,,1.605,1.63,,1.605
2025/11/16 00:00,0.46,2.28,,1.81,,7.92,,7.97,,221,,222.220001,6.99,,6.34,,,,1.636,,1.611,1.636,,1.611
2025/11/16 00:00,0.35,2.28,,1.81,,7.92,,7.96,,221.490005,,222.710007,6.95,,6.37,,,,1.635,,1.602,1.635,,1.602
2025/11/16 00:00,0.32,2.28,,1.83,,7.91,7.96,,,221.25,,,6.95,,6.33,,,,1.639,,1.606,1.639,,1.606
2025/11/16 00:00,1.05,2.3,2.08,,,7.91,7.98,,,221,,,6.99,6.42,,,,,1.636,,1.605,1.636,,1.605
2025/11/16 00:00,2.43,2.3,2.09,,8.72,7.91,7.98,,,221,222.220001,,6.95,6.43,,,,,1.637,1.626,,1.637,1.626,
2025/11/16 00:00,2.79,2.29,2.08,,8.74,7.92,7.98,,,221,221.979996,,6.95,6.44,,,,,1.641,1.621,,1.641,1.621,
2025/11/16 00:00,2.63,2.28,2.08,,8.7,7.92,7.98,,213.429993,221,222.220001,,6.95,6.48,,,,,1.639,1.629,,1.639,1.629,
2025/11/16 00:00,2.61,2.28,2.08,,8.67,7.91,7.98,,213.679993,221.25,221.979996,,6.92,6.41,,,,,1.643,1.627,,1.643,1.627,
2025/11/16 00:00,2.65,2.28,2.08,,8.64,7.92,,7.98,214.410004,220.759995,,,6.95,6.48,,,,,1.645,1.62,,1.645,1.62,
2025/11/16 00:00,2.63,2.28,,1.83,8.63,7.94,,7.95,213.919998,220.759995,,,6.96,6.42,,,,,1.632,1.625,,1.632,1.625,
2025/11/16 00:00,2.63,2.25,,1.83,8.64,7.93,,7.96,213.919998,221,,221.979996,6.94,,6.34,,,,1.641,,1.611,1.641,,1.611
2025/11/16 00:00,2.62,2.27,,1.82,8.63,7.93,,7.96,213.919998,220.759995,,221.979996,6.97,,6.34,,,,1.635,,1.606,1.635,,1.606
2025/11/16 00:00,2.62,2.28,,1.82,8.62,7.93,,7.96,214.160004,220.759995,,222.470001,6.98,,6.29,,,,1.629,,1.605,1.629,,1.605
2025/11/16 00:00,2.61,2.28,,1.83,8.62,7.93,,7.96,213.679993,221,,221.979996,6.98,,6.29,,,,1.647,,1.604,1.647,,1.604
2025/11/16 00:00,2.62,2.28,,1.83,8.62,7.92,7.96,,213.919998,221,,,6.97,,6.26,,,,1.644,,1.605,1.644,,1.605
2025/11/16 00:00,2.61,2.28,2.08,,8.61,7.94,7.99,,213.679993,220.759995,,,6.94,6.47,,,,,1.645,,1.602,1.645,,1.602
2025/11/16 00:00,2.61,2.27,2.08,,8.61,7.93,7.99,,213.919998,220.759995,221.979996,,6.94,6.48,,,,,1.637,1.626,,1.637,1.626,
2025/11/16 00:00,2.61,2.28,2.08,,8.61,7.93,7.99,,213.919998,220.759995,221.979996,,7.01,6.47,,,,,1.639,1.626,,1.639,1.626,
2025/11/16 00:00,2.61,2.28,2.09,,8.61,7.93,7.99,,213.919998,221,221.979996,,6.97,6.51,,,,,1.639,1.626,,1.639,1.626,
2025/11/16 00:00,2.61,2.28,2.08,,8.59,7.93,7.98,,213.679993,221,222.220001,,6.97,6.46,,,,,1.637,1.623,,1.637,1.623,
2025/11/16 00:00,2.62,2.27,,,8.59,7.93,,7.99,213.679993,221.25,,,6.96,6.45,,,,,1.645,1.624,,1.645,1.624,
2025/11/16 00:00,2.62,2.28,,1.84,8.59,7.93,,7.96,213.679993,221,,,6.95,6.44,,,,,1.642,1.619,,1.642,1.619,
2025/11/16 00:00,2.62,2.28,,1.83,8.58,7.93,,7.96,213.679993,221,,222.220001,6.91,,6.3,,,,1.634,,1.607,1.634,,1.607
2025/11/16 00:00,2.61,2.28,,1.83,8.58,7.93,,7.96,213.679993,221,,222.470001,6.98,,6.32,,,,1.642,,1.6,1.642,,1.6
2025/11/16 00:00,2.62,2.28,,1.82,8.57,7.92,,7.96,213.679993,220.759995,,222.220001,6.96,,6.26,,,,1.646,,1.606,1.646,,1.606
2025/11/16 00:00,2.61,2.28,,1.83,8.57,7.94,,7.96,213.679993,221,,222.470001,6.96,,6.28,,,,1.642,,1.605,1.642,,1.605
2025/11/16 00:00,2.61,2.27,,1.83,8.56,7.94,7.95,,213.679993,220.759995,,,6.97,,6.32,,,,1.638,,1.607,1.638,,1.607
2025/11/16 00:00,2.61,2.28,2.08,,8.56,7.94,7.99,,213.679993,221,,,6.92,,,,,,1.626,,1.6,1.626,,1.6
2025/11/16 00:00,2.62,2.28,2.08,,8.55,7.94,7.98,,213.679993,221,222.470001,,6.97,6.46,,,,,1.634,1.628,,1.634,1.628,
2025/11/16 00:00,2.62,2.28,2.08,,8.55,7.94,7.98,,213.919998,221,221.979996,,6.95,6.46,,,,,1.643,1.633,,1.643,1.633,
2025/11/16 00:00,2.61,2.28,2.08,,8.54,7.94,7.98,,213.919998,221,221.979996,,6.98,6.48,,,,,1.636,1.622,,1.636,1.622,
2025/11/16 00:00,2.59,2.28,2.07,,8.54,7.94,7.97,,213.679993,221,222.220001,,6.94,6.5,,,,,1.643,1.624,,1.643,1.624,
2025/11/16 00:00,2.61,2.28,2.08,,8.53,7.94,,7.98,213.919998,221,,,6.99,6.44,,,,,1.633,1.627,,1.633,1.627,
2025/11/16 00:00,2.6,2.28,,,8.52,7.94,,7.96,213.919998,221.490005,,,7,,,,,,1.639,1.626,,1.639,1.626,
2025/11/16 00:00,2.61,2.29,,1.82,8.52,7.94,,7.95,213.919998,221,,221.979996,6.94,,6.36,,,,1.641,,1.601,1.641,,1.601
2025/11/16 00:00,2.59,2.29,,1.82,8.52,7.94,,7.95,213.919998,221,,221.979996,6.98,,6.3,,,,1.633,,1.608,1.633,,1.608
2025/11/16 00:00,2.59,2.28,,1.82,8.5,7.93,,7.95,214.160004,220.759995,,222.710007,6.96,,6.32,,,,1.638,,1.601,1.638,,1.601
2025/11/16 00:00,2.59,2.28,,1.82,8.5,7.94,,7.95,213.919998,221,,222.470001,6.96,,6.32,,,,1.636,,1.608,1.636,,1.608
2025/11/16 00:00,2.59,2.28,,1.82,8.5,7.94,7.95,,213.679993,220.759995,,,6.96,,6.32,,,,1.634,,1.605,1.634,,1.605
2025/11/16 00:00,2.59,2.28,2.08,,8.49,7.94,7.98,,213.679993,221,,,6.93,,,,,,1.641,,1.597,1.641,,1.597
2025/11/16 00:00,2.59,2.27,2.07,,8.49,7.93,7.98,,213.679993,221,222.470001,,6.95,6.46,,,,,1.623,1.628,,1.623,1.628,
2025/11/16 00:00,2.59,2.28,2.07,,8.48,7.94,7.97,,213.919998,221,222.470001,,6.96,6.47,,,,,1.641,1.618,,1.641,1.618,
2025/11/16 00:00,2.59,2.27,2.08,,8.47,7.94,7.98,,213.919998,220.759995,222.710007,,6.94,6.46,,,,,1.637,1.621,,1.637,1.621,
2025/11/16 00:00,2.59,2.28,2.07,,8.46,7.94,7.98,,213.679993,220.759995,222.220001,,6.94,6.5,,,,,1.636,1.623,,1.636,1.623,
2025/11/16 00:00,2.59,2.28,2.07,,8.45,7.94,,7.97,213.919998,221,,,6.93,6.51,,,,,1.628,1.621,,1.628,1.621,
2025/11/16 00:00,2.58,2.27,,,8.44,7.93,,7.96,213.919998,220.759995,,,6.93,,,,,,1.631,1.619,,1.631,1.619,
2025/11/16 00:00,2.58,2.28,,1.81,8.44,7.94,,7.96,213.679993,221,,222.470001,6.97,,6.33,,,,1.632,,1.613,1.632,,1.613
2025/11/16 00:00,2.58,2.27,,1.81,8.42,7.93,,7.96,213.919998,221.25,,222.949997,6.96,,6.35,,,,1.633,,1.608,1.633,,1.608
2025/11/16 00:00,2.58,2.27,,1.81,8.42,7.93,,7.96,213.919998,220.759995,,222.220001,6.99,,6.33,,,,1.635,,1.61,1.635,,1.61
2025/11/16 00:00,2.59,2.28,,1.81,8.4,7.94,,7.96,214.160004,220.759995,,222.470001,6.96,,6.33,,,,1.642,,1.602,1.642,,1.602
2025/11/16 00:00,2.59,2.28,,1.82,8.4,7.93,7.96,,213.679993,221,,,6.95,,6.28,,,,1.637,,1.604,1.637,,1.604
2025/11/16 00:00,2.58,2.28,2.07,,8.39,7.94,7.98,,213.679993,220.509995,,,6.95,6.42,,,,,1.635,,1.606,1.635,,1.606
2025/11/16 00:00,2.58,2.27,2.07,,8.38,7.94,7.98,,213.679993,221,222.710007,,6.95,6.48,,,,,1.627,1.622,,1.627,1.622,
2025/11/16 00:00,2.58,2.28,2.07,,8.36,7.94,7.98,,213.919998,221.25,222.710007,,6.95,6.44,,,,,1.633,1.619,,1.633,1.619,
2025/11/16 00:00,2.58,2.28,2.07,,8.35,7.94,7.98,,213.679993,221,222.949997,,6.96,6.45,,,,,1.627,1.62,,1.627,1.62,
2025/11/16 00:00,2.58,2.28,2.07,,8.35,7.93,7.98,,213.679993,221.490005,222.710007,,6.93,6.49,,,,,1.635,1.617,,1.635,1.617,
2025/11/16 00:00,2.58,2.28,2.07,,8.33,7.94,,7.97,213.429993,221,,,6.9,6.46,,,,,1.639,1.62,,1.639,1.62,
2025/11/16 00:00,2.58,2.28,,,8.31,7.94,,7.96,213.919998,221.490005,,,6.95,,,,,,1.64,1.625,,1.64,1.625,
2025/11/16 00:00,2.58,2.28,,1.81,8.3,7.93,,7.96,213.919998,221.490005,,222.710007,6.95,,6.32,,,,1.637,,1.609,1.637,,1.609
2025/11/16 00:00,2.58,2.28,,1.81,8.28,7.94,,7.96,213.919998,221,,222.220001,6.93,,6.38,,,,1.634,,1.63,1.634,,1.63
2025/11/16 00:00,2.58,2.28,,1.8,8.27,7.93,,7.96,213.919998,220.759995,,222.949997,6.92,,6.34,,,,1.634,,1.603,1.634,,1.603
2025/11/16 00:00,2.57,2.28,,1.81,8.26,7.93,,7.95,213.919998,220.759995,,222.220001,6.94,,6.35,,,,1.635,,1.596,1.635,,1.596
2025/11/16 00:00,2.58,2.28,,1.81,8.25,7.93,7.96,,213.919998,221.490005,,,6.98,,6.33,,,,1.63,,1.597,1.63,,1.597
2025/11/16 00:00,2.59,2.28,2.08,,8.24,7.93,7.97,,213.919998,221.490005,,,6.89,6.42,,,,,1.642,,,1.642,,
2025/11/16 00:00,2.59,2.3,2.07,,8.23,7.93,7.97,,213.919998,221,222.220001,,6.9,6.39,,,,,1.639,1.62,,1.639,1.62,
2025/11/16 00:00,2.59,2.29,2.08,,8.2,7.93,7.97,,213.679993,221,222.470001,,6.86,6.42,,,,,1.638,1.622,,1.638,1.622,
2025/11/16 00:00,2.58,2.28,2.08,,8.19,7.93,7.97,,214.160004,221,222.470001,,6.85,6.37,,,,,1.632,1.615,,1.632,1.615,
2025/11/16 00:00,2.58,2.28,2.08,,8.16,7.92,7.97,,213.919998,220.759995,221.729996,,6.94,6.43,,,,,1.627,1.624,,1.627,1.624,
2025/11/16 00:00,2.58,2.28,2.07,,8.15,7.93,,7.97,213.919998,220.759995,,,6.88,6.41,,,,,1.64,1.614,,1.64,1.614,
2025/11/16 00:00,2.58,2.29,,,8.13,7.92,,7.95,214.160004,221,,,6.83,,,,,,1.638,1.619,,1.638,1.619,
2025/11/16 00:00,2.59,2.29,,1.83,8.12,7.93,,7.94,213.679993,220.759995,,221.729996,6.91,,6.3,,,,1.626,,1.606,1.626,,1.606
2025/11/16 00:00,2.59,2.28,,1.83,8.11,7.93,,7.95,213.919998,220.759995,,221.979996,6.92,,6.26,,,,1.631,,1.598,1.631,,1.598
2025/11/16 00:00,2.58,2.29,,1.83,8.08,7.92,,7.95,213.919998,220.759995,,222.220001,6.89,,6.21,,,,1.63,,1.606,1.63,,1.606
2025/11/16 00:00,2.58,2.28,,1.82,8.06,7.92,,7.95,213.429993,221,,221.979996,6.9,,6.21,,,,1.632,,1.601,1.632,,1.601
2025/11/16 00:00,2.58,2.29,,1.83,8.05,7.91,7.95,,213.679993,220.759995,,,6.92,,6.21,,,,1.635,,1.602,1.635,,1.602
2025/11/16 00:00,2.58,2.28,2.08,,8.03,7.92,7.97,,213.919998,221,,,6.92,6.26,,,,,1.638,,1.6,1.638,,1.6
2025/11/16 00:00,2.58,2.29,2.08,,8.02,7.92,7.98,,213.679993,221,221.979996,,6.91,6.4,,,,,1.637,1.62,,1.637,1.62,
2025/11/16 00:00,2.57,2.29,2.08,,8.01,7.92,7.97,,213.429993,221,221.979996,,6.92,6.38,,,,,1.626,1.624,,1.626,1.624,
2025/11/16 00:00,2.57,2.28,2.08,,7.98,7.92,7.97,,213.679993,221,221.979996,,6.89,6.4,,,,,1.627,1.621,,1.627,1.621,
2025/11/16 00:00,2.56,2.28,2.08,,7.97,7.91,7.98,,213.679993,221.25,222.470001,,6.91,6.4,,,,,1.632,1.624,,1.632,1.624,
2025/11/16 00:00,2.56,2.28,2.08,,7.94,7.91,,7.97,213.679993,221,,,6.9,6.44,,,,,1.633,1.621,,1.633,1.621,
2025/11/16 00:00,2.56,2.28,,,7.94,7.92,,7.94,213.919998,221,,,6.88,,,,,,1.626,1.621,,1.626,1.621,
2025/11/16 00:00,2.57,2.28,,1.83,,7.91,,7.94,,220.759995,,221.979996,6.88,,6.29,,,,1.644,,1.603,1.644,,1.603
2025/11/16 00:00,0.9,2.28,,1.83,,7.91,,7.95,,221,,221.979996,6.93,,6.25,,,,1.631,,1.601,1.631,,1.601
2025/11/16 00:00,0.39,2.27,,1.82,,7.91,,7.94,,221,,221.979996,6.92,,6.23,,,,1.632,,1.597,1.632,,1.597
2025/11/16 00:00,0.34,2.28,,1.83,,7.91,,7.94,,221,,221.729996,6.89,,6.26,,,,1.635,,1.597,1.635,,1.597
2025/11/16 00:00,0.32,2.28,,1.82,,7.91,7.95,,,221,,,6.92,,6.25,,,,1.635,,1.602,1.635,,1.602
2025/11/16 00:00,1.43,2.28,2.07,,,7.91,7.97,,,221,,,6.92,,6.26,,,,1.631,,1.597,1.631,,1.597
2025/11/16 00:00,2.74,2.28,2.06,,8.74,7.91,7.97,,,221.25,221.979996,,6.91,6.44,,,,,1.628,1.623,,1.628,1.623,
2025/11/16 00:00,2.76,2.27,2.07,,8.72,7.91,7.97,,213.679993,221,222.220001,,6.89,6.46,,,,,1.64,1.621,,1.64,1.621,
2025/11/16 00:00,2.61,2.28,2.07,,8.68,7.91,7.97,,213.919998,220.759995,221.729996,,6.92,6.39,,,,,1.629,1.623,,1.629,1.623,
2025/11/16 00:00,2.64,2.27,2.07,,8.64,7.91,7.97,,214.160004,220.759995,221.979996,,6.95,6.38,,,,,1.622,1.617,,1.622,1.617,
2025/11/16 00:00,2.65,2.27,,,8.63,7.91,,,214.160004,221,,,6.91,6.43,,,,,1.63,1.62,,1.63,1.62,
2025/11/16 00:00,2.63,2.28,,,8.63,7.93,,7.95,214.410004,221,,,6.93,6.38,,,,,1.629,1.619,,1.629,1.619,
2025/11/16 00:00,2.63,2.25,,1.83,8.62,7.93,,7.94,214.160004,221.25,,,6.91,,6.3,,,,1.64,,1.607,1.64,,1.607
2025/11/16 00:00,2.63,2.3,,1.82,8.61,7.93,,7.95,214.160004,220.759995,,222.220001,6.92,,6.29,,,,1.637,,1.604,1.637,,1.604
2025/11/16 00:00,2.63,2.31,,1.82,8.61,7.92,,7.95,213.919998,221,,222.470001,6.86,,6.3,,,,1.627,,1.603,1.627,,1.603
2025/11/16 00:00,2.62,2.29,,1.82,8.61,7.92,,7.95,213.919998,221,,222.470001,6.88,,6.25,,,,1.629,,1.61,1.629,,1.61
2025/11/16 00:00,2.62,2.29,,1.82,8.6,7.93,,7.95,213.679993,221,,222.470001,6.89,,6.2,,,,1.632,,1.601,1.632,,1.601
2025/11/16 00:00,2.61,2.28,2.08,,8.59,7.93,7.97,,213.679993,221,,,6.86,,,,,,1.64,,1.599,1.64,,1.599
2025/11/16 00:00,2.61,2.28,2.08,,8.59,7.94,7.97,,213.919998,221,,,6.88,6.41,,,,,1.631,1.621,,1.631,1.621,
2025/11/16 00:00,2.62,2.27,2.07,,8.58,7.93,7.97,,213.679993,221,222.470001,,6.86,6.45,,,,,1.648,1.618,,1.648,1.618,
2025/11/16 00:00,2.61,2.27,2.07,,8.58,7.93,7.97,,213.919998,221,222.710007,,6.9,6.43,,,,,1.628,1.627,,1.628,1.627,
2025/11/16 00:00,2.62,2.27,2.08,,8.58,7.94,7.98,,213.679993,221,222.710007,,6.91,6.42,,,,,1.634,1.62,,1.634,1.62,
2025/11/16 00:00,2.62,2.26,2.07,,8.57,7.93,7.97,,213.429993,221.25,222.949997,,6.89,6.44,,,,,1.632,1.626,,1.632,1.626,
2025/11/16 00:00,2.63,2.27,,,8.57,7.93,,7.95,213.679993,221.490005,,,6.88,6.44,,,,,1.638,1.618,,1.638,1.618,
2025/11/16 00:00,2.62,2.28,,1.82,8.56,7.93,,7.95,213.679993,220.759995,,,6.91,,6.32,,,,1.628,1.61,,1.628,1.61,
2025/11/16 00:00,2.62,2.27,,1.82,8.56,7.93,,7.95,213.679993,221.25,,222.710007,6.91,,6.3,,,,1.632,,1.6,1.632,,1.6
2025/11/16 00:00,2.61,2.28,,1.82,8.55,7.94,,7.95,213.679993,221,,222.220001,6.92,,6.31,,,,1.63,,1.601,1.63,,1.601
2025/11/16 00:00,2.61,2.27,,1.82,8.55,7.94,,7.95,213.429993,221.490005,,222.949997,6.88,,6.29,,,,1.624,,1.604,1.624,,1.604
2025/11/16 00:00,2.62,2.27,,1.82,8.53,7.94,,7.95,213.679993,221,,222.949997,6.87,,6.32,,,,1.628,,1.598,1.628,,1.598
2025/11/16 00:00,2.62,2.28,2.07,,8.54,7.94,7.98,,213.679993,221,,,6.92,,6.33,,,,1.629,,1.603,1.629,,1.603
2025/11/16 00:00,2.62,2.27,2.07,,8.53,7.94,7.98,,213.679993,221,,,6.85,6.4,,,,,1.617,1.622,,1.617,1.622,
2025/11/16 00:00,2.61,2.27,2.08,,8.52,7.93,7.98,,213.919998,221,222.949997,,6.88,6.39,,,,,1.631,1.622,,1.631,1.622,
2025/11/16 00:00,2.6,2.27,2.07,,8.52,7.94,7.98,,213.679993,221.25,222.710007,,6.88,6.39,,,,,1.634,1.617,,1.634,1.617,
2025/11/16 00:00,2.6,2.27,2.08,,8.51,7.94,7.98,,213.919998,221.490005,222.710007,,6.9,6.39,,,,,1.628,1.62,,1.628,1.62,
2025/11/16 00:00,2.6,2.28,2.07,,8.5,7.94,7.98,,213.919998,221,222.949997,,6.9,6.46,,,,,1.634,1.619,,1.634,1.619,
2025/11/16 00:00,2.61,2.28,,,8.5,7.94,,7.96,213.919998,220.759995,,,6.89,6.43,,,,,1.636,1.62,,1.636,1.62,
2025/11/16 00:00,2.59,2.27,,1.81,8.49,7.93,,7.96,213.679993,221,,,6.94,,6.3,,,,1.629,,1.611,1.629,,1.611
2025/11/16 00:00,2.59,2.27,,1.81,8.48,7.94,,7.96,213.919998,221.25,,222.710007,6.89,,6.31,,,,1.634,,1.598,1.634,,1.598
2025/11/16 00:00,2.6,2.27,,1.82,8.48,7.94,,7.95,213.919998,221,,222.710007,6.91,,6.32,,,,1.629,,1.601,1.629,,1.601
2025/11/16 00:00,2.6,2.28,,1.81,8.47,7.93,,7.95,213.919998,221,,222.220001,6.92,,6.32,,,,1.635,,1.6,1.635,,1.6
2025/11/16 00:00,2.6,2.27,,1.81,8.46,7.93,,7.96,213.919998,221,,222.949997,6.88,,6.31,,,,1.635,,1.603,1.635,,1.603
2025/11/16 00:00,2.59,2.27,2.08,,8.46,7.93,7.98,,213.919998,221,,,6.89,,,,,,1.611,,1.605,1.611,,1.605
2025/11/16 00:00,2.61,2.27,2.08,,8.45,7.94,7.98,,213.919998,221.25,,,6.87,6.39,,,,,1.624,1.618,,1.624,1.618,
2025/11/16 00:00,2.61,2.28,2.08,,8.45,7.94,7.98,,213.919998,221,222.710007,,6.87,6.41,,,,,1.637,1.619,,1.637,1.619,
2025/11/16 00:00,2.61,2.29,2.08,,8.44,7.94,7.98,,213.919998,221,222.949997,,6.86,6.4,,,,,1.63,1.62,,1.63,1.62,
2025/11/16 00:00,2.61,2.28,2.08,,8.43,7.94,7.98,,213.679993,220.759995,222.470001,,6.85,6.41,,,,,1.622,1.623,,1.622,1.623,
2025/11/16 00:00,2.6,2.27,2.08,,8.42,7.94,7.98,,213.919998,221,222.470001,,6.88,6.4,,,,,1.634,1.616,,1.634,1.616,
2025/11/16 00:00,2.6,2.27,,,8.41,7.94,,7.95,213.919998,221,,,6.87,6.37,,,,,1.632,1.614,,1.632,1.614,
2025/11/16 00:00,2.61,2.28,,1.83,8.4,7.94,,7.95,213.679993,221,,,6.88,,,,,,1.629,,1.601,1.629,,1.601
2025/11/16 00:00,2.6,2.27,,1.83,8.39,7.94,,7.95,213.679993,220.759995,,222.470001,6.89,,6.27,,,,1.641,,1.596,1.641,,1.596
2025/11/16 00:00,2.61,2.27,,1.83,8.38,7.94,,7.95,213.679993,220.759995,,222.470001,6.86,,6.3,,,,1.63,,1.598,1.63,,1.598
2025/11/16 00:00,2.61,2.27,,1.83,8.37,7.94,,7.95,213.679993,221,,222.710007,6.86,,6.21,,,,1.633,,1.602,1.633,,1.602
2025/11/16 00:00,2.6,2.27,,1.83,8.37,7.94,,7.95,213.679993,221,,222.470001,6.89,,6.25,,,,1.627,,1.598,1.627,,1.598
2025/11/16 00:00,2.6,2.27,2.08,,8.35,7.94,7.99,,213.679993,221,,,6.89,,,,,,1.618,,1.6,1.618,,1.6
2025/11/16 00:00,2.61,2.27,2.08,,8.35,7.93,7.99,,213.679993,221.25,,,6.89,6.42,,,,,1.621,1.619,,1.621,1.619,
2025/11/16 00:00,2.61,2.27,2.08,,8.34,7.94,7.98,,213.679993,221,222.470001,,6.92,6.41,,,,,1.625,1.621,,1.625,1.621,
2025/11/16 00:00,2.61,2.27,2.08,,8.33,7.94,7.98,,213.679993,221.25,222.470001,,6.89,6.36,,,,,1.632,1.62,,1.632,1.62,
2025/11/16 00:00,2.6,2.28,2.08,,8.3,7.94,7.98,,213.679993,221,222.220001,,6.86,6.39,,,,,1.631,1.615,,1.631,1.615,
2025/11/16 00:00,2.6,2.26,2.08,,8.29,7.94,7.98,,214.160004,221.25,222.470001,,6.88,6.34,,,,,1.639,1.621,,1.639,1.621,
2025/11/16 00:00,2.61,2.28,,,8.28,7.94,,7.95,213.919998,221,,,6.88,6.37,,,,,1.632,1.619,,1.632,1.619,
2025/11/16 00:00,2.61,2.28,,1.84,8.26,7.94,,7.95,213.429993,220.759995,,,6.86,,6.25,,,,1.622,,1.599,1.622,,1.599
2025/11/16 00:00,2.61,2.27,,1.83,8.25,7.93,,7.95,213.919998,220.759995,,222.710007,6.89,,6.25,,,,1.627,,1.603,1.627,,1.603
2025/11/16 00:00,2.6,2.27,,1.83,8.24,7.93,,7.95,213.919998,221,,222.710007,6.89,,6.23,,,,1.626,,1.601,1.626,,1.601
2025/11/16 00:00,2.59,2.26,,1.83,8.22,7.94,,7.95,213.919998,221,,222.220001,6.9,,6.18,,,,1.629,,1.599,1.629,,1.599
2025/11/16 00:00,2.6,2.27,,1.83,8.21,7.93,,7.95,213.679993,221,,222.710007,6.88,,6.23,,,,1.634,,1.599,1.634,,1.599
2025/11/16 00:00,2.6,2.27,2.08,,8.2,7.92,7.98,,213.919998,220.759995,,,6.9,,,,,,1.627,,1.601,1.627,,1.601
2025/11/16 00:00,2.6,2.27,2.08,,8.19,7.92,7.98,,213.679993,220.759995,,,6.9,6.4,,,,,1.622,1.617,,1.622,1.617,
2025/11/16 00:00,2.59,2.26,2.08,,8.17,7.93,7.98,,213.919998,220.759995,222.470001,,6.9,6.4,,,,,1.634,1.617,,1.634,1.617,
2025/11/16 00:00,2.59,2.27,2.08,,8.15,7.94,7.99,,213.919998,220.759995,222.220001,,6.89,6.43,,,,,1.624,1.616,,1.624,1.616,
2025/11/16 00:00,2.59,2.26,2.08,,8.14,7.93,7.98,,213.919998,220.759995,222.470001,,6.86,6.41,,,,,1.625,1.618,,1.625,1.618,
2025/11/16 00:00,2.59,2.27,2.08,,8.12,7.93,7.98,,213.919998,220.759995,222.220001,,6.89,6.38,,,,,1.629,1.618,,1.629,1.618,
2025/11/16 00:00,2.6,2.27,,,8.1,7.92,,7.95,213.679993,221,,,6.89,6.38,,,,,1.626,1.619,,1.626,1.619,
2025/11/16 00:00,2.6,2.27,,1.83,8.09,7.92,,7.95,214.160004,221.25,,,6.87,,6.26,,,,1.627,,1.61,1.627,,1.61
2025/11/16 00:00,2.58,2.28,,1.83,8.07,7.92,,7.95,213.679993,221,,222.470001,6.88,,6.26,,,,1.624,,1.6,1.624,,1.6
2025/11/16 00:00,2.58,2.28,,1.82,8.05,7.93,,7.96,213.919998,221,,222.220001,6.86,,6.25,,,,1.626,,1.602,1.626,,1.602
2025/11/16 00:00,2.58,2.28,,1.83,8.03,7.92,,7.96,213.679993,221,,222.949997,6.84,,6.27,,,,1.631,,1.598,1.631,,1.598
2025/11/16 00:00,2.58,2.28,,1.82,8.01,7.92,,7.96,213.919998,220.759995,,222.949997,6.82,,6.29,,,,1.634,,1.6,1.634,,1.6
2025/11/16 00:00,2.58,2.27,2.07,,8,7.92,7.98,,213.679993,221,,,6.87,,6.29,,,,1.627,,1.602,1.627,,1.602
2025/11/16 00:00,2.57,2.27,2.07,,7.99,7.92,7.98,,213.679993,220.509995,,,6.86,6.39,,,,,1.619,1.618,,1.619,1.618,
2025/11/16 00:00,2.56,2.27,2.08,,7.96,7.92,7.98,,213.679993,221.490005,222.949997,,6.83,6.4,,,,,1.625,1.62,,1.625,1.62,
2025/11/16 00:00,2.56,2.26,2.08,,7.95,7.92,7.98,,213.679993,221,222.949997,,6.83,6.39,,,,,1.63,1.611,,1.63,1.611,
2025/11/16 00:00,2.55,2.28,2.08,,7.94,7.92,7.99,,213.679993,221,222.949997,,6.82,6.4,,,,,1.627,1.61,,1.627,1.61,
2025/11/16 00:00,2.55,2.28,2.08,,7.92,7.92,7.98,,213.919998,221,222.949997,,6.86,6.41,,,,,1.631,1.608,,1.631,1.608,
2025/11/16 00:00,2.55,2.27,,,7.92,7.91,,7.96,214.160004,220.759995,,,6.87,6.4,,,,,1.621,1.619,,1.621,1.619,
2025/11/16 00:00,1.56,2.28,,1.82,,7.92,,7.96,,221,,,6.85,,6.27,,,,1.634,,1.608,1.634,,1.608
2025/11/16 00:00,0.49,2.27,,1.82,,7.91,,7.95,,221.25,,222.710007,6.83,,6.31,,,,1.622,,1.598,1.622,,1.598
2025/11/16 00:00,0.35,2.28,,1.82,,7.91,,7.96,,221,,222.949997,6.85,,6.27,,,,1.621,,1.599,1.621,,1.599
2025/11/16 00:00,0.32,2.28,,1.82,,7.9,,7.96,,221.25,,222.710007,6.85,,6.27,,,,1.628,,1.597,1.628,,1.597
2025/11/16 00:00,0.92,2.27,,1.82,,7.91,,7.95,,220.509995,,222.710007,6.83,,6.28,,,,1.638,,1.601,1.638,,1.601
2025/11/16 00:00,2.26,2.27,2.07,,,7.9,7.98,,,220.759995,,,6.83,,,,,,1.626,1.611,,1.626,1.611,
2025/11/16 00:00,2.8,2.27,2.08,,8.73,7.9,7.98,,,221.490005,,,6.84,6.41,,,,,1.627,1.613,,1.627,1.613,
2025/11/16 00:00,2.65,2.27,2.07,,8.7,7.9,7.98,,213.429993,220.759995,222.710007,,6.81,6.35,,,,,1.631,1.614,,1.631,1.614,
2025/11/16 00:00,2.6,2.27,2.07,,8.67,7.91,7.98,,213.679993,220.759995,222.710007,,6.8,6.37,,,,,1.624,1.618,,1.624,1.618,
2025/11/16 00:00,2.64,2.26,2.07,,8.64,7.9,7.99,,214.410004,221.25,222.710007,,6.83,6.41,,,,,1.624,1.614,,1.624,1.614,
2025/11/16 00:00,2.62,2.26,2.07,,8.63,7.92,7.99,,213.919998,221.25,222.949997,,6.87,6.4,,,,,1.622,1.616,,1.622,1.616,
2025/11/16 00:00,2.62,2.24,,,8.63,7.94,,7.96,213.429993,221.490005,,,6.87,6.41,,,,,1.625,,1.602,1.625,,1.602
2025/11/16 00:00,2.62,2.26,,1.82,8.62,7.93,,7.96,213.679993,221.490005,,,6.86,,6.29,,,,1.632,,1.598,1.632,,1.598
2025/11/16 00:00,2.62,2.28,,1.82,8.61,7.93,,7.96,213.919998,221.25,,223.199997,6.85,,6.32,,,,1.624,,1.597,1.624,,1.597
2025/11/16 00:00,2.61,2.28,,1.82,8.61,7.93,,7.96,213.679993,220.759995,,222.710007,6.83,,6.28,,,,1.624,,1.598,1.624,,1.598
2025/11/16 00:00,2.62,2.27,,1.81,8.61,7.93,,7.96,213.429993,221.490005,,222.710007,6.85,,6.3,,,,1.622,,1.598,1.622,,1.598
2025/11/16 00:00,2.61,2.27,,1.81,8.6,7.93,,7.96,213.679993,221.490005,,222.710007,6.82,,6.29,,,,1.623,,1.595,1.623,,1.595
2025/11/16 00:00,2.61,2.26,,,8.59,7.94,7.98,,213.679993,221.25,,,6.86,,6.29,,,,1.627,,1.607,1.627,,1.607
2025/11/16 00:00,2.61,2.28,2.07,,8.59,7.93,7.98,,213.679993,221.25,,,6.83,6.41,,,,,1.626,1.615,,1.626,1.615,
2025/11/16 00:00,2.61,2.28,2.08,,8.58,7.93,7.98,,213.679993,220.759995,222.710007,,6.83,6.38,,,,,1.623,1.612,,1.623,1.612,
2025/11/16 00:00,2.62,2.28,2.08,,8.58,7.92,7.98,,213.919998,221,222.710007,,6.82,6.35,,,,,1.629,1.612,,1.629,1.612,
2025/11/16 00:00,2.62,2.29,2.08,,8.58,7.94,7.99,,213.919998,221,222.470001,,6.79,6.35,,,,,1.627,1.612,,1.627,1.612,
2025/11/16 00:00,2.62,2.27,2.08,,8.57,7.93,7.98,,213.919998,221,222.710007,,6.86,6.34,,,,,1.632,1.613,,1.632,1.613,
2025/11/16 00:00,2.62,2.28,,,8.57,7.93,,7.95,213.679993,221,,,6.8,6.39,,,,,1.632,,1.602,1.632,,1.602
2025/11/16 00:00,2.62,2.27,,1.83,8.56,7.93,,7.96,213.919998,221,,,6.81,,,,,,1.622,,1.593,1.622,,1.593
2025/11/16 00:00,2.63,2.27,,1.82,8.56,7.93,,7.95,213.919998,221,,222.470001,6.83,,6.21,,,,1.626,,1.596,1.626,,1.596
2025/11/16 00:00,2.62,2.26,,1.82,8.55,7.93,,7.96,213.429993,220.759995,,222.710007,6.84,,6.22,,,,1.629,,1.599,1.629,,1.599
2025/11/16 00:00,2.62,2.25,,1.82,8.54,7.93,,7.96,213.679993,221,,222.470001,6.84,,6.27,,,,1.631,,1.599,1.631,,1.599
2025/11/16 00:00,2.62,2.26,,1.82,8.54,7.93,,7.96,213.679993,221,,222.220001,6.86,,6.24,,,,1.624,,1.6,1.624,,1.6
2025/11/16 00:00,2.62,2.27,2.07,,8.54,7.93,7.98,,213.679993,220.759995,,,6.85,,6.26,,,,1.633,,1.609,1.633,,1.609
2025/11/16 00:00,2.62,2.26,2.07,,8.53,7.92,7.98,,213.919998,220.759995,,,6.88,6.35,,,,,1.608,1.619,,1.608,1.619,
2025/11/16 00:00,2.6,2.26,2.07,,8.53,7.93,7.98,,213.919998,221,222.220001,,6.85,6.4,,,,,1.617,1.608,,1.617,1.608,
2025/11/16 00:00,2.6,2.26,2.08,,8.52,7.94,7.98,,214.160004,221,222.470001,,6.83,6.37,,,,,1.63,1.612,,1.63,1.612,
2025/11/16 00:00,2.6,2.27,2.08,,8.51,7.94,7.98,,213.919998,220.759995,222.220001,,6.83,6.38,,,,,1.621,1.616,,1.621,1.616,
2025/11/16 00:00,2.6,2.27,2.07,,8.5,7.94,7.97,,213.919998,221,222.220001,,6.85,6.33,,,,,1.62,1.615,,1.62,1.615,
2025/11/16 00:00,2.61,2.27,,,8.5,7.93,,7.96,213.679993,220.759995,,,6.83,6.37,,,,,1.63,,1.601,1.63,,1.601
2025/11/16 00:00,2.6,2.26,,1.83,8.5,7.94,,7.95,214.160004,221,,222.220001,6.88,,6.26,,,,1.631,,1.597,1.631,,1.597
2025/11/16 00:00,2.59,2.27,,1.82,8.49,7.94,,7.95,213.919998,221,,222.470001,6.83,,6.26,,,,1.621,,1.597,1.621,,1.597
2025/11/16 00:00,2.59,2.26,,1.81,8.48,7.94,,7.95,213.679993,221,,222.220001,6.89,,6.22,,,,1.613,,1.598,1.613,,1.598
2025/11/16 00:00,2.6,2.27,,1.82,8.47,7.94,,7.95,213.919998,221,,222.220001,6.87,,6.24,,,,1.623,,1.603,1.623,,1.603
2025/11/16 00:00,2.6,2.27,,1.82,8.46,7.93,,7.95,213.679993,220.759995,,222.710007,6.84,,6.24,,,,1.627,,1.597,1.627,,1.597
2025/11/16 00:00,2.6,2.27,,,8.46,7.93,7.98,,213.919998,221,,,6.83,,6.24,,,,1.618,,1.602,1.618,,1.602
2025/11/16 00:00,2.59,2.27,2.08,,8.44,7.94,7.97,,213.919998,221.25,,,6.88,,,,,,1.619,1.614,,1.619,1.614,
2025/11/16 00:00,2.59,2.26,2.08,,8.44,7.94,7.97,,213.679993,221.25,222.470001,,6.86,6.37,,,,,1.625,1.619,,1.625,1.619,
2025/11/16 00:00,2.59,2.26,2.08,,8.43,7.93,7.98,,213.679993,221,222.470001,,6.86,6.35,,,,,1.622,1.617,,1.622,1.617,
2025/11/16 00:00,2.6,2.27,2.08,,8.42,7.93,7.97,,213.919998,221,222.220001,,6.89,6.4,,,,,1.623,1.607,,1.623,1.607,
2025/11/16 00:00,2.6,2.27,2.08,,8.42,7.94,7.97,,213.919998,220.759995,222.220001,,6.88,6.35,,,,,1.626,1.612,,1.626,1.612,
2025/11/16 00:00,2.59,2.26,,,8.4,7.94,,7.95,213.679993,220.759995,,,6.84,6.35,,,,,1.625,1.607,,1.625,1.607,
2025/11/16 00:00,2.59,2.26,,1.82,8.39,7.93,,7.95,213.919998,221.25,,,6.86,,6.28,,,,1.62,,1.597,1.62,,1.597
2025/11/16 00:00,2.6,2.26,,1.82,8.38,7.93,,7.95,213.679993,221,,222.949997,6.87,,6.26,,,,1.615,,1.593,1.615,,1.593
2025/11/16 00:00,2.6,2.27,,1.82,8.37,7.93,,7.95,213.679993,221,,222.220001,6.88,,6.23,,,,1.636,,1.594,1.636,,1.594
2025/11/16 00:00,2.6,2.28,,1.82,8.36,7.93,,7.95,213.919998,221,,222.710007,6.85,,6.2,,,,1.627,,1.596,1.627,,1.596
2025/11/16 00:00,2.6,2.27,,1.81,8.35,7.92,,7.95,213.919998,220.759995,,222.470001,6.79,,6.25,,,,1.625,,1.605,1.625,,1.605
2025/11/16 00:00,2.6,2.27,2.07,,8.34,7.93,7.97,,213.919998,221.25,,,6.83,,6.26,,,,1.62,,1.597,1.62,,1.597
2025/11/16 00:00,2.6,2.25,2.07,,8.32,7.93,7.98,,213.919998,220.759995,,,6.83,6.36,,,,,1.619,1.61,,1.619,1.61,
2025/11/16 00:00,2.61,2.27,2.07,,8.3,7.92,7.97,,213.679993,221,222.710007,,6.83,6.38,,,,,1.629,1.609,,1.629,1.609,
2025/11/16 00:00,2.6,2.27,2.08,,8.29,7.93,7.98,,213.679993,221,222.949997,,6.82,6.35,,,,,1.623,1.61,,1.623,1.61,
2025/11/16 00:00,2.61,2.26,2.08,,8.28,7.93,7.98,,213.679993,221,222.949997,,6.84,6.33,,,,,1.627,1.609,,1.627,1.609,
2025/11/16 00:00,2.6,2.27,2.07,,8.26,7.92,7.97,,213.919998,221.25,222.949997,,6.83,6.33,,,,,1.627,1.612,,1.627,1.612,
2025/11/16 00:00,2.6,2.26,,,8.25,7.93,,7.96,213.919998,221.490005,,,6.83,6.34,,,,,1.622,1.605,,1.622,1.605,
2025/11/16 00:00,2.6,2.27,,1.82,8.24,7.92,,7.95,213.679993,221.25,,,6.85,,6.27,,,,1.626,,1.596,1.626,,1.596
2025/11/16 00:00,2.61,2.27,,1.81,8.22,7.93,,7.94,213.679993,221.490005,,223.199997,6.87,,6.27,,,,1.616,,1.594,1.616,,1.594
2025/11/16 00:00,2.61,2.27,,1.82,8.21,7.92,,7.95,213.679993,221.729996,,223.690002,6.81,,6.28,,,,1.625,,1.592,1.625,,1.592
2025/11/16 00:00,2.6,2.27,,1.82,8.19,7.91,,7.95,213.919998,220.759995,,223.199997,6.82,,6.27,,,,1.635,,1.598,1.635,,1.598
2025/11/16 00:00,2.61,2.26,,1.82,8.17,7.92,,7.95,213.919998,221.490005,,223.690002,6.81,,6.28,,,,1.624,,1.597,1.624,,1.597
2025/11/16 00:00,2.6,2.27,2.07,,8.16,7.92,7.97,,213.919998,221,,,6.83,,6.26,,,,1.616,,1.597,1.616,,1.597
2025/11/17 00:00,2.61,2.28,2.07,,8.14,7.92,7.96,,213.679993,221.25,,,6.79,,,,,,1.627,1.611,,1.627,1.611,
2025/11/17 00:00,2.6,2.27,2.07,,8.12,7.92,7.97,,213.919998,221,223.199997,,6.83,6.39,,,,,1.615,1.614,,1.615,1.614,
2025/11/17 00:00,2.59,2.26,2.07,,8.11,7.92,7.97,,213.679993,221,223.440002,,6.81,6.34,,,,,1.619,1.615,,1.619,1.615,
2025/11/17 00:00,2.59,2.26,2.07,,8.08,7.91,7.97,,213.679993,221.729996,223.690002,,6.79,6.34,,,,,1.615,1.615,,1.615,1.615,
2025/11/17 00:00,2.59,2.26,2.08,,8.07,7.91,7.97,,213.679993,221.490005,223.690002,,6.83,6.4,,,,,1.617,1.612,,1.617,1.612,
2025/11/17 00:00,2.59,2.27,,,8.04,7.91,,7.95,213.679993,221.490005,,,6.8,6.42,,,,,1.62,,,1.62,,
2025/11/17 00:00,2.58,2.27,,1.81,8.03,7.91,,7.95,213.429993,221.490005,,,6.87,,6.29,,,,1.626,,1.594,1.626,,1.594
2025/11/17 00:00,2.59,2.26,,1.82,8.02,7.91,,7.94,213.679993,221.25,,224.179993,6.81,,6.26,,,,1.62,,1.592,1.62,,1.592
2025/11/17 00:00,2.56,2.28,,1.81,7.99,7.9,,7.95,213.429993,221.25,,224.179993,6.79,,6.26,,,,1.622,,1.595,1.622,,1.595
2025/11/17 00:00,2.57,2.27,,1.81,7.97,7.91,,7.95,213.679993,221.25,,224.179993,6.87,,6.28,,,,1.619,,1.593,1.619,,1.593
2025/11/17 00:00,2.57,2.27,,1.81,7.95,7.91,,7.95,213.679993,221.25,,223.929993,6.82,,6.27,,,,1.62,,1.592,1.62,,1.592
2025/11/17 00:00,2.57,2.27,,,7.94,7.9,7.97,,213.919998,221.25,,,6.82,,6.27,,,,1.623,,,1.623,,
2025/11/17 00:00,2.57,2.27,2.08,,7.92,7.9,7.97,,213.919998,221.25,,,6.83,6.35,,,,,1.624,1.606,,1.624,1.606,
2025/11/17 00:00,2.55,2.27,2.08,,7.92,7.9,7.96,,214.160004,221.25,224.419998,,6.86,6.35,,,,,1.617,1.61,,1.617,1.61,
2025/11/17 00:00,2.56,2.28,2.08,,7.89,7.9,7.96,,214.160004,221.490005,223.440002,,6.78,6.33,,,,,1.625,1.608,,1.625,1.608,
2025/11/17 00:00,2.56,2.28,2.08,,7.87,7.9,7.96,,214.160004,221.729996,223.690002,,6.74,6.34,,,,,1.62,1.605,,1.62,1.605,
2025/11/17 00:00,2.55,2.29,2.08,,7.86,7.9,7.96,,214.410004,221,223.440002,,6.75,6.29,,,,,1.616,1.61,,1.616,1.61,
2025/11/17 00:00,2.54,2.29,,,7.86,7.89,,7.94,214.410004,220.759995,,,6.81,6.29,,,,,1.618,1.61,,1.618,1.61,
2025/11/17 00:00,2.55,2.27,,1.84,7.84,7.9,,7.94,214.410004,221,,,6.75,,6.26,,,,1.618,1.6,,1.618,1.6,
2025/11/17 00:00,2.59,2.27,,1.83,,7.89,,7.94,,221.25,,223.199997,6.77,,6.22,,,,1.618,,1.588,1.618,,1.588
2025/11/17 00:00,0.72,2.27,,1.83,,7.9,,7.93,,221,,223.690002,6.78,,6.2,,,,1.617,,1.594,1.617,,1.594
2025/11/17 00:00,0.36,2.27,,1.82,,7.89,,7.93,,220.759995,,223.199997,6.82,,6.2,,,,1.62,,1.593,1.62,,1.593
2025/11/17 00:00,0.33,2.26,,1.83,,7.89,,7.94,,220.759995,,223.690002,6.81,,6.21,,,,1.627,,1.603,1.627,,1.603
2025/11/17 00:00,0.38,2.26,2.08,,,7.89,7.96,,,221,,,6.81,,6.23,,,,1.624,,1.596,1.624,,1.596
2025/11/17 00:00,1.62,2.27,2.08,,,7.89,7.96,,,221,,,6.79,6.32,,,,,1.608,1.61,,1.608,1.61,
2025/11/17 00:00,2.82,2.27,2.08,,8.74,7.89,7.96,,212.940002,220.759995,222.949997,,6.8,6.34,,,,,1.623,1.614,,1.623,1.614,
2025/11/17 00:00,2.73,2.27,2.08,,8.72,7.89,7.96,,212.940002,221,223.199997,,6.77,6.3,,,,,1.614,1.614,,1.614,1.614,
2025/11/17 00:00,2.58,2.26,2.08,,8.69,7.89,7.96,,213.190002,221,223.199997,,6.79,6.34,,,,,1.617,1.608,,1.617,1.608,
2025/11/17 00:00,2.64,2.26,2.08,,8.64,7.89,7.96,,214.160004,221,222.710007,,6.82,6.31,,,,,1.629,1.612,,1.629,1.612,
2025/11/17 00:00,2.63,2.26,,,8.64,7.88,,7.94,213.679993,221,,,6.82,6.31,,,,,1.616,1.605,,1.616,1.605,
2025/11/17 00:00,2.61,2.27,,1.83,8.63,7.92,,7.93,213.679993,221,,,6.78,,,,,,1.617,,1.593,1.617,,1.593
2025/11/17 00:00,2.61,2.23,,1.84,8.63,7.91,,7.93,213.429993,221.25,,223.690002,6.79,,6.24,,,,1.613,,1.593,1.613,,1.593
2025/11/17 00:00,2.6,2.27,,1.83,8.62,7.9,,7.94,213.679993,221,,223.690002,6.83,,6.24,,,,1.614,,1.594,1.614,,1.594
2025/11/17 00:00,2.6,2.28,,1.83,8.62,7.9,,7.94,213.679993,221.25,,223.929993,6.8,,6.24,,,,1.62,,1.592,1.62,,1.592
2025/11/17 00:00,2.61,2.28,,1.83,8.62,7.9,,7.94,213.919998,221,,223.440002,6.78,,6.19,,,,1.624,,1.593,1.624,,1.593
2025/11/17 00:00,2.59,2.28,2.08,,8.61,7.91,7.96,,213.679993,221.25,,,6.77,,6.2,,,,1.616,,1.592,1.616,,1.592
2025/11/17 00:00,2.6,2.26,2.08,,8.6,7.9,7.96,,213.919998,221.490005,,,6.8,6.34,,,,,1.623,1.606,,1.623,1.606,
2025/11/17 00:00,2.6,2.27,2.08,,8.59,7.9,7.96,,214.160004,221,223.199997,,6.77,6.33,,,,,1.608,1.608,,1.608,1.608,
2025/11/17 00:00,2.6,2.27,2.09,,8.59,7.9,7.96,,213.190002,221.25,223.440002,,6.8,6.32,,,,,1.61,1.606,,1.61,1.606,
2025/11/17 00:00,2.62,2.27,2.08,,8.59,7.91,7.96,,213.429993,221,222.949997,,6.81,6.31,,,,,1.612,1.605,,1.612,1.605,
2025/11/17 00:00,2.6,2.27,2.09,,8.59,7.91,7.96,,213.919998,220.759995,222.949997,,6.84,6.32,,,,,1.616,1.607,,1.616,1.607,
2025/11/17 00:00,2.6,2.27,,,8.58,7.92,,7.93,213.679993,221.25,,,6.8,6.31,,,,,1.623,1.605,,1.623,1.605,
2025/11/17 00:00,2.61,2.26,,1.83,8.56,7.92,,7.93,213.679993,221.25,,,6.82,,6.24,,,,1.619,,1.591,1.619,,1.591
2025/11/17 00:00,2.61,2.27,,1.83,8.56,7.91,,7.93,213.429993,221,,223.690002,6.82,,6.24,,,,1.625,,1.591,1.625,,1.591
2025/11/17 00:00,2.61,2.27,,1.84,8.55,7.9,,7.92,213.919998,221.490005,,223.929993,6.81,,6.24,,,,1.617,,1.595,1.617,,1.595
2025/11/17 00:00,2.6,2.28,,1.82,8.55,7.91,,7.93,213.429993,220.759995,,223.440002,6.79,,6.2,,,,1.617,,1.593,1.617,,1.593
2025/11/17 00:00,2.6,2.28,,1.82,8.54,7.91,,7.93,213.429993,221.490005,,223.929993,6.76,,6.22,,,,1.613,,1.596,1.613,,1.596
2025/11/17 00:00,2.59,2.28,2.08,,8.54,7.91,7.96,,213.429993,221,,,6.79,,6.22,,,,1.621,,1.592,1.621,,1.592
2025/11/17 00:00,2.59,2.28,2.08,,8.53,7.91,7.95,,213.679993,220.759995,,,6.81,6.31,,,,,1.622,1.605,,1.622,1.605,
2025/11/17 00:00,2.6,2.27,2.08,,8.53,7.91,7.95,,213.429993,221,223.929993,,6.8,6.29,,,,,1.616,1.604,,1.616,1.604,
2025/11/17 00:00,2.59,2.26,2.08,,8.53,7.91,7.95,,213.429993,221,224.419998,,6.74,6.29,,,,,1.619,1.605,,1.619,1.605,
2025/11/17 00:00,2.59,2.27,2.08,,8.52,7.91,7.95,,213.429993,221.25,224.179993,,6.79,6.34,,,,,1.613,1.605,,1.613,1.605,
2025/11/17 00:00,2.59,2.26,2.08,,8.52,7.91,7.96,,213.429993,221,224.179993,,6.8,6.32,,,,,1.627,1.609,,1.627,1.609,
2025/11/17 00:00,2.59,2.27,,,8.51,7.91,,7.94,213.679993,221,,,6.77,6.32,,,,,1.613,1.61,,1.613,1.61,
2025/11/17 00:00,2.59,2.27,,1.82,8.5,7.91,,7.94,213.429993,221,,,6.81,,6.24,,,,1.615,,1.596,1.615,,1.596
2025/11/17 00:00,2.59,2.27,,1.82,8.49,7.91,,7.94,213.190002,221.25,,224.660004,6.79,,6.23,,,,1.617,,1.591,1.617,,1.591
2025/11/17 00:00,2.59,2.27,,1.83,8.48,7.91,,7.94,213.190002,221.25,,224.910004,6.75,,6.25,,,,1.613,,1.598,1.613,,1.598
2025/11/17 00:00,2.58,2.26,,1.82,8.48,7.91,,7.94,213.190002,221.25,,225.149994,6.77,,6.25,,,,1.626,,1.587,1.626,,1.587
2025/11/17 00:00,2.59,2.28,,1.82,8.47,7.91,,7.93,213.190002,221,,224.660004,6.81,,6.21,,,,1.617,,1.588,1.617,,1.588
2025/11/17 00:00,2.59,2.28,2.08,,8.46,7.91,7.96,,213.190002,221,,,6.79,,6.25,,,,1.609,,1.594,1.609,,1.594
2025/11/17 00:00,2.59,2.28,2.08,,8.44,7.9,7.96,,213.190002,221.490005,,,6.78,6.34,,,,,1.611,1.609,,1.611,1.609,
2025/11/17 00:00,2.58,2.28,2.08,,8.44,7.91,7.96,,213.190002,221,224.910004,,6.76,6.32,,,,,1.616,1.605,,1.616,1.605,
2025/11/17 00:00,2.59,2.27,2.08,,8.43,7.91,7.96,,213.429993,221,224.419998,,6.73,6.31,,,,,1.611,1.608,,1.611,1.608,
2025/11/17 00:00,2.57,2.27,2.08,,8.41,7.91,7.96,,213.429993,221,224.179993,,6.76,6.27,,,,,1.609,1.602,,1.609,1.602,
2025/11/17 00:00,2.59,2.27,2.08,,8.41,7.91,7.96,,213.429993,221.25,224.660004,,6.74,6.32,,,,,1.615,1.603,,1.615,1.603,
2025/11/17 00:00,2.58,2.26,,,8.4,7.91,,7.94,213.190002,221.490005,,,6.79,6.32,,,,,1.619,1.604,,1.619,1.604,
2025/11/17 00:00,2.58,2.27,,1.82,8.38,7.91,,7.93,213.429993,221,,,6.76,,6.25,,,,1.616,,1.588,1.616,,1.588
2025/11/17 00:00,2.59,2.25,,1.83,8.37,7.92,,7.93,213.429993,221.490005,,225.149994,6.8,,6.22,,,,1.623,,1.596,1.623,,1.596
2025/11/17 00:00,2.58,2.27,,1.82,8.36,7.9,,7.93,213.429993,221.490005,,225.149994,6.82,,6.26,,,,1.618,,1.591,1.618,,1.591
2025/11/17 00:00,2.59,2.27,,1.82,8.35,7.91,,7.93,213.429993,221,,225.149994,6.76,,6.23,,,,1.62,,1.59,1.62,,1.59
2025/11/17 00:00,2.59,2.27,,1.83,8.34,7.91,,7.93,213.919998,221,,225.639999,6.78,,6.25,,,,1.61,,1.595,1.61,,1.595
2025/11/17 00:00,2.58,2.27,2.08,,8.32,7.91,7.96,,213.429993,221,,,6.77,,6.23,,,,1.616,,1.589,1.616,,1.589
2025/11/17 00:00,2.58,2.26,2.08,,8.31,7.91,7.95,,213.679993,221.490005,,,6.78,6.32,,,,,1.621,1.607,,1.621,1.607,
2025/11/17 00:00,2.58,2.27,2.08,,8.3,7.91,7.95,,213.190002,221.25,224.660004,,6.79,6.31,,,,,1.609,1.602,,1.609,1.602,
2025/11/17 00:00,2.6,2.27,2.09,,8.29,7.91,7.95,,213.679993,221.490005,225.149994,,6.79,6.3,,,,,1.612,1.602,,1.612,1.602,
2025/11/17 00:00,2.6,2.28,2.08,,8.27,7.91,7.95,,213.429993,221.25,225.149994,,6.78,6.33,,,,,1.612,1.605,,1.612,1.605,
2025/11/17 00:00,2.58,2.28,2.09,,8.26,7.9,7.95,,213.429993,221,224.660004,,6.7,6.28,,,,,1.621,1.602,,1.621,1.602,
2025/11/17 00:00,2.59,2.28,,,8.25,7.91,,7.93,213.429993,221.25,,,6.73,,,,,,1.606,1.603,,1.606,1.603,
2025/11/17 00:00,2.59,2.27,,1.84,8.22,7.9,,7.93,213.429993,221,,,6.76,,,,,,1.613,,1.594,1.613,,1.594
2025/11/17 00:00,2.59,2.27,,1.84,8.21,7.91,,7.93,213.190002,220.759995,,224.910004,6.8,,6.18,,,,1.616,,1.587,1.616,,1.587
2025/11/17 00:00,2.59,2.27,,1.84,8.2,7.9,,7.93,213.429993,220.759995,,224.419998,6.74,,6.17,,,,1.607,,1.593,1.607,,1.593
2025/11/17 00:00,2.59,2.26,,1.84,8.19,7.9,,7.93,213.429993,220.759995,,224.419998,6.75,,6.18,,,,1.616,,1.593,1.616,,1.593
2025/11/17 00:00,2.59,2.26,,1.84,8.17,7.9,,7.93,213.679993,221,,224.179993,6.77,,6.2,,,,1.619,,1.591,1.619,,1.591
2025/11/17 00:00,2.59,2.26,2.08,,8.15,7.9,7.95,,213.429993,221,,,6.76,,6.17,,,,1.617,,1.588,1.617,,1.588
2025/11/17 00:00,2.59,2.27,2.08,,8.13,7.89,7.95,,213.429993,220.759995,,,6.75,6.3,,,,,1.612,1.608,,1.612,1.608,
2025/11/17 00:00,2.59,2.27,2.09,,8.12,7.89,7.95,,213.429993,221,224.179993,,6.81,6.29,,,,,1.606,1.607,,1.606,1.607,
2025/11/17 00:00,2.59,2.27,2.09,,8.1,7.9,7.95,,213.429993,221,223.690002,,6.74,6.29,,,,,1.613,1.612,,1.613,1.612,
2025/11/17 00:00,2.58,2.27,2.08,,8.08,7.89,7.95,,213.429993,221,223.690002,,6.8,6.31,,,,,1.615,1.607,,1.615,1.607,
2025/11/17 00:00,2.59,2.26,2.09,,8.05,7.89,7.95,,213.919998,221,223.929993,,6.77,6.27,,,,,1.621,1.607,,1.621,1.607,
2025/11/17 00:00,2.58,2.28,,,8.05,7.89,,7.92,213.429993,221,,,6.77,6.28,,,,,1.62,,,1.62,,
2025/11/17 00:00,2.58,2.28,,1.84,8.02,7.9,,7.92,213.679993,221,,,6.78,,,,,,1.615,,1.593,1.615,,1.593
2025/11/17 00:00,2.58,2.27,,1.84,8,7.9,,7.92,213.679993,221,,224.179993,6.74,,6.15,,,,1.607,,1.59,1.607,,1.59
2025/11/17 00:00,2.57,2.27,,1.84,7.99,7.9,,7.92,213.679993,220.759995,,224.179993,6.76,,6.15,,,,1.612,,1.59,1.612,,1.59
2025/11/17 00:00,2.57,2.26,,1.84,7.97,7.9,,7.92,213.919998,221,,224.419998,6.77,,6.21,,,,1.602,,1.587,1.602,,1.587
2025/11/17 00:00,2.57,2.27,,1.84,7.95,7.89,,7.92,213.919998,221,,223.929993,6.77,,6.15,,,,1.617,,1.591,1.617,,1.591
2025/11/17 00:00,2.57,2.28,2.08,,7.93,7.89,7.95,,213.679993,221,,,6.75,,6.16,,,,1.617,,1.59,1.617,,1.59
2025/11/17 00:00,2.57,2.28,2.09,,7.92,7.89,7.94,,213.679993,221,,,6.78,6.29,,,,,1.612,1.608,,1.612,1.608,
2025/11/17 00:00,2.55,2.27,2.08,,7.9,7.89,7.94,,213.679993,221.25,223.440002,,6.78,6.31,,,,,1.618,1.608,,1.618,1.608,
2025/11/17 00:00,2.55,2.27,2.08,,7.87,7.88,7.94,,213.679993,221.25,223.929993,,6.72,6.3,,,,,1.607,1.605,,1.607,1.605,
2025/11/17 00:00,2.54,2.27,2.08,,7.86,7.88,7.94,,213.919998,221,223.929993,,6.77,6.28,,,,,1.609,1.607,,1.609,1.607,
2025/11/17 00:00,2.55,2.27,2.08,,7.85,7.88,7.94,,213.919998,221,223.690002,,6.78,6.29,,,,,1.618,1.604,,1.618,1.604,
2025/11/17 00:00,2.54,2.27,,,7.84,7.88,,7.92,213.919998,221.25,,,6.75,6.29,,,,,1.612,1.6,,1.612,1.6,
2025/11/17 00:00,2.54,2.27,,1.83,7.83,7.88,,7.92,213.919998,221,,,6.77,,6.2,,,,1.615,,,1.615,,
2025/11/17 00:00,1.46,2.27,,1.83,,7.87,,7.92,,221,,224.419998,6.79,,6.18,,,,1.626,,1.589,1.626,,1.589
2025/11/17 00:00,0.47,2.27,,1.83,,7.88,,7.92,,221,,224.419998,6.73,,6.19,,,,1.615,,1.595,1.615,,1.595
2025/11/17 00:00,0.34,2.27,,1.83,,7.87,,7.92,,221.490005,,223.929993,6.73,,6.13,,,,1.613,,1.587,1.613,,1.587
2025/11/17 00:00,0.31,2.28,,1.82,,7.88,,7.92,,220.759995,,223.929993,6.75,,6.14,,,,1.603,,1.593,1.603,,1.593
2025/11/17 00:00,0.88,2.28,2.07,,,7.87,7.95,,,220.759995,,,6.74,,6.15,,,,1.614,,1.589,1.614,,1.589
2025/11/17 00:00,2.21,2.28,2.07,,,7.87,7.94,,,221,,,6.66,6.28,,,,,1.606,1.604,,1.606,1.604,
2025/11/17 00:00,2.78,2.27,2.07,,8.75,7.87,7.94,,,221,224.419998,,6.71,6.3,,,,,1.614,1.6,,1.614,1.6,
2025/11/17 00:00,2.64,2.27,2.07,,8.73,7.87,7.94,,213.429993,220.759995,224.179993,,6.69,6.27,,,,,1.611,1.6,,1.611,1.6,
2025/11/17 00:00,2.58,2.27,2.07,,8.69,7.87,7.94,,213.190002,221,224.419998,,6.74,6.27,,,,,1.613,1.605,,1.613,1.605,
2025/11/17 00:00,2.63,2.27,2.07,,8.66,7.87,7.94,,213.679993,221.25,224.910004,,6.69,6.27,,,,,1.614,1.603,,1.614,1.603,
2025/11/17 00:00,2.59,2.26,,,8.65,7.89,,7.92,213.679993,221,,,6.72,6.3,,,,,1.609,1.604,,1.609,1.604,
2025/11/17 00:00,2.59,2.25,,1.81,8.65,7.89,,7.92,213.919998,221.490005,,,6.73,,6.2,,,,1.616,,1.59,1.616,,1.59
2025/11/17 00:00,2.59,2.25,,1.81,8.64,7.89,,7.92,213.429993,221.25,,225.149994,6.73,,6.18,,,,1.606,,1.591,1.606,,1.591
2025/11/17 00:00,2.59,2.28,,1.81,8.63,7.89,,7.92,213.429993,221,,224.910004,6.73,,6.19,,,,1.615,,1.591,1.615,,1.591
2025/11/17 00:00,2.59,2.28,,1.81,8.64,7.89,,7.92,213.429993,221,,225.149994,6.73,,6.23,,,,1.608,,1.585,1.608,,1.585
2025/11/17 00:00,2.58,2.28,,1.8,8.64,7.89,,7.92,213.429993,221,,225.399994,6.74,,6.19,,,,1.604,,1.589,1.604,,1.589
2025/11/17 00:00,2.58,2.27,,,8.62,7.9,7.94,,213.429993,221.25,,,6.73,,6.19,,,,1.611,,1.591,1.611,,1.591
2025/11/17 00:00,2.59,2.27,2.07,,8.63,7.9,7.94,,213.429993,221.25,,,6.74,6.28,,,,,1.61,1.603,,1.61,1.603,
2025/11/17 00:00,2.59,2.28,2.07,,8.62,7.9,7.94,,213.190002,221.490005,225.399994,,6.71,6.27,,,,,1.613,1.602,,1.613,1.602,
2025/11/17 00:00,2.59,2.27,2.07,,8.62,7.9,7.95,,213.190002,220.759995,225.149994,,6.76,6.28,,,,,1.614,1.6,,1.614,1.6,
2025/11/17 00:00,2.59,2.27,2.08,,8.61,7.9,7.94,,213.679993,221,225.149994,,6.74,6.3,,,,,1.603,1.596,,1.603,1.596,
2025/11/17 00:00,2.58,2.27,2.08,,8.59,7.91,7.94,,213.429993,221,224.660004,,6.76,6.28,,,,,1.614,1.603,,1.614,1.603,
2025/11/17 00:00,2.59,2.26,,,8.59,7.9,,7.92,213.679993,221.490005,,,6.72,6.29,,,,,1.607,,,1.607,,
2025/11/17 00:00,2.59,2.27,,1.83,8.58,7.9,,7.91,213.429993,221,,,6.76,,6.2,,,,1.609,,1.584,1.609,,1.584
2025/11/17 00:00,2.59,2.28,,1.83,8.58,7.89,,7.91,213.429993,221,,224.910004,6.77,,6.21,,,,1.614,,1.587,1.614,,1.587
2025/11/17 00:00,2.59,2.27,,1.83,8.57,7.9,,7.92,213.429993,221.490005,,225.639999,6.77,,6.24,,,,1.608,,1.59,1.608,,1.59
2025/11/17 00:00,2.58,2.27,,1.82,8.56,7.9,,7.92,213.429993,221,,225.149994,6.74,,6.18,,,,1.615,,1.584,1.615,,1.584
2025/11/17 00:00,2.57,2.26,,1.82,8.57,7.9,,7.91,213.429993,221.25,,225.399994,6.72,,6.2,,,,1.607,,1.586,1.607,,1.586
2025/11/17 00:00,2.58,2.26,2.07,,8.56,7.9,7.95,,213.190002,221.25,,,6.74,,6.21,,,,1.616,,1.588,1.616,,1.588
2025/11/17 00:00,2.59,2.27,2.08,,8.55,7.9,7.95,,213.429993,221.25,,,6.74,6.31,,,,,1.609,1.597,,1.609,1.597,
2025/11/17 00:00,2.58,2.27,2.07,,8.55,7.9,7.95,,213.429993,221.25,224.660004,,6.78,6.29,,,,,1.612,1.607,,1.612,1.607,
2025/11/17 00:00,2.57,2.27,2.06,,8.54,7.9,7.95,,213.429993,221,224.660004,,6.72,6.31,,,,,1.608,1.602,,1.608,1.602,
2025/11/17 00:00,2.57,2.27,,,8.54,7.91,7.95,,213.679993,221.25,225.149994,,6.72,6.27,,,,,1.609,1.602,,1.609,1.602,
2025/11/17 00:00,2.57,2.28,2.09,,8.53,7.9,7.95,,213.429993,221,224.660004,,6.71,6.21,,,,,1.61,1.602,,1.61,1.602,
2025/11/17 00:00,2.58,2.29,,,8.52,7.91,,7.92,213.429993,221,,,6.73,6.22,,,,,1.614,,,1.614,,
2025/11/17 00:00,2.59,2.28,,1.84,8.52,7.9,,7.92,213.429993,220.759995,,,6.69,,,,,,1.61,,1.588,1.61,,1.588
2025/11/17 00:00,2.58,2.27,,1.84,8.51,7.9,,7.92,213.429993,221,,224.910004,6.69,,6.14,,,,1.612,,1.587,1.612,,1.587
2025/11/17 00:00,2.57,2.27,,1.84,8.51,7.91,,7.92,213.190002,221,,224.179993,6.71,,6.09,,,,1.613,,1.588,1.613,,1.588
2025/11/17 00:00,2.58,2.27,,1.84,8.49,7.91,,7.92,213.190002,221.25,,224.910004,6.73,,6.14,,,,1.613,,1.585,1.613,,1.585
2025/11/17 00:00,2.57,2.27,,1.84,8.49,7.91,,7.92,213.429993,221,,224.660004,6.75,,6.11,,,,1.613,,1.588,1.613,,1.588
2025/11/17 00:00,2.58,2.28,,,8.48,7.91,7.95,,213.190002,221,,,6.72,,6.1,,,,1.616,1.598,,1.616,1.598,
2025/11/17 00:00,2.58,2.27,2.08,,8.48,7.9,7.94,,213.190002,221,,,6.77,6.26,,,,,1.611,1.596,,1.611,1.596,
2025/11/17 00:00,2.58,2.28,2.08,,8.47,7.91,7.95,,213.429993,221.25,223.690002,,6.75,6.27,,,,,1.621,1.61,,1.621,1.61,
2025/11/17 00:00,2.58,2.26,2.08,,8.45,7.91,7.95,,213.429993,220.759995,224.179993,,6.75,6.22,,,,,1.62,1.602,,1.62,1.602,
2025/11/17 00:00,2.58,2.28,2.08,,8.45,7.91,7.95,,213.429993,221,223.690002,,6.75,6.21,,,,,1.614,1.597,,1.614,1.597,
2025/11/17 00:00,2.58,2.28,2.08,,8.44,7.91,7.95,,213.429993,220.759995,223.690002,,6.74,6.26,,,,,1.605,1.6,,1.605,1.6,
2025/11/17 00:00,2.59,2.27,,,8.43,7.91,,7.92,213.429993,221,,,6.72,6.22,,,,,1.601,1.599,,1.601,1.599,
2025/11/17 00:00,2.58,2.27,,1.84,8.42,7.91,,7.92,213.429993,221,,,6.74,,,,,,1.611,,1.591,1.611,,1.591
2025/11/17 00:00,2.59,2.27,,1.84,8.41,7.9,,7.92,213.429993,221.25,,223.929993,6.72,,6.12,,,,1.599,,1.59,1.599,,1.59
2025/11/17 00:00,2.58,2.27,,1.84,8.4,7.9,,7.91,213.190002,221,,224.179993,6.73,,6.11,,,,1.609,,1.588,1.609,,1.588
2025/11/17 00:00,2.58,2.28,,1.84,8.39,7.9,,7.91,213.429993,220.759995,,223.929993,6.76,,6.12,,,,1.604,,1.592,1.604,,1.592
2025/11/17 00:00,2.58,2.27,,,8.38,7.9,,7.92,213.190002,221,,224.419998,6.71,,6.09,,,,1.601,,1.59,1.601,,1.59
2025/11/17 00:00,2.58,2.28,,,8.36,7.9,7.96,,213.429993,220.759995,,,6.71,,6.07,,,,1.604,,1.588,1.604,,1.588
2025/11/17 00:00,2.58,2.27,,,8.35,7.9,7.95,,213.429993,220.759995,,,6.76,6.24,,,,,1.609,1.602,,1.609,1.602,
2025/11/17 00:00,2.59,2.28,2.07,,8.34,7.91,7.95,,213.429993,220.759995,223.440002,,6.71,6.28,,,,,1.615,1.601,,1.615,1.601,
2025/11/17 00:00,2.59,2.28,2.08,,8.33,7.91,7.96,,213.429993,220.759995,223.199997,,6.71,6.25,,,,,1.614,1.599,,1.614,1.599,
2025/11/17 00:00,2.59,2.27,2.08,,8.32,7.91,7.96,,213.190002,220.759995,223.440002,,6.72,6.24,,,,,1.615,1.605,,1.615,1.605,
2025/11/17 00:00,2.58,2.27,2.09,,8.31,7.91,7.96,,213.190002,221,223.690002,,6.75,6.27,,,,,1.61,1.601,,1.61,1.601,
2025/11/17 00:00,2.58,2.26,,,8.29,7.91,,7.93,213.429993,221,,,6.72,,,,,,1.606,,,1.606,,
2025/11/17 00:00,2.58,2.28,,1.84,8.28,7.91,,7.92,213.429993,220.759995,,,6.7,,,,,,1.611,,1.586,1.611,,1.586
2025/11/17 00:00,2.59,2.28,,1.81,8.27,7.91,,7.93,213.190002,221,,224.179993,6.72,,6.07,,,,1.613,,1.585,1.613,,1.585
2025/11/17 00:00,2.58,2.27,,1.82,8.26,7.9,,7.92,213.190002,221,,224.179993,6.72,,6.05,,,,1.619,,1.584,1.619,,1.584
2025/11/17 00:00,2.58,2.28,,1.84,8.25,7.91,,7.92,213.190002,221.25,,224.419998,6.68,,6.09,,,,1.606,,1.587,1.606,,1.587
2025/11/17 00:00,2.58,2.27,,1.84,8.23,7.91,,7.93,213.190002,221,,223.929993,6.77,,6.07,,,,1.601,,1.582,1.601,,1.582
2025/11/17 00:00,2.58,2.29,,,8.22,7.91,7.97,,213.190002,221.25,,,6.75,,6.05,,,,1.605,,1.584,1.605,,1.584
2025/11/17 00:00,2.57,2.28,2.05,,8.2,7.91,7.96,,213.190002,221,,,6.72,6.29,,,,,1.602,1.593,,1.602,1.593,
2025/11/17 00:00,2.57,2.27,2.04,,8.18,7.91,7.96,,213.190002,221,223.929993,,6.73,6.27,,,,,1.614,1.598,,1.614,1.598,
2025/11/17 00:00,2.56,2.26,2.05,,8.16,7.91,7.96,,213.429993,221,224.419998,,6.76,6.27,,,,,1.612,1.601,,1.612,1.601,
2025/11/17 00:00,2.56,2.26,2.05,,8.15,7.9,7.97,,213.429993,221.490005,224.419998,,6.73,6.27,,,,,1.608,1.601,,1.608,1.601,
2025/11/17 00:00,2.56,2.26,2.08,,8.13,7.91,7.97,,213.190002,221.25,224.179993,,6.72,6.29,,,,,1.603,1.596,,1.603,1.596,
2025/11/17 00:00,2.56,2.27,,1.84,8.12,7.91,,7.95,213.679993,221.25,,,6.74,,,,,,1.61,1.601,,1.61,1.601,
2025/11/17 00:00,2.57,2.27,,1.84,8.1,7.9,,7.93,213.679993,220.759995,,,6.72,,,,,,1.604,,1.588,1.604,,1.588
2025/11/17 00:00,2.57,2.27,,1.83,8.09,7.9,,7.94,213.679993,221.25,,225.149994,6.74,,6.2,,,,1.605,,1.59,1.605,,1.59
2025/11/17 00:00,2.56,2.28,,1.83,8.06,7.91,,7.94,213.429993,221.25,,225.639999,6.73,,6.17,,,,1.598,,1.589,1.598,,1.589
2025/11/17 00:00,2.57,2.27,,1.8,8.04,7.9,,7.94,213.429993,221,,225.399994,6.72,,6.14,,,,1.607,,1.588,1.607,,1.588
2025/11/17 00:00,2.57,2.28,,1.8,8.02,7.9,,7.94,213.429993,221,,225.399994,6.72,,6.14,,,,1.602,,1.588,1.602,,1.588
2025/11/17 00:00,2.57,2.28,,,8.01,7.9,7.97,,213.429993,221.25,,,6.71,,6.14,,,,1.607,,1.581,1.607,,1.581
2025/11/17 00:00,2.56,2.27,2.08,,8,7.91,7.96,,213.679993,221,,,6.67,6.28,,,,,1.606,1.599,,1.606,1.599,
2025/11/17 00:00,2.54,2.28,2.08,,7.97,7.9,7.97,,213.190002,221.25,224.419998,,6.69,6.3,,,,,1.614,1.599,,1.614,1.599,
2025/11/17 00:00,2.53,2.27,2.07,,7.95,7.9,7.97,,213.679993,221,224.660004,,6.71,6.29,,,,,1.597,1.599,,1.597,1.599,
2025/11/17 00:00,2.53,2.27,2.07,,7.94,7.9,7.97,,213.919998,221.25,224.660004,,6.71,6.31,,,,,1.604,1.597,,1.604,1.597,
2025/11/17 00:00,2.53,2.27,2.08,,7.92,7.89,7.97,,213.679993,221.25,224.910004,,6.7,6.28,,,,,1.604,1.593,,1.604,1.593,
2025/11/17 00:00,2.53,2.27,,,7.91,7.9,,7.95,213.679993,221.25,,,6.77,,,,,,1.605,1.593,,1.605,1.593,
2025/11/17 00:00,1.82,2.26,,1.82,,7.9,,7.94,,221,,,6.76,,6.2,,,,1.608,,1.583,1.608,,1.583
2025/11/17 00:00,0.54,2.26,,1.82,,7.9,,7.94,,221,,225.639999,6.72,,6.19,,,,1.609,,1.584,1.609,,1.584
2025/11/17 00:00,0.35,2.27,,1.82,,7.9,,7.95,,221,,225.399994,6.75,,6.2,,,,1.614,,1.583,1.614,,1.583
2025/11/17 00:00,0.32,2.26,,1.82,,7.9,,7.95,,221,,225.639999,6.77,,6.18,,,,1.601,,1.585,1.601,,1.585
2025/11/17 00:00,0.75,2.26,,1.83,,7.9,,7.95,,220.759995,,225.399994,6.71,,6.23,,,,1.603,,1.588,1.603,,1.588
2025/11/17 00:00,2.06,2.26,,,,7.89,7.98,,,221.490005,,,6.72,,6.16,,,,1.599,,1.583,1.599,,1.583
2025/11/17 00:00,2.79,2.26,,,8.72,7.89,7.98,,,221.729996,,,6.74,6.28,,,,,1.609,1.598,,1.609,1.598,
2025/11/17 00:00,2.65,2.26,,,8.7,7.89,7.97,,212.940002,221.25,225.149994,,6.73,6.3,,,,,1.606,1.597,,1.606,1.597,
2025/11/17 00:00,2.57,2.27,,,8.67,7.89,7.98,,213.190002,221,225.399994,,6.74,6.31,,,,,1.609,1.594,,1.609,1.594,
2025/11/17 00:00,2.63,2.26,,,8.64,7.89,7.97,,213.919998,221.490005,224.910004,,6.7,6.29,,,,,1.609,1.592,,1.609,1.592,
2025/11/17 00:00,2.6,2.26,,,8.62,7.9,7.97,,213.919998,221,225.149994,,6.75,6.27,,,,,1.612,1.596,,1.612,1.596,
2025/11/17 00:00,2.6,2.27,,,8.62,7.91,,7.95,213.679993,220.509995,,,6.7,,,,,,1.607,1.598,,1.607,1.598,
2025/11/17 00:00,2.6,2.25,,1.83,8.61,7.91,,7.95,213.429993,220.759995,,,6.73,,,,,,1.61,,1.583,1.61,,1.583
2025/11/17 00:00,2.6,2.27,,1.82,8.61,7.92,,7.95,213.429993,220.759995,,224.910004,6.7,,6.2,,,,1.603,,1.588,1.603,,1.588
2025/11/17 00:00,2.6,2.27,,1.82,8.61,7.92,,7.95,213.190002,221.25,,224.910004,6.74,,6.16,,,,1.598,,1.579,1.598,,1.579
2025/11/17 00:00,2.58,2.26,,1.82,8.61,7.91,,7.95,213.429993,220.759995,,224.419998,6.73,,6.12,,,,1.605,,1.583,1.605,,1.583
2025/11/17 00:00,2.58,2.26,,1.82,8.6,7.92,,7.95,213.190002,221,,224.910004,6.75,,6.15,,,,1.614,,1.579,1.614,,1.579
2025/11/17 00:00,2.59,2.25,,,8.6,7.92,7.97,,213.429993,220.759995,,,6.8,,,,,,1.61,,1.582,1.61,,1.582
2025/11/17 00:00,2.59,2.26,2.08,,8.6,7.92,7.97,,212.940002,221,,,6.74,6.27,,,,,1.607,1.598,,1.607,1.598,
2025/11/17 00:00,2.59,2.26,2.07,,8.59,7.91,7.97,,213.190002,221,224.179993,,6.76,6.28,,,,,1.603,1.597,,1.603,1.597,
2025/11/17 00:00,2.6,2.26,2.08,,8.58,7.91,7.97,,212.940002,221,223.690002,,6.72,6.26,,,,,1.607,1.596,,1.607,1.596,
2025/11/17 00:00,2.6,2.26,2.07,,8.57,7.92,7.97,,212.940002,221.25,224.179993,,6.81,6.29,,,,,1.61,1.591,,1.61,1.591,
2025/11/17 00:00,2.6,2.26,2.07,,8.57,7.92,7.98,,212.940002,221,223.929993,,6.78,6.28,,,,,1.605,1.596,,1.605,1.596,
2025/11/17 00:00,2.6,2.27,,1.84,8.57,7.92,,7.95,212.940002,220.759995,,,6.77,,,,,,1.598,1.596,,1.598,1.596,
2025/11/17 00:00,2.6,2.26,,1.83,8.56,7.92,,7.94,213.190002,221,,,6.77,,,,,,1.609,,1.588,1.609,,1.588
2025/11/17 00:00,2.59,2.26,,1.82,8.56,7.92,,7.94,212.940002,220.759995,,224.910004,6.81,,6.16,,,,1.597,,1.579,1.597,,1.579
2025/11/17 00:00,2.58,2.26,,1.83,8.55,7.93,,7.94,212.940002,221,,224.419998,6.81,,6.16,,,,1.606,,1.583,1.606,,1.583
2025/11/17 00:00,2.59,2.26,,1.84,8.55,7.93,,7.94,212.940002,221,,223.929993,6.77,,6.14,,,,1.598,,1.584,1.598,,1.584
2025/11/17 00:00,2.59,2.26,,1.84,8.54,7.93,,7.94,212.699997,220.759995,,224.179993,6.75,,6.14,,,,1.597,,1.582,1.597,,1.582
2025/11/17 00:00,2.58,2.26,,,8.54,7.92,7.99,,212.940002,221,,,6.75,,,,,,1.601,,1.584,1.601,,1.584
2025/11/17 00:00,2.59,2.26,2.08,,8.53,7.93,7.98,,212.699997,221,,,6.76,6.27,,,,,1.586,1.593,,1.586,1.593,
2025/11/17 00:00,2.58,2.25,2.07,,8.53,7.93,7.98,,212.940002,221,223.440002,,6.75,6.27,,,,,1.597,1.592,,1.597,1.592,
2025/11/17 00:00,2.57,2.26,2.07,,8.52,7.92,7.98,,212.699997,221,223.929993,,6.76,6.27,,,,,1.61,1.593,,1.61,1.593,
2025/11/17 00:00,2.59,2.26,2.07,,8.51,7.93,7.98,,212.940002,221.25,223.690002,,6.78,6.24,,,,,1.604,1.597,,1.604,1.597,
2025/11/17 00:00,2.58,2.26,2.07,,8.51,7.93,7.98,,212.699997,220.759995,223.690002,,6.8,6.28,,,,,1.613,1.592,,1.613,1.592,
2025/11/17 00:00,2.57,2.26,,,8.51,7.92,,7.96,212.940002,221,,,6.79,6.26,,,,,1.603,1.595,,1.603,1.595,
2025/11/17 00:00,2.57,2.25,,1.82,8.5,7.93,,7.96,212.940002,221,,,6.72,,6.21,,,,1.604,,1.585,1.604,,1.585
2025/11/17 00:00,2.57,2.25,,1.82,8.49,7.92,,7.94,213.190002,221.25,,224.179993,6.78,,6.16,,,,1.599,,1.582,1.599,,1.582
2025/11/17 00:00,2.57,2.26,,1.82,8.48,7.93,,7.95,213.190002,220.759995,,224.419998,6.79,,6.1,,,,1.602,,1.587,1.602,,1.587
2025/11/17 00:00,2.57,2.26,,1.82,8.48,7.93,,7.95,212.940002,220.759995,,224.660004,6.75,,6.19,,,,1.596,,1.585,1.596,,1.585
2025/11/17 00:00,2.57,2.26,,1.82,8.47,7.92,,7.95,213.679993,220.759995,,224.660004,6.79,,6.16,,,,1.597,,1.583,1.597,,1.583
2025/11/17 00:00,2.57,2.25,,,8.45,7.93,7.99,,213.429993,221,,,6.78,,6.12,,,,1.598,,1.579,1.598,,1.579
2025/11/17 00:00,2.57,2.28,2.07,,8.45,7.92,7.97,,213.429993,220.759995,,,6.79,6.28,,,,,1.599,1.593,,1.599,1.593,
2025/11/17 00:00,2.57,2.28,2.07,,8.44,7.92,7.98,,212.940002,221,223.929993,,6.77,6.26,,,,,1.601,1.591,,1.601,1.591,
2025/11/17 00:00,2.57,2.27,2.07,,8.44,7.92,7.98,,212.940002,221,224.179993,,6.74,6.29,,,,,1.604,1.593,,1.604,1.593,
2025/11/17 00:00,2.57,2.26,2.07,,8.42,7.92,7.98,,212.940002,221,224.660004,,6.75,6.27,,,,,1.599,1.598,,1.599,1.598,
2025/11/17 00:00,2.56,2.25,2.07,,8.41,7.92,7.98,,212.940002,221,224.910004,,6.75,6.26,,,,,1.608,1.588,,1.608,1.588,
2025/11/17 00:00,2.57,2.26,,1.81,8.4,7.92,,7.97,212.940002,221,,,6.77,,,,,,1.603,1.591,,1.603,1.591,
2025/11/17 00:00,2.56,2.26,,1.82,8.4,7.93,,7.94,213.190002,220.759995,,,6.78,,6.17,,,,1.602,,1.581,1.602,,1.581
2025/11/17 00:00,2.56,2.25,,1.81,8.39,7.93,,7.95,213.190002,221,,225.889999,6.72,,6.17,,,,1.598,,1.582,1.598,,1.582
2025/11/17 00:00,2.57,2.25,,1.81,8.38,7.92,,7.95,213.679993,221,,225.639999,6.78,,6.18,,,,1.607,,1.583,1.607,,1.583
2025/11/17 00:00,2.56,2.26,,1.81,8.37,7.93,,7.95,213.429993,221,,225.399994,6.78,,6.19,,,,1.608,,1.576,1.608,,1.576
2025/11/17 00:00,2.57,2.25,,1.82,8.36,7.93,,7.95,213.190002,221,,225.149994,6.8,,6.15,,,,1.607,,1.585,1.607,,1.585
2025/11/17 00:00,2.56,2.26,,,8.35,7.93,7.99,,213.429993,221,,,6.75,,6.18,,,,1.594,,1.586,1.594,,1.586
2025/11/17 00:00,2.57,2.27,2.06,,8.34,7.93,7.98,,213.190002,221,,,6.75,6.32,,,,,1.609,1.591,,1.609,1.591,
2025/11/17 00:00,2.57,2.26,2.06,,8.32,7.93,7.98,,213.429993,221,225.149994,,6.8,6.28,,,,,1.597,1.591,,1.597,1.591,
2025/11/17 00:00,2.56,2.26,2.07,,8.32,7.92,7.98,,213.429993,221,225.149994,,6.74,6.32,,,,,1.604,1.591,,1.604,1.591,
2025/11/17 00:00,2.55,2.25,2.07,,8.3,7.92,7.98,,213.190002,221,225.149994,,6.75,6.27,,,,,1.608,1.596,,1.608,1.596,
2025/11/17 00:00,2.55,2.26,2.07,,8.29,7.93,7.98,,213.429993,221,225.399994,,6.74,6.31,,,,,1.601,1.593,,1.601,1.593,
2025/11/17 00:00,2.55,2.27,,1.81,8.28,7.92,,7.97,213.429993,221,,,6.78,,,,,,1.601,1.593,,1.601,1.593,
2025/11/17 00:00,2.55,2.26,,1.81,8.26,7.92,,7.96,213.429993,220.759995,,,6.7,,6.19,,,,1.597,,1.583,1.597,,1.583
2025/11/17 00:00,2.55,2.26,,1.81,8.26,7.92,,7.96,213.190002,221,,225.639999,6.79,,6.17,,,,1.597,,1.578,1.597,,1.578
2025/11/17 00:00,2.55,2.25,,1.81,8.24,7.92,,7.96,213.190002,221.490005,,225.399994,6.74,,6.19,,,,1.603,,1.581,1.603,,1.581
2025/11/17 00:00,2.55,2.25,,1.82,8.22,7.93,,7.96,213.190002,221.25,,225.639999,6.75,,6.22,,,,1.594,,1.585,1.594,,1.585
2025/11/17 00:00,2.55,2.26,,1.81,8.21,7.92,,7.96,213.429993,221,,225.149994,6.74,,6.22,,,,1.599,,1.578,1.599,,1.578
2025/11/17 00:00,2.55,2.26,,,8.19,7.92,7.98,,213.429993,220.759995,,,6.73,,6.2,,,,1.606,,1.58,1.606,,1.58
2025/11/17 00:00,2.55,2.26,2.07,,8.17,7.92,7.97,,213.429993,221,,,6.73,6.31,,,,,1.599,1.591,,1.599,1.591,
2025/11/17 00:00,2.55,2.26,2.07,,8.16,7.92,7.98,,213.429993,221,224.660004,,6.74,6.28,,,,,1.604,1.593,,1.604,1.593,
2025/11/17 00:00,2.54,2.26,2.07,,8.14,7.91,7.98,,213.679993,221.25,225.399994,,6.72,6.28,,,,,1.605,1.594,,1.605,1.594,
2025/11/17 00:00,2.54,2.25,2.07,,8.12,7.92,7.98,,213.429993,221,225.399994,,6.74,6.27,,,,,1.599,1.593,,1.599,1.593,
2025/11/17 00:00,2.55,2.26,2.07,,8.11,7.91,7.97,,213.429993,221.25,225.889999,,6.77,6.33,,,,,1.595,1.592,,1.595,1.592,
2025/11/17 00:00,2.56,2.27,,,8.09,7.91,,7.97,213.429993,221,,,6.77,6.27,,,,,1.59,1.591,,1.59,1.591,
2025/11/17 00:00,2.56,2.28,,1.84,8.08,7.92,,7.95,213.429993,220.759995,,,6.71,,,,,,1.603,,1.581,1.603,,1.581
2025/11/17 00:00,2.55,2.27,,1.83,8.06,7.92,,7.95,213.429993,221.25,,225.149994,6.67,,,,,,1.595,,1.575,1.595,,1.575
2025/11/17 00:00,2.55,2.26,,1.83,8.04,7.92,,7.94,213.679993,221,,225.149994,6.7,,6.13,,,,1.602,,1.58,1.602,,1.58
2025/11/17 00:00,2.55,2.27,,1.82,8.01,7.9,,7.95,213.429993,221,,224.660004,6.69,,6.12,,,,1.602,,1.575,1.602,,1.575
2025/11/17 00:00,2.55,2.27,,1.82,8,7.91,,7.94,213.429993,221,,224.660004,6.71,,6.1,,,,1.608,,1.576,1.608,,1.576
2025/11/17 00:00,2.55,2.26,,,7.98,7.91,7.98,,213.429993,221,,,6.73,,6.13,,,,1.6,,1.578,1.6,,1.578
2025/11/17 00:00,2.52,2.25,2.07,,7.97,7.91,7.97,,213.429993,220.759995,,,6.73,6.25,,,,,1.608,1.595,,1.608,1.595,
2025/11/17 00:00,2.52,2.25,2.07,,7.94,7.91,7.97,,213.429993,221.25,223.929993,,6.75,6.25,,,,,1.599,1.59,,1.599,1.59,
2025/11/17 00:00,2.53,2.25,2.07,,7.92,7.9,7.97,,213.429993,221,223.929993,,6.74,6.27,,,,,1.603,1.592,,1.603,1.592,
2025/11/17 00:00,2.52,2.26,2.07,,7.91,7.9,7.97,,213.679993,221,223.690002,,6.72,6.28,,,,,1.597,1.589,,1.597,1.589,
2025/11/17 00:00,2.52,2.26,2.07,,7.9,7.9,7.98,,213.190002,221.25,223.690002,,6.78,6.27,,,,,1.596,1.592,,1.596,1.592,
2025/11/17 00:00,2.54,2.26,,1.83,,7.9,,7.96,212.449997,220.759995,,,6.74,6.28,,,,,1.595,1.592,,1.595,1.592,
2025/11/17 00:00,0.94,2.25,,1.82,,7.9,,7.95,,221,,,6.75,,,,,,1.604,,1.581,1.604,,1.581
2025/11/17 00:00,0.41,2.25,,1.82,,7.9,,7.95,,221,,224.660004,6.73,,6.18,,,,1.595,,1.579,1.595,,1.579
2025/11/17 00:00,0.34,2.26,,1.82,,7.9,,7.95,,221.25,,224.419998,6.73,,6.15,,,,1.593,,1.576,1.593,,1.576
2025/11/17 00:00,0.31,2.25,,1.83,,7.9,,7.94,,221.25,,224.660004,6.78,,6.13,,,,1.599,,1.579,1.599,,1.579
2025/11/17 00:00,1.23,2.26,,1.82,,7.9,,7.95,,221,,224.419998,6.75,,6.15,,,,1.602,,1.577,1.602,,1.577
2025/11/17 00:00,2.57,2.26,,,8.74,7.89,7.98,,,221.25,,,6.72,,6.11,,,,1.604,,1.572,1.604,,1.572
2025/11/17 00:00,2.75,2.26,2.07,,8.73,7.89,7.97,,,221,,,6.72,6.29,,,,,1.593,1.593,,1.593,1.593,
2025/11/17 00:00,2.6,2.26,2.07,,8.7,7.89,7.97,,213.190002,220.759995,223.929993,,6.72,6.27,,,,,1.591,1.584,,1.591,1.584,
2025/11/17 00:00,2.61,2.26,2.07,,8.66,7.89,7.97,,213.429993,220.759995,223.929993,,6.73,6.27,,,,,1.597,1.589,,1.597,1.589,
2025/11/17 00:00,2.63,2.25,2.07,,8.63,7.89,7.97,,213.679993,220.759995,223.929993,,6.76,6.27,,,,,1.6,1.593,,1.6,1.593,
2025/11/17 00:00,2.6,2.26,2.07,,8.63,7.91,7.97,,213.190002,220.509995,223.690002,,6.68,6.29,,,,,1.599,1.591,,1.599,1.591,
2025/11/17 00:00,2.6,2.23,,1.83,8.63,7.91,,7.96,213.679993,221,,,6.7,6.26,,,,,1.603,1.592,,1.603,1.592,
2025/11/17 00:00,2.6,2.24,,1.83,8.62,7.91,,7.95,213.190002,220.759995,,,6.76,,,,,,1.594,,1.58,1.594,,1.58
2025/11/17 00:00,2.6,2.27,,1.83,8.62,7.92,,7.95,213.429993,220.759995,,224.419998,6.75,,6.16,,,,1.599,,1.581,1.599,,1.581
2025/11/17 00:00,2.6,2.27,,1.83,8.61,7.91,,7.95,213.679993,221,,224.660004,6.73,,6.15,,,,1.607,,1.582,1.607,,1.582
2025/11/17 00:00,2.58,2.27,,1.82,8.61,7.91,,7.94,213.429993,220.759995,,224.419998,6.76,,6.14,,,,1.599,,1.578,1.599,,1.578
2025/11/17 00:00,2.6,2.26,,1.84,8.61,7.92,,7.95,213.679993,220.759995,,224.660004,6.74,,6.13,,,,1.606,,1.583,1.606,,1.583
2025/11/17 00:00,2.6,2.26,,,8.6,7.91,7.98,,213.429993,220.759995,,,6.76,,6.14,,,,1.6,,1.578,1.6,,1.578
2025/11/18 00:00,2.6,2.28,2.07,,8.6,7.92,7.96,,213.429993,221,,,6.74,6.26,,,,,1.614,1.592,,1.614,1.592,
2025/11/18 00:00,2.6,2.28,2.07,,8.59,7.92,7.96,,213.190002,221,223.690002,,6.71,6.24,,,,,1.592,1.589,,1.592,1.589,
2025/11/18 00:00,2.6,2.28,2.07,,8.59,7.91,7.96,,213.190002,221.25,224.179993,,6.7,6.28,,,,,1.593,1.587,,1.593,1.587,
2025/11/18 00:00,2.59,2.27,2.07,,8.58,7.91,7.96,,213.190002,221,224.179993,,6.7,6.22,,,,,1.594,1.588,,1.594,1.588,
2025/11/18 00:00,2.59,2.26,2.07,,8.58,7.92,7.96,,213.429993,221,224.660004,,6.73,6.32,,,,,1.589,1.587,,1.589,1.587,
2025/11/18 00:00,2.6,2.27,,,8.57,7.92,,7.96,213.429993,221,,,6.74,6.25,,,,,1.6,1.591,,1.6,1.591,
2025/11/18 00:00,2.59,2.26,,,8.57,7.91,,7.95,213.190002,221,,,6.73,,6.18,,,,1.61,,1.58,1.61,,1.58
2025/11/18 00:00,2.6,2.26,,,8.57,7.91,,7.95,213.429993,220.759995,,225.639999,6.73,,6.19,,,,1.607,,1.578,1.607,,1.578
2025/11/18 00:00,2.59,2.27,,,8.56,7.92,,7.95,213.429993,220.759995,,225.149994,6.77,,6.18,,,,1.594,,1.583,1.594,,1.583
2025/11/18 00:00,2.59,2.25,,,8.56,7.92,,7.95,213.429993,220.759995,,225.639999,6.73,,6.16,,,,1.602,,1.582,1.602,,1.582
2025/11/18 00:00,2.59,2.27,,,8.55,7.92,,7.94,213.429993,221,,225.889999,6.69,,6.16,,,,1.592,,1.576,1.592,,1.576
2025/11/18 00:00,2.59,2.27,,,8.54,7.91,7.97,,213.679993,220.759995,,,6.75,,6.14,,,,1.611,,1.577,1.611,,1.577
2025/11/18 00:00,2.59,2.27,,,8.54,7.91,7.96,,213.190002,220.759995,,,6.72,6.27,,,,,1.605,1.59,,1.605,1.59,
2025/11/18 00:00,2.58,2.27,,,8.53,7.92,7.96,,213.429993,221,224.660004,,6.73,6.28,,,,,1.6,1.586,,1.6,1.586,
2025/11/18 00:00,2.58,2.26,,,8.52,7.92,7.96,,213.190002,221.25,224.910004,,6.71,6.24,,,,,1.598,1.591,,1.598,1.591,
2025/11/18 00:00,2.59,2.28,,,8.52,7.91,7.96,,213.429993,221,224.910004,,6.72,6.28,,,,,1.598,1.588,,1.598,1.588,
2025/11/18 00:00,2.59,2.27,,,8.52,7.92,7.96,,213.429993,221,225.149994,,6.7,6.25,,,,,1.586,1.593,,1.586,1.593,
2025/11/18 00:00,2.59,2.27,,,8.52,7.91,,7.96,212.940002,221,,,6.68,6.28,,,,,1.593,1.587,,1.593,1.587,
2025/11/18 00:00,2.57,2.27,,,8.5,7.92,,7.95,212.940002,220.759995,,,6.72,,6.19,,,,1.602,,1.579,1.602,,1.579
2025/11/18 00:00,2.57,2.25,,,8.5,7.92,,7.94,213.190002,220.759995,,225.149994,6.72,,6.17,,,,1.599,,1.58,1.599,,1.58
2025/11/18 00:00,2.57,2.26,,,8.49,7.91,,7.95,213.429993,221,,225.889999,6.71,,6.14,,,,1.597,,1.577,1.597,,1.577
2025/11/18 00:00,2.57,2.26,,,8.49,7.91,,7.94,213.679993,221,,225.399994,6.73,,6.2,,,,1.602,,1.575,1.602,,1.575
2025/11/18 00:00,2.58,2.26,,,8.47,7.91,,7.95,213.679993,221,,225.889999,6.72,,6.19,,,,1.602,,1.582,1.602,,1.582
2025/11/18 00:00,2.56,2.26,,,8.46,7.92,7.97,,213.190002,221,,,6.68,,6.18,,,,1.595,,1.578,1.595,,1.578
2025/11/18 00:00,2.56,2.26,2.06,,8.46,7.92,7.96,,213.429993,221,,,6.7,6.31,,,,,1.594,1.586,,1.594,1.586,
2025/11/18 00:00,2.57,2.27,2.06,,8.45,7.92,7.97,,213.429993,221,225.149994,,6.72,6.3,,,,,1.595,1.587,,1.595,1.587,
2025/11/18 00:00,2.57,2.27,2.06,,8.44,7.91,7.96,,213.429993,221,224.660004,,6.72,6.24,,,,,1.597,1.589,,1.597,1.589,
2025/11/18 00:00,2.57,2.27,2.06,,8.43,7.91,7.96,,213.429993,221.25,224.910004,,6.74,6.28,,,,,1.586,1.591,,1.586,1.591,
2025/11/18 00:00,2.56,2.27,2.06,,8.42,7.92,7.96,,213.190002,221,225.149994,,6.74,6.28,,,,,1.606,1.586,,1.606,1.586,
2025/11/18 00:00,2.58,2.26,,,8.41,7.92,,7.96,213.429993,221.490005,,,6.73,6.28,,,,,1.601,1.589,,1.601,1.589,
2025/11/18 00:00,2.58,2.27,,,8.4,7.91,,7.94,213.429993,221,,,6.77,,,,,,1.596,,1.579,1.596,,1.579
2025/11/18 00:00,2.58,2.29,,,8.38,7.91,,7.93,213.429993,221.25,,225.399994,6.73,,6.15,,,,1.591,,1.573,1.591,,1.573
2025/11/18 00:00,2.58,2.28,,,8.38,7.91,,7.93,213.190002,221,,225.149994,6.69,,6.11,,,,1.594,,1.577,1.594,,1.577
2025/11/18 00:00,2.58,2.27,,,8.37,7.92,,7.93,213.190002,221,,224.660004,6.69,,6.06,,,,1.603,,1.577,1.603,,1.577
2025/11/18 00:00,2.58,2.27,,,8.36,7.91,,7.93,213.190002,221,,224.660004,6.66,,6.06,,,,1.599,,1.578,1.599,,1.578
2025/11/18 00:00,2.58,2.26,,,8.35,7.91,7.96,,213.429993,221,,,6.68,,6.07,,,,1.595,1.584,,1.595,1.584,
2025/11/18 00:00,2.58,2.27,,,8.35,7.91,7.96,,213.429993,221,,,6.68,6.24,,,,,1.592,1.593,,1.592,1.593,
2025/11/18 00:00,2.58,2.26,,,8.33,7.9,7.95,,213.679993,221,223.929993,,6.72,6.26,,,,,1.606,1.587,,1.606,1.587,
2025/11/18 00:00,2.58,2.26,,,8.32,7.9,7.96,,213.429993,221,223.929993,,6.74,6.2,,,,,1.593,1.589,,1.593,1.589,
2025/11/18 00:00,2.56,2.26,,,8.3,7.91,7.96,,213.429993,221,223.929993,,6.71,6.25,,,,,1.598,1.589,,1.598,1.589,
2025/11/18 00:00,2.58,2.25,,,8.29,7.91,7.96,,213.429993,220.759995,223.440002,,6.72,6.25,,,,,1.601,1.581,,1.601,1.581,
2025/11/18 00:00,2.57,2.26,,1.83,8.27,7.91,,7.95,213.429993,221.25,,,6.72,6.25,,,,,1.587,1.586,,1.587,1.586,
2025/11/18 00:00,2.58,2.27,,1.83,8.27,7.91,,7.93,213.429993,221,,,6.72,,6.2,,,,1.606,,,1.606,,
2025/11/18 00:00,2.58,2.26,,1.81,8.26,7.91,,7.93,213.429993,220.759995,,224.660004,6.76,,6.14,,,,1.592,,1.579,1.592,,1.579
2025/11/18 00:00,2.58,2.27,,1.81,8.23,7.91,,7.93,213.190002,220.509995,,224.660004,6.76,,6.12,,,,1.6,,1.569,1.6,,1.569
2025/11/18 00:00,2.58,2.26,,1.81,8.22,7.91,,7.92,213.190002,221.25,,224.910004,6.74,,6.1,,,,1.601,,1.573,1.601,,1.573
2025/11/18 00:00,2.58,2.27,,1.81,8.19,7.9,,7.93,213.190002,221,,224.910004,6.72,,6.08,,,,1.611,,1.572,1.611,,1.572
2025/11/18 00:00,2.58,2.28,,,8.18,7.9,7.96,,213.429993,221,,,6.71,,,,,,1.601,,1.573,1.601,,1.573
2025/11/18 00:00,2.58,2.27,,,8.17,7.9,7.95,,213.429993,221,,,6.76,6.22,,,,,1.595,1.592,,1.595,1.592,
2025/11/18 00:00,2.57,2.27,2.05,,8.14,7.9,7.96,,213.429993,220.759995,223.690002,,6.72,6.25,,,,,1.601,1.589,,1.601,1.589,
2025/11/18 00:00,2.57,2.26,2.05,,8.12,7.9,7.96,,213.429993,221,223.440002,,6.69,6.21,,,,,1.598,1.591,,1.598,1.591,
2025/11/18 00:00,2.58,2.26,2.06,,8.12,7.9,7.96,,213.429993,221,223.199997,,6.72,6.23,,,,,1.595,1.587,,1.595,1.587,
2025/11/18 00:00,2.58,2.27,2.06,,8.12,7.9,7.95,,213.429993,221,223.929993,,6.69,6.26,,,,,1.591,1.586,,1.591,1.586,
2025/11/18 00:00,2.57,2.27,,1.83,8.08,7.9,,7.95,213.429993,221.25,,,6.74,6.25,,,,,1.592,1.592,,1.592,1.592,
2025/11/18 00:00,2.58,2.26,,1.83,8.06,7.9,,7.92,213.429993,221,,,6.73,,6.12,,,,1.601,,1.574,1.601,,1.574
2025/11/18 00:00,2.56,2.27,,1.82,8.04,7.9,,7.92,213.190002,221.25,,224.910004,6.75,,6.13,,,,1.603,,1.579,1.603,,1.579
2025/11/18 00:00,2.56,2.26,,1.82,8.03,7.9,,7.92,213.679993,221,,224.910004,6.71,,6.12,,,,1.596,,1.578,1.596,,1.578
2025/11/18 00:00,2.56,2.27,,1.82,8,7.9,,7.92,213.429993,221,,224.910004,6.76,,6.11,,,,1.592,,1.576,1.592,,1.576
2025/11/18 00:00,2.56,2.27,,1.82,7.99,7.89,,7.92,213.429993,221,,224.660004,6.71,,6.09,,,,1.593,,1.578,1.593,,1.578
2025/11/18 00:00,2.54,2.27,,,7.97,7.89,7.96,,213.429993,221,,,6.73,,6.08,,,,1.602,,1.578,1.602,,1.578
2025/11/18 00:00,2.54,2.27,2.07,,7.95,7.89,7.95,,213.919998,221,,,6.71,6.24,,,,,1.593,1.591,,1.593,1.591,
2025/11/18 00:00,1.3,2.27,2.06,,,7.89,7.95,,,221,223.929993,,6.71,6.25,,,,,1.59,1.589,,1.59,1.589,
2025/11/18 00:00,0.46,2.28,2.07,,,7.88,7.95,,,221,223.929993,,6.7,6.25,,,,,1.591,1.587,,1.591,1.587,
2025/11/18 00:00,0.35,2.28,2.07,,,7.88,7.95,,,221,223.690002,,6.7,6.18,,,,,1.594,1.585,,1.594,1.585,
2025/11/18 00:00,0.32,2.28,2.06,,,7.89,7.95,,,221,224.179993,,6.68,6.23,,,,,1.599,1.59,,1.599,1.59,
2025/11/18 00:00,0.93,2.27,,1.82,,7.88,,7.95,,220.759995,,,6.68,6.27,,,,,1.598,1.587,,1.598,1.587,
2025/11/18 00:00,2.24,2.26,,1.82,,7.89,,7.93,,221,,,6.71,,,,,,1.597,,1.574,1.597,,1.574
2025/11/18 00:00,2.8,2.26,,1.82,8.74,7.88,,7.93,,221,,225.399994,6.72,,6.14,,,,1.59,,1.58,1.59,,1.58
2025/11/18 00:00,2.64,2.26,,1.81,8.71,7.88,,7.93,213.190002,221,,225.639999,6.75,,6.14,,,,1.601,,1.576,1.601,,1.576
2025/11/18 00:00,2.59,2.27,,1.82,8.68,7.88,,7.93,213.429993,221,,225.639999,6.69,,6.15,,,,1.593,,1.578,1.593,,1.578
2025/11/18 00:00,2.64,2.26,,1.81,8.64,7.88,,7.94,213.919998,220.759995,,225.639999,6.7,,6.14,,,,1.592,,1.576,1.592,,1.576
2025/11/18 00:00,2.61,2.26,,,8.63,7.9,7.96,,213.429993,220.509995,,,6.67,,6.17,,,,1.588,,1.577,1.588,,1.577
2025/11/18 00:00,2.62,2.25,2.07,,8.63,7.9,7.95,,213.429993,221,,,6.7,6.3,,,,,1.591,1.591,,1.591,1.591,
2025/11/18 00:00,2.61,2.26,2.07,,8.64,7.9,7.95,,213.679993,221.25,224.910004,,6.71,6.22,,,,,1.598,1.592,,1.598,1.592,
2025/11/18 00:00,2.62,2.28,2.08,,8.63,7.9,7.95,,213.429993,221.25,224.660004,,6.65,6.19,,,,,1.596,1.59,,1.596,1.59,
2025/11/18 00:00,2.61,2.28,2.08,,8.62,7.89,7.95,,213.429993,221.25,224.660004,,6.65,6.26,,,,,1.608,1.59,,1.608,1.59,
2025/11/18 00:00,2.6,2.27,2.08,,8.63,7.9,7.95,,213.190002,221.25,224.660004,,6.71,6.21,,,,,1.593,1.59,,1.593,1.59,
2025/11/18 00:00,2.6,2.27,,1.83,8.62,7.9,,7.96,213.679993,220.759995,,,6.69,6.25,,,,,1.597,1.588,,1.597,1.588,
2025/11/18 00:00,2.6,2.27,,1.83,8.62,7.9,,7.93,213.429993,221,,,6.69,,6.17,,,,1.594,,1.576,1.594,,1.576
2025/11/18 00:00,2.6,2.28,,,8.61,7.9,,7.93,213.429993,221,,225.149994,6.67,,6.17,,,,1.595,,1.577,1.595,,1.577
2025/11/18 00:00,2.6,2.27,,,8.61,7.9,,7.93,213.429993,221,,225.639999,6.68,,6.16,,,,1.592,,1.576,1.592,,1.576
2025/11/18 00:00,2.6,2.26,,,8.61,7.9,,7.93,213.429993,220.759995,,225.149994,6.68,,6.13,,,,1.595,,1.581,1.595,,1.581
2025/11/18 00:00,2.6,2.26,,,8.59,7.9,,7.93,213.190002,220.759995,,225.399994,6.68,,6.16,,,,1.596,,1.573,1.596,,1.573
2025/11/18 00:00,2.61,2.25,,,8.59,7.9,7.96,,213.679993,220.509995,,,6.69,,6.14,,,,1.587,,1.576,1.587,,1.576
2025/11/18 00:00,2.6,2.26,,,8.58,7.9,7.95,,212.699997,221,,,6.67,6.27,,,,,1.592,1.589,,1.592,1.589,
2025/11/18 00:00,2.61,2.27,,,8.58,7.9,7.95,,213.190002,220.759995,224.910004,,6.72,6.23,,,,,1.593,1.582,,1.593,1.582,
2025/11/18 00:00,2.61,2.27,,,8.57,7.9,7.95,,213.190002,220.759995,225.149994,,6.68,6.22,,,,,1.59,1.584,,1.59,1.584,
2025/11/18 00:00,2.6,2.26,,,8.57,7.91,7.95,,213.429993,220.509995,224.660004,,6.71,6.23,,,,,1.588,1.59,,1.588,1.59,
2025/11/18 00:00,2.6,2.26,,,8.56,7.91,7.95,,213.190002,221,225.149994,,6.67,6.24,,,,,1.584,1.583,,1.584,1.583,
2025/11/18 00:00,2.61,2.27,,,8.56,7.9,,7.97,213.190002,221,,,6.68,6.26,,,,,1.599,1.59,,1.599,1.59,
2025/11/18 00:00,2.61,2.27,,,8.55,7.9,,7.93,213.190002,221,,,6.7,,,,,,1.598,,1.576,1.598,,1.576
2025/11/18 00:00,2.61,2.28,,,8.55,7.9,,7.92,213.429993,221,,225.889999,6.66,,6.13,,,,1.584,,1.573,1.584,,1.573
2025/11/18 00:00,2.6,2.28,,,8.54,7.91,,7.92,213.429993,220.509995,,225.639999,6.68,,6.09,,,,1.599,,1.565,1.599,,1.565
2025/11/18 00:00,2.59,2.26,,,8.53,7.91,,7.92,212.940002,220.759995,,225.149994,6.68,,6.08,,,,1.587,,1.574,1.587,,1.574
2025/11/18 00:00,2.6,2.27,,,8.53,7.91,,7.92,213.429993,221,,224.660004,6.65,,6.04,,,,1.6,,1.571,1.6,,1.571
2025/11/18 00:00,2.6,2.27,,,8.53,7.91,7.96,,212.940002,221.25,,,6.64,,6.09,,,,1.598,,1.57,1.598,,1.57
2025/11/18 00:00,2.6,2.26,2.07,,8.52,7.91,7.95,,212.940002,221,,,6.65,6.22,,,,,1.585,1.588,,1.585,1.588,
2025/11/18 00:00,2.58,2.26,2.08,,8.52,7.91,7.94,,213.190002,220.759995,223.929993,,6.68,6.23,,,,,1.595,1.581,,1.595,1.581,
2025/11/18 00:00,2.6,2.25,2.08,,8.5,7.9,7.95,,212.940002,221,223.440002,,6.71,6.22,,,,,1.595,1.579,,1.595,1.579,
2025/11/18 00:00,2.6,2.25,2.08,,8.5,7.91,7.95,,212.940002,221.25,224.179993,,6.7,6.23,,,,,1.587,1.581,,1.587,1.581,
2025/11/18 00:00,2.6,2.26,2.08,,8.49,7.91,7.95,,213.190002,221,223.440002,,6.69,6.24,,,,,1.598,1.589,,1.598,1.589,
2025/11/18 00:00,2.6,2.26,,,8.49,7.91,,7.96,212.940002,221.25,,,6.72,,,,,,1.596,1.583,,1.596,1.583,
2025/11/18 00:00,2.57,2.26,,1.84,8.48,7.91,,7.92,213.190002,221,,,6.73,,,,,,1.595,,,1.595,,
2025/11/18 00:00,2.58,2.25,,1.83,8.47,7.92,,7.92,212.940002,221,,224.660004,6.68,,6.13,,,,1.588,,1.576,1.588,,1.576
2025/11/18 00:00,2.58,2.26,,1.83,8.45,7.9,,7.92,212.940002,221.25,,224.660004,6.73,,6.12,,,,1.594,,1.57,1.594,,1.57
2025/11/18 00:00,2.58,2.26,,1.83,8.45,7.9,,7.92,213.679993,221.25,,224.179993,6.72,,6.09,,,,1.594,,1.567,1.594,,1.567
2025/11/18 00:00,2.58,2.26,,1.83,8.44,7.91,,7.92,212.940002,221,,224.660004,6.7,,6.08,,,,1.6,,1.575,1.6,,1.575
2025/11/18 00:00,2.59,2.26,,,8.44,7.91,7.96,,213.190002,221,,,6.69,,6.11,,,,1.596,,1.567,1.596,,1.567
2025/11/18 00:00,2.58,2.26,2.08,,8.43,7.91,7.95,,213.429993,220.759995,,,6.72,6.27,,,,,1.585,1.584,,1.585,1.584,
2025/11/18 00:00,2.58,2.26,2.08,,8.42,7.91,7.95,,212.940002,221,223.690002,,6.73,6.26,,,,,1.594,1.582,,1.594,1.582,
2025/11/18 00:00,2.58,2.27,2.08,,8.41,7.91,7.95,,213.190002,221,224.179993,,6.71,6.25,,,,,1.592,1.586,,1.592,1.586,
2025/11/18 00:00,2.58,2.27,2.08,,8.4,7.9,7.95,,213.429993,221,223.440002,,6.71,6.24,,,,,1.595,1.58,,1.595,1.58,
2025/11/18 00:00,2.59,2.26,2.08,,8.39,7.9,7.95,,213.429993,221,223.440002,,6.74,6.25,,,,,1.583,1.586,,1.583,1.586,
2025/11/18 00:00,2.58,2.26,,,8.38,7.91,,7.96,213.190002,221,,,6.68,6.25,,,,,1.592,1.585,,1.592,1.585,
2025/11/18 00:00,2.59,2.26,,1.84,8.37,7.91,,7.92,213.429993,221,,,6.69,,,,,,1.595,,1.577,1.595,,1.577
2025/11/18 00:00,2.59,2.27,,1.83,8.37,7.91,,7.91,213.429993,220.759995,,224.910004,6.74,,6.11,,,,1.594,,1.574,1.594,,1.574
2025/11/18 00:00,2.59,2.27,,1.83,8.36,7.91,,7.91,213.429993,221,,224.419998,6.69,,6.07,,,,1.593,,1.573,1.593,,1.573
2025/11/18 00:00,2.6,2.26,,1.83,8.34,7.91,,7.92,213.679993,221,,224.660004,6.76,,6.11,,,,1.584,,1.568,1.584,,1.568
2025/11/18 00:00,2.59,2.26,,1.83,8.32,7.91,,7.92,213.429993,221,,224.419998,6.72,,6.07,,,,1.588,,1.566,1.588,,1.566
2025/11/18 00:00,2.58,2.25,,,8.32,7.91,7.96,,213.429993,221,,,6.7,,6.1,,,,1.604,,1.572,1.604,,1.572
2025/11/18 00:00,2.59,2.27,2.08,,8.29,7.91,7.95,,212.940002,220.759995,,,6.72,6.25,,,,,1.596,1.586,,1.596,1.586,
2025/11/18 00:00,2.59,2.27,2.08,,8.29,7.9,7.95,,213.190002,221,223.929993,,6.67,6.27,,,,,1.594,1.587,,1.594,1.587,
2025/11/18 00:00,2.59,2.28,2.08,,8.29,7.9,7.95,,213.190002,221.25,223.929993,,6.66,6.24,,,,,1.588,1.593,,1.588,1.593,
2025/11/18 00:00,2.58,2.29,2.08,,8.25,7.91,7.95,,213.190002,221,223.929993,,6.66,6.21,,,,,1.582,1.59,,1.582,1.59,
2025/11/18 00:00,2.59,2.28,2.08,,8.25,7.91,7.95,,213.679993,221.25,223.929993,,6.7,6.19,,,,,1.6,1.585,,1.6,1.585,
2025/11/18 00:00,2.58,2.28,,,8.23,7.91,,7.96,213.429993,221.25,,,6.64,,,,,,1.583,1.583,,1.583,1.583,
2025/11/18 00:00,2.59,2.27,,1.83,8.21,7.9,,7.92,213.190002,220.759995,,,6.64,,6.15,,,,1.592,,1.577,1.592,,1.577
2025/11/18 00:00,2.58,2.27,,1.82,8.21,7.9,,7.93,212.940002,221.25,,224.910004,6.68,,6.09,,,,1.591,,1.568,1.591,,1.568
2025/11/18 00:00,2.57,2.27,,1.82,8.19,7.91,,7.93,212.940002,221,,225.399994,6.71,,6.14,,,,1.583,,1.573,1.583,,1.573
2025/11/18 00:00,2.57,2.25,,1.82,8.17,7.9,,7.92,213.190002,221,,225.399994,6.68,,6.16,,,,1.587,,1.571,1.587,,1.571
2025/11/18 00:00,2.57,2.26,,1.82,8.15,7.9,,7.93,212.940002,220.759995,,225.639999,6.68,,6.11,,,,1.596,,1.572,1.596,,1.572
2025/11/18 00:00,2.58,2.27,,1.82,8.13,7.9,7.95,,213.429993,221.25,,,6.72,,6.15,,,,1.595,,1.567,1.595,,1.567
2025/11/18 00:00,2.58,2.27,2.08,,8.13,7.9,7.95,,213.429993,221,,,6.67,6.25,,,,,1.59,1.587,,1.59,1.587,
2025/11/18 00:00,2.56,2.27,2.07,,8.12,7.9,7.95,,213.429993,221,224.910004,,6.7,6.21,,,,,1.588,1.589,,1.588,1.589,
2025/11/18 00:00,2.56,2.26,2.08,,8.09,7.9,7.95,,213.429993,221,224.660004,,6.7,6.25,,,,,1.584,1.581,,1.584,1.581,
2025/11/18 00:00,2.56,2.27,2.08,,8.08,7.9,7.95,,213.429993,221,224.419998,,6.64,6.28,,,,,1.59,1.584,,1.59,1.584,
2025/11/18 00:00,2.57,2.27,2.08,,8.06,7.9,7.95,,213.190002,221,224.910004,,6.68,6.25,,,,,1.595,1.587,,1.595,1.587,
2025/11/18 00:00,2.56,2.26,,,8.04,7.9,,7.97,213.429993,221,,,6.66,,,,,,1.587,1.587,,1.587,1.587,
2025/11/18 00:00,2.54,2.27,,1.83,8.03,7.89,,7.93,213.190002,220.759995,,,6.68,,,,,,1.597,,,1.597,,
2025/11/18 00:00,2.54,2.26,,1.83,8.01,7.89,,7.93,213.429993,221,,226.130005,6.65,,6.15,,,,1.597,,1.569,1.597,,1.569
2025/11/18 00:00,2.55,2.27,,1.82,7.99,7.89,,7.93,213.429993,221,,225.399994,6.67,,6.15,,,,1.588,,1.57,1.588,,1.57
2025/11/18 00:00,2.55,2.27,,1.82,7.97,7.9,,7.93,213.429993,220.759995,,226.130005,6.66,,6.12,,,,1.596,,1.57,1.596,,1.57
2025/11/18 00:00,2.55,2.27,,1.82,7.95,7.9,,7.93,213.429993,220.759995,,225.639999,6.67,,6.11,,,,1.598,,1.569,1.598,,1.569
2025/11/18 00:00,2.53,2.27,,,7.94,7.9,7.96,,213.679993,220.759995,,,6.68,,6.14,,,,1.593,,1.571,1.593,,1.571
2025/11/18 00:00,2.52,2.27,2.08,,7.92,7.9,7.97,,213.429993,221,,,6.67,6.25,,,,,1.587,1.585,,1.587,1.585,
2025/11/18 00:00,2.52,2.26,2.08,,7.91,7.89,7.96,,213.190002,220.759995,224.660004,,6.67,6.22,,,,,1.597,1.582,,1.597,1.582,
2025/11/18 00:00,2.53,2.28,,,7.9,7.89,7.93,,213.429993,221,221.979996,,6.63,6.27,,,,,1.588,1.578,,1.588,1.578,
2025/11/18 00:00,2.52,2.28,2.07,,7.89,7.89,7.96,,213.429993,221,223.199997,,6.68,6.28,,,,,1.587,1.604,,1.587,1.604,
2025/11/18 00:00,2.53,2.28,2.06,,7.87,7.89,7.96,,213.429993,220.759995,223.199997,,6.62,6.26,,,,,1.585,1.583,,1.585,1.583,
2025/11/18 00:00,1.63,2.28,,,,7.89,,7.98,,221,,,6.6,,,,,,1.591,1.582,,1.591,1.582,
2025/11/18 00:00,0.53,2.27,,1.82,,7.89,,7.94,,221,,,6.66,,,,,,1.583,,,1.583,,
2025/11/18 00:00,0.35,2.28,,1.82,,7.89,,7.93,,221,,224.179993,6.61,,6.11,,,,1.594,,1.566,1.594,,1.566
2025/11/18 00:00,0.32,2.28,,1.82,,7.88,,7.92,,221,,223.929993,6.54,,6.07,,,,1.588,,1.568,1.588,,1.568
2025/11/18 00:00,0.66,2.28,,1.82,,7.89,,7.93,,220.759995,,223.440002,6.62,,6.07,,,,1.593,,1.569,1.593,,1.569
2025/11/18 00:00,1.96,2.27,,1.82,,7.88,,7.93,,221,,224.179993,6.62,,6.02,,,,1.59,,1.568,1.59,,1.568
2025/11/18 00:00,2.81,2.27,,1.81,8.73,7.88,7.95,,,220.759995,,,6.64,,6.03,,,,1.588,,1.571,1.588,,1.571
2025/11/18 00:00,2.69,2.27,2.07,,8.71,7.88,7.92,,212.699997,220.759995,,,6.61,6.17,,,,,1.592,1.581,,1.592,1.581,
2025/11/18 00:00,2.58,2.27,2.07,,8.67,7.88,7.92,,213.190002,220.759995,222.710007,,6.64,6.19,,,,,1.585,1.584,,1.585,1.584,
2025/11/18 00:00,2.65,2.27,2.08,,8.63,7.87,7.91,,213.429993,220.759995,222.470001,,6.61,6.16,,,,,1.597,1.583,,1.597,1.583,
2025/11/18 00:00,2.62,2.27,2.07,,8.62,7.86,7.9,,213.429993,220.509995,222.949997,,6.61,6.12,,,,,1.586,1.581,,1.586,1.581,
2025/11/18 00:00,2.61,2.27,2.08,,8.62,7.89,7.9,,212.940002,220.759995,222.949997,,6.59,6.12,,,,,1.583,1.579,,1.583,1.579,
2025/11/18 00:00,2.63,2.24,,,8.61,7.89,,7.91,212.699997,220.759995,,,6.59,6.14,,,,,1.599,1.578,,1.599,1.578,
2025/11/18 00:00,2.64,2.28,,1.84,8.6,7.89,,7.91,213.190002,220.509995,,,6.58,,,,,,1.59,,,1.59,,
2025/11/18 00:00,2.61,2.29,,1.83,8.6,7.88,,7.91,212.940002,220.759995,,223.690002,6.61,,,,,,1.592,,1.564,1.592,,1.564
2025/11/18 00:00,2.63,2.29,,1.83,8.6,7.88,,7.9,212.940002,220.759995,,223.440002,6.55,,5.98,,,,1.592,,1.571,1.592,,1.571
2025/11/18 00:00,2.62,2.28,,1.83,8.59,7.89,,7.89,212.940002,220.509995,,223.929993,6.57,,5.94,,,,1.595,,1.565,1.595,,1.565
2025/11/18 00:00,2.61,2.27,,1.83,8.59,7.88,,7.89,212.940002,221,,223.440002,6.54,,5.94,,,,1.587,,1.562,1.587,,1.562
2025/11/18 00:00,2.62,2.28,,1.83,8.58,7.88,7.9,,212.940002,221,,,6.56,,5.96,,,,1.597,,1.565,1.597,,1.565
2025/11/18 00:00,2.61,2.29,2.09,,8.58,7.88,7.86,,213.190002,221,,,6.57,,,,,,1.591,1.584,,1.591,1.584,
2025/11/18 00:00,2.61,2.29,2.06,,8.57,7.88,7.85,,213.190002,220.509995,222.470001,,6.55,6.12,,,,,1.601,1.579,,1.601,1.579,
2025/11/18 00:00,2.61,2.26,2.09,,8.57,7.88,7.84,,213.190002,220.759995,222.470001,,6.57,6.11,,,,,1.591,1.586,,1.591,1.586,
2025/11/18 00:00,2.62,2.24,2.09,,8.54,7.88,7.85,,213.190002,221.490005,222.710007,,6.52,6.09,,,,,1.591,1.581,,1.591,1.581,
2025/11/18 00:00,2.62,2.25,2.09,,8.52,7.88,7.84,,213.679993,221.25,222.470001,,6.6,6.07,,,,,1.597,1.586,,1.597,1.586,
2025/11/18 00:00,2.62,2.27,2.08,,8.52,7.87,,7.86,213.190002,221.490005,,,6.55,6.09,,,,,1.596,,,1.596,,
2025/11/18 00:00,2.62,2.27,,1.84,8.5,7.87,,7.87,213.679993,221.25,,,6.53,,,,,,1.592,,1.579,1.592,,1.579
2025/11/18 00:00,2.62,2.28,,1.84,8.5,7.87,,7.86,213.429993,221.25,,223.690002,6.58,,5.98,,,,1.6,,1.574,1.6,,1.574
2025/11/18 00:00,2.62,2.28,,1.84,8.49,7.87,,7.86,213.679993,221.490005,,223.929993,6.55,,6,,,,1.595,,1.57,1.595,,1.57
2025/11/18 00:00,2.62,2.28,,1.84,8.49,7.87,,7.86,213.429993,221.729996,,223.440002,6.54,,5.95,,,,1.593,,1.575,1.593,,1.575
2025/11/18 00:00,2.62,2.29,,1.84,8.47,7.87,,7.86,213.429993,221.490005,,223.440002,6.58,,5.91,,,,1.598,,1.572,1.598,,1.572
2025/11/18 00:00,2.62,2.29,,1.84,8.46,7.87,7.86,,213.429993,221.490005,,,6.57,,5.94,,,,1.588,,1.571,1.588,,1.571
2025/11/18 00:00,2.61,2.29,2.09,,8.46,7.87,7.84,,213.429993,221.490005,,,6.58,6,,,,,1.591,1.584,,1.591,1.584,
2025/11/18 00:00,2.62,2.28,2.09,,8.45,7.86,7.84,,213.919998,221.490005,222.710007,,6.53,6.03,,,,,1.591,1.584,,1.591,1.584,
2025/11/18 00:00,2.62,2.27,2.09,,8.45,7.86,7.85,,213.919998,221.490005,222.710007,,6.57,6.03,,,,,1.586,1.581,,1.586,1.581,
2025/11/18 00:00,2.62,2.3,2.09,,8.44,7.86,7.84,,213.429993,221.25,222.470001,,6.55,6.1,,,,,1.591,1.581,,1.591,1.581,
2025/11/18 00:00,2.6,2.29,2.08,,8.43,7.86,7.85,,213.919998,221.25,222.710007,,6.55,6.05,,,,,1.591,1.588,,1.591,1.588,
2025/11/18 00:00,2.61,2.28,2.08,,8.42,7.85,,7.86,213.679993,221.729996,,,6.56,6.1,,,,,1.586,,,1.586,,
2025/11/18 00:00,2.6,2.28,,1.84,8.42,7.86,,7.84,213.919998,221.490005,,,6.56,6.1,,,,,1.592,,1.574,1.592,,1.574
2025/11/18 00:00,2.6,2.27,,1.84,8.4,7.86,,7.83,214.160004,221.979996,,223.929993,6.59,,6.04,,,,1.589,,1.573,1.589,,1.573
2025/11/18 00:00,2.6,2.28,,1.83,8.39,7.86,,7.84,213.679993,221.729996,,223.929993,6.58,,6,,,,1.589,,1.572,1.589,,1.572
2025/11/18 00:00,2.6,2.28,,1.83,8.39,7.86,,7.83,213.679993,221.979996,,223.929993,6.58,,5.97,,,,1.591,,1.573,1.591,,1.573
2025/11/18 00:00,2.6,2.28,,1.83,8.38,7.86,,7.83,213.919998,221.729996,,223.690002,6.54,,6,,,,1.583,,1.566,1.583,,1.566
2025/11/18 00:00,2.6,2.29,,1.83,8.37,7.86,7.84,,214.160004,221.729996,,,6.57,,5.97,,,,1.586,,1.572,1.586,,1.572
2025/11/18 00:00,2.59,2.28,2.08,,8.37,7.87,7.86,,213.679993,221.729996,,,6.59,,,,,,1.588,1.583,,1.588,1.583,
2025/11/18 00:00,2.59,2.28,2.08,,8.36,7.87,7.86,,213.679993,221.729996,222.710007,,6.59,6.15,,,,,1.586,1.587,,1.586,1.587,
2025/11/18 00:00,2.59,2.29,2.08,,8.35,7.87,7.87,,213.429993,221.979996,222.710007,,6.59,6.16,,,,,1.592,1.582,,1.592,1.582,
2025/11/18 00:00,2.59,2.29,2.09,,8.35,7.86,7.87,,213.679993,221.979996,223.199997,,6.61,6.15,,,,,1.581,1.585,,1.581,1.585,
2025/11/18 00:00,2.6,2.29,2.09,,8.33,7.86,7.88,,213.429993,221.729996,222.949997,,6.59,6.12,,,,,1.59,1.579,,1.59,1.579,
2025/11/18 00:00,2.59,2.28,2.08,,8.31,7.86,,7.88,213.679993,221.25,,,6.6,6.12,,,,,1.586,1.583,,1.586,1.583,
2025/11/18 00:00,2.59,2.28,,1.84,8.3,7.87,,7.85,213.919998,221.729996,,,6.57,,6.1,,,,1.591,,1.573,1.591,,1.573
2025/11/18 00:00,2.59,2.28,,1.83,8.29,7.87,,7.85,213.679993,221.25,,223.690002,6.6,,6.02,,,,1.59,,1.569,1.59,,1.569
2025/11/18 00:00,2.6,2.29,,1.83,8.28,7.87,,7.85,213.919998,221.490005,,224.179993,6.59,,6.01,,,,1.594,,1.571,1.594,,1.571
2025/11/18 00:00,2.59,2.28,,1.82,8.27,7.86,,7.85,213.429993,221.490005,,223.929993,6.6,,5.99,,,,1.595,,1.572,1.595,,1.572
2025/11/18 00:00,2.59,2.29,,1.83,8.26,7.87,,7.85,213.919998,221.25,,224.419998,6.57,,6.05,,,,1.594,,1.574,1.594,,1.574
2025/11/18 00:00,2.58,2.28,,1.83,8.24,7.87,7.86,,213.919998,221.979996,,,6.59,,6.04,,,,1.592,,1.57,1.592,,1.57
2025/11/18 00:00,2.59,2.28,2.09,,8.23,7.87,7.89,,213.679993,221.25,,,6.62,,,,,,1.59,1.58,,1.59,1.58,
2025/11/18 00:00,2.59,2.29,2.08,,8.22,7.86,7.89,,213.919998,221.729996,224.660004,,6.59,6.1,,,,,1.584,1.58,,1.584,1.58,
2025/11/18 00:00,2.6,2.28,2.1,,8.2,7.86,7.89,,213.919998,221.490005,224.910004,,6.6,6.12,,,,,1.598,1.582,,1.598,1.582,
2025/11/18 00:00,2.59,2.3,2.09,,8.19,7.86,7.89,,213.679993,221.25,224.419998,,6.58,6.11,,,,,1.591,1.576,,1.591,1.576,
2025/11/18 00:00,2.59,2.29,2.1,,8.18,7.86,7.89,,213.679993,221.490005,224.910004,,6.54,6.11,,,,,1.591,1.581,,1.591,1.581,
2025/11/18 00:00,2.59,2.3,2.1,,8.16,7.86,,7.89,213.919998,221.25,,,6.54,6.16,,,,,1.589,1.583,,1.589,1.583,
2025/11/18 00:00,2.59,2.3,,,8.14,7.86,,7.87,213.919998,221.490005,,,6.54,6.11,,,,,1.586,,,1.586,,
2025/11/18 00:00,2.59,2.29,,1.82,8.14,7.86,,7.87,213.429993,221.490005,,225.399994,6.59,,,,,,1.588,,1.563,1.588,,1.563
2025/11/18 00:00,2.58,2.28,,1.84,8.11,7.86,,7.86,213.919998,221,,225.399994,6.53,,5.99,,,,1.587,,1.564,1.587,,1.564
2025/11/18 00:00,2.58,2.29,,1.84,8.09,7.86,,7.86,213.919998,221.490005,,225.149994,6.51,,5.94,,,,1.6,,1.565,1.6,,1.565
2025/11/18 00:00,2.59,2.28,,1.82,8.08,7.86,,7.86,213.919998,221.25,,225.149994,6.58,,5.97,,,,1.59,,1.567,1.59,,1.567
2025/11/18 00:00,2.59,2.28,,1.83,8.06,7.86,7.87,,213.679993,221.490005,,,6.59,,5.94,,,,1.595,,1.564,1.595,,1.564
2025/11/18 00:00,2.59,2.27,2.08,,8.05,7.86,7.9,,213.679993,221.25,,,6.59,,,,,,1.59,1.58,,1.59,1.58,
2025/11/18 00:00,2.59,2.27,2.09,,8.04,7.86,7.9,,213.919998,221.25,223.440002,,6.57,6.14,,,,,1.59,1.577,,1.59,1.577,
2025/11/18 00:00,2.58,2.28,2.09,,8.02,7.86,7.9,,213.919998,221.25,223.929993,,6.58,6.16,,,,,1.593,1.581,,1.593,1.581,
2025/11/18 00:00,2.57,2.27,2.09,,8,7.86,7.89,,213.679993,221.25,223.929993,,6.59,6.14,,,,,1.593,1.575,,1.593,1.575,
2025/11/18 00:00,2.57,2.29,2.08,,7.99,7.86,7.9,,213.679993,221.490005,224.179993,,6.56,6.11,,,,,1.577,1.587,,1.577,1.587,
2025/11/18 00:00,2.57,2.29,2.09,,7.98,7.86,,7.9,213.429993,221.25,,,6.59,6.16,,,,,1.59,1.583,,1.59,1.583,
2025/11/18 00:00,2.57,2.28,,1.86,7.96,7.85,,7.88,213.919998,221.25,,,6.6,,,,,,1.584,,,1.584,,
2025/11/18 00:00,2.56,2.28,,1.85,7.94,7.86,,7.87,213.429993,220.759995,,224.660004,6.57,,6.01,,,,1.581,,1.569,1.581,,1.569
2025/11/18 00:00,2.55,2.28,,1.86,7.93,7.86,,7.88,213.919998,221.25,,224.660004,6.59,,5.99,,,,1.589,,1.565,1.589,,1.565
2025/11/18 00:00,2.55,2.28,,1.85,7.91,7.85,,7.87,213.919998,221.490005,,224.910004,6.58,,5.94,,,,1.59,,1.566,1.59,,1.566
2025/11/18 00:00,2.55,2.28,,1.83,7.9,7.85,,7.87,213.679993,221.490005,,224.419998,6.55,,5.95,,,,1.594,,1.569,1.594,,1.569
2025/11/18 00:00,2.55,2.28,,1.84,7.88,7.85,7.88,,213.679993,220.759995,,,6.61,,5.98,,,,1.583,,1.566,1.583,,1.566
2025/11/18 00:00,2.55,2.27,2.09,,7.88,7.85,7.91,,213.919998,221,,,6.6,,,,,,1.593,1.582,,1.593,1.582,
2025/11/18 00:00,1.94,2.28,2.08,,,7.85,7.91,,,220.759995,223.929993,,6.59,6.15,,,,,1.58,1.584,,1.58,1.584,
2025/11/18 00:00,0.57,2.27,2.08,,,7.85,7.91,,,220.759995,223.690002,,6.6,6.12,,,,,1.593,1.582,,1.593,1.582,
2025/11/18 00:00,0.38,2.28,2.09,,,7.85,7.92,,,221,223.690002,,6.62,6.18,,,,,1.593,1.58,,1.593,1.58,
2025/11/18 00:00,0.34,2.28,2.09,,,7.85,7.92,,,221,223.929993,,6.55,6.18,,,,,1.585,1.584,,1.585,1.584,
2025/11/18 00:00,0.88,2.27,2.1,,,7.85,,7.91,,221,,,6.59,6.14,,,,,1.595,,,1.595,,
2025/11/18 00:00,2.23,2.28,,,,7.84,,7.88,,221,,,6.61,,,,,,1.59,,1.572,1.59,,1.572
2025/11/18 00:00,2.8,2.28,,1.84,8.74,7.85,,7.88,212.210007,221,,224.660004,6.59,,6.06,,,,1.586,,1.564,1.586,,1.564
2025/11/18 00:00,2.64,2.28,,1.85,8.72,7.85,,7.88,212.210007,221,,224.910004,6.6,,5.99,,,,1.584,,1.572,1.584,,1.572
2025/11/18 00:00,2.6,2.28,,1.84,8.69,7.85,,7.88,212.699997,220.759995,,223.929993,6.62,,6.01,,,,1.598,,1.565,1.598,,1.565
2025/11/18 00:00,2.64,2.28,,1.85,8.65,7.85,,7.88,212.699997,221,,224.660004,6.61,,5.96,,,,1.582,,1.559,1.582,,1.559
2025/11/18 00:00,2.61,2.28,,1.84,8.64,7.87,7.89,,213.190002,220.509995,,,6.63,,5.98,,,,1.595,,1.562,1.595,,1.562
2025/11/18 00:00,2.62,2.26,2.09,,8.64,7.87,7.91,,213.190002,221,,,6.6,,,,,,1.592,1.579,,1.592,1.579,
2025/11/18 00:00,2.62,2.26,2.08,,8.63,7.87,7.92,,212.940002,221.25,223.440002,,6.57,6.15,,,,,1.586,1.579,,1.586,1.579,
2025/11/18 00:00,2.61,2.28,2.08,,8.63,7.87,7.92,,212.449997,221,223.440002,,6.66,6.15,,,,,1.586,1.583,,1.586,1.583,
2025/11/18 00:00,2.61,2.28,2.08,,8.63,7.87,7.91,,212.449997,220.759995,223.929993,,6.63,6.17,,,,,1.586,1.576,,1.586,1.576,
2025/11/18 00:00,2.61,2.3,2.08,,8.62,7.86,7.92,,212.449997,221,224.179993,,6.59,6.15,,,,,1.587,1.58,,1.587,1.58,
2025/11/18 00:00,2.6,2.3,2.09,,8.62,7.88,,7.92,212.449997,220.759995,,,6.57,,,,,,1.591,,,1.591,,
2025/11/18 00:00,2.6,2.28,,,8.62,7.88,,7.89,212.449997,221,,,6.63,,,,,,1.593,,1.576,1.593,,1.576
2025/11/18 00:00,2.61,2.29,,,8.61,7.88,,7.89,212.449997,221,,224.910004,6.67,,6.05,,,,1.593,,1.568,1.593,,1.568
2025/11/18 00:00,2.61,2.28,,,8.61,7.88,,7.9,212.449997,221,,225.149994,6.58,,6.03,,,,1.592,,1.562,1.592,,1.562
2025/11/18 00:00,2.61,2.27,,,8.61,7.88,,7.9,212.699997,221,,225.399994,6.6,,6.02,,,,1.588,,1.568,1.588,,1.568
2025/11/18 00:00,2.6,2.27,,,8.6,7.88,,7.9,212.449997,220.509995,,225.149994,6.65,,6.04,,,,1.593,,1.567,1.593,,1.567
2025/11/18 00:00,2.61,2.26,,,8.6,7.89,7.9,,212.449997,221.25,,,6.62,,6.06,,,,1.59,,1.561,1.59,,1.561
2025/11/18 00:00,2.61,2.27,,,8.59,7.88,7.92,,212.699997,221,,,6.61,,,,,,1.6,1.581,,1.6,1.581,
2025/11/18 00:00,2.61,2.27,2.06,,8.59,7.88,7.93,,212.210007,221,224.910004,,6.67,6.16,,,,,1.602,1.579,,1.602,1.579,
2025/11/18 00:00,2.61,2.27,2.07,,8.58,7.88,7.93,,212.449997,221,224.660004,,6.67,6.19,,,,,1.587,1.576,,1.587,1.576,
2025/11/18 00:00,2.59,2.27,2.07,,8.59,7.89,7.93,,212.449997,221,224.660004,,6.64,6.18,,,,,1.587,1.579,,1.587,1.579,
2025/11/18 00:00,2.59,2.27,2.08,,8.58,7.89,7.94,,212.699997,221,225.149994,,6.61,6.18,,,,,1.598,1.582,,1.598,1.582,
2025/11/18 00:00,2.59,2.27,2.08,,8.57,7.88,,7.93,212.210007,221,,,6.65,6.17,,,,,1.596,1.577,,1.596,1.577,
2025/11/18 00:00,2.59,2.28,,,8.57,7.88,,7.9,212.449997,220.759995,,,6.63,,6.18,,,,1.597,,1.572,1.597,,1.572
2025/11/18 00:00,2.59,2.27,,1.82,8.57,7.88,,7.91,212.699997,220.759995,,225.639999,6.66,,6.05,,,,1.599,,1.564,1.599,,1.564
2025/11/18 00:00,2.58,2.27,,1.83,8.57,7.89,,7.9,211.970001,221,,225.639999,6.66,,6.01,,,,1.603,,1.567,1.603,,1.567
2025/11/18 00:00,2.58,2.27,,1.82,8.56,7.89,,7.91,212.449997,220.759995,,225.639999,6.65,,6.06,,,,1.595,,1.564,1.595,,1.564
2025/11/18 00:00,2.58,2.26,,1.82,8.56,7.89,,7.9,211.970001,221,,226.130005,6.64,,6.01,,,,1.603,,1.565,1.603,,1.565
2025/11/18 00:00,2.58,2.28,,1.82,8.56,7.89,7.9,,212.449997,221,,,6.66,,6.05,,,,1.6,,1.563,1.6,,1.563
2025/11/18 00:00,2.59,2.27,2.08,,8.55,7.89,7.94,,212.449997,221,,,6.63,,,,,,1.598,1.581,,1.598,1.581,
2025/11/18 00:00,2.58,2.27,2.07,,8.55,7.89,7.94,,212.210007,221,224.910004,,6.7,6.15,,,,,1.595,1.577,,1.595,1.577,
2025/11/18 00:00,2.57,2.27,2.07,,8.54,7.89,7.93,,212.449997,221,224.910004,,6.65,6.18,,,,,1.596,1.578,,1.596,1.578,
2025/11/18 00:00,2.57,2.27,2.07,,8.53,7.89,7.94,,212.699997,221.25,224.910004,,6.71,6.22,,,,,1.603,1.578,,1.603,1.578,
2025/11/18 00:00,2.57,2.27,2.07,,8.52,7.89,7.94,,211.970001,221,224.660004,,6.72,6.17,,,,,1.593,1.572,,1.593,1.572,
2025/11/18 00:00,2.57,2.28,2.07,,8.51,7.9,,7.93,211.970001,221,,,6.68,6.16,,,,,1.593,1.585,,1.593,1.585,
2025/11/18 00:00,2.58,2.27,,,8.51,7.89,,7.9,211.970001,221,,,6.68,,,,,,1.596,,1.569,1.596,,1.569
2025/11/18 00:00,2.56,2.28,,,8.51,7.9,,7.91,212.449997,221,,226.130005,6.69,,6.02,,,,1.603,,1.568,1.603,,1.568
2025/11/18 00:00,2.57,2.26,,,8.5,7.9,,7.91,212.449997,221,,226.369995,6.69,,6.02,,,,1.595,,1.57,1.595,,1.57
2025/11/18 00:00,2.57,2.28,,,8.49,7.89,,7.9,212.699997,220.759995,,225.889999,6.66,,6.05,,,,1.601,,1.566,1.601,,1.566
2025/11/18 00:00,2.57,2.29,,,8.48,7.89,,7.9,212.210007,220.759995,,225.639999,6.65,,5.95,,,,1.602,,1.564,1.602,,1.564
2025/11/18 00:00,2.58,2.28,,,8.48,7.9,7.9,,212.210007,220.509995,,,6.68,,5.95,,,,1.599,,1.568,1.599,,1.568
2025/11/18 00:00,2.57,2.27,,,8.47,7.89,7.94,,212.449997,220.759995,,,6.64,,,,,,1.59,1.574,,1.59,1.574,
2025/11/18 00:00,2.57,2.26,,,8.47,7.9,7.94,,212.449997,220.509995,223.929993,,6.7,6.19,,,,,1.601,1.583,,1.601,1.583,
2025/11/18 00:00,2.57,2.27,,,8.45,7.9,7.94,,212.210007,220.759995,223.929993,,6.68,6.16,,,,,1.591,1.578,,1.591,1.578,
2025/11/18 00:00,2.57,2.27,,,8.46,7.9,7.94,,212.210007,220.759995,223.199997,,6.68,6.12,,,,,1.603,1.576,,1.603,1.576,
2025/11/18 00:00,2.57,2.26,,,8.44,7.9,7.94,,212.210007,220.509995,224.179993,,6.71,6.13,,,,,1.597,1.581,,1.597,1.581,
2025/11/18 00:00,2.57,2.26,,,8.43,7.9,,7.94,212.210007,220.509995,,,6.7,6.18,,,,,1.605,1.582,,1.605,1.582,
2025/11/18 00:00,2.57,2.26,,,8.43,7.9,,7.9,212.210007,220.759995,,,6.72,,,,,,1.604,,1.567,1.604,,1.567
2025/11/18 00:00,2.57,2.27,,1.82,8.42,7.9,,7.9,212.210007,220.509995,,224.910004,6.7,,6.02,,,,1.605,,1.571,1.605,,1.571
2025/11/18 00:00,2.57,2.27,,1.83,8.41,7.9,,7.91,212.210007,220.509995,,224.910004,6.74,,6,,,,1.603,,1.564,1.603,,1.564
2025/11/18 00:00,2.57,2.27,,1.83,8.41,7.9,,7.9,212.449997,221,,224.910004,6.72,,5.98,,,,1.606,,1.568,1.606,,1.568
2025/11/18 00:00,2.56,2.27,,1.83,8.39,7.9,,7.91,212.940002,220.509995,,224.660004,6.72,,6,,,,1.605,,1.562,1.605,,1.562
2025/11/18 00:00,2.57,2.26,,1.82,8.38,7.9,7.91,,212.449997,220.509995,,,6.76,,5.97,,,,1.602,,1.565,1.602,,1.565
2025/11/19 00:00,2.57,2.27,2.08,,8.37,7.9,7.95,,212.210007,220.509995,,,6.75,,,,,,1.6,1.573,,1.6,1.573,
2025/11/19 00:00,2.57,2.28,2.08,,8.35,7.9,7.94,,212.699997,220.509995,223.440002,,6.75,6.18,,,,,1.599,1.584,,1.599,1.584,
2025/11/19 00:00,2.56,2.27,2.08,,8.35,7.9,7.95,,212.210007,220.759995,223.690002,,6.72,6.17,,,,,1.603,1.58,,1.603,1.58,
2025/11/19 00:00,2.56,2.27,2.08,,8.34,7.89,7.95,,212.699997,220.759995,223.440002,,6.74,6.16,,,,,1.606,1.579,,1.606,1.579,
2025/11/19 00:00,2.55,2.27,2.08,,8.33,7.9,7.95,,212.699997,220.759995,223.440002,,6.69,6.17,,,,,1.602,1.576,,1.602,1.576,
2025/11/19 00:00,2.55,2.26,2.09,,8.31,7.9,,7.95,212.449997,220.759995,,,6.76,6.18,,,,,1.609,1.576,,1.609,1.576,
2025/11/19 00:00,2.56,2.27,,,8.3,7.9,,7.91,212.449997,220.759995,,,6.76,,,,,,1.605,,1.574,1.605,,1.574
2025/11/19 00:00,2.56,2.26,,1.85,8.29,7.9,,7.9,212.449997,220.509995,,225.149994,6.74,,6.05,,,,1.607,,1.562,1.607,,1.562
2025/11/19 00:00,2.56,2.27,,1.85,8.28,7.89,,7.91,212.449997,220.509995,,224.419998,6.75,,6.03,,,,1.603,,1.562,1.603,,1.562
2025/11/19 00:00,2.56,2.28,,1.85,8.27,7.9,,7.91,212.449997,220.759995,,224.660004,6.74,,6,,,,1.603,,1.566,1.603,,1.566
2025/11/19 00:00,2.56,2.26,,1.85,8.25,7.9,,7.91,212.449997,220.759995,,224.910004,6.73,,5.97,,,,1.613,,1.562,1.613,,1.562
2025/11/19 00:00,2.56,2.27,,1.85,8.23,7.9,7.9,,212.699997,220.759995,,,6.79,,5.96,,,,1.607,,1.569,1.607,,1.569
2025/11/19 00:00,2.57,2.27,2.09,,8.23,7.9,7.94,,212.449997,220.509995,,,6.75,6.04,,,,,1.613,1.576,,1.613,1.576,
2025/11/19 00:00,2.57,2.27,2.08,,8.19,7.9,7.94,,212.449997,220.270004,223.690002,,6.73,6.2,,,,,1.604,1.579,,1.604,1.579,
2025/11/19 00:00,2.55,2.27,2.08,,8.17,7.9,7.95,,212.699997,220.509995,223.690002,,6.75,6.17,,,,,1.609,1.581,,1.609,1.581,
2025/11/19 00:00,2.56,2.27,2.07,,8.17,7.9,7.95,,212.699997,221,223.690002,,6.76,6.2,,,,,1.597,1.584,,1.597,1.584,
2025/11/19 00:00,2.56,2.27,2.08,,8.16,7.9,7.95,,212.699997,220.759995,223.440002,,6.75,6.13,,,,,1.609,1.581,,1.609,1.581,
2025/11/19 00:00,2.56,2.3,,,8.12,7.89,,,212.699997,220.509995,,,6.73,6.18,,,,,1.606,1.584,,1.606,1.584,
2025/11/19 00:00,2.56,2.29,,,8.11,7.9,,7.91,212.940002,220.509995,,,6.74,,,,,,1.609,,,1.609,,
2025/11/19 00:00,2.56,2.27,,1.81,8.09,7.89,,7.91,212.449997,220.759995,,,6.73,,6.07,,,,1.61,,1.566,1.61,,1.566
2025/11/19 00:00,2.54,2.27,,1.81,8.05,7.89,,7.91,212.699997,221,,225.889999,6.74,,6.07,,,,1.606,,1.567,1.606,,1.567
2025/11/19 00:00,2.55,2.26,,1.81,8.05,7.89,,7.92,212.699997,220.509995,,225.149994,6.78,,6.05,,,,1.618,,1.562,1.618,,1.562
2025/11/19 00:00,2.54,2.27,,1.81,8.03,7.89,,7.91,212.699997,220.509995,,225.639999,6.77,,6.06,,,,1.617,,1.557,1.617,,1.557
2025/11/19 00:00,2.55,2.28,,1.81,8.01,7.89,,7.92,212.699997,220.509995,,225.639999,6.75,,6.03,,,,1.605,,1.558,1.605,,1.558
2025/11/19 00:00,2.54,2.28,2.08,,7.99,7.89,7.95,,212.699997,220.759995,,,6.73,,,,,,1.612,,,1.612,,
2025/11/19 00:00,2.22,2.28,2.08,,,7.89,7.95,,,220.509995,,,6.75,6.21,,,,,1.616,1.585,,1.616,1.585,
2025/11/19 00:00,0.61,2.27,2.08,,,7.9,7.96,,,220.759995,224.910004,,6.77,6.22,,,,,1.606,1.587,,1.606,1.587,
2025/11/19 00:00,0.37,2.28,2.08,,,7.89,7.95,,,220.759995,224.419998,,6.75,6.2,,,,,1.612,1.585,,1.612,1.585,
2025/11/19 00:00,0.33,2.28,2.09,,,7.89,7.96,,,220.759995,224.660004,,6.78,6.21,,,,,1.608,1.586,,1.608,1.586,
2025/11/19 00:00,0.69,2.28,2.09,,,7.89,7.96,,,220.509995,224.419998,,6.79,6.19,,,,,1.603,1.581,,1.603,1.581,
2025/11/19 00:00,2.02,2.28,,,,7.89,,7.92,,220.509995,,,6.73,,,,,,1.61,,,1.61,,
2025/11/19 00:00,2.83,2.28,,1.84,8.75,7.89,,7.92,,220.509995,,,6.74,,6.06,,,,1.607,,1.564,1.607,,1.564
2025/11/19 00:00,2.69,2.28,,1.83,8.72,7.89,,7.92,,220.509995,,225.639999,6.74,,6.02,,,,1.609,,1.572,1.609,,1.572
2025/11/19 00:00,2.6,2.28,,1.83,8.68,7.88,,7.92,212.699997,220.759995,,225.639999,6.72,,6.03,,,,1.611,,1.562,1.611,,1.562
2025/11/19 00:00,2.65,2.28,,1.83,8.65,7.88,,7.92,212.940002,220.509995,,225.149994,6.75,,6.06,,,,1.609,,1.567,1.609,,1.567
2025/11/19 00:00,2.61,2.27,,1.83,8.64,7.89,,7.92,212.449997,220.270004,,225.639999,6.73,,6.02,,,,1.605,,1.561,1.605,,1.561
2025/11/19 00:00,2.62,2.26,2.08,,8.63,7.91,7.96,,212.449997,220.759995,,,6.74,,,,,,1.606,,1.569,1.606,,1.569
2025/11/19 00:00,2.62,2.25,2.08,,8.63,7.9,7.96,,212.449997,220.509995,,,6.78,6.2,,,,,1.617,1.583,,1.617,1.583,
2025/11/19 00:00,2.62,2.27,2.08,,8.63,7.9,7.96,,212.449997,220.759995,224.660004,,6.8,6.23,,,,,1.612,1.583,,1.612,1.583,
2025/11/19 00:00,2.62,2.28,2.08,,8.63,7.9,7.96,,212.449997,220.509995,224.660004,,6.77,6.23,,,,,1.614,1.584,,1.614,1.584,
2025/11/19 00:00,2.6,2.27,2.09,,8.63,7.9,7.96,,212.699997,220.759995,224.419998,,6.78,6.23,,,,,1.624,1.584,,1.624,1.584,
2025/11/19 00:00,2.61,2.27,2.09,,8.63,7.91,7.96,,212.449997,220.759995,224.419998,,6.77,6.2,,,,,1.606,1.585,,1.606,1.585,
2025/11/19 00:00,2.61,2.26,,,8.62,7.91,,7.93,212.449997,220.509995,,,6.78,6.2,,,,,1.616,,,1.616,,
2025/11/19 00:00,2.61,2.27,,1.83,8.61,7.91,,7.92,212.210007,220.509995,,,6.78,,6.05,,,,1.61,,1.567,1.61,,1.567
2025/11/19 00:00,2.61,2.27,,1.84,8.61,7.91,,7.92,212.449997,220.270004,,225.889999,6.81,,6.06,,,,1.619,,1.559,1.619,,1.559
2025/11/19 00:00,2.61,2.27,,1.85,8.61,7.91,,7.92,212.699997,221,,226.619995,6.83,,6.06,,,,1.61,,1.568,1.61,,1.568
2025/11/19 00:00,2.62,2.28,,1.85,8.6,7.91,,7.92,212.699997,220.509995,,225.639999,6.78,,6.04,,,,1.614,,1.562,1.614,,1.562
2025/11/19 00:00,2.62,2.28,,1.85,8.61,7.91,,7.92,212.699997,220.759995,,225.639999,6.8,,5.96,,,,1.612,,1.561,1.612,,1.561
2025/11/19 00:00,2.62,2.28,2.1,,8.59,7.92,7.96,,212.210007,220.509995,,,6.78,,5.99,,,,1.608,,1.565,1.608,,1.565
2025/11/19 00:00,2.62,2.28,2.09,,8.59,7.92,7.96,,212.449997,220.509995,,,6.73,6.21,,,,,1.612,1.582,,1.612,1.582,
2025/11/19 00:00,2.62,2.27,2.09,,8.58,7.91,7.96,,212.210007,220.509995,223.929993,,6.79,6.18,,,,,1.616,1.584,,1.616,1.584,
2025/11/19 00:00,2.61,2.27,2.09,,8.58,7.92,7.96,,212.210007,220.509995,223.690002,,6.77,6.17,,,,,1.621,1.587,,1.621,1.587,
2025/11/19 00:00,2.61,2.25,2.08,,8.58,7.92,7.96,,212.210007,220.759995,223.440002,,6.83,6.21,,,,,1.614,1.584,,1.614,1.584,
2025/11/19 00:00,2.61,2.26,2.09,,8.57,7.92,7.96,,212.210007,220.759995,224.179993,,6.78,6.16,,,,,1.623,1.588,,1.623,1.588,
2025/11/19 00:00,2.62,2.26,,,8.57,7.92,,7.93,212.449997,220.509995,,,6.84,6.19,,,,,1.617,1.582,,1.617,1.582,
2025/11/19 00:00,2.61,2.26,,,8.56,7.92,,7.92,212.449997,220.509995,,,6.85,,6.04,,,,1.615,,1.562,1.615,,1.562
2025/11/19 00:00,2.6,2.25,,,8.56,7.92,,7.92,212.449997,220.509995,,224.660004,6.83,,6.01,,,,1.619,,1.561,1.619,,1.561
2025/11/19 00:00,2.61,2.25,,,8.56,7.92,,7.92,212.210007,220.759995,,224.910004,6.8,,6.01,,,,1.621,,1.563,1.621,,1.563
2025/11/19 00:00,2.6,2.26,,,8.55,7.93,,7.92,211.970001,220.759995,,224.660004,6.82,,6,,,,1.622,,1.56,1.622,,1.56
2025/11/19 00:00,2.61,2.27,,,8.54,7.92,,7.91,212.449997,220.759995,,224.660004,6.81,,6.02,,,,1.616,,1.562,1.616,,1.562
2025/11/19 00:00,2.6,2.27,,,8.54,7.92,7.96,,212.449997,220.509995,,,6.83,,6.03,,,,1.614,,1.57,1.614,,1.57
2025/11/19 00:00,2.61,2.26,,,8.54,7.92,7.96,,212.699997,220.509995,,,6.86,6.21,,,,,1.623,1.585,,1.623,1.585,
2025/11/19 00:00,2.6,2.27,,,8.53,7.93,7.96,,212.699997,220.509995,223.440002,,6.84,6.22,,,,,1.617,1.595,,1.617,1.595,
2025/11/19 00:00,2.6,2.26,,,8.52,7.92,7.96,,212.940002,220.759995,223.440002,,6.86,6.24,,,,,1.616,1.582,,1.616,1.582,
2025/11/19 00:00,2.6,2.27,,,8.51,7.92,7.96,,212.699997,220.509995,223.440002,,6.85,6.22,,,,,1.622,1.587,,1.622,1.587,
2025/11/19 00:00,2.59,2.27,,,8.51,7.92,7.96,,212.210007,220.759995,223.690002,,6.83,6.25,,,,,1.609,1.583,,1.609,1.583,
2025/11/19 00:00,2.6,2.26,,,8.51,7.92,,7.92,212.449997,220.759995,,,6.88,6.24,,,,,1.625,1.591,,1.625,1.591,
2025/11/19 00:00,2.58,2.26,,,8.5,7.93,,7.93,212.449997,220.759995,,,6.83,,6.06,,,,1.621,,1.561,1.621,,1.561
2025/11/19 00:00,2.59,2.26,,,8.5,7.93,,7.92,212.210007,220.509995,,224.419998,6.89,,6.05,,,,1.632,,1.565,1.632,,1.565
2025/11/19 00:00,2.59,2.25,,,8.5,7.94,,7.92,211.970001,220.509995,,224.660004,6.86,,6,,,,1.619,,1.559,1.619,,1.559
2025/11/19 00:00,2.59,2.27,,,8.49,7.93,,7.93,212.210007,220.509995,,224.419998,6.87,,6.01,,,,1.622,,1.561,1.622,,1.561
2025/11/19 00:00,2.58,2.26,,,8.48,7.92,,7.93,212.449997,220.270004,,224.910004,6.9,,5.98,,,,1.616,,1.561,1.616,,1.561
2025/11/19 00:00,2.58,2.27,,,8.47,7.93,7.96,,212.210007,220.759995,,,6.9,,6.04,,,,1.631,,1.562,1.631,,1.562
2025/11/19 00:00,2.59,2.26,,,8.47,7.93,7.96,,212.449997,220.759995,,,6.81,6.23,,,,,1.626,1.587,,1.626,1.587,
2025/11/19 00:00,2.58,2.26,,,8.46,7.93,7.96,,211.970001,220.509995,223.690002,,6.89,6.18,,,,,1.622,1.589,,1.622,1.589,
2025/11/19 00:00,2.58,2.27,,,8.45,7.93,7.97,,212.210007,220.759995,223.199997,,6.87,6.24,,,,,1.621,1.587,,1.621,1.587,
2025/11/19 00:00,2.58,2.26,,,8.44,7.92,7.97,,212.699997,220.759995,223.440002,,6.88,6.24,,,,,1.616,1.589,,1.616,1.589,
2025/11/19 00:00,2.59,2.27,,,8.43,7.93,7.96,,212.210007,220.759995,223.690002,,6.86,6.25,,,,,1.614,1.59,,1.614,1.59,
2025/11/19 00:00,2.58,2.28,,1.83,8.43,7.93,,7.94,212.210007,220.509995,,,6.89,6.18,,,,,1.625,1.588,,1.625,1.588,
2025/11/19 00:00,2.59,2.26,,1.82,8.42,7.92,,7.93,212.210007,220.509995,,,6.85,,6.08,,,,1.625,,1.569,1.625,,1.569
2025/11/19 00:00,2.59,2.27,,1.82,8.41,7.93,,7.94,212.210007,220.509995,,225.149994,6.86,,6.02,,,,1.634,,1.565,1.634,,1.565
2025/11/19 00:00,2.59,2.26,,1.83,8.41,7.93,,7.94,212.210007,220.759995,,225.399994,6.83,,6.05,,,,1.627,,1.569,1.627,,1.569
2025/11/19 00:00,2.59,2.26,,1.83,8.39,7.92,,7.94,212.699997,220.759995,,225.149994,6.88,,6.07,,,,1.63,,1.564,1.63,,1.564
2025/11/19 00:00,2.59,2.26,,1.83,8.38,7.93,,7.94,212.699997,220.509995,,225.149994,6.86,,6.07,,,,1.629,,1.566,1.629,,1.566
2025/11/19 00:00,2.59,2.26,2.09,,8.36,7.94,7.97,,212.449997,220.509995,,,6.84,,6.08,,,,1.621,,1.564,1.621,,1.564
2025/11/19 00:00,2.58,2.26,2.08,,8.36,7.94,7.97,,212.699997,220.509995,,,6.85,6.24,,,,,1.621,1.591,,1.621,1.591,
2025/11/19 00:00,2.59,2.27,2.08,,8.36,7.92,7.98,,212.210007,220.759995,224.179993,,6.85,6.28,,,,,1.628,1.59,,1.628,1.59,
2025/11/19 00:00,2.59,2.27,2.09,,8.34,7.93,7.97,,211.970001,220.270004,224.660004,,6.83,6.27,,,,,1.62,1.591,,1.62,1.591,
2025/11/19 00:00,2.57,2.26,2.09,,8.34,7.92,7.97,,212.699997,220.270004,224.179993,,6.89,6.24,,,,,1.63,1.588,,1.63,1.588,
2025/11/19 00:00,2.57,2.25,2.09,,8.31,7.92,7.97,,212.210007,220.509995,224.179993,,6.86,6.27,,,,,1.622,1.593,,1.622,1.593,
2025/11/19 00:00,2.59,2.26,,,8.3,7.93,,7.94,212.940002,220.759995,,,6.86,,,,,,1.631,1.596,,1.631,1.596,
2025/11/19 00:00,2.59,2.27,,1.86,8.29,7.92,,7.94,212.449997,220.759995,,,6.86,,6.01,,,,1.625,,1.566,1.625,,1.566
2025/11/19 00:00,2.59,2.27,,1.84,8.28,7.92,,7.94,212.449997,220.759995,,225.149994,6.86,,6.03,,,,1.625,,1.565,1.625,,1.565
2025/11/19 00:00,2.58,2.27,,1.85,8.27,7.93,,7.94,212.699997,220.020004,,225.639999,6.82,,6.04,,,,1.621,,1.567,1.621,,1.567
2025/11/19 00:00,2.57,2.26,,1.84,8.25,7.93,,7.94,212.210007,220.759995,,224.910004,6.87,,6.06,,,,1.634,,1.566,1.634,,1.566
2025/11/19 00:00,2.57,2.27,,1.84,8.24,7.93,,7.94,212.210007,220.759995,,225.639999,6.87,,6.08,,,,1.633,,1.563,1.633,,1.563
2025/11/19 00:00,2.57,2.26,2.08,,8.23,7.93,7.98,,212.210007,220.509995,,,6.87,,,,,,1.631,,1.56,1.631,,1.56
2025/11/19 00:00,2.57,2.26,2.07,,8.21,7.93,7.97,,212.699997,220.509995,,,6.86,6.25,,,,,1.625,1.591,,1.625,1.591,
2025/11/19 00:00,2.57,2.25,2.07,,8.18,7.93,7.97,,212.699997,220.759995,224.419998,,6.88,6.26,,,,,1.621,1.585,,1.621,1.585,
2025/11/19 00:00,2.57,2.25,2.07,,8.18,7.92,7.97,,212.699997,220.759995,224.419998,,6.88,6.27,,,,,1.639,1.59,,1.639,1.59,
2025/11/19 00:00,2.57,2.26,2.08,,8.15,7.92,7.98,,212.699997,220.759995,224.910004,,6.9,6.24,,,,,1.627,1.593,,1.627,1.593,
2025/11/19 00:00,2.57,2.27,2.08,,8.14,7.92,7.98,,212.210007,220.509995,224.910004,,6.89,6.27,,,,,1.629,1.593,,1.629,1.593,
2025/11/19 00:00,2.57,2.26,,,8.14,7.92,,7.95,212.699997,220.759995,,,6.86,,,,,,1.636,1.598,,1.636,1.598,
2025/11/19 00:00,2.55,2.26,,1.84,8.1,7.93,,7.94,212.449997,220.509995,,,6.87,,6.06,,,,1.621,,1.565,1.621,,1.565
2025/11/19 00:00,2.55,2.26,,1.84,8.07,7.92,,7.94,212.699997,220.509995,,226.130005,6.9,,6.04,,,,1.637,,1.567,1.637,,1.567
2025/11/19 00:00,2.53,2.26,,1.84,8.07,7.92,,7.94,212.699997,220.509995,,225.639999,6.9,,6.04,,,,1.628,,1.568,1.628,,1.568
2025/11/19 00:00,2.55,2.27,,1.86,8.04,7.92,,7.94,212.940002,221,,226.619995,6.89,,6.08,,,,1.636,,1.565,1.636,,1.565
2025/11/19 00:00,2.55,2.28,,1.83,8.03,7.92,,7.93,212.699997,220.509995,,225.399994,6.87,,6.05,,,,1.635,,1.561,1.635,,1.561
2025/11/19 00:00,2.56,2.28,2.07,,8.01,7.92,7.97,,212.210007,220.509995,,,6.84,,5.98,,,,1.63,,1.569,1.63,,1.569
2025/11/19 00:00,2.33,2.27,2.08,,,7.91,7.98,,,220.759995,,,6.87,6.25,,,,,1.634,1.595,,1.634,1.595,
2025/11/19 00:00,0.64,2.26,2.08,,,7.91,7.97,,,220.509995,223.929993,,6.87,6.26,,,,,1.635,1.59,,1.635,1.59,
2025/11/19 00:00,0.37,2.26,2.08,,,7.91,7.97,,,220.759995,224.179993,,6.88,6.25,,,,,1.62,1.594,,1.62,1.594,
2025/11/19 00:00,0.33,2.26,2.08,,,7.91,7.97,,,220.509995,223.690002,,6.85,6.23,,,,,1.632,1.596,,1.632,1.596,
2025/11/19 00:00,0.62,2.26,2.08,,,7.91,7.97,,,220.759995,223.440002,,6.92,6.27,,,,,1.625,1.592,,1.625,1.592,
2025/11/19 00:00,1.94,2.25,,1.86,,7.91,,7.93,,220.270004,,,6.93,6.26,,,,,1.626,1.593,,1.626,1.593,
2025/11/19 00:00,2.81,2.25,,1.85,8.74,7.91,,7.93,,220.759995,,,6.92,,,,,,1.633,,1.564,1.633,,1.564
2025/11/19 00:00,2.68,2.25,,1.85,8.71,7.92,,7.93,211.479996,220.509995,,224.419998,6.92,,6.04,,,,1.624,,1.565,1.624,,1.565
2025/11/19 00:00,2.57,2.26,,1.85,8.67,7.91,,7.93,212.210007,220.759995,,224.660004,6.92,,6.03,,,,1.624,,1.565,1.624,,1.565
2025/11/19 00:00,2.63,2.26,,1.85,8.64,7.91,,7.93,212.449997,220.270004,,224.419998,6.93,,6.02,,,,1.626,,1.561,1.626,,1.561
2025/11/19 00:00,2.6,2.26,,1.85,8.63,7.91,,7.93,212.449997,220.270004,,224.660004,6.91,,6,,,,1.639,,1.556,1.639,,1.556
2025/11/19 00:00,2.61,2.26,2.1,,8.62,7.93,7.97,,212.210007,220.509995,,,6.95,,6,,,,1.631,,1.562,1.631,,1.562
2025/11/19 00:00,2.6,2.24,2.09,,8.62,7.93,7.97,,211.970001,220.509995,,,6.94,6.28,,,,,1.63,1.594,,1.63,1.594,
2025/11/19 00:00,2.6,2.27,2.09,,8.62,7.92,7.98,,212.449997,220.270004,223.440002,,6.91,6.28,,,,,1.63,1.594,,1.63,1.594,
2025/11/19 00:00,2.6,2.27,2.09,,8.61,7.93,7.98,,212.210007,220.270004,223.199997,,6.92,6.27,,,,,1.632,1.591,,1.632,1.591,
2025/11/19 00:00,2.59,2.26,2.09,,8.61,7.92,7.98,,212.210007,220.270004,223.690002,,6.91,6.31,,,,,1.629,1.596,,1.629,1.596,
2025/11/19 00:00,2.59,2.26,2.09,,8.61,7.94,7.97,,212.210007,220.509995,223.199997,,6.88,6.3,,,,,1.643,1.596,,1.643,1.596,
2025/11/19 00:00,2.59,2.26,,,8.6,7.93,,7.94,212.210007,220.509995,,,6.93,,,,,,1.635,1.599,,1.635,1.599,
2025/11/19 00:00,2.6,2.27,,1.85,8.6,7.93,,7.93,212.210007,220.020004,,,6.93,,,,,,1.633,,1.564,1.633,,1.564
2025/11/19 00:00,2.6,2.27,,1.85,8.6,7.93,,7.94,212.210007,220.270004,,224.660004,6.93,,6.05,,,,1.636,,1.569,1.636,,1.569
2025/11/19 00:00,2.6,2.26,,1.85,8.59,7.93,,7.94,212.210007,220.020004,,224.419998,6.9,,5.99,,,,1.635,,1.566,1.635,,1.566
2025/11/19 00:00,2.59,2.27,,1.85,8.58,7.94,,7.94,212.210007,220.020004,,224.660004,6.94,,6.03,,,,1.634,,1.567,1.634,,1.567
2025/11/19 00:00,2.6,2.25,,1.85,8.58,7.93,,7.93,212.210007,220.020004,,224.419998,6.93,,6.03,,,,1.625,,1.565,1.625,,1.565
2025/11/19 00:00,2.6,2.27,2.09,,8.57,7.93,7.97,,212.210007,220.270004,,,6.93,,6.01,,,,1.641,,1.567,1.641,,1.567
2025/11/19 00:00,2.6,2.27,2.08,,8.57,7.93,7.97,,212.210007,220.270004,,,6.94,6.31,,,,,1.636,1.595,,1.636,1.595,
2025/11/19 00:00,2.6,2.26,2.08,,8.57,7.94,7.97,,212.449997,220.020004,223.199997,,6.93,6.28,,,,,1.64,1.597,,1.64,1.597,
2025/11/19 00:00,2.59,2.26,2.09,,8.56,7.94,7.98,,212.210007,220.270004,223.440002,,6.94,6.27,,,,,1.635,1.598,,1.635,1.598,
2025/11/19 00:00,2.6,2.25,2.09,,8.56,7.94,7.97,,211.970001,220.509995,222.949997,,6.97,6.3,,,,,1.624,1.596,,1.624,1.596,
2025/11/19 00:00,2.59,2.26,2.09,,8.55,7.93,7.97,,212.210007,220.270004,223.690002,,6.96,6.32,,,,,1.632,1.597,,1.632,1.597,
2025/11/19 00:00,2.6,2.29,,,8.55,7.93,,7.94,211.970001,220.020004,,,6.94,6.31,,,,,1.633,1.603,,1.633,1.603,
2025/11/19 00:00,2.6,2.28,,1.85,8.54,7.94,,7.94,211.970001,220.020004,,,6.89,,6.08,,,,1.634,,1.559,1.634,,1.559
2025/11/19 00:00,2.59,2.27,,1.83,8.53,7.94,,7.94,212.210007,220.020004,,224.419998,6.9,,6.09,,,,1.637,,1.565,1.637,,1.565
2025/11/19 00:00,2.59,2.27,,1.85,8.53,7.94,,7.94,212.210007,220.270004,,224.910004,6.88,,6.07,,,,1.623,,1.563,1.623,,1.563
2025/11/19 00:00,2.59,2.26,,1.85,8.53,7.94,,7.94,212.210007,220.020004,,224.419998,6.91,,6.06,,,,1.641,,1.565,1.641,,1.565
2025/11/19 00:00,2.59,2.27,,1.85,8.52,7.95,,7.94,211.720001,220.020004,,224.419998,6.94,,6.04,,,,1.63,,1.566,1.63,,1.566
2025/11/19 00:00,2.59,2.26,2.09,,8.51,7.94,7.98,,211.479996,220.270004,,,6.9,,6.06,,,,1.635,,1.564,1.635,,1.564
2025/11/19 00:00,2.57,2.25,2.08,,8.51,7.94,7.97,,211.720001,220.270004,,,6.95,6.32,,,,,1.64,1.594,,1.64,1.594,
2025/11/19 00:00,2.58,2.26,2.08,,8.5,7.95,7.98,,212.210007,220.759995,223.690002,,6.89,6.31,,,,,1.634,1.601,,1.634,1.601,
2025/11/19 00:00,2.57,2.26,2.08,,8.5,7.94,7.98,,212.210007,220.270004,223.929993,,6.95,6.32,,,,,1.631,1.596,,1.631,1.596,
2025/11/19 00:00,2.58,2.27,2.09,,8.5,7.94,7.98,,212.210007,220.509995,223.929993,,6.93,6.32,,,,,1.641,1.598,,1.641,1.598,
2025/11/19 00:00,2.58,2.27,2.08,,8.48,7.95,7.98,,211.720001,220.509995,224.660004,,6.94,6.34,,,,,1.635,1.599,,1.635,1.599,
2025/11/19 00:00,2.58,2.26,,,8.48,7.94,,7.94,212.210007,220.270004,,,6.93,6.34,,,,,1.638,1.603,,1.638,1.603,
2025/11/19 00:00,2.56,2.26,,1.85,8.48,7.95,,7.94,212.210007,220.020004,,,6.94,,6.06,,,,1.633,,1.568,1.633,,1.568
2025/11/19 00:00,2.56,2.25,,1.86,8.47,7.95,,7.94,212.210007,220.759995,,225.639999,6.93,,6.09,,,,1.634,,1.564,1.634,,1.564
2025/11/19 00:00,2.57,2.26,,1.85,8.46,7.95,,7.95,212.210007,220.509995,,225.639999,6.96,,6.1,,,,1.632,,1.565,1.632,,1.565
2025/11/19 00:00,2.57,2.27,,1.85,8.45,7.95,,7.95,212.449997,219.779999,,225.399994,6.96,,6.06,,,,1.639,,1.568,1.639,,1.568
2025/11/19 00:00,2.57,2.26,,1.85,8.45,7.94,,7.95,212.210007,220.509995,,225.399994,6.92,,6.1,,,,1.643,,1.568,1.643,,1.568
2025/11/19 00:00,2.56,2.27,2.1,,8.43,7.95,7.99,,211.970001,220.270004,,,6.96,,6.06,,,,1.644,,1.568,1.644,,1.568
2025/11/19 00:00,2.56,2.26,2.09,,8.43,7.94,7.99,,212.210007,220.270004,,,6.95,6.39,,,,,1.637,1.599,,1.637,1.599,
2025/11/19 00:00,2.56,2.26,2.09,,8.41,7.95,7.98,,212.210007,220.509995,224.660004,,6.95,6.34,,,,,1.633,1.602,,1.633,1.602,
2025/11/19 00:00,2.57,2.27,2.08,,8.41,7.95,7.98,,212.210007,220.020004,224.179993,,6.94,6.32,,,,,1.64,1.601,,1.64,1.601,
2025/11/19 00:00,2.57,2.26,2.07,,8.4,7.95,7.98,,212.210007,220.759995,224.179993,,6.94,6.38,,,,,1.637,1.603,,1.637,1.603,
2025/11/19 00:00,2.56,2.26,2.07,,8.39,7.95,7.99,,212.210007,220.020004,224.660004,,6.94,6.35,,,,,1.639,1.604,,1.639,1.604,
2025/11/19 00:00,2.56,2.26,,1.83,8.38,7.94,,7.95,212.210007,220.759995,,,6.95,6.35,,,,,1.637,1.6,,1.637,1.6,
2025/11/19 00:00,2.57,2.26,,1.79,8.37,7.94,,7.95,212.210007,220.270004,,,6.98,,6.05,,,,1.645,,1.567,1.645,,1.567
2025/11/19 00:00,2.57,2.27,,1.8,8.36,7.94,,7.95,212.449997,220.270004,,225.149994,6.96,,6.11,,,,1.639,,1.571,1.639,,1.571
2025/11/19 00:00,2.57,2.27,,1.83,8.35,7.95,,7.94,212.210007,220.270004,,225.639999,6.91,,6.07,,,,1.648,,1.56,1.648,,1.56
2025/11/19 00:00,2.58,2.26,,1.84,8.34,7.95,,7.95,212.210007,220.270004,,224.910004,6.94,,6.05,,,,1.638,,1.567,1.638,,1.567
2025/11/19 00:00,2.58,2.27,,1.85,8.32,7.95,,7.95,212.210007,220.509995,,225.639999,6.97,,6.08,,,,1.631,,1.569,1.631,,1.569
2025/11/19 00:00,2.56,2.27,2.09,,8.31,7.95,7.98,,211.720001,220.270004,224.910004,,6.97,,6.03,,,,1.636,,1.564,1.636,,1.564
2025/11/19 00:00,2.57,2.28,2.09,,8.3,7.95,7.98,,212.210007,220.020004,223.690002,,6.93,6.31,,,,,1.638,1.607,,1.638,1.607,
2025/11/19 00:00,2.56,2.27,2.09,,8.29,7.95,7.98,,212.449997,220.270004,223.690002,,6.9,6.32,,,,,1.645,1.6,,1.645,1.6,
2025/11/19 00:00,2.56,2.26,2.08,,8.28,7.95,7.99,,212.449997,220.270004,223.440002,,7,6.33,,,,,1.643,1.6,,1.643,1.6,
2025/11/19 00:00,2.57,2.26,2.09,,8.27,7.95,7.98,,212.210007,220.270004,223.440002,,6.94,6.34,,,,,1.646,1.601,,1.646,1.601,
2025/11/19 00:00,2.56,2.25,2.09,,8.26,7.95,7.98,,212.210007,220.270004,223.199997,,6.98,6.33,,,,,1.646,1.595,,1.646,1.595,
2025/11/19 00:00,2.57,2.26,,,8.26,7.94,,7.94,212.210007,220.020004,,,6.98,,,,,,1.646,1.6,,1.646,1.6,
2025/11/19 00:00,2.56,2.27,,1.86,8.24,7.95,,7.94,211.970001,220.270004,,224.660004,6.98,,6.09,,,,1.629,,1.566,1.629,,1.566
2025/11/19 00:00,2.57,2.27,,1.85,8.23,7.95,,7.94,212.449997,220.270004,,224.910004,6.97,,6.04,,,,1.641,,1.564,1.641,,1.564
2025/11/19 00:00,2.56,2.26,,1.86,8.22,7.94,,7.94,212.210007,220.020004,,224.419998,6.94,,6.05,,,,1.639,,1.568,1.639,,1.568
2025/11/19 00:00,2.57,2.27,,1.85,8.2,7.94,,7.94,212.449997,220.270004,,224.179993,6.94,,6,,,,1.645,,1.565,1.645,,1.565
2025/11/19 00:00,2.57,2.26,,1.85,8.18,7.94,,7.95,212.210007,220.270004,,224.179993,6.96,,6.03,,,,1.646,,1.565,1.646,,1.565
2025/11/19 00:00,2.56,2.28,2.1,,8.17,7.94,7.99,,212.210007,220.020004,,224.910004,6.97,,5.99,,,,1.646,,1.564,1.646,,1.564
2025/11/19 00:00,2.56,2.27,2.09,,8.16,7.94,7.99,,212.449997,220.270004,223.199997,,6.95,6.34,,,,,1.643,1.603,,1.643,1.603,
2025/11/19 00:00,2.57,2.27,2.09,,8.14,7.94,7.99,,212.210007,220.020004,223.199997,,6.98,6.35,,,,,1.644,1.602,,1.644,1.602,
2025/11/19 00:00,2.55,2.27,2.09,,8.13,7.94,7.99,,212.210007,220.270004,222.949997,,6.95,6.34,,,,,1.638,1.606,,1.638,1.606,
2025/11/19 00:00,2.56,2.26,2.1,,8.11,7.94,7.99,,212.210007,220.270004,222.949997,,6.99,6.29,,,,,1.639,1.604,,1.639,1.604,
2025/11/19 00:00,2.55,2.27,2.1,,8.1,7.93,7.99,,212.210007,220.270004,222.949997,,7,6.36,,,,,1.643,1.601,,1.643,1.601,
2025/11/19 00:00,2.56,2.27,,,8.08,7.93,,7.95,212.210007,220.270004,,,6.95,6.34,,,,,1.64,1.605,,1.64,1.605,
2025/11/19 00:00,2.56,2.27,,1.84,8.07,7.93,,7.95,212.210007,220.020004,,224.910004,6.95,,,,,,1.648,,1.571,1.648,,1.571
2025/11/19 00:00,2.55,2.27,,1.82,8.06,7.94,,7.95,212.210007,219.779999,,224.179993,6.97,,6.02,,,,1.632,,1.571,1.632,,1.571
2025/11/19 00:00,2.54,2.26,,1.81,8.05,7.94,,7.94,212.210007,220.020004,,224.660004,6.93,,5.98,,,,1.652,,1.567,1.652,,1.567
2025/11/19 00:00,2.55,2.27,,1.8,8.03,7.94,,7.94,212.210007,220.020004,,224.419998,6.93,,5.95,,,,1.64,,1.564,1.64,,1.564
2025/11/19 00:00,2.55,2.27,,1.8,8.02,7.94,,7.94,212.449997,220.270004,,223.929993,6.94,,5.92,,,,1.645,,1.563,1.645,,1.563
2025/11/19 00:00,2.54,2.27,,,7.99,7.93,7.99,,211.970001,220.270004,,224.660004,6.92,,5.92,,,,1.643,,1.567,1.643,,1.567
2025/11/19 00:00,2.56,2.27,,,,7.94,7.98,,,220.020004,222.949997,,6.96,6.35,,,,,1.642,1.605,,1.642,1.605,
2025/11/19 00:00,0.92,2.27,,,,7.93,7.99,,,220.270004,222.710007,,6.96,6.32,,,,,1.646,1.602,,1.646,1.602,
2025/11/19 00:00,0.4,2.26,2.08,,,7.94,7.99,,,220.270004,222.710007,,6.93,6.36,,,,,1.639,1.606,,1.639,1.606,
2025/11/19 00:00,0.34,2.27,2.09,,,7.93,7.99,,,220.270004,222.470001,,6.94,6.33,,,,,1.642,1.605,,1.642,1.605,
2025/11/19 00:00,0.31,2.27,2.1,,,7.93,7.98,,,220.509995,222.710007,,6.94,6.33,,,,,1.636,1.601,,1.636,1.601,
2025/11/19 00:00,1.37,2.26,,,,7.93,,7.95,,220.270004,,,6.94,6.33,,,,,1.638,1.613,,1.638,1.613,
2025/11/19 00:00,2.72,2.28,,1.84,,7.93,,7.95,,220.270004,,223.929993,6.96,,6.09,,,,1.644,,1.567,1.644,,1.567
2025/11/19 00:00,2.74,2.27,,1.85,,7.93,,7.95,,220.270004,,224.660004,6.93,,6.09,,,,1.648,,1.568,1.648,,1.568
2025/11/19 00:00,2.59,2.26,,1.85,,7.92,,7.96,,220.020004,,224.419998,6.95,,6.1,,,,1.649,,1.57,1.649,,1.57
2025/11/19 00:00,2.63,2.26,,1.84,,7.93,,7.95,,220.270004,,224.910004,6.94,,6.12,,,,1.638,,1.566,1.638,,1.566
2025/11/19 00:00,2.64,2.26,,1.84,,7.92,,7.95,,220.020004,,224.910004,6.95,,6.08,,,,1.646,,1.57,1.646,,1.57
2025/11/19 00:00,2.62,2.26,2.09,,8.63,7.95,8,,211.970001,220.270004,,225.149994,6.93,,6.07,,,,1.648,,1.569,1.648,,1.569
2025/11/19 00:00,2.62,2.24,2.09,,8.63,7.94,7.99,,212.210007,220.270004,223.690002,,6.95,6.39,,,,,1.649,1.602,,1.649,1.602,
2025/11/19 00:00,2.61,2.26,2.09,,8.62,7.95,8,,212.449997,220.020004,223.929993,,6.96,6.38,,,,,1.645,1.608,,1.645,1.608,
2025/11/19 00:00,2.61,2.27,2.1,,8.62,7.94,8,,212.210007,220.020004,223.440002,,6.93,6.38,,,,,1.644,1.61,,1.644,1.61,
2025/11/19 00:00,2.6,2.26,2.09,,8.61,7.94,8,,212.449997,220.020004,223.440002,,6.92,6.43,,,,,1.651,1.611,,1.651,1.611,
2025/11/19 00:00,2.61,2.26,2.1,,8.6,7.95,7.99,,212.449997,220.020004,223.929993,,6.96,6.41,,,,,1.636,1.605,,1.636,1.605,
2025/11/19 00:00,2.6,2.26,,,8.61,7.94,,7.96,212.210007,220.270004,,,6.97,,,,,,1.642,1.605,,1.642,1.605,
2025/11/19 00:00,2.6,2.27,,1.86,8.6,7.95,,7.95,211.720001,220.020004,,225.639999,6.93,,6.08,,,,1.647,,1.569,1.647,,1.569
2025/11/19 00:00,2.6,2.26,,1.85,8.6,7.95,,7.96,211.970001,220.020004,,224.910004,6.97,,6.11,,,,1.644,,1.57,1.644,,1.57
2025/11/19 00:00,2.61,2.26,,1.85,8.59,7.95,,7.96,211.970001,220.020004,,225.399994,6.97,,6.09,,,,1.634,,1.569,1.634,,1.569
2025/11/19 00:00,2.61,2.27,,1.85,8.59,7.95,,7.96,211.720001,220.270004,,225.149994,6.94,,6.1,,,,1.642,,1.57,1.642,,1.57
2025/11/19 00:00,2.61,2.25,,1.84,8.58,7.95,,7.96,212.210007,220.270004,,224.910004,6.98,,6.08,,,,1.646,,1.564,1.646,,1.564
2025/11/19 00:00,2.61,2.26,2.09,,8.58,7.95,8,,212.210007,220.020004,,225.639999,7,,6.08,,,,1.648,,1.568,1.648,,1.568
2025/11/19 00:00,2.61,2.26,2.1,,8.57,7.95,8,,211.720001,220.270004,223.929993,,6.96,6.36,,,,,1.645,1.607,,1.645,1.607,
2025/11/19 00:00,2.61,2.26,2.09,,8.57,7.96,8,,211.720001,220.509995,223.929993,,6.94,6.4,,,,,1.644,1.61,,1.644,1.61,
2025/11/19 00:00,2.6,2.26,2.1,,8.56,7.96,8,,211.970001,220.270004,224.179993,,7.02,6.37,,,,,1.653,1.608,,1.653,1.608,
2025/11/19 00:00,2.6,2.25,2.1,,8.57,7.96,8,,211.970001,220.270004,223.929993,,6.99,6.42,,,,,1.643,1.605,,1.643,1.605,
2025/11/19 00:00,2.6,2.25,2.1,,8.56,7.96,8,,211.479996,220.020004,223.690002,,7,6.37,,,,,1.642,1.609,,1.642,1.609,
2025/11/19 00:00,2.6,2.26,,,8.55,7.95,,7.96,211.970001,220.270004,,,7,6.39,,,,,1.652,1.612,,1.652,1.612,
2025/11/19 00:00,2.6,2.25,,1.86,8.55,7.95,,7.96,212.210007,220.020004,,225.149994,6.98,,6.14,,,,1.645,,1.575,1.645,,1.575
2025/11/19 00:00,2.6,2.26,,1.85,8.54,7.95,,7.96,211.970001,220.270004,,225.149994,6.98,,6.08,,,,1.648,,1.571,1.648,,1.571
2025/11/19 00:00,2.59,2.26,,1.86,8.53,7.96,,7.96,211.720001,220.270004,,224.910004,7,,6.07,,,,1.656,,1.573,1.656,,1.573
2025/11/19 00:00,2.6,2.24,,1.84,8.54,7.96,,7.96,212.210007,220.020004,,224.910004,6.98,,6.14,,,,1.644,,1.572,1.644,,1.572
2025/11/19 00:00,2.6,2.25,,1.85,8.54,7.96,,7.96,212.210007,220.270004,,225.639999,7.02,,6.06,,,,1.648,,1.574,1.648,,1.574
2025/11/19 00:00,2.6,2.26,2.09,,8.52,7.96,8,,212.210007,220.270004,,225.399994,7.01,,6.1,,,,1.643,,1.567,1.643,,1.567
2025/11/19 00:00,2.6,2.27,2.1,,8.52,7.96,8,,212.210007,220.509995,224.179993,,6.98,6.39,,,,,1.645,1.609,,1.645,1.609,
2025/11/19 00:00,2.58,2.25,2.1,,8.52,7.96,8,,211.970001,220.020004,223.690002,,6.96,6.4,,,,,1.654,1.613,,1.654,1.613,
2025/11/19 00:00,2.59,2.24,2.1,,8.51,7.97,8,,212.210007,220.020004,223.440002,,7.03,6.42,,,,,1.661,1.616,,1.661,1.616,
2025/11/19 00:00,2.6,2.24,2.1,,8.51,7.96,8,,212.449997,220.020004,223.199997,,7.01,6.41,,,,,1.644,1.608,,1.644,1.608,
2025/11/19 00:00,2.59,2.25,2.1,,8.5,7.95,8,,212.210007,220.020004,223.440002,,7.02,6.41,,,,,1.653,1.617,,1.653,1.617,
2025/11/19 00:00,2.59,2.25,,,8.49,7.95,,7.96,212.210007,220.020004,,,7.01,,,,,,1.646,1.614,,1.646,1.614,
2025/11/19 00:00,2.57,2.25,,1.86,8.49,7.96,,7.96,212.210007,219.539993,,224.419998,7.01,,,,,,1.655,,1.569,1.655,,1.569
2025/11/19 00:00,2.58,2.24,,1.86,8.49,7.96,,7.96,212.210007,220.270004,,224.660004,7,,6.09,,,,1.654,,1.573,1.654,,1.573
2025/11/19 00:00,2.58,2.25,,1.86,8.47,7.96,,7.96,212.210007,220.270004,,224.419998,7.04,,6.06,,,,1.65,,1.571,1.65,,1.571
2025/11/19 00:00,2.58,2.26,,1.87,8.47,7.96,,7.96,212.210007,220.270004,,224.179993,7.03,,6.03,,,,1.651,,1.567,1.651,,1.567
2025/11/19 00:00,2.58,2.25,,1.86,8.46,7.96,,7.96,212.210007,220.020004,,224.179993,7.08,,6.07,,,,1.647,,1.572,1.647,,1.572
2025/11/19 00:00,2.57,2.25,2.1,,8.45,7.96,8,,212.210007,219.539993,,,7.06,,6.03,,,,1.65,,1.574,1.65,,1.574
2025/11/19 00:00,2.57,2.25,2.1,,8.44,7.96,8,,212.210007,220.020004,223.199997,,7.05,6.42,,,,,1.647,1.614,,1.647,1.614,
2025/11/19 00:00,2.58,2.25,2.1,,8.44,7.96,8,,212.210007,220.020004,222.710007,,7.06,6.4,,,,,1.643,1.616,,1.643,1.616,
2025/11/19 00:00,2.58,2.26,2.1,,8.43,7.97,8,,212.210007,220.270004,223.199997,,7.09,6.41,,,,,1.648,1.609,,1.648,1.609,
2025/11/19 00:00,2.58,2.25,2.1,,8.42,7.97,8,,211.970001,220.270004,223.199997,,7.03,6.44,,,,,1.646,1.61,,1.646,1.61,
2025/11/19 00:00,2.58,2.25,2.1,,8.41,7.97,8,,211.970001,220.020004,222.710007,,7.04,6.41,,,,,1.652,1.615,,1.652,1.615,
2025/11/19 00:00,2.57,2.25,,,8.4,7.96,,7.96,211.970001,220.270004,,,7.05,6.43,,,,,1.649,1.612,,1.649,1.612,
2025/11/19 00:00,2.58,2.25,,1.87,8.4,7.96,,7.96,211.970001,220.270004,,224.419998,7.08,,,,,,1.661,,1.571,1.661,,1.571
2025/11/19 00:00,2.58,2.26,,1.86,8.38,7.97,,7.96,211.970001,220.270004,,224.419998,7.06,,6.08,,,,1.65,,1.569,1.65,,1.569
2025/11/19 00:00,2.58,2.25,,1.87,8.37,7.96,,7.96,212.210007,220.270004,,224.419998,7.08,,6.09,,,,1.641,,1.572,1.641,,1.572
2025/11/19 00:00,2.57,2.25,,1.86,8.36,7.96,,7.96,212.210007,220.020004,,223.929993,7.06,,6.04,,,,1.652,,1.569,1.652,,1.569
2025/11/19 00:00,2.57,2.24,,1.87,8.36,7.97,,7.96,212.210007,220.020004,,224.179993,7.08,,6.06,,,,1.653,,1.571,1.653,,1.571
2025/11/19 00:00,2.57,2.24,2.1,,8.34,7.96,8,,211.970001,220.270004,,,7.05,,6.07,,,,1.651,,1.569,1.651,,1.569
2025/11/19 00:00,2.57,2.25,2.1,,8.35,7.97,8,,212.210007,220.020004,223.199997,,7.07,6.45,,,,,1.655,1.612,,1.655,1.612,
2025/11/19 00:00,2.58,2.25,2.11,,8.33,7.97,8,,211.970001,220.020004,222.710007,,7.06,6.46,,,,,1.651,1.614,,1.651,1.614,
2025/11/19 00:00,2.57,2.25,2.1,,8.31,7.96,8,,212.210007,220.020004,222.710007,,7.07,6.45,,,,,1.652,1.62,,1.652,1.62,
2025/11/19 00:00,2.56,2.26,2.1,,8.31,7.96,8,,212.210007,220.020004,222.470001,,7.09,6.46,,,,,1.649,1.613,,1.649,1.613,
2025/11/19 00:00,2.56,2.24,2.11,,8.29,7.96,8,,212.210007,220.020004,223.199997,,7.04,6.44,,,,,1.641,1.616,,1.641,1.616,
2025/11/19 00:00,2.56,2.26,,,8.28,7.96,,7.97,212.210007,220.020004,,,7.07,6.44,,,,,1.645,1.616,,1.645,1.616,
2025/11/19 00:00,2.56,2.25,,1.86,8.26,7.96,,7.97,212.210007,220.020004,,223.929993,7.05,,6.1,,,,1.656,,1.57,1.656,,1.57
2025/11/19 00:00,2.56,2.27,,1.86,8.25,7.96,,7.97,212.449997,220.509995,,224.419998,7.07,,6.11,,,,1.658,,1.57,1.658,,1.57
2025/11/19 00:00,2.55,2.27,,1.86,8.23,7.97,,7.97,212.210007,220.270004,,224.419998,7.06,,6.07,,,,1.654,,1.572,1.654,,1.572
2025/11/19 00:00,2.54,2.25,,1.86,8.22,7.96,,7.97,212.210007,220.020004,,224.910004,7.06,,6.11,,,,1.647,,1.567,1.647,,1.567
2025/11/19 00:00,2.55,2.26,,1.85,8.21,7.96,,7.97,212.210007,220.270004,,224.419998,7.01,,6.11,,,,1.654,,1.574,1.654,,1.574
2025/11/19 00:00,2.55,2.26,2.1,,8.19,7.96,8.01,,212.449997,220.270004,,,7.01,,6.09,,,,1.648,,1.575,1.648,,1.575
2025/11/19 00:00,2.55,2.25,2.1,,8.18,7.96,8,,212.449997,220.270004,223.929993,,7.04,,,,,,1.647,1.614,,1.647,1.614,
2025/11/19 00:00,2.54,2.25,2.1,,8.16,7.96,8,,212.210007,220.509995,223.440002,,7.04,6.44,,,,,1.652,1.619,,1.652,1.619,
2025/11/19 00:00,2.54,2.24,2.1,,8.14,7.96,8,,211.970001,220.509995,223.690002,,7.08,6.47,,,,,1.65,1.613,,1.65,1.613,
2025/11/19 00:00,2.54,2.24,2.1,,8.12,7.96,8,,212.210007,220.270004,224.179993,,7.05,6.45,,,,,1.655,1.615,,1.655,1.615,
2025/11/19 00:00,2.56,2.26,2.1,,8.11,7.96,8.01,,212.210007,220.020004,223.929993,,7.08,6.45,,,,,1.647,1.616,,1.647,1.616,
2025/11/19 00:00,2.55,2.26,,,8.1,7.96,,7.97,212.210007,220.270004,,,7.04,6.45,,,,,1.648,1.618,,1.648,1.618,
2025/11/19 00:00,2.54,2.26,,1.86,8.08,7.95,,7.96,211.970001,219.779999,,225.889999,7.05,,6.14,,,,1.645,,1.572,1.645,,1.572
2025/11/19 00:00,2.54,2.27,,1.85,8.06,7.95,,7.96,212.210007,220.509995,,224.910004,7.02,,6.13,,,,1.652,,1.57,1.652,,1.57
2025/11/19 00:00,2.54,2.26,,1.86,8.04,7.95,,7.97,212.449997,220.020004,,224.910004,7.06,,6.13,,,,1.646,,1.574,1.646,,1.574
2025/11/19 00:00,2.54,2.27,,1.85,8.02,7.95,,7.97,212.210007,220.270004,,224.660004,7.04,,6.15,,,,1.647,,1.576,1.647,,1.576
2025/11/19 00:00,2.54,2.26,,1.85,8.01,7.96,,7.97,212.210007,220.270004,,225.149994,7.02,,6.12,,,,1.651,,1.57,1.651,,1.57
2025/11/19 00:00,2.53,2.25,2.09,,7.99,7.96,8.01,,212.210007,220.270004,,,7.01,,,,,,1.643,,1.572,1.643,,1.572
2025/11/19 00:00,2.35,2.25,2.1,,,7.95,8.01,,,220.020004,223.690002,,7.03,6.47,,,,,1.652,1.616,,1.652,1.616,
2025/11/19 00:00,0.64,2.24,2.09,,,7.95,8.01,,,220.020004,223.690002,,7.05,6.48,,,,,1.65,1.625,,1.65,1.625,
2025/11/19 00:00,0.36,2.25,2.1,,,7.95,8,,,220.020004,223.690002,,7.09,6.5,,,,,1.646,1.616,,1.646,1.616,
2025/11/19 00:00,0.32,2.25,2.1,,,7.95,8.01,,,220.020004,223.929993,,7.06,6.44,,,,,1.652,1.622,,1.652,1.622,
2025/11/19 00:00,0.5,2.25,2.1,,,7.95,8.01,,,219.779999,224.179993,,7.05,6.48,,,,,1.646,1.623,,1.646,1.623,
2025/11/19 00:00,1.8,2.25,,,,7.95,,7.98,,220.020004,,,7.05,6.48,,,,,1.646,1.614,,1.646,1.614,
2025/11/19 00:00,2.83,2.25,,1.85,,7.95,,7.97,,220.020004,,225.149994,7.08,,6.18,,,,1.653,,1.58,1.653,,1.58
2025/11/19 00:00,2.71,2.25,,1.86,,7.95,,7.97,,220.270004,,225.399994,7.07,,6.18,,,,1.653,,1.57,1.653,,1.57
2025/11/19 00:00,2.57,2.25,,1.85,,7.95,,7.97,,220.020004,,225.149994,7.07,,6.15,,,,1.649,,1.578,1.649,,1.578
2025/11/19 00:00,2.63,2.25,,1.85,,7.94,,7.97,,220.270004,,225.889999,7.05,,6.15,,,,1.653,,1.571,1.653,,1.571
2025/11/19 00:00,2.61,2.25,,1.85,8.63,7.94,,7.98,212.699997,220.270004,,225.149994,7.07,,6.16,,,,1.643,,1.571,1.643,,1.571
2025/11/20 00:00,2.6,2.25,,,8.63,7.96,8.01,,212.940002,221,,,7.07,,6.15,,,,1.644,,1.578,1.644,,1.578
2025/11/20 00:00,2.61,2.24,2.1,,8.62,7.96,8,,212.449997,220.270004,224.419998,,7.08,6.44,,,,,1.652,1.612,,1.652,1.612,
2025/11/20 00:00,2.61,2.27,2.11,,8.62,7.96,8.01,,212.940002,220.270004,223.690002,,7.03,6.44,,,,,1.647,1.618,,1.647,1.618,
2025/11/20 00:00,2.6,2.28,2.11,,8.61,7.96,8,,212.699997,220.020004,224.179993,,7.03,6.44,,,,,1.654,1.621,,1.654,1.621,
2025/11/20 00:00,2.61,2.27,2.11,,8.61,7.96,8,,212.210007,220.270004,223.690002,,7.03,6.43,,,,,1.641,1.615,,1.641,1.615,
2025/11/20 00:00,2.59,2.27,2.11,,8.61,7.97,8,,212.210007,219.779999,223.199997,,7.04,6.47,,,,,1.658,1.616,,1.658,1.616,
2025/11/20 00:00,2.6,2.25,,,8.6,7.96,,7.97,212.449997,220.020004,,,7.07,6.44,,,,,1.65,1.619,,1.65,1.619,
2025/11/20 00:00,2.59,2.26,,1.87,8.6,7.96,,7.96,212.210007,219.779999,,224.660004,7.02,,,,,,1.648,,1.577,1.648,,1.577
2025/11/20 00:00,2.6,2.25,,1.87,8.59,7.96,,7.96,212.210007,219.779999,,224.419998,7.07,,6.17,,,,1.655,,1.575,1.655,,1.575
2025/11/20 00:00,2.6,2.24,,1.87,8.58,7.96,,7.96,212.210007,220.020004,,224.910004,7.06,,6.09,,,,1.654,,1.572,1.654,,1.572
2025/11/20 00:00,2.6,2.24,,1.86,8.58,7.96,,7.96,211.970001,219.779999,,224.419998,7.05,,6.1,,,,1.652,,1.577,1.652,,1.577
2025/11/20 00:00,2.6,2.23,,1.86,8.58,7.96,,7.97,212.210007,220.270004,,224.179993,7.06,,6.11,,,,1.657,,1.573,1.657,,1.573
2025/11/20 00:00,2.6,2.24,,,8.57,7.96,8.01,,211.970001,220.270004,,,7.09,,6.07,,,,1.647,,1.572,1.647,,1.572
2025/11/20 00:00,2.6,2.25,2.1,,8.57,7.96,8,,211.970001,220.509995,222.710007,,7.06,6.46,,,,,1.655,1.615,,1.655,1.615,
2025/11/20 00:00,2.6,2.25,2.1,,8.56,7.96,8,,211.970001,220.020004,222.470001,,7.1,6.47,,,,,1.651,1.617,,1.651,1.617,
2025/11/20 00:00,2.6,2.24,2.1,,8.56,7.96,8,,211.970001,220.020004,222.710007,,7.12,6.48,,,,,1.654,1.618,,1.654,1.618,
2025/11/20 00:00,2.59,2.24,2.11,,8.55,7.97,8,,211.970001,220.020004,222.470001,,7.11,6.49,,,,,1.651,1.621,,1.651,1.621,
2025/11/20 00:00,2.6,2.24,2.11,,8.55,7.97,8,,212.210007,220.270004,222.949997,,7.12,6.47,,,,,1.645,1.62,,1.645,1.62,
2025/11/20 00:00,2.6,2.25,,,8.55,7.97,,7.97,212.210007,219.779999,,,7.17,6.53,,,,,1.661,1.623,,1.661,1.623,
2025/11/20 00:00,2.6,2.25,,1.86,8.54,7.97,,7.96,211.970001,220.020004,,224.419998,7.09,,,,,,1.653,,1.578,1.653,,1.578
2025/11/20 00:00,2.6,2.25,,1.86,8.54,7.96,,7.96,212.210007,219.779999,,224.419998,7.1,,6.19,,,,1.642,,1.579,1.642,,1.579
2025/11/20 00:00,2.59,2.25,,1.81,8.53,7.98,,7.96,212.210007,220.020004,,223.929993,7.07,,6.13,,,,1.643,,1.575,1.643,,1.575
2025/11/20 00:00,2.6,2.24,,,8.53,7.97,,7.96,212.210007,220.020004,,224.419998,7.17,,6.13,,,,1.652,,1.572,1.652,,1.572
2025/11/20 00:00,2.59,2.25,,,8.53,7.97,,7.96,212.210007,220.020004,,224.419998,7.08,,6.13,,,,1.653,,1.577,1.653,,1.577
2025/11/20 00:00,2.6,2.25,,,8.52,7.97,8,,212.449997,220.270004,,,7.12,,6.14,,,,1.652,,1.573,1.652,,1.573
2025/11/20 00:00,2.6,2.24,,,8.52,7.97,8,,212.449997,220.020004,222.710007,,7.11,6.52,,,,,1.65,1.626,,1.65,1.626,
2025/11/20 00:00,2.58,2.26,,,8.51,7.98,8,,212.210007,220.270004,222.710007,,7.14,6.54,,,,,1.644,1.616,,1.644,1.616,
2025/11/20 00:00,2.59,2.25,2.06,,8.5,7.98,8,,212.210007,220.509995,223.199997,,7.1,6.52,,,,,1.651,1.617,,1.651,1.617,
2025/11/20 00:00,2.59,2.25,2.07,,8.5,7.97,8,,212.210007,219.779999,222.710007,,7.13,6.54,,,,,1.658,1.621,,1.658,1.621,
2025/11/20 00:00,2.59,2.25,2.08,,8.49,7.97,8,,212.449997,220.270004,222.710007,,7.12,6.54,,,,,1.646,1.621,,1.646,1.621,
2025/11/20 00:00,2.59,2.25,,,8.49,7.97,,7.97,212.449997,220.270004,,,7.17,6.52,,,,,1.656,1.624,,1.656,1.624,
2025/11/20 00:00,2.58,2.25,,1.86,8.48,7.98,,7.96,212.449997,220.270004,,224.910004,7.12,,6.23,,,,1.647,,1.576,1.647,,1.576
2025/11/20 00:00,2.57,2.25,,1.86,8.47,7.97,,7.96,212.210007,220.020004,,223.929993,7.14,,6.19,,,,1.645,,1.576,1.645,,1.576
2025/11/20 00:00,2.57,2.27,,1.85,8.47,7.97,,7.97,212.210007,220.270004,,224.179993,7.09,,6.19,,,,1.651,,1.575,1.651,,1.575
2025/11/20 00:00,2.57,2.26,,1.85,8.46,7.97,,7.96,212.210007,220.020004,,224.419998,7.1,,6.18,,,,1.642,,1.581,1.642,,1.581
2025/11/20 00:00,2.57,2.25,,1.85,8.45,7.97,,7.96,212.210007,220.270004,,224.910004,7.09,,6.2,,,,1.658,,1.581,1.658,,1.581
2025/11/20 00:00,2.56,2.25,,,8.44,7.97,8,,212.210007,219.779999,,,7.12,,6.18,,,,1.654,,1.582,1.654,,1.582
2025/11/20 00:00,2.57,2.24,2.09,,8.44,7.98,8,,212.210007,220.020004,223.929993,,7.1,6.55,,,,,1.646,1.629,,1.646,1.629,
2025/11/20 00:00,2.58,2.25,2.09,,8.43,7.97,8,,212.449997,220.270004,223.440002,,7.09,6.54,,,,,1.656,1.623,,1.656,1.623,
2025/11/20 00:00,2.57,2.26,2.09,,8.42,7.97,8,,212.449997,220.270004,223.690002,,7.06,6.55,,,,,1.654,1.627,,1.654,1.627,
2025/11/20 00:00,2.57,2.25,2.09,,8.42,7.97,8.01,,212.210007,220.270004,223.929993,,7.1,6.53,,,,,1.651,1.622,,1.651,1.622,
2025/11/20 00:00,2.57,2.25,2.09,,8.41,7.97,8,,212.449997,219.779999,224.179993,,7.08,6.55,,,,,1.646,1.621,,1.646,1.621,
2025/11/20 00:00,2.57,2.24,,,8.4,7.96,,,212.210007,220.270004,,,7.13,6.52,,,,,1.66,1.623,,1.66,1.623,
2025/11/20 00:00,2.58,2.25,,1.85,8.39,7.97,,7.96,212.210007,220.270004,,225.149994,7.09,,,,,,1.645,,1.578,1.645,,1.578
2025/11/20 00:00,2.58,2.26,,1.85,8.38,7.97,,7.96,212.210007,220.020004,,225.399994,7.11,,6.23,,,,1.655,,1.58,1.655,,1.58
2025/11/20 00:00,2.58,2.26,,1.85,8.37,7.97,,7.97,212.210007,220.020004,,225.399994,7.15,,6.17,,,,1.655,,1.579,1.655,,1.579
2025/11/20 00:00,2.57,2.26,,1.84,8.36,7.97,,7.96,211.970001,220.270004,,225.149994,7.06,,6.22,,,,1.656,,1.577,1.656,,1.577
2025/11/20 00:00,2.58,2.26,,1.85,8.35,7.97,,7.96,212.210007,220.270004,,225.149994,7.11,,6.16,,,,1.658,,1.586,1.658,,1.586
2025/11/20 00:00,2.58,2.25,,,8.35,7.97,8,,212.210007,220.270004,,,7.05,,6.19,,,,1.641,,1.581,1.641,,1.581
2025/11/20 00:00,2.58,2.27,2.09,,8.33,7.97,8,,212.210007,220.020004,223.440002,,7.08,,,,,,1.645,1.624,,1.645,1.624,
2025/11/20 00:00,2.57,2.26,2.09,,8.31,7.97,8.01,,212.449997,220.020004,223.929993,,7.08,6.56,,,,,1.638,1.626,,1.638,1.626,
2025/11/20 00:00,2.57,2.25,2.1,,8.31,7.97,8.01,,212.210007,220.020004,224.179993,,7.12,6.53,,,,,1.651,1.624,,1.651,1.624,
2025/11/20 00:00,2.56,2.24,2.1,,8.3,7.97,8.01,,212.210007,220.270004,223.929993,,7.11,6.53,,,,,1.65,1.623,,1.65,1.623,
2025/11/20 00:00,2.56,2.24,2.1,,8.28,7.97,8.01,,212.210007,220.270004,223.929993,,7.11,6.55,,,,,1.647,1.623,,1.647,1.623,
2025/11/20 00:00,2.55,2.25,,1.85,8.27,7.97,,,212.210007,220.270004,,,7.1,6.55,,,,,1.65,1.62,,1.65,1.62,
2025/11/20 00:00,2.55,2.25,,1.85,8.26,7.96,,7.97,212.449997,220.020004,,225.639999,7.09,,6.23,,,,1.648,,1.583,1.648,,1.583
2025/11/20 00:00,2.55,2.25,,1.84,8.25,7.96,,7.97,212.940002,220.270004,,225.889999,7.12,,6.21,,,,1.645,,1.578,1.645,,1.578
2025/11/20 00:00,2.55,2.25,,1.85,8.23,7.96,,7.97,212.449997,220.020004,,225.399994,7.12,,6.23,,,,1.647,,1.58,1.647,,1.58
2025/11/20 00:00,2.54,2.25,,1.85,8.22,7.96,,7.97,212.449997,220.270004,,225.149994,7.12,,6.25,,,,1.649,,1.58,1.649,,1.58
2025/11/20 00:00,2.55,2.25,,1.85,8.21,7.97,,,212.449997,220.509995,,225.399994,7.12,,6.23,,,,1.655,,1.584,1.655,,1.584
2025/11/20 00:00,2.55,2.26,,,8.19,7.97,8.02,,212.449997,220.509995,,,7.09,,6.24,,,,1.652,,1.583,1.652,,1.583
2025/11/20 00:00,2.55,2.26,2.11,,8.18,7.96,8,,212.699997,220.270004,224.660004,,7.11,6.58,,,,,1.652,1.627,,1.652,1.627,
2025/11/20 00:00,2.55,2.27,2.1,,8.16,7.96,8.01,,212.449997,220.270004,224.179993,,7.12,6.56,,,,,1.65,1.624,,1.65,1.624,
2025/11/20 00:00,2.55,2.27,2.1,,8.14,7.96,8,,212.449997,220.270004,223.690002,,7.11,6.51,,,,,1.657,1.624,,1.657,1.624,
2025/11/20 00:00,2.55,2.26,2.11,,8.12,7.96,8,,212.449997,220.509995,223.929993,,7.12,6.52,,,,,1.648,1.621,,1.648,1.621,
2025/11/20 00:00,2.55,2.27,2.11,,8.11,7.96,8.01,,212.449997,219.779999,223.440002,,7.08,6.53,,,,,1.658,1.625,,1.658,1.625,
2025/11/20 00:00,2.55,2.25,,,8.1,7.95,,,212.449997,220.270004,,,7.11,,,,,,1.653,1.619,,1.653,1.619,
2025/11/20 00:00,2.53,2.25,,1.86,8.09,7.95,,7.97,212.449997,219.779999,,224.660004,7.1,,6.23,,,,1.638,,1.578,1.638,,1.578
2025/11/20 00:00,2.53,2.25,,1.86,8.06,7.96,,7.97,212.449997,219.779999,,224.179993,7.09,,6.21,,,,1.648,,1.58,1.648,,1.58
2025/11/20 00:00,2.53,2.24,,1.86,8.05,7.96,,7.97,212.449997,219.779999,,224.179993,7.1,,6.22,,,,1.646,,1.575,1.646,,1.575
2025/11/20 00:00,2.53,2.25,,1.86,8.03,7.95,,7.97,212.449997,220.020004,,224.179993,7.08,,6.2,,,,1.648,,1.583,1.648,,1.583
2025/11/20 00:00,2.53,2.25,,1.86,8.01,7.95,,7.97,212.449997,220.270004,,224.179993,7.11,,6.21,,,,1.64,,1.577,1.64,,1.577
2025/11/20 00:00,2.53,2.25,,,8,7.95,8.01,,212.699997,220.270004,,224.179993,7.09,,6.21,,,,1.651,,1.582,1.651,,1.582
2025/11/20 00:00,2.02,2.26,2.1,,,7.95,8.01,,,220.270004,223.199997,,7.11,6.54,,,,,1.647,1.625,,1.647,1.625,
2025/11/20 00:00,0.56,2.24,2.11,,,7.94,8.01,,,220.020004,223.199997,,7.14,6.57,,,,,1.647,1.625,,1.647,1.625,
2025/11/20 00:00,0.36,2.26,2.11,,,7.95,8.01,,,220.509995,223.199997,,7.13,6.55,,,,,1.652,1.623,,1.652,1.623,
2025/11/20 00:00,0.32,2.26,2.11,,,7.95,8.01,,,220.270004,222.710007,,7.15,6.53,,,,,1.655,1.62,,1.655,1.62,
2025/11/20 00:00,0.65,2.25,2.11,,,7.95,8,,,220.509995,222.710007,,7.12,6.56,,,,,1.646,1.625,,1.646,1.625,
2025/11/20 00:00,1.98,2.25,,,,7.95,,7.97,,220.270004,,,7.11,6.54,,,,,1.65,1.626,,1.65,1.626,
2025/11/20 00:00,2.83,2.25,,1.87,,7.95,,7.97,,220.270004,,224.419998,7.11,,,,,,1.645,,1.583,1.645,,1.583
2025/11/20 00:00,2.7,2.25,,1.87,,7.95,,7.96,,220.020004,,224.419998,7.13,,6.23,,,,1.65,,1.581,1.65,,1.581
2025/11/20 00:00,2.58,2.25,,1.86,,7.94,,7.97,,220.270004,,224.419998,7.13,,6.18,,,,1.653,,1.579,1.653,,1.579
2025/11/20 00:00,2.64,2.25,,1.87,,7.95,,7.96,,220.270004,,224.419998,7.12,,6.18,,,,1.648,,1.577,1.648,,1.577
2025/11/20 00:00,2.6,2.24,,1.86,8.63,7.95,,7.97,212.940002,220.020004,,223.929993,7.13,,6.19,,,,1.653,,1.581,1.653,,1.581
2025/11/20 00:00,2.61,2.24,,,8.63,7.95,8.01,,212.449997,220.270004,,223.929993,7.09,,6.21,,,,1.647,,1.582,1.647,,1.582
2025/11/20 00:00,2.61,2.23,2.1,,8.62,7.96,8.01,,212.940002,220.270004,223.199997,,7.13,6.58,,,,,1.652,1.625,,1.652,1.625,
2025/11/20 00:00,2.61,2.25,2.11,,8.62,7.96,8.01,,212.210007,220.020004,222.710007,,7.12,6.56,,,,,1.651,1.63,,1.651,1.63,
2025/11/20 00:00,2.61,2.27,2.11,,8.61,7.95,8.01,,212.210007,219.779999,222.710007,,7.18,6.55,,,,,1.655,1.625,,1.655,1.625,
2025/11/20 00:00,2.59,2.26,2.11,,8.61,7.96,8,,212.449997,220.020004,223.199997,,7.15,6.55,,,,,1.649,1.625,,1.649,1.625,
2025/11/20 00:00,2.6,2.25,2.11,,8.61,7.96,8.01,,212.449997,220.270004,222.710007,,7.13,6.59,,,,,1.649,1.625,,1.649,1.625,
2025/11/20 00:00,2.6,2.24,,1.88,8.6,7.95,,7.97,211.970001,219.779999,,,7.11,,,,,,1.656,1.623,,1.656,1.623,
2025/11/20 00:00,2.6,2.25,,1.88,8.59,7.95,,7.96,212.210007,220.020004,,224.419998,7.15,,,,,,1.641,,1.579,1.641,,1.579
2025/11/20 00:00,2.6,2.26,,1.86,8.59,7.95,,7.96,212.210007,220.270004,,223.929993,7.13,,6.23,,,,1.644,,1.584,1.644,,1.584
2025/11/20 00:00,2.59,2.27,,1.86,8.6,7.96,,7.97,212.210007,220.020004,,223.929993,7.12,,6.17,,,,1.651,,1.582,1.651,,1.582
2025/11/20 00:00,2.59,2.27,,1.86,8.58,7.96,,7.97,212.210007,220.270004,,223.929993,7.1,,6.15,,,,1.651,,1.58,1.651,,1.58
2025/11/20 00:00,2.6,2.26,,1.86,8.58,7.96,,7.97,211.970001,220.270004,,224.419998,7.09,,6.23,,,,1.648,,1.58,1.648,,1.58
2025/11/20 00:00,2.61,2.26,,,8.57,7.96,8.01,,212.449997,220.270004,,,7.09,,6.24,,,,1.649,,1.586,1.649,,1.586
2025/11/20 00:00,2.59,2.26,2.1,,8.57,7.96,8,,212.210007,220.020004,223.440002,,7.11,6.58,,,,,1.645,1.63,,1.645,1.63,
2025/11/20 00:00,2.6,2.25,2.1,,8.57,7.96,8,,211.970001,219.779999,223.690002,,7.07,6.54,,,,,1.646,1.632,,1.646,1.632,
2025/11/20 00:00,2.6,2.25,2.1,,8.56,7.97,8,,211.970001,220.270004,223.440002,,7.1,6.57,,,,,1.651,1.62,,1.651,1.62,
2025/11/20 00:00,2.6,2.23,2.1,,8.56,7.97,8.01,,211.970001,220.020004,223.929993,,7.1,6.59,,,,,1.65,1.627,,1.65,1.627,
2025/11/20 00:00,2.6,2.25,2.11,,8.55,7.96,8.01,,212.449997,220.270004,223.929993,,7.09,6.55,,,,,1.647,1.627,,1.647,1.627,
2025/11/20 00:00,2.6,2.25,,1.85,8.55,7.97,,,212.210007,220.270004,,,7.11,6.57,,,,,1.647,1.63,,1.647,1.63,
2025/11/20 00:00,2.6,2.25,,1.86,8.55,7.97,,7.97,212.449997,220.270004,,225.639999,7.15,,6.29,,,,1.655,,1.582,1.655,,1.582
2025/11/20 00:00,2.59,2.25,,1.86,8.54,7.97,,7.97,212.210007,219.779999,,225.399994,7.11,,6.24,,,,1.647,,1.579,1.647,,1.579
2025/11/20 00:00,2.59,2.24,,1.86,8.54,7.97,,7.97,212.449997,220.020004,,224.910004,7.12,,6.28,,,,1.643,,1.583,1.643,,1.583
2025/11/20 00:00,2.59,2.25,,1.86,8.53,7.97,,7.97,212.210007,220.270004,,225.149994,7.12,,6.29,,,,1.65,,1.588,1.65,,1.588
2025/11/20 00:00,2.59,2.26,,1.86,8.53,7.96,,7.97,212.449997,220.270004,,224.910004,7.14,,6.25,,,,1.644,,1.587,1.644,,1.587
2025/11/20 00:00,2.59,2.25,,,8.52,7.96,8.01,,212.210007,220.270004,,225.639999,7.08,,6.28,,,,1.647,,1.584,1.647,,1.584
2025/11/20 00:00,2.58,2.25,2.1,,8.52,7.97,8.01,,212.210007,219.289993,224.179993,,7.1,6.55,,,,,1.649,1.627,,1.649,1.627,
2025/11/20 00:00,2.59,2.25,2.1,,8.52,7.97,8,,212.210007,220.020004,224.179993,,7.09,6.58,,,,,1.645,1.626,,1.645,1.626,
2025/11/20 00:00,2.59,2.25,2.1,,8.51,7.97,8,,212.449997,219.779999,224.179993,,7.1,6.6,,,,,1.652,1.627,,1.652,1.627,
2025/11/20 00:00,2.58,2.25,2.11,,8.5,7.96,8.01,,212.210007,219.779999,224.419998,,7.12,6.58,,,,,1.646,1.624,,1.646,1.624,
2025/11/20 00:00,2.59,2.26,2.11,,8.49,7.96,8.01,,212.210007,220.020004,224.419998,,7.11,6.6,,,,,1.649,1.626,,1.649,1.626,
2025/11/20 00:00,2.58,2.25,,,8.49,7.96,,,212.449997,220.020004,,,7.1,6.57,,,,,1.65,1.626,,1.65,1.626,
2025/11/20 00:00,2.57,2.26,,1.86,8.48,7.97,,7.97,211.970001,220.020004,,225.399994,7.15,,,,,,1.642,,1.592,1.642,,1.592
2025/11/20 00:00,2.56,2.25,,1.86,8.48,7.97,,7.97,212.449997,220.020004,,224.910004,7.09,,6.2,,,,1.652,,1.588,1.652,,1.588
2025/11/20 00:00,2.57,2.26,,1.86,8.47,7.96,,7.98,212.210007,220.020004,,225.399994,7.11,,6.26,,,,1.647,,1.583,1.647,,1.583
2025/11/20 00:00,2.57,2.26,,1.86,8.46,7.96,,7.97,212.210007,220.020004,,224.910004,7.1,,6.27,,,,1.646,,1.582,1.646,,1.582
2025/11/20 00:00,2.56,2.25,,1.86,8.46,7.97,,7.97,212.210007,220.270004,,225.149994,7.11,,6.28,,,,1.645,,1.583,1.645,,1.583
2025/11/20 00:00,2.56,2.25,,,8.44,7.97,8.01,,212.210007,220.270004,,,7.12,,6.25,,,,1.651,,1.58,1.651,,1.58
2025/11/20 00:00,2.56,2.25,2.1,,8.44,7.97,8,,211.970001,220.270004,223.929993,,7.11,6.58,,,,,1.653,1.634,,1.653,1.634,
2025/11/20 00:00,2.58,2.25,2.11,,8.43,7.96,8,,211.970001,220.270004,224.179993,,7.11,6.61,,,,,1.648,1.625,,1.648,1.625,
2025/11/20 00:00,2.57,2.27,2.11,,8.42,7.97,8,,211.970001,220.020004,223.929993,,7.05,6.54,,,,,1.647,1.627,,1.647,1.627,
2025/11/20 00:00,2.57,2.27,2.11,,8.41,7.96,8,,212.210007,220.020004,223.440002,,7.08,6.55,,,,,1.652,1.626,,1.652,1.626,
2025/11/20 00:00,2.57,2.26,2.11,,8.4,7.97,8,,212.210007,220.270004,223.690002,,7.1,6.55,,,,,1.65,1.626,,1.65,1.626,
2025/11/20 00:00,2.58,2.25,,1.87,8.39,7.97,,,212.449997,219.539993,,,7.09,6.55,,,,,1.648,1.624,,1.648,1.624,
2025/11/20 00:00,2.58,2.26,,1.87,8.39,7.97,,7.96,212.449997,219.779999,,224.179993,7.09,,,,,,1.65,,1.584,1.65,,1.584
2025/11/20 00:00,2.58,2.26,,1.87,8.38,7.96,,7.96,212.449997,219.779999,,224.419998,7.08,,6.24,,,,1.646,,1.582,1.646,,1.582
2025/11/20 00:00,2.58,2.25,,1.87,8.36,7.97,,7.96,211.970001,220.020004,,224.419998,7.1,,6.24,,,,1.641,,1.586,1.641,,1.586
2025/11/20 00:00,2.57,2.25,,1.87,8.36,7.97,,7.96,212.210007,219.779999,,224.179993,7.1,,6.24,,,,1.647,,1.583,1.647,,1.583
2025/11/20 00:00,2.58,2.23,,1.87,8.34,7.96,,7.96,212.210007,220.020004,,223.929993,7.15,,6.23,,,,1.646,,1.584,1.646,,1.584
2025/11/20 00:00,2.58,2.25,,,8.34,7.96,8.01,,212.210007,219.779999,,,7.08,,6.22,,,,1.652,,1.589,1.652,,1.589
2025/11/20 00:00,2.58,2.26,2.11,,8.33,7.97,8.01,,212.210007,219.779999,223.199997,,7.07,6.59,,,,,1.649,1.63,,1.649,1.63,
2025/11/20 00:00,2.57,2.25,2.11,,8.31,7.96,8.01,,212.449997,220.270004,222.710007,,7.12,6.57,,,,,1.648,1.626,,1.648,1.626,
2025/11/20 00:00,2.57,2.25,2.11,,8.3,7.97,8,,212.210007,219.779999,222.949997,,7.1,6.59,,,,,1.645,1.626,,1.645,1.626,
2025/11/20 00:00,2.57,2.24,2.1,,8.29,7.97,8,,212.449997,219.539993,222.710007,,7.12,6.58,,,,,1.646,1.629,,1.646,1.629,
2025/11/20 00:00,2.57,2.26,2.11,,8.28,7.96,8.01,,212.210007,219.539993,222.949997,,7.15,6.6,,,,,1.646,1.622,,1.646,1.622,
2025/11/20 00:00,2.57,2.26,,1.87,8.27,7.96,,,212.210007,219.539993,,224.419998,7.1,6.57,,,,,1.649,1.629,,1.649,1.629,
2025/11/20 00:00,2.57,2.25,,1.88,8.25,7.96,,7.96,212.210007,219.539993,,224.179993,7.09,,,,,,1.649,,1.588,1.649,,1.588
2025/11/20 00:00,2.56,2.26,,1.87,8.24,7.96,,7.96,212.210007,219.779999,,224.179993,7.13,,6.21,,,,1.653,,1.585,1.653,,1.585
2025/11/20 00:00,2.56,2.25,,1.88,8.22,7.95,,7.96,212.210007,220.020004,,224.419998,7.1,,6.22,,,,1.652,,1.58,1.652,,1.58
2025/11/20 00:00,2.56,2.26,,1.87,8.21,7.96,,7.96,212.210007,219.539993,,223.929993,7.1,,6.19,,,,1.645,,1.588,1.645,,1.588
2025/11/20 00:00,2.57,2.26,,1.87,8.19,7.96,,7.96,212.210007,219.779999,,224.419998,7.12,,6.21,,,,1.647,,1.579,1.647,,1.579
2025/11/20 00:00,2.57,2.26,,,8.18,7.96,8.01,,211.970001,219.779999,,,7.15,,6.23,,,,1.648,,1.582,1.648,,1.582
2025/11/20 00:00,2.55,2.26,2.11,,8.17,7.96,8,,211.970001,219.539993,222.710007,,7.09,6.58,,,,,1.649,1.635,,1.649,1.635,
2025/11/20 00:00,2.56,2.25,2.11,,8.15,7.96,8,,212.210007,220.020004,222.710007,,7.13,6.57,,,,,1.647,1.631,,1.647,1.631,
2025/11/20 00:00,2.55,2.26,2.11,,8.13,7.96,8,,212.210007,220.020004,222.949997,,7.11,6.58,,,,,1.65,1.62,,1.65,1.62,
2025/11/20 00:00,2.56,2.26,2.11,,8.12,7.95,8,,212.210007,219.539993,222.710007,,7.1,6.57,,,,,1.644,1.628,,1.644,1.628,
2025/11/20 00:00,2.55,2.26,2.11,,8.1,7.95,8,,212.210007,219.779999,222.949997,,7.12,6.56,,,,,1.648,1.63,,1.648,1.63,
2025/11/20 00:00,2.55,2.26,,,8.09,7.96,,,212.449997,219.779999,,223.929993,7.1,,,,,,1.636,1.629,,1.636,1.629,
2025/11/20 00:00,2.54,2.26,,1.87,8.07,7.96,,7.96,212.449997,220.270004,,223.929993,7.1,,6.33,,,,1.642,,1.586,1.642,,1.586
2025/11/20 00:00,2.53,2.25,,1.89,8.05,7.96,,7.96,212.210007,219.779999,,224.179993,7.07,,6.25,,,,1.648,,1.583,1.648,,1.583
2025/11/20 00:00,2.54,2.26,,1.84,8.03,7.95,,7.96,212.449997,220.270004,,223.690002,7.08,,6.24,,,,1.652,,1.587,1.652,,1.587
2025/11/20 00:00,2.54,2.28,,1.85,8.02,7.95,,7.96,212.210007,219.779999,,223.929993,7.09,,6.2,,,,1.643,,1.582,1.643,,1.582
2025/11/20 00:00,2.54,2.28,,,8,7.94,,7.96,212.210007,219.539993,,223.929993,7.04,,6.24,,,,1.644,,1.581,1.644,,1.581
2025/11/20 00:00,2.52,2.28,,,7.99,7.94,8.01,,212.699997,220.270004,,,7.07,,6.24,,,,1.649,,1.582,1.649,,1.582
2025/11/20 00:00,2.5,2.26,2.09,,7.98,7.95,8,,212.699997,219.779999,223.440002,,7.07,6.57,,,,,1.642,1.625,,1.642,1.625,
2025/11/20 00:00,2.51,2.27,2.1,,7.97,7.95,8,,212.449997,219.779999,223.440002,,7.07,6.57,,,,,1.647,1.626,,1.647,1.626,
2025/11/20 00:00,2.5,2.27,2.09,,7.95,7.95,8,,212.449997,219.779999,223.440002,,7.05,6.54,,,,,1.643,1.628,,1.643,1.628,
2025/11/20 00:00,2.51,2.26,2.09,,7.95,7.94,8,,212.699997,219.779999,223.690002,,7.06,6.57,,,,,1.644,1.625,,1.644,1.625,
2025/11/20 00:00,2.37,2.26,2.09,,,7.94,8,,,219.779999,223.929993,,7.04,6.61,,,,,1.65,1.627,,1.65,1.627,
2025/11/20 00:00,0.66,2.25,,,,7.94,,,,220.270004,,,7.02,6.58,,,,,1.642,1.628,,1.642,1.628,
2025/11/20 00:00,0.37,2.26,,1.87,,7.94,,7.97,,220.020004,,225.149994,7.07,,,,,,1.646,,1.59,1.646,,1.59
2025/11/20 00:00,0.33,2.27,,1.86,,7.94,,7.97,,219.779999,,224.660004,7.02,,6.26,,,,1.647,,1.592,1.647,,1.592
2025/11/20 00:00,0.62,2.26,,1.86,,7.94,,7.97,,220.020004,,225.149994,7.06,,6.26,,,,1.643,,1.586,1.643,,1.586
2025/11/20 00:00,1.91,2.26,,1.85,,7.94,,7.97,,220.020004,,224.910004,7.06,,6.26,,,,1.639,,1.588,1.639,,1.588
2025/11/20 00:00,2.82,2.26,,1.86,,7.94,,7.97,,220.270004,,224.910004,7.07,,6.3,,,,1.643,,1.588,1.643,,1.588
2025/11/20 00:00,2.69,2.26,,,,7.93,8.01,,,220.020004,,,7,,6.24,,,,1.641,,1.587,1.641,,1.587
2025/11/20 00:00,2.58,2.26,2.09,,,7.94,8.01,,,220.270004,223.929993,,7.06,6.6,,,,,1.647,1.628,,1.647,1.628,
2025/11/20 00:00,2.64,2.26,2.09,,,7.94,8,,,220.020004,223.440002,,7.07,6.58,,,,,1.646,1.631,,1.646,1.631,
2025/11/20 00:00,2.61,2.26,2.09,,8.62,7.94,8,,211.479996,219.779999,223.440002,,7.01,6.61,,,,,1.643,1.629,,1.643,1.629,
2025/11/20 00:00,2.61,2.25,2.09,,8.62,7.96,8.01,,211.229996,220.020004,223.440002,,7.04,6.56,,,,,1.652,1.625,,1.652,1.625,
2025/11/20 00:00,2.61,2.23,2.1,,8.62,7.96,8.01,,211.229996,220.020004,224.179993,,7.03,6.59,,,,,1.651,1.63,,1.651,1.63,
2025/11/20 00:00,2.61,2.27,,,8.61,7.96,,,211.479996,219.779999,,,7.04,,,,,,1.65,1.629,,1.65,1.629,
2025/11/20 00:00,2.6,2.27,,1.86,8.61,7.95,,7.97,210.990005,219.779999,,,7.05,,,,,,1.643,,1.592,1.643,,1.592
2025/11/20 00:00,2.6,2.26,,1.86,8.61,7.95,,7.96,211.479996,220.020004,,224.910004,7.07,,6.28,,,,1.65,,1.588,1.65,,1.588
2025/11/20 00:00,2.59,2.26,,1.85,8.6,7.97,,7.96,211.479996,219.779999,,224.660004,7.07,,6.31,,,,1.651,,1.588,1.651,,1.588
2025/11/20 00:00,2.59,2.25,,1.86,8.59,7.96,,7.97,211.720001,220.020004,,224.910004,7.08,,6.27,,,,1.649,,1.59,1.649,,1.59
2025/11/20 00:00,2.59,2.26,,1.86,8.59,7.96,,7.96,211.229996,219.779999,,224.419998,7.05,,6.26,,,,1.65,,1.59,1.65,,1.59
2025/11/20 00:00,2.59,2.26,,,8.58,7.96,8.01,,211.229996,220.020004,,,7.11,,6.26,,,,1.643,,1.589,1.643,,1.589
2025/11/20 00:00,2.6,2.26,2.1,,8.58,7.96,8,,211.479996,219.779999,223.929993,,7.03,6.6,,,,,1.647,1.63,,1.647,1.63,
2025/11/20 00:00,2.6,2.26,2.09,,8.58,7.96,8.01,,211.229996,219.779999,223.440002,,7.09,6.59,,,,,1.643,1.632,,1.643,1.632,
2025/11/20 00:00,2.61,2.25,2.11,,8.57,7.97,8.01,,211.479996,220.270004,223.929993,,7.05,6.59,,,,,1.643,1.631,,1.643,1.631,
2025/11/20 00:00,2.61,2.27,2.11,,8.57,7.96,8.01,,211.479996,220.020004,223.690002,,7.06,6.56,,,,,1.641,1.63,,1.641,1.63,
2025/11/20 00:00,2.6,2.26,2.1,,8.57,7.97,8.01,,211.479996,219.779999,223.199997,,7.07,6.54,,,,,1.647,1.631,,1.647,1.631,
2025/11/20 00:00,2.61,2.25,,1.86,8.56,7.96,,,211.479996,219.779999,,,7.06,6.57,,,,,1.654,1.631,,1.654,1.631,
2025/11/20 00:00,2.6,2.25,,1.88,8.56,7.97,,7.96,211.479996,219.779999,,,7.1,,,,,,1.654,,1.597,1.654,,1.597
2025/11/20 00:00,2.6,2.24,,1.86,8.55,7.97,,7.96,211.479996,219.779999,,224.419998,7.06,,6.3,,,,1.645,,1.588,1.645,,1.588
2025/11/20 00:00,2.6,2.25,,1.87,8.54,7.97,,7.96,211.479996,219.539993,,224.179993,7.12,,6.24,,,,1.648,,1.585,1.648,,1.585
2025/11/20 00:00,2.6,2.26,,1.88,8.55,7.96,,7.96,211.479996,219.779999,,224.179993,7.09,,6.19,,,,1.655,,1.587,1.655,,1.587
2025/11/20 00:00,2.6,2.25,,1.88,8.54,7.96,,7.96,211.229996,219.779999,,224.179993,7.11,,6.22,,,,1.65,,1.59,1.65,,1.59
2025/11/20 00:00,2.59,2.25,,,8.53,7.96,8.01,,211.479996,219.779999,,,7.1,,6.22,,,,1.65,,1.59,1.65,,1.59
2025/11/20 00:00,2.6,2.25,2.1,,8.53,7.97,8,,211.479996,219.539993,223.199997,,7.08,6.56,,,,,1.649,1.633,,1.649,1.633,
2025/11/20 00:00,2.59,2.25,2.1,,8.52,7.96,8,,211.229996,219.779999,222.710007,,7.1,6.55,,,,,1.651,1.63,,1.651,1.63,
2025/11/20 00:00,2.6,2.26,2.1,,8.52,7.96,8.01,,211.479996,219.779999,222.470001,,7.13,6.59,,,,,1.647,1.628,,1.647,1.628,
2025/11/20 00:00,2.6,2.26,2.09,,8.51,7.97,8.01,,211.479996,219.779999,222.470001,,7.11,6.57,,,,,1.653,1.627,,1.653,1.627,
2025/11/20 00:00,2.59,2.26,2.1,,8.51,7.97,8,,211.479996,219.779999,222.949997,,7.11,6.55,,,,,1.654,1.63,,1.654,1.63,
2025/11/20 00:00,2.58,2.25,,,8.5,7.97,,,211.479996,219.779999,,,7.11,6.55,,,,,1.647,1.631,,1.647,1.631,
2025/11/20 00:00,2.58,2.25,,1.88,8.5,7.97,,7.96,211.479996,220.020004,,,7.09,,,,,,1.653,,1.596,1.653,,1.596
2025/11/20 00:00,2.59,2.26,,1.88,8.48,7.96,,7.96,211.229996,219.539993,,223.929993,7.08,,6.28,,,,1.65,,1.592,1.65,,1.592
2025/11/20 00:00,2.59,2.25,,1.88,8.48,7.96,,7.97,211.479996,219.779999,,223.690002,7.1,,6.24,,,,1.649,,1.589,1.649,,1.589
2025/11/20 00:00,2.59,2.25,,1.87,8.48,7.97,,7.96,211.479996,219.779999,,223.440002,7.09,,6.18,,,,1.656,,1.593,1.656,,1.593
2025/11/20 00:00,2.58,2.26,,1.87,8.47,7.97,,7.96,211.479996,219.779999,,223.929993,7.13,,6.22,,,,1.652,,1.59,1.652,,1.59
2025/11/20 00:00,2.58,2.24,,1.88,8.46,7.97,8.01,,211.479996,219.779999,,,7.12,,6.17,,,,1.646,,1.587,1.646,,1.587
2025/11/20 00:00,2.58,2.26,2.07,,8.44,7.97,8,,211.479996,219.779999,,,7.11,6.56,,,,,1.66,1.633,,1.66,1.633,
2025/11/20 00:00,2.58,2.26,2.06,,8.44,7.97,8,,211.229996,219.539993,222.220001,,7.1,6.57,,,,,1.658,1.639,,1.658,1.639,
2025/11/20 00:00,2.58,2.26,2.06,,8.44,7.96,7.99,,211.479996,219.779999,222.220001,,7.11,6.53,,,,,1.647,1.632,,1.647,1.632,
2025/11/20 00:00,2.58,2.26,2.07,,8.43,7.97,7.99,,211.229996,219.779999,222.470001,,7.07,6.54,,,,,1.643,1.634,,1.643,1.634,
2025/11/20 00:00,2.58,2.25,,,8.41,7.96,,,211.229996,219.779999,222.470001,,7.08,6.5,,,,,1.652,1.632,,1.652,1.632,
2025/11/20 00:00,2.58,2.26,,,8.41,7.96,,,211.479996,219.539993,,,7.14,6.52,,,,,1.65,1.631,,1.65,1.631,
2025/11/20 00:00,2.58,2.26,,1.86,8.4,7.96,,7.96,211.479996,219.779999,,,7.09,,6.28,,,,1.656,,1.583,1.656,,1.583
2025/11/20 00:00,2.58,2.26,,1.86,8.39,7.95,,7.95,210.990005,219.779999,,223.199997,7.1,,6.27,,,,1.648,,1.595,1.648,,1.595
2025/11/20 00:00,2.58,2.26,,1.87,8.37,7.96,,7.94,211.479996,219.539993,,223.199997,7.11,,6.2,,,,1.643,,1.599,1.643,,1.599
2025/11/20 00:00,2.58,2.24,,1.87,8.36,7.96,,7.94,211.479996,219.779999,,222.949997,7.11,,6.23,,,,1.661,,1.596,1.661,,1.596
2025/11/20 00:00,2.57,2.27,,1.86,8.35,7.96,,7.94,210.990005,219.779999,,223.199997,7.11,,6.23,,,,1.646,,1.595,1.646,,1.595
2025/11/20 00:00,2.57,2.27,,,8.34,7.96,7.99,,211.229996,219.539993,,,7.05,,6.3,,,,1.658,,1.59,1.658,,1.59
2025/11/20 00:00,2.58,2.25,2.1,,8.3,7.95,7.97,,211.479996,220.020004,223.440002,,7.08,6.59,,,,,1.657,1.628,,1.657,1.628,
2025/11/20 00:00,2.57,2.25,2.1,,8.29,7.96,7.97,,211.479996,219.779999,223.199997,,7.05,6.56,,,,,1.66,1.632,,1.66,1.632,
2025/11/20 00:00,2.57,2.23,2.1,,8.29,7.95,7.96,,211.229996,220.020004,223.199997,,7.09,6.52,,,,,1.655,1.634,,1.655,1.634,
2025/11/20 00:00,2.57,2.25,2.1,,8.26,7.96,7.96,,211.229996,219.779999,223.440002,,7.13,6.56,,,,,1.653,1.632,,1.653,1.632,
2025/11/20 00:00,2.57,2.25,2.1,,8.25,7.95,7.96,,211.229996,220.020004,223.690002,,7.07,6.56,,,,,1.653,1.635,,1.653,1.635,
2025/11/20 00:00,2.57,2.25,,,8.22,7.95,,,211.479996,219.779999,,,7.13,6.53,,,,,1.657,1.633,,1.657,1.633,
2025/11/20 00:00,2.54,2.25,,1.84,8.19,7.95,,7.96,211.229996,220.020004,,224.419998,7.09,,6.44,,,,1.658,,1.606,1.658,,1.606
2025/11/20 00:00,2.55,2.24,,1.84,8.17,7.94,,7.96,211.229996,220.020004,,224.179993,7.11,,6.44,,,,1.65,,1.597,1.65,,1.597
2025/11/20 00:00,2.56,2.25,,1.82,8.14,7.94,,7.96,211.229996,219.779999,,224.419998,7.11,,6.42,,,,1.651,,1.599,1.651,,1.599
2025/11/20 00:00,2.56,2.26,,1.83,8.11,7.94,,7.96,211.229996,219.779999,,224.910004,7.1,,6.43,,,,1.649,,1.605,1.649,,1.605
2025/11/20 00:00,2.56,2.26,,1.83,8.09,7.94,,7.95,211.479996,219.539993,,224.910004,7.1,,6.4,,,,1.654,,1.596,1.654,,1.596
2025/11/20 00:00,2.57,2.25,,,8.06,7.94,7.97,,211.229996,219.779999,,,7.15,,6.36,,,,1.653,,1.592,1.653,,1.592
2025/11/20 00:00,2.55,2.26,2.09,,8.04,7.93,7.95,,211.229996,219.539993,,,7.1,6.56,,,,,1.659,1.629,,1.659,1.629,
2025/11/20 00:00,2.55,2.25,2.09,,8.01,7.93,7.94,,211.229996,219.779999,223.440002,,7.13,6.56,,,,,1.653,1.635,,1.653,1.635,
2025/11/20 00:00,2.55,2.26,2.09,,7.99,7.93,7.94,,211.479996,219.779999,223.690002,,7.12,6.56,,,,,1.657,1.632,,1.657,1.632,
2025/11/20 00:00,2.55,2.25,2.08,,7.98,7.92,7.94,,211.229996,219.779999,223.440002,,7.13,6.56,,,,,1.656,1.63,,1.656,1.63,
2025/11/20 00:00,2.53,2.25,2.09,,7.95,7.92,7.94,,211.229996,219.779999,223.440002,,7.13,6.55,,,,,1.65,1.634,,1.65,1.634,
2025/11/20 00:00,2.53,2.25,,1.85,7.92,7.92,,,211.229996,219.539993,,,7.13,6.56,,,,,1.661,1.633,,1.661,1.633,
2025/11/20 00:00,2.52,2.26,,1.84,7.9,7.92,,7.91,211.479996,219.779999,,,7.09,,,,,,1.656,,1.593,1.656,,1.593
2025/11/20 00:00,2.53,2.26,,1.82,7.89,7.92,,7.9,211.229996,219.779999,,224.910004,7.1,,6.26,,,,1.658,,1.603,1.658,,1.603
2025/11/20 00:00,2.53,2.26,,1.85,7.87,7.91,,7.91,211.720001,219.539993,,225.149994,7.09,,6.29,,,,1.652,,1.602,1.652,,1.602
2025/11/20 00:00,2.51,2.26,,1.85,7.85,7.91,,7.9,211.720001,219.779999,,224.910004,7.08,,6.33,,,,1.653,,1.598,1.653,,1.598
2025/11/20 00:00,2.51,2.27,,1.85,7.84,7.91,,7.9,211.970001,219.779999,,224.660004,7.12,,6.29,,,,1.655,,1.6,1.655,,1.6
2025/11/20 00:00,2.51,2.27,,,7.83,7.91,7.94,,211.720001,219.779999,,,7.06,,6.3,,,,1.654,,1.598,1.654,,1.598
2025/11/20 00:00,2.51,2.28,2.1,,7.82,7.9,7.93,,211.970001,219.539993,,,7.05,6.53,,,,,1.657,1.636,,1.657,1.636,
2025/11/20 00:00,2.51,2.28,2.1,,7.81,7.9,7.93,,211.720001,219.539993,223.690002,,7.08,6.56,,,,,1.656,1.631,,1.656,1.631,
2025/11/20 00:00,2.48,2.27,2.1,,,7.9,7.94,,,219.779999,223.690002,,7.05,6.54,,,,,1.657,1.633,,1.657,1.633,
2025/11/20 00:00,0.67,2.26,2.11,,,7.9,7.93,,,219.779999,223.690002,,7.05,6.52,,,,,1.661,1.633,,1.661,1.633,
2025/11/20 00:00,0.37,2.27,2.11,,,7.9,7.93,,,219.779999,223.199997,,7.03,6.48,,,,,1.657,1.631,,1.657,1.631,
2025/11/20 00:00,0.33,2.26,,,,7.89,7.93,,,219.779999,,,7.06,6.5,,,,,1.659,1.632,,1.659,1.632,
2025/11/20 00:00,0.48,2.25,,,,7.9,,7.89,,219.779999,,,7.08,,6.37,,,,1.656,,1.594,1.656,,1.594
2025/11/20 00:00,1.75,2.25,,1.86,,7.89,,7.88,,219.539993,,224.419998,7.08,,6.28,,,,1.653,,1.599,1.653,,1.599
2025/11/20 00:00,2.81,2.25,,1.87,,7.89,,7.89,,219.539993,,224.179993,7.06,,6.22,,,,1.663,,1.592,1.663,,1.592
2025/11/20 00:00,2.69,2.25,,1.86,,7.89,,7.89,,220.020004,,223.929993,7.1,,6.25,,,,1.654,,1.595,1.654,,1.595
2025/11/20 00:00,2.57,2.25,,1.86,,7.89,,7.88,,219.779999,,224.179993,7.12,,6.2,,,,1.654,,1.595,1.654,,1.595
2025/11/20 00:00,2.63,2.25,,1.86,,7.89,7.93,,,219.779999,,,7.08,,6.19,,,,1.654,,1.595,1.654,,1.595
2025/11/20 00:00,2.62,2.26,2.11,,8.62,7.88,7.92,,211.720001,219.779999,222.710007,,7.06,,,,,,1.662,1.637,,1.662,1.637,
2025/11/20 00:00,2.61,2.25,2.11,,8.61,7.9,7.91,,211.720001,219.539993,222.710007,,7.15,6.54,,,,,1.655,1.632,,1.655,1.632,
2025/11/20 00:00,2.6,2.23,2.11,,8.61,7.9,7.92,,211.720001,219.779999,222.710007,,7.11,6.56,,,,,1.662,1.635,,1.662,1.635,
2025/11/20 00:00,2.6,2.26,2.1,,8.6,7.9,7.92,,211.479996,219.539993,222.470001,,7.12,6.54,,,,,1.658,1.632,,1.658,1.632,
2025/11/20 00:00,2.6,2.26,2.1,,8.6,7.9,7.91,,211.970001,219.779999,222.220001,,7.12,6.53,,,,,1.663,1.631,,1.663,1.631,
2025/11/20 00:00,2.58,2.26,,,8.6,7.9,7.91,,211.970001,220.020004,,,7.1,6.5,,,,,1.652,1.634,,1.652,1.634,
2025/11/20 00:00,2.59,2.25,,1.88,8.59,7.9,,7.88,211.970001,219.779999,,,7.13,,6.34,,,,1.656,,1.598,1.656,,1.598
2025/11/20 00:00,2.58,2.25,,1.88,8.59,7.89,,7.87,211.720001,219.779999,,223.929993,7.1,,6.24,,,,1.66,,1.599,1.66,,1.599
2025/11/20 00:00,2.59,2.26,,1.88,8.58,7.9,,7.87,211.970001,219.289993,,223.929993,7.12,,6.18,,,,1.659,,1.598,1.659,,1.598
2025/11/20 00:00,2.6,2.26,,1.87,8.58,7.89,,7.87,211.229996,219.779999,,223.929993,7.13,,6.19,,,,1.651,,1.599,1.651,,1.599
2025/11/20 00:00,2.6,2.25,,1.87,8.57,7.9,,7.87,211.970001,219.779999,,223.690002,7.15,,6.19,,,,1.657,,1.596,1.657,,1.596
2025/11/20 00:00,2.59,2.26,,,8.57,7.9,7.92,,211.970001,219.539993,,,7.12,,6.23,,,,1.653,,1.594,1.653,,1.594
2025/11/20 00:00,2.6,2.24,2.11,,8.57,7.9,7.92,,211.479996,219.779999,222.710007,,7.1,,,,,,1.647,1.63,,1.647,1.63,
2025/11/20 00:00,2.6,2.25,2.1,,8.56,7.9,7.92,,211.720001,219.779999,222.949997,,7.11,6.5,,,,,1.657,1.631,,1.657,1.631,
2025/11/20 00:00,2.6,2.27,2.1,,8.56,7.9,7.92,,211.479996,220.020004,222.710007,,7.11,6.54,,,,,1.653,1.627,,1.653,1.627,
2025/11/20 00:00,2.6,2.27,2.11,,8.56,7.9,7.92,,212.210007,219.779999,222.710007,,7.1,6.52,,,,,1.65,1.631,,1.65,1.631,
2025/11/20 00:00,2.59,2.27,2.11,,8.56,7.9,7.92,,211.479996,219.289993,222.220001,,7.08,6.52,,,,,1.656,1.631,,1.656,1.631,
2025/11/20 00:00,2.6,2.26,,,8.54,7.9,,,211.479996,219.779999,,,7.08,6.47,,,,,1.656,1.637,,1.656,1.637,
2025/11/20 00:00,2.6,2.27,,1.88,8.54,7.9,,7.88,211.479996,219.289993,,,7.08,,,,,,1.657,,1.601,1.657,,1.601
2025/11/20 00:00,2.6,2.27,,1.87,8.54,7.9,,7.88,211.479996,219.539993,,223.440002,7.07,,6.24,,,,1.657,,1.594,1.657,,1.594
2025/11/20 00:00,2.6,2.26,,1.88,8.53,7.9,,7.87,211.479996,219.539993,,223.690002,7.05,,6.2,,,,1.654,,1.597,1.654,,1.597
2025/11/20 00:00,2.61,2.25,,1.87,8.52,7.9,,7.88,211.229996,219.289993,,223.440002,7.12,,6.16,,,,1.661,,1.596,1.661,,1.596
2025/11/20 00:00,2.6,2.25,,1.87,8.51,7.9,,7.88,211.720001,219.779999,,223.440002,7.1,,6.17,,,,1.654,,1.597,1.654,,1.597
2025/11/20 00:00,2.59,2.26,,,8.51,7.9,7.92,,211.479996,219.779999,,,7.09,,6.18,,,,1.656,,1.601,1.656,,1.601
2025/11/20 00:00,2.59,2.26,2.1,,8.5,7.9,7.93,,211.479996,219.779999,222.949997,,7.14,,,,,,1.657,1.634,,1.657,1.634,
2025/11/20 00:00,2.59,2.26,2.1,,8.5,7.91,7.92,,211.479996,219.779999,222.949997,,7.11,6.56,,,,,1.661,1.638,,1.661,1.638,
2025/11/20 00:00,2.59,2.25,2.1,,8.49,7.9,7.92,,211.720001,219.539993,223.440002,,7.14,6.59,,,,,1.648,1.633,,1.648,1.633,
2025/11/20 00:00,2.58,2.25,2.1,,8.48,7.91,7.93,,211.720001,219.289993,223.199997,,7.13,6.58,,,,,1.654,1.631,,1.654,1.631,
2025/11/20 00:00,2.59,2.24,2.1,,8.48,7.9,7.93,,211.720001,219.539993,223.199997,,7.11,6.56,,,,,1.657,1.634,,1.657,1.634,
2025/11/20 00:00,2.59,2.26,,,8.47,7.9,7.93,,211.229996,219.779999,,,7.16,6.59,,,,,1.653,1.634,,1.653,1.634,
2025/11/20 00:00,2.59,2.26,,1.88,8.46,7.9,,7.89,211.229996,219.779999,,,7.13,,,,,,1.657,,1.602,1.657,,1.602
2025/11/20 00:00,2.58,2.25,,1.87,8.45,7.9,,7.89,211.229996,220.020004,,224.660004,7.12,,6.23,,,,1.649,,1.597,1.649,,1.597
2025/11/20 00:00,2.56,2.25,,1.86,8.44,7.9,,7.88,211.229996,219.289993,,224.419998,7.11,,6.23,,,,1.653,,1.599,1.653,,1.599
2025/11/20 00:00,2.56,2.24,,1.86,8.44,7.9,,7.88,211.720001,219.779999,,224.660004,7.12,,6.27,,,,1.656,,1.591,1.656,,1.591
2025/11/20 00:00,2.56,2.24,,1.86,8.43,7.9,,7.89,211.479996,219.779999,,224.660004,7.14,,6.27,,,,1.663,,1.594,1.663,,1.594
2025/11/21 00:00,2.57,2.25,,1.86,8.42,7.9,7.93,,211.720001,219.539993,,,7.14,,6.26,,,,1.658,,1.598,1.658,,1.598
2025/11/21 00:00,2.57,2.25,2.1,,8.42,7.9,7.93,,211.720001,219.539993,223.690002,,7.18,,,,,,1.657,1.634,,1.657,1.634,
2025/11/21 00:00,2.56,2.24,2.1,,8.41,7.9,7.94,,211.970001,219.779999,223.690002,,7.14,6.54,,,,,1.663,1.637,,1.663,1.637,
2025/11/21 00:00,2.56,2.24,2.1,,8.4,7.9,7.93,,212.210007,219.539993,223.440002,,7.15,6.56,,,,,1.666,1.637,,1.666,1.637,
2025/11/21 00:00,2.56,2.26,2.1,,8.39,7.9,7.93,,211.479996,219.779999,223.929993,,7.17,6.56,,,,,1.654,1.641,,1.654,1.641,
2025/11/21 00:00,2.56,2.26,2.1,,8.39,7.9,7.94,,211.970001,219.779999,223.690002,,7.15,6.57,,,,,1.663,1.637,,1.663,1.637,
2025/11/21 00:00,2.56,2.25,,,8.37,7.91,,,211.720001,219.779999,,,7.15,6.57,,,,,1.658,1.635,,1.658,1.635,
2025/11/21 00:00,2.56,2.25,,1.86,8.37,7.91,,7.89,211.229996,220.020004,,,7.16,,,,,,1.665,,1.607,1.665,,1.607
2025/11/21 00:00,2.56,2.25,,1.86,8.35,7.9,,7.89,211.720001,219.779999,,225.399994,7.16,,6.23,,,,1.652,,1.607,1.652,,1.607
2025/11/21 00:00,2.55,2.25,,1.84,8.35,7.9,,7.89,211.720001,220.020004,,225.149994,7.18,,6.26,,,,1.655,,1.591,1.655,,1.591
2025/11/21 00:00,2.56,2.26,,1.84,8.33,7.91,,7.89,211.720001,219.779999,,224.910004,7.17,,6.28,,,,1.653,,1.597,1.653,,1.597
2025/11/21 00:00,2.57,2.26,,1.84,8.32,7.91,,7.89,211.970001,219.539993,,225.149994,7.17,,6.3,,,,1.656,,1.595,1.656,,1.595
2025/11/21 00:00,2.54,2.25,,1.83,8.31,7.9,7.93,,211.479996,219.289993,,,7.16,,6.29,,,,1.653,,1.6,1.653,,1.6
2025/11/21 00:00,2.56,2.25,2.09,,8.29,7.9,7.94,,211.720001,219.779999,223.929993,,7.14,6.52,,,,,1.659,1.63,,1.659,1.63,
2025/11/21 00:00,2.55,2.25,2.09,,8.28,7.9,7.94,,211.720001,220.020004,223.929993,,7.15,6.58,,,,,1.655,1.635,,1.655,1.635,
2025/11/21 00:00,2.55,2.26,2.08,,8.27,7.9,7.94,,211.970001,219.779999,223.690002,,7.18,6.6,,,,,1.66,1.635,,1.66,1.635,
2025/11/21 00:00,2.57,2.25,2.09,,8.27,7.89,7.94,,211.970001,219.779999,224.419998,,7.14,6.59,,,,,1.664,1.636,,1.664,1.636,
2025/11/21 00:00,2.54,2.26,2.09,,8.25,7.9,7.94,,211.720001,219.779999,223.929993,,7.11,6.6,,,,,1.657,1.633,,1.657,1.633,
2025/11/21 00:00,2.55,2.27,,,8.24,7.9,,,211.970001,219.779999,,,7.14,6.52,,,,,1.662,1.637,,1.662,1.637,
2025/11/21 00:00,2.56,2.27,,1.86,8.23,7.9,,7.89,211.720001,219.779999,,,7.12,,,,,,1.66,,1.602,1.66,,1.602
2025/11/21 00:00,2.55,2.27,,1.85,8.21,7.9,,7.89,211.970001,219.539993,,224.910004,7.16,,6.25,,,,1.659,,1.595,1.659,,1.595
2025/11/21 00:00,2.55,2.26,,1.85,8.21,7.9,,7.89,211.970001,219.289993,,223.929993,7.16,,6.27,,,,1.66,,1.6,1.66,,1.6
2025/11/21 00:00,2.52,2.25,,1.86,8.18,7.9,,7.89,212.210007,219.289993,,224.660004,7.13,,6.24,,,,1.662,,1.603,1.662,,1.603
2025/11/21 00:00,2.53,2.24,,1.84,8.16,7.9,,7.89,211.720001,219.779999,,223.929993,7.16,,6.19,,,,1.662,,1.602,1.662,,1.602
2025/11/21 00:00,2.55,2.23,,1.83,8.15,7.9,,,211.720001,219.289993,,,7.15,,6.24,,,,1.664,,1.594,1.664,,1.594
2025/11/21 00:00,2.54,2.24,2.09,,8.13,7.9,7.94,,211.970001,219.289993,223.199997,,7.17,,,,,,1.661,,,1.661,,
2025/11/21 00:00,2.54,2.24,2.08,,8.12,7.89,7.95,,211.970001,219.779999,222.710007,,7.17,6.55,,,,,1.656,1.641,,1.656,1.641,
2025/11/21 00:00,2.54,2.24,2.08,,8.11,7.89,7.94,,211.720001,219.539993,222.470001,,7.16,6.6,,,,,1.658,1.637,,1.658,1.637,
2025/11/21 00:00,2.53,2.25,2.09,,8.09,7.9,7.94,,211.720001,219.289993,222.710007,,7.21,6.53,,,,,1.657,1.637,,1.657,1.637,
2025/11/21 00:00,2.53,2.24,2.09,,8.07,7.89,7.94,,211.970001,219.779999,222.470001,,7.16,6.57,,,,,1.658,1.633,,1.658,1.633,
2025/11/21 00:00,2.53,2.25,,,8.05,7.89,7.95,,211.970001,219.289993,,,7.14,6.56,,,,,1.662,1.638,,1.662,1.638,
2025/11/21 00:00,2.52,2.25,,,8.04,7.89,,7.9,211.720001,219.289993,,,7.16,,,,,,1.655,,,1.655,,
2025/11/21 00:00,2.53,2.25,,1.86,8.03,7.9,,7.9,211.970001,219.050003,,223.929993,7.2,,6.28,,,,1.652,,1.598,1.652,,1.598
2025/11/21 00:00,2.5,2.25,,1.84,8.01,7.89,,7.9,211.970001,219.289993,,224.179993,7.21,,6.25,,,,1.664,,1.599,1.664,,1.599
2025/11/21 00:00,2.49,2.24,,1.84,8,7.89,,7.9,211.970001,219.539993,,223.929993,7.18,,6.21,,,,1.666,,1.598,1.666,,1.598
2025/11/21 00:00,2.5,2.25,,1.84,7.98,7.89,,7.9,211.970001,219.539993,,224.179993,7.2,,6.22,,,,1.66,,1.598,1.66,,1.598
2025/11/21 00:00,2.49,2.26,,1.84,7.97,7.89,,,211.479996,219.539993,,,7.2,,6.24,,,,1.663,,1.598,1.663,,1.598
2025/11/21 00:00,2.5,2.25,2.09,,7.95,7.89,7.94,,211.970001,219.539993,222.949997,,7.18,,,,,,1.657,,,1.657,,
2025/11/21 00:00,2.5,2.25,2.09,,7.94,7.89,7.95,,211.970001,219.289993,222.710007,,7.19,6.56,,,,,1.658,1.642,,1.658,1.642,
2025/11/21 00:00,1.92,2.25,2.09,,,7.88,7.94,,,219.779999,222.220001,,7.19,6.56,,,,,1.659,1.636,,1.659,1.636,
2025/11/21 00:00,0.56,2.24,2.09,,,7.88,7.95,,,219.539993,222.470001,,7.2,6.58,,,,,1.662,1.639,,1.662,1.639,
2025/11/21 00:00,0.35,2.25,2.09,,,7.89,7.95,,,219.779999,222.949997,,7.21,6.55,,,,,1.669,1.633,,1.669,1.633,
2025/11/21 00:00,0.31,2.25,,,,7.88,7.95,,,219.539993,,,7.2,6.58,,,,,1.658,1.633,,1.658,1.633,
2025/11/21 00:00,0.75,2.25,,,,7.88,,7.9,,219.289993,,,7.14,,,,,,1.653,,,1.653,,
2025/11/21 00:00,2.1,2.25,,1.86,,7.88,,7.9,,219.539993,,224.179993,7.21,,6.31,,,,1.656,,1.593,1.656,,1.593
2025/11/21 00:00,2.82,2.24,,1.85,,7.88,,7.9,,219.289993,,223.690002,7.23,,6.24,,,,1.663,,1.598,1.663,,1.598
2025/11/21 00:00,2.67,2.24,,1.86,,7.88,,7.9,,219.539993,,223.929993,7.19,,6.22,,,,1.662,,1.598,1.662,,1.598
2025/11/21 00:00,2.59,2.24,,1.86,,7.88,,7.89,,219.779999,,224.179993,7.17,,6.26,,,,1.66,,1.603,1.66,,1.603
2025/11/21 00:00,2.64,2.25,,,,7.88,,,,219.539993,,,7.15,,6.25,,,,1.659,,1.596,1.659,,1.596
2025/11/21 00:00,2.6,2.27,2.1,,8.61,7.89,7.95,,212.210007,219.539993,223.440002,,7.16,,,,,,1.652,,,1.652,,
2025/11/21 00:00,2.62,2.25,2.08,,8.6,7.89,7.95,,211.720001,219.779999,222.949997,,7.16,6.56,,,,,1.657,1.644,,1.657,1.644,
2025/11/21 00:00,2.61,2.24,2.09,,8.59,7.89,7.95,,211.720001,219.289993,222.949997,,7.18,6.58,,,,,1.66,1.636,,1.66,1.636,
2025/11/21 00:00,2.61,2.26,2.09,,8.59,7.89,7.95,,211.720001,219.289993,223.199997,,7.19,6.64,,,,,1.659,1.64,,1.659,1.64,
2025/11/21 00:00,2.61,2.25,2.09,,8.58,7.89,7.95,,211.970001,219.779999,223.440002,,7.17,6.63,,,,,1.662,1.632,,1.662,1.632,
2025/11/21 00:00,2.6,2.25,,,8.58,7.91,7.96,,211.970001,219.289993,,,7.19,6.57,,,,,1.66,1.638,,1.66,1.638,
2025/11/21 00:00,2.59,2.23,,1.86,8.58,7.9,,7.9,211.970001,220.020004,,,7.17,,,,,,1.653,,,1.653,,
2025/11/21 00:00,2.6,2.24,,1.85,8.57,7.9,,7.9,211.970001,219.779999,,224.910004,7.2,,6.28,,,,1.66,,1.601,1.66,,1.601
2025/11/21 00:00,2.59,2.24,,1.84,8.57,7.9,,7.91,211.720001,219.779999,,224.660004,7.21,,6.34,,,,1.662,,1.602,1.662,,1.602
2025/11/21 00:00,2.6,2.25,,1.84,8.56,7.9,,7.91,211.720001,219.779999,,224.910004,7.21,,6.3,,,,1.664,,1.605,1.664,,1.605
2025/11/21 00:00,2.59,2.24,,1.84,8.56,7.91,,7.91,211.720001,219.289993,,225.149994,7.19,,6.31,,,,1.669,,1.605,1.669,,1.605
2025/11/21 00:00,2.59,2.24,,1.84,8.56,7.9,,,211.720001,220.020004,,,7.2,,6.28,,,,1.658,,1.596,1.658,,1.596
2025/11/21 00:00,2.59,2.24,2.07,,8.55,7.9,7.95,,211.970001,219.779999,,,7.17,,,,,,1.658,,,1.658,,
2025/11/21 00:00,2.59,2.25,2.08,,8.55,7.9,7.96,,211.970001,219.779999,223.690002,,7.2,6.59,,,,,1.665,1.639,,1.665,1.639,
2025/11/21 00:00,2.6,2.24,2.08,,8.54,7.9,7.96,,211.720001,220.020004,223.440002,,7.17,6.61,,,,,1.663,1.636,,1.663,1.636,
2025/11/21 00:00,2.59,2.24,2.08,,8.54,7.9,7.96,,211.970001,219.539993,223.690002,,7.22,6.62,,,,,1.651,1.641,,1.651,1.641,
2025/11/21 00:00,2.59,2.24,2.09,,8.53,7.91,7.95,,211.970001,219.779999,223.690002,,7.17,6.62,,,,,1.651,1.63,,1.651,1.63,
2025/11/21 00:00,2.6,2.23,2.07,,8.53,7.91,7.96,,211.970001,220.020004,,,7.16,6.62,,,,,1.658,1.645,,1.658,1.645,
2025/11/21 00:00,2.59,2.25,,1.85,8.53,7.91,,7.92,211.720001,219.539993,,,7.2,,,,,,1.661,,,1.661,,
2025/11/21 00:00,2.6,2.24,,1.84,8.52,7.9,,7.92,211.720001,219.779999,,225.149994,7.2,,6.31,,,,1.667,,1.601,1.667,,1.601
2025/11/21 00:00,2.6,2.24,,,8.52,7.9,,7.92,211.720001,219.539993,,224.660004,7.18,,6.3,,,,1.655,,1.602,1.655,,1.602
2025/11/21 00:00,2.59,2.25,,,8.51,7.91,,7.92,211.720001,219.779999,,225.399994,7.16,,6.32,,,,1.662,,1.602,1.662,,1.602
2025/11/21 00:00,2.6,2.23,,,8.5,7.9,,7.92,211.970001,220.020004,,224.660004,7.24,,6.32,,,,1.66,,1.603,1.66,,1.603
2025/11/21 00:00,2.6,2.24,,,8.49,7.9,,,211.720001,220.020004,,,7.2,,6.32,,,,1.661,,1.597,1.661,,1.597
2025/11/21 00:00,2.6,2.25,,,8.5,7.9,7.96,,211.970001,219.779999,223.929993,,7.15,,,,,,1.658,,,1.658,,
2025/11/21 00:00,2.6,2.24,,,8.49,7.9,7.96,,211.720001,219.779999,223.929993,,7.23,6.57,,,,,1.665,1.64,,1.665,1.64,
2025/11/21 00:00,2.58,2.24,2.08,,8.49,7.92,7.96,,211.720001,219.779999,223.929993,,7.2,6.62,,,,,1.657,1.631,,1.657,1.631,
2025/11/21 00:00,2.59,2.23,2.09,,8.47,7.91,7.96,,211.720001,219.779999,223.690002,,7.19,6.66,,,,,1.652,1.638,,1.652,1.638,
2025/11/21 00:00,2.6,2.24,2.1,,8.46,7.91,7.96,,211.720001,219.779999,223.929993,,7.2,6.62,,,,,1.658,1.636,,1.658,1.636,
2025/11/21 00:00,2.6,2.25,2.08,,8.46,7.91,7.96,,212.210007,219.779999,,,7.23,6.62,,,,,1.659,1.635,,1.659,1.635,
2025/11/21 00:00,2.6,2.26,,,8.46,7.91,,7.92,211.970001,219.539993,,,7.16,,,,,,1.658,1.631,,1.658,1.631,
2025/11/21 00:00,2.57,2.26,,1.84,8.44,7.91,,7.91,211.970001,219.539993,,224.660004,7.18,,6.29,,,,1.653,,1.594,1.653,,1.594
2025/11/21 00:00,2.58,2.24,,1.84,8.44,7.92,,7.91,211.970001,219.289993,,224.419998,7.19,,6.25,,,,1.659,,1.602,1.659,,1.602
2025/11/21 00:00,2.59,2.25,,1.84,8.44,7.92,,7.91,212.210007,219.289993,,224.179993,7.19,,6.25,,,,1.66,,1.598,1.66,,1.598
2025/11/21 00:00,2.59,2.24,,1.84,8.43,7.92,,7.91,211.970001,219.289993,,223.690002,7.18,,6.25,,,,1.654,,1.601,1.654,,1.601
2025/11/21 00:00,2.59,2.23,,1.84,8.42,7.92,,7.92,211.970001,219.539993,222.710007,,7.17,,6.21,,,,1.664,,1.603,1.664,,1.603
2025/11/21 00:00,2.57,2.22,2.08,,8.42,7.91,7.96,,211.720001,219.289993,223.199997,,7.18,,,,,,1.658,,1.603,1.658,,1.603
2025/11/21 00:00,2.58,2.22,2.09,,8.41,7.91,7.96,,211.720001,219.289993,222.710007,,7.18,6.65,,,,,1.653,1.638,,1.653,1.638,
2025/11/21 00:00,2.59,2.22,2.09,,8.4,7.91,7.96,,211.970001,219.289993,222.220001,,7.22,6.58,,,,,1.664,1.636,,1.664,1.636,
2025/11/21 00:00,2.57,2.23,2.09,,8.39,7.91,7.96,,211.720001,219.539993,221.979996,,7.24,6.57,,,,,1.657,1.642,,1.657,1.642,
2025/11/21 00:00,2.58,2.23,2.1,,8.38,7.92,7.96,,211.720001,219.289993,222.710007,,7.22,6.64,,,,,1.663,1.64,,1.663,1.64,
2025/11/21 00:00,2.57,2.22,2.09,,8.38,7.91,7.96,,211.720001,219.539993,,,7.24,6.64,,,,,1.66,1.636,,1.66,1.636,
2025/11/21 00:00,2.57,2.23,,,8.37,7.92,,7.92,211.479996,220.020004,,,7.2,,,,,,1.657,1.632,,1.657,1.632,
2025/11/21 00:00,2.58,2.23,,1.86,8.36,7.92,,7.92,211.720001,219.289993,,223.929993,7.2,,6.29,,,,1.658,,1.598,1.658,,1.598
2025/11/21 00:00,2.58,2.24,,1.86,8.35,7.92,,7.92,211.720001,219.539993,,224.179993,7.2,,6.26,,,,1.652,,1.612,1.652,,1.612
2025/11/21 00:00,2.58,2.23,,1.86,8.34,7.91,,7.92,211.720001,219.289993,,223.690002,7.23,,6.26,,,,1.663,,1.603,1.663,,1.603
2025/11/21 00:00,2.58,2.22,,1.87,8.33,7.91,,7.92,211.720001,219.050003,,224.179993,7.22,,6.28,,,,1.658,,1.606,1.658,,1.606
2025/11/21 00:00,2.57,2.24,,1.85,8.31,7.91,,7.92,211.720001,219.289993,223.199997,,7.25,,6.26,,,,1.659,,1.598,1.659,,1.598
2025/11/21 00:00,2.58,2.23,2.09,,8.29,7.91,7.96,,211.970001,219.050003,223.199997,,7.22,,,,,,1.647,,1.601,1.647,,1.601
2025/11/21 00:00,2.58,2.24,2.08,,8.29,7.91,7.97,,211.970001,219.539993,222.220001,,7.21,6.57,,,,,1.657,1.641,,1.657,1.641,
2025/11/21 00:00,2.57,2.24,2.08,,8.28,7.91,7.97,,211.970001,219.289993,222.470001,,7.22,6.61,,,,,1.657,1.636,,1.657,1.636,
2025/11/21 00:00,2.58,2.23,2.08,,8.27,7.91,7.97,,211.720001,219.289993,222.710007,,7.22,6.65,,,,,1.658,1.636,,1.658,1.636,
2025/11/21 00:00,2.56,2.23,2.08,,8.25,7.91,7.96,,211.720001,219.289993,222.470001,,7.19,6.64,,,,,1.657,1.638,,1.657,1.638,
2025/11/21 00:00,2.55,2.22,2.08,,8.23,7.91,7.96,,211.970001,219.539993,222.470001,,7.21,6.63,,,,,1.657,1.646,,1.657,1.646,
2025/11/21 00:00,2.55,2.24,,1.87,8.23,7.91,,7.92,211.720001,219.289993,,,7.22,,,,,,1.659,1.637,,1.659,1.637,
2025/11/21 00:00,2.54,2.24,,1.86,8.22,7.91,,7.92,211.720001,219.539993,,224.179993,7.22,,6.34,,,,1.658,,1.599,1.658,,1.599
2025/11/21 00:00,2.56,2.23,,1.85,8.21,7.92,,7.92,211.970001,219.289993,,223.440002,7.21,,6.32,,,,1.653,,1.606,1.653,,1.606
2025/11/21 00:00,2.54,2.23,,1.84,8.18,7.92,,7.92,211.720001,219.289993,,223.929993,7.26,,6.32,,,,1.658,,1.607,1.658,,1.607
2025/11/21 00:00,2.54,2.22,,1.85,8.18,7.92,,7.92,211.720001,219.289993,,223.440002,7.21,,6.29,,,,1.654,,1.6,1.654,,1.6
2025/11/21 00:00,2.55,2.23,,1.85,8.17,7.91,,7.92,211.720001,220.020004,,223.440002,7.21,,6.29,,,,1.651,,1.604,1.651,,1.604
2025/11/21 00:00,2.54,2.26,2.09,,8.16,7.91,7.96,,211.970001,219.289993,,223.440002,7.2,,,,,,1.649,,1.599,1.649,,1.599
2025/11/21 00:00,2.55,2.26,2.09,,8.15,7.91,7.96,,211.970001,219.289993,222.470001,,7.22,6.64,,,,,1.66,1.643,,1.66,1.643,
2025/11/21 00:00,2.55,2.26,2.09,,8.13,7.91,7.97,,211.970001,219.289993,222.949997,,7.23,6.62,,,,,1.662,1.635,,1.662,1.635,
2025/11/21 00:00,2.53,2.25,2.09,,8.12,7.9,7.96,,211.720001,219.289993,222.949997,,7.21,6.62,,,,,1.659,1.641,,1.659,1.641,
2025/11/21 00:00,2.53,2.23,2.09,,8.11,7.91,7.97,,211.970001,219.289993,222.949997,,7.19,6.64,,,,,1.653,1.636,,1.653,1.636,
2025/11/21 00:00,2.53,2.24,,,8.09,7.91,7.97,,211.720001,219.539993,222.470001,,7.14,,,,,,1.663,1.645,,1.663,1.645,
2025/11/21 00:00,2.52,2.23,,,8.07,7.91,,7.93,211.720001,219.289993,,,7.19,,,,,,1.662,1.647,,1.662,1.647,
2025/11/21 00:00,2.52,2.22,,1.85,8.05,7.9,,7.93,211.720001,219.289993,,224.419998,7.19,,6.3,,,,1.668,,1.596,1.668,,1.596
2025/11/21 00:00,2.49,2.22,,1.85,8.03,7.9,,7.93,211.720001,219.289993,,224.179993,7.2,,6.32,,,,1.654,,1.598,1.654,,1.598
2025/11/21 00:00,2.49,2.21,,1.85,8.02,7.9,,7.94,211.479996,220.020004,,224.179993,7.18,,6.3,,,,1.656,,1.601,1.656,,1.601
2025/11/21 00:00,2.5,2.23,,1.85,8.01,7.91,,7.93,211.720001,219.539993,,224.660004,7.19,,6.36,,,,1.659,,1.601,1.659,,1.601
2025/11/21 00:00,2.49,2.23,,1.85,7.99,7.9,,7.94,211.479996,219.050003,,224.660004,7.24,,6.32,,,,1.66,,1.598,1.66,,1.598
2025/11/21 00:00,2.5,2.23,2.09,,7.98,7.9,7.97,,211.720001,219.539993,,,7.21,,,,,,1.654,,1.603,1.654,,1.603
2025/11/21 00:00,2.48,2.24,2.09,,7.9,7.9,7.97,,211.479996,219.289993,223.440002,,7.2,6.62,,,,,1.658,1.642,,1.658,1.642,
2025/11/21 00:00,1.06,2.24,2.09,,,7.9,7.97,,,220.020004,223.690002,,7.21,6.66,,,,,1.66,1.637,,1.66,1.637,
2025/11/21 00:00,0.42,2.24,2.1,,,7.9,7.97,,,219.289993,223.690002,,7.19,6.62,,,,,1.659,1.639,,1.659,1.639,
2025/11/21 00:00,0.34,2.25,2.09,,,7.9,7.97,,,220.020004,223.690002,,7.17,6.66,,,,,1.666,1.638,,1.666,1.638,
2025/11/21 00:00,0.31,2.29,,,,7.89,,,,219.539993,223.440002,,7.17,6.64,,,,,1.656,1.641,,1.656,1.641,
2025/11/21 00:00,1.17,2.28,,,,7.9,,7.94,,219.289993,,,7.19,,,,,,1.658,1.637,,1.658,1.637,
2025/11/21 00:00,2.53,2.28,,1.85,,7.89,,7.93,,219.539993,,224.910004,7.17,,6.36,,,,1.662,,1.598,1.662,,1.598
2025/11/21 00:00,2.77,2.29,,1.85,,7.89,,7.94,,219.289993,,224.419998,7.21,,6.31,,,,1.656,,1.596,1.656,,1.596
2025/11/21 00:00,2.61,2.29,,1.85,,7.89,,7.93,,219.289993,,224.419998,7.18,,6.34,,,,1.653,,1.601,1.653,,1.601
2025/11/21 00:00,2.6,2.29,,1.85,,7.89,,7.93,,219.539993,,224.419998,7.22,,6.33,,,,1.653,,1.6,1.653,,1.6
2025/11/21 00:00,2.63,2.29,,1.85,8.6,7.89,7.94,,212.449997,219.289993,,224.419998,7.14,,6.34,,,,1.66,,1.597,1.66,,1.597
2025/11/21 00:00,2.6,2.29,2.1,,8.6,7.9,7.94,,211.970001,219.289993,,,7.12,,,,,,1.654,,1.6,1.654,,1.6
2025/11/21 00:00,2.61,2.27,2.1,,8.59,7.9,7.93,,211.970001,219.779999,223.199997,,7.17,6.59,,,,,1.645,1.642,,1.645,1.642,
2025/11/21 00:00,2.59,2.28,2.1,,8.59,7.89,7.92,,211.970001,219.539993,223.199997,,7.17,6.56,,,,,1.653,1.642,,1.653,1.642,
2025/11/21 00:00,2.59,2.3,2.1,,8.58,7.89,7.93,,211.970001,219.539993,222.949997,,7.17,6.6,,,,,1.654,1.64,,1.654,1.64,
2025/11/21 00:00,2.59,2.3,2.1,,8.57,7.89,7.92,,211.720001,219.289993,223.199997,,7.19,6.55,,,,,1.656,1.636,,1.656,1.636,
2025/11/21 00:00,2.59,2.28,2.1,,8.57,7.89,,7.91,211.720001,219.289993,223.199997,,7.12,6.62,,,,,1.657,1.638,,1.657,1.638,
2025/11/21 00:00,2.59,2.29,,,8.56,7.89,,7.91,211.970001,219.050003,,,7.19,,,,,,1.654,1.64,,1.654,1.64,
2025/11/21 00:00,2.58,2.28,,1.87,8.56,7.89,,7.9,211.970001,219.539993,,224.179993,7.13,,6.32,,,,1.66,,1.602,1.66,,1.602
2025/11/21 00:00,2.59,2.28,,1.87,8.55,7.89,,7.9,211.229996,219.289993,,224.419998,7.14,,6.27,,,,1.662,,1.6,1.662,,1.6
2025/11/21 00:00,2.6,2.28,,1.87,8.54,7.89,,7.89,211.970001,219.289993,,223.929993,7.17,,6.22,,,,1.656,,1.602,1.656,,1.602
2025/11/21 00:00,2.6,2.28,,1.87,8.54,7.88,,7.89,211.970001,219.289993,,223.929993,7.16,,6.21,,,,1.658,,1.599,1.658,,1.599
2025/11/21 00:00,2.6,2.29,,1.87,8.53,7.89,,7.89,211.970001,219.289993,,223.199997,7.12,,6.23,,,,1.653,,1.597,1.653,,1.597
2025/11/21 00:00,2.66,2.28,2.11,,8.52,7.88,7.9,,211.229996,219.289993,,223.199997,7.15,,,,,,1.662,,1.6,1.662,,1.6
2025/11/21 00:00,2.6,2.3,2.11,,8.51,7.89,7.9,,211.479996,219.289993,222.470001,,7.15,6.56,,,,,1.653,1.639,,1.653,1.639,
2025/11/21 00:00,2.62,2.3,2.11,,8.52,7.88,7.9,,211.970001,219.539993,222.220001,,7.14,6.55,,,,,1.657,1.636,,1.657,1.636,
2025/11/21 00:00,2.61,2.3,2.11,,8.51,7.88,7.9,,211.479996,219.289993,222.470001,,7.08,6.57,,,,,1.654,1.638,,1.654,1.638,
2025/11/21 00:00,2.61,2.3,2.11,,8.51,7.89,7.9,,211.229996,219.289993,222.220001,,7.11,6.57,,,,,1.655,1.635,,1.655,1.635,
2025/11/21 00:00,2.61,2.3,2.11,,8.5,7.88,,,211.229996,219.289993,222.470001,,7.09,6.53,,,,,1.658,1.633,,1.658,1.633,
2025/11/21 00:00,2.61,2.31,,,8.49,7.88,,7.87,211.479996,219.779999,,,7.13,,,,,,1.657,1.635,,1.657,1.635,
2025/11/21 00:00,2.62,2.31,,1.86,8.49,7.88,,7.88,211.720001,219.289993,,222.470001,7.08,,6.22,,,,1.659,,1.598,1.659,,1.598
2025/11/21 00:00,2.61,2.28,,1.85,8.48,7.88,,7.87,211.720001,219.539993,,221.729996,7.08,,6.22,,,,1.653,,1.604,1.653,,1.604
2025/11/21 00:00,2.61,2.28,,1.85,8.47,7.88,,7.87,211.720001,219.779999,,222.220001,7.1,,6.2,,,,1.656,,1.602,1.656,,1.602
2025/11/21 00:00,2.61,2.27,,1.85,8.46,7.88,,7.87,211.970001,219.779999,,222.470001,7.13,,6.14,,,,1.653,,1.606,1.653,,1.606
2025/11/21 00:00,2.61,2.28,,1.84,8.46,7.88,,7.87,211.970001,219.779999,,221.979996,7.09,,6.16,,,,1.659,,1.602,1.659,,1.602
2025/11/21 00:00,2.61,2.28,2.08,,8.45,7.88,7.9,,212.449997,220.020004,,,7.1,,6.24,,,,1.654,,1.598,1.654,,1.598
2025/11/21 00:00,2.61,2.28,2.08,,8.44,7.88,7.91,,212.210007,220.270004,220.759995,,7.11,6.52,,,,,1.658,1.642,,1.658,1.642,
2025/11/21 00:00,2.6,2.29,2.07,,8.43,7.89,7.91,,212.210007,219.779999,220.509995,,7.11,6.55,,,,,1.659,1.634,,1.659,1.634,
2025/11/21 00:00,2.6,2.28,2.07,,8.43,7.88,7.91,,211.970001,220.020004,220.759995,,7.1,6.58,,,,,1.663,1.639,,1.663,1.639,
2025/11/21 00:00,2.6,2.29,2.08,,8.42,7.88,7.91,,212.210007,220.270004,221,,7.14,6.54,,,,,1.664,1.642,,1.664,1.642,
2025/11/21 00:00,2.61,2.3,2.08,,8.42,7.88,7.91,,212.210007,220.270004,220.759995,,7.16,6.54,,,,,1.662,1.643,,1.662,1.643,
2025/11/21 00:00,2.61,2.29,,,8.42,7.88,,7.88,212.449997,220.270004,,,7.11,6.52,,,,,1.654,1.641,,1.654,1.641,
2025/11/21 00:00,2.59,2.29,,1.84,8.41,7.88,,7.87,212.449997,220.270004,,221.979996,7.13,,,,,,1.662,,1.605,1.662,,1.605
2025/11/21 00:00,2.6,2.28,,1.84,8.4,7.89,,7.88,212.449997,220.020004,,222.220001,7.11,,6.21,,,,1.652,,1.607,1.652,,1.607
2025/11/21 00:00,2.59,2.28,,1.84,8.4,7.89,,7.87,212.210007,219.779999,,221.729996,7.15,,6.22,,,,1.654,,1.602,1.654,,1.602
2025/11/21 00:00,2.59,2.29,,1.85,8.39,7.88,,7.87,211.970001,220.270004,,222.220001,7.11,,6.17,,,,1.659,,1.605,1.659,,1.605
2025/11/21 00:00,2.59,2.29,,1.84,8.37,7.88,,7.87,211.970001,219.539993,,221.979996,7.16,,6.21,,,,1.66,,1.601,1.66,,1.601
2025/11/21 00:00,2.59,2.29,2.08,,8.36,7.88,7.92,,212.449997,220.020004,,221.979996,7.1,,,,,,1.655,,1.606,1.655,,1.606
2025/11/21 00:00,2.57,2.31,2.08,,8.36,7.89,7.92,,212.210007,220.020004,221,,7.15,6.6,,,,,1.658,1.638,,1.658,1.638,
2025/11/21 00:00,2.58,2.29,2.08,,8.35,7.89,7.92,,212.210007,220.020004,221.25,,7.15,6.58,,,,,1.659,1.645,,1.659,1.645,
2025/11/21 00:00,2.58,2.29,2.08,,8.34,7.88,7.92,,212.210007,219.779999,221.25,,7.16,6.62,,,,,1.653,1.636,,1.653,1.636,
2025/11/21 00:00,2.58,2.28,2.07,,8.33,7.88,7.92,,212.449997,219.779999,221.25,,7.13,6.6,,,,,1.649,1.642,,1.649,1.642,
2025/11/21 00:00,2.58,2.28,2.08,,8.32,7.88,7.92,,212.449997,220.020004,221.729996,,7.1,6.63,,,,,1.651,1.647,,1.651,1.647,
2025/11/21 00:00,2.57,2.28,,,8.31,7.89,,7.89,212.210007,219.779999,,,7.14,,,,,,1.646,1.642,,1.646,1.642,
2025/11/21 00:00,2.57,2.27,,1.84,8.3,7.89,,7.88,212.210007,220.270004,,222.710007,7.09,,6.33,,,,1.661,,1.603,1.661,,1.603
2025/11/21 00:00,2.57,2.29,,1.83,8.29,7.89,,7.89,212.210007,220.020004,,222.220001,7.16,,6.29,,,,1.655,,1.606,1.655,,1.606
2025/11/21 00:00,2.58,2.3,,1.84,8.28,7.89,,7.89,212.210007,219.779999,,223.199997,7.14,,6.34,,,,1.654,,1.605,1.654,,1.605
2025/11/21 00:00,2.58,2.29,,1.83,8.27,7.88,,7.88,212.210007,220.270004,,222.949997,7.17,,6.28,,,,1.662,,1.597,1.662,,1.597
2025/11/21 00:00,2.57,2.29,,1.83,8.26,7.89,,7.89,212.210007,219.779999,,222.949997,7.12,,6.28,,,,1.654,,1.602,1.654,,1.602
2025/11/21 00:00,2.57,2.28,2.08,,8.24,7.89,7.93,,212.449997,220.270004,,,7.16,,,,,,1.651,,1.602,1.651,,1.602
2025/11/21 00:00,2.55,2.29,2.08,,8.25,7.89,7.93,,212.449997,219.779999,221.490005,,7.11,6.63,,,,,1.657,1.642,,1.657,1.642,
2025/11/21 00:00,2.57,2.3,2.08,,8.23,7.88,7.94,,212.210007,219.779999,221.490005,,7.09,6.63,,,,,1.662,1.64,,1.662,1.64,
2025/11/21 00:00,2.55,2.29,2.08,,8.22,7.88,7.94,,212.210007,219.779999,221.729996,,7.17,6.62,,,,,1.653,1.639,,1.653,1.639,
2025/11/21 00:00,2.57,2.29,2.08,,8.21,7.88,7.94,,212.449997,219.779999,221.490005,,7.17,6.62,,,,,1.658,1.644,,1.658,1.644,
2025/11/21 00:00,2.54,2.29,2.08,,8.19,7.89,7.94,,212.210007,219.779999,221.490005,,7.16,6.64,,,,,1.662,1.639,,1.662,1.639,
2025/11/21 00:00,2.55,2.28,,,8.17,7.88,,7.89,212.210007,219.779999,,,7.12,6.62,,,,,1.663,1.638,,1.663,1.638,
2025/11/21 00:00,2.56,2.29,,1.83,8.17,7.88,,7.89,212.449997,219.779999,,222.470001,7.11,,6.3,,,,1.655,,1.602,1.655,,1.602
2025/11/21 00:00,2.55,2.29,,1.83,8.15,7.89,,7.89,212.449997,219.539993,,222.710007,7.16,,6.33,,,,1.656,,1.602,1.656,,1.602
2025/11/21 00:00,2.55,2.29,,1.83,8.14,7.88,,7.9,212.210007,219.539993,,222.220001,7.11,,6.31,,,,1.658,,1.605,1.658,,1.605
2025/11/21 00:00,2.54,2.29,,1.83,8.12,7.89,,7.9,211.970001,219.779999,,222.949997,7.11,,6.33,,,,1.647,,1.606,1.647,,1.606
2025/11/21 00:00,2.54,2.28,,1.83,8.11,7.88,,7.9,211.970001,219.779999,,222.710007,7.14,,6.33,,,,1.669,,1.606,1.669,,1.606
2025/11/21 00:00,2.54,2.28,2.08,,8.1,7.88,7.94,,212.210007,219.779999,,,7.13,,,,,,1.649,,1.603,1.649,,1.603
2025/11/21 00:00,2.54,2.29,2.08,,8.09,7.89,7.94,,212.210007,219.779999,221.490005,,7.14,6.65,,,,,1.66,1.642,,1.66,1.642,
2025/11/21 00:00,2.54,2.3,2.09,,8.07,7.88,7.95,,212.210007,220.020004,221.490005,,7.11,6.63,,,,,1.654,1.646,,1.654,1.646,
2025/11/21 00:00,2.54,2.26,2.08,,8.07,7.88,7.95,,212.210007,220.270004,221,,7.1,6.61,,,,,1.659,1.64,,1.659,1.64,
2025/11/21 00:00,2.52,2.25,2.08,,8.04,7.88,7.95,,212.210007,220.270004,221.25,,7.15,6.62,,,,,1.648,1.637,,1.648,1.637,
2025/11/21 00:00,2.51,2.25,2.09,,8.03,7.88,7.94,,212.210007,220.270004,221.729996,,7.07,6.65,,,,,1.645,1.644,,1.645,1.644,
2025/11/21 00:00,2.53,2.27,,,8.01,7.88,,7.9,212.210007,220.270004,,,7.13,6.61,,,,,1.653,1.641,,1.653,1.641,
2025/11/21 00:00,2.53,2.3,,1.85,8,7.88,,7.9,211.970001,220.270004,,222.710007,7.09,,,,,,1.657,,1.606,1.657,,1.606
2025/11/21 00:00,2.53,2.28,,1.85,7.99,7.88,,7.9,211.970001,220.270004,,222.220001,7.11,,6.21,,,,1.65,,1.611,1.65,,1.611
2025/11/21 00:00,2.49,2.28,,1.85,7.97,7.89,,7.9,212.449997,220.020004,,222.470001,7.15,,6.21,,,,1.662,,1.602,1.662,,1.602
2025/11/21 00:00,2.5,2.27,,1.85,7.96,7.88,,7.9,212.449997,220.270004,,222.220001,7.1,,6.22,,,,1.653,,1.606,1.653,,1.606
2025/11/21 00:00,2.5,2.28,,1.84,7.93,7.88,,7.91,212.449997,220.270004,,222.470001,7.13,,6.22,,,,1.658,,1.605,1.658,,1.605
2025/11/21 00:00,2.5,2.29,2.09,,7.93,7.88,7.94,,212.699997,220.270004,,222.220001,7.14,,,,,,1.658,,1.606,1.658,,1.606
2025/11/21 00:00,2.5,2.28,2.08,,7.92,7.88,7.94,,212.449997,220.270004,220.759995,,7.13,6.62,,,,,1.653,1.643,,1.653,1.643,
2025/11/21 00:00,2.5,2.29,2.08,,7.91,7.88,7.95,,212.699997,220.270004,221,,7.13,6.62,,,,,1.655,1.638,,1.655,1.638,
2025/11/21 00:00,1.21,2.29,2.09,,,7.87,7.95,,,220.270004,221,,7.14,6.64,,,,,1.649,1.643,,1.649,1.643,
2025/11/21 00:00,0.44,2.28,2.08,,,7.87,7.94,,,220.270004,220.759995,,7.16,6.64,,,,,1.656,1.643,,1.656,1.643,
2025/11/21 00:00,0.34,2.29,2.09,,,7.86,7.94,,,220.270004,220.759995,,7.17,6.62,,,,,1.656,1.642,,1.656,1.642,
2025/11/21 00:00,0.31,2.29,,,,7.87,,7.9,,220.020004,,,7.14,,,,,,1.647,1.64,,1.647,1.64,
2025/11/21 00:00,1.15,2.29,,1.85,,7.87,,7.9,,220.020004,,222.220001,7.1,,,,,,1.654,,1.602,1.654,,1.602
2025/11/21 00:00,2.53,2.29,,1.85,,7.87,,7.91,,220.020004,,222.220001,7.12,,6.27,,,,1.648,,1.604,1.648,,1.604
2025/11/21 00:00,2.78,2.28,,1.85,,7.87,,7.91,,220.270004,,221.729996,7.13,,6.24,,,,1.647,,1.601,1.647,,1.601
2025/11/21 00:00,2.63,2.28,,1.85,,7.86,,7.9,,220.020004,,221.979996,7.12,,6.23,,,,1.654,,1.605,1.654,,1.605
2025/11/21 00:00,2.64,2.28,,1.85,,7.86,,7.91,,220.020004,,222.220001,7.14,,6.2,,,,1.658,,1.602,1.658,,1.602
2025/11/21 00:00,2.66,2.28,2.08,,8.63,7.86,7.95,,213.919998,220.270004,,221.979996,7.17,,,,,,1.666,,1.605,1.666,,1.605
2025/11/21 00:00,2.63,2.29,2.08,,8.63,7.88,7.95,,213.919998,220.020004,,,7.13,6.64,,,,,1.648,1.64,,1.648,1.64,
2025/11/21 00:00,2.63,2.26,2.08,,8.62,7.89,7.95,,213.190002,220.270004,220.759995,,7.16,6.61,,,,,1.658,1.637,,1.658,1.637,
2025/11/21 00:00,2.63,2.27,2.08,,8.62,7.89,7.95,,213.190002,220.509995,220.759995,,7.17,6.6,,,,,1.659,1.64,,1.659,1.64,
2025/11/21 00:00,2.63,2.29,2.08,,8.61,7.89,7.95,,213.190002,220.020004,220.759995,,7.15,6.67,,,,,1.646,1.643,,1.646,1.643,
2025/11/21 00:00,2.62,2.29,2.09,,8.61,7.88,7.95,,213.429993,220.020004,220.759995,,7.12,6.63,,,,,1.652,1.636,,1.652,1.636,
2025/11/21 00:00,2.62,2.28,,,8.61,7.89,,7.91,213.679993,220.020004,,,7.12,,,,,,1.662,1.639,,1.662,1.639,
2025/11/21 00:00,2.62,2.27,,1.85,8.61,7.89,,7.91,213.190002,220.020004,,222.220001,7.14,,,,,,1.649,,1.608,1.649,,1.608
2025/11/21 00:00,2.62,2.28,,1.85,8.59,7.89,,7.91,213.429993,220.270004,,221.729996,7.13,,6.26,,,,1.654,,1.605,1.654,,1.605
2025/11/21 00:00,2.63,2.28,,1.85,8.59,7.89,,7.91,213.190002,220.270004,,221.979996,7.14,,6.25,,,,1.658,,1.608,1.658,,1.608
2025/11/21 00:00,2.62,2.28,,1.85,8.59,7.89,,7.91,213.190002,220.020004,,222.220001,7.15,,6.23,,,,1.651,,1.603,1.651,,1.603
2025/11/21 00:00,2.61,2.28,,1.84,8.58,7.9,,7.91,213.429993,219.779999,,221.979996,7.11,,6.26,,,,1.661,,1.601,1.661,,1.601
2025/11/21 00:00,2.62,2.27,2.08,,8.58,7.9,7.95,,213.190002,220.270004,,222.220001,7.2,,,,,,1.657,,1.601,1.657,,1.601
2025/11/21 00:00,2.62,2.27,2.08,,8.57,7.9,7.96,,213.429993,220.270004,,,7.2,6.63,,,,,1.65,1.639,,1.65,1.639,
2025/11/21 00:00,2.62,2.3,2.08,,8.57,7.89,7.96,,213.190002,220.020004,221,,7.13,6.62,,,,,1.655,1.639,,1.655,1.639,
2025/11/21 00:00,2.62,2.3,2.09,,8.56,7.89,7.96,,213.190002,219.779999,221,,7.17,6.66,,,,,1.648,1.644,,1.648,1.644,
2025/11/21 00:00,2.62,2.29,2.08,,8.56,7.89,7.95,,213.429993,220.270004,221,,7.13,6.65,,,,,1.654,1.64,,1.654,1.64,
2025/11/21 00:00,2.61,2.28,2.08,,8.56,7.9,7.95,,213.679993,220.020004,221,,7.15,6.64,,,,,1.66,1.639,,1.66,1.639,
2025/11/21 00:00,2.61,2.26,,,8.55,7.9,,7.92,213.429993,220.020004,,,7.14,,,,,,1.655,1.642,,1.655,1.642,
2025/11/21 00:00,2.62,2.27,,1.84,8.54,7.9,,7.92,213.190002,220.020004,,,7.15,,6.37,,,,1.65,,1.603,1.65,,1.603
2025/11/21 00:00,2.62,2.28,,1.83,8.54,7.89,,7.92,213.679993,220.270004,,222.470001,7.18,,6.36,,,,1.651,,1.616,1.651,,1.616
2025/11/21 00:00,2.62,2.28,,1.83,8.53,7.9,,7.92,213.679993,220.270004,,222.949997,7.19,,6.33,,,,1.663,,1.609,1.663,,1.609
2025/11/21 00:00,2.62,2.28,,1.83,8.52,7.9,,7.92,213.429993,220.020004,,222.220001,7.16,,6.37,,,,1.649,,1.608,1.649,,1.608
2025/11/21 00:00,2.62,2.27,,1.83,8.52,7.9,,7.91,213.190002,220.270004,,222.470001,7.17,,6.34,,,,1.658,,1.606,1.658,,1.606
2025/11/21 00:00,2.62,2.29,2.07,,8.52,7.9,7.96,,213.429993,219.779999,,222.220001,7.16,,,,,,1.65,,1.609,1.65,,1.609
2025/11/21 00:00,2.62,2.28,2.08,,8.52,7.9,7.96,,213.429993,220.020004,221.490005,,7.15,6.68,,,,,1.653,1.638,,1.653,1.638,
2025/11/21 00:00,2.61,2.28,2.07,,8.51,7.91,7.96,,213.429993,219.779999,221,,7.17,6.7,,,,,1.657,1.636,,1.657,1.636,
2025/11/21 00:00,2.6,2.27,2.08,,8.51,7.91,7.96,,213.190002,219.779999,221.25,,7.16,6.63,,,,,1.654,1.639,,1.654,1.639,
2025/11/21 00:00,2.59,2.26,2.08,,8.5,7.91,7.96,,213.429993,220.270004,221.729996,,7.19,6.65,,,,,1.652,1.639,,1.652,1.639,
2025/11/21 00:00,2.59,2.27,2.08,,8.5,7.91,7.96,,213.429993,219.779999,221.729996,,7.17,6.67,,,,,1.658,1.643,,1.658,1.643,
2025/11/21 00:00,2.6,2.27,,,8.49,7.91,,7.94,213.429993,220.020004,,,7.17,,,,,,1.66,1.645,,1.66,1.645,
2025/11/21 00:00,2.61,2.27,,1.83,8.48,7.9,,7.93,213.190002,220.020004,,222.710007,7.19,,6.41,,,,1.654,,1.608,1.654,,1.608
2025/11/21 00:00,2.6,2.27,,1.83,8.47,7.91,,7.93,213.429993,220.270004,,222.710007,7.18,,6.37,,,,1.664,,1.609,1.664,,1.609
2025/11/21 00:00,2.59,2.27,,1.82,8.46,7.91,,7.93,213.429993,220.020004,,222.470001,7.19,,6.36,,,,1.649,,1.609,1.649,,1.609
2025/11/21 00:00,2.59,2.26,,1.83,8.46,7.91,,7.94,213.190002,220.270004,,222.949997,7.19,,6.38,,,,1.656,,1.603,1.656,,1.603
2025/11/21 00:00,2.59,2.27,,1.82,8.45,7.91,,7.93,213.429993,220.270004,,222.949997,7.22,,6.41,,,,1.648,,1.61,1.648,,1.61
2025/11/21 00:00,2.59,2.27,2.07,,8.44,7.91,7.97,,213.190002,220.270004,,,7.2,,,,,,1.658,,1.61,1.658,,1.61
2025/11/21 00:00,2.59,2.27,2.07,,8.44,7.91,7.97,,213.190002,220.270004,221.729996,,7.2,6.71,,,,,1.65,1.636,,1.65,1.636,
2025/11/21 00:00,2.58,2.27,2.07,,8.43,7.91,7.97,,212.940002,220.270004,221.729996,,7.18,6.65,,,,,1.658,1.645,,1.658,1.645,
2025/11/21 00:00,2.59,2.26,2.07,,8.42,7.91,7.97,,213.429993,220.020004,221.490005,,7.2,6.68,,,,,1.66,1.64,,1.66,1.64,
2025/11/21 00:00,2.58,2.28,2.07,,8.41,7.91,7.97,,213.190002,219.779999,221.729996,,7.18,6.69,,,,,1.645,1.642,,1.645,1.642,
2025/11/21 00:00,2.58,2.27,2.06,,8.4,7.91,7.97,,213.679993,220.020004,221.729996,,7.23,6.69,,,,,1.652,1.641,,1.652,1.641,
2025/11/21 00:00,2.59,2.27,,1.85,8.4,7.91,,7.94,213.429993,220.020004,,,7.22,6.68,,,,,1.653,1.643,,1.653,1.643,
2025/11/21 00:00,2.58,2.28,,1.84,8.38,7.91,,7.93,213.190002,220.270004,,,7.2,,,,,,1.655,,1.61,1.655,,1.61
2025/11/21 00:00,2.59,2.29,,1.83,8.38,7.91,,7.93,213.679993,219.779999,,222.470001,7.18,,6.31,,,,1.65,,1.596,1.65,,1.596
2025/11/21 00:00,2.58,2.3,,1.83,8.37,7.91,,7.94,213.190002,219.779999,,222.710007,7.17,,6.34,,,,1.65,,1.605,1.65,,1.605
2025/11/21 00:00,2.59,2.3,,1.83,8.36,7.91,,7.93,213.190002,219.779999,,222.470001,7.19,,6.29,,,,1.659,,1.601,1.659,,1.601
2025/11/21 00:00,2.59,2.29,,1.83,8.35,7.91,,7.93,212.940002,220.020004,,222.470001,7.16,,6.29,,,,1.658,,1.605,1.658,,1.605
2025/11/21 00:00,2.58,2.28,2.08,,8.34,7.91,7.96,,213.190002,219.539993,,222.470001,7.18,,,,,,1.649,,1.605,1.649,,1.605
2025/11/21 00:00,2.58,2.26,2.08,,8.32,7.91,7.97,,212.940002,219.779999,,,7.13,6.62,,,,,1.655,1.635,,1.655,1.635,
2025/11/21 00:00,2.58,2.27,2.08,,8.31,7.9,7.96,,213.190002,219.539993,220.759995,,7.15,6.62,,,,,1.661,1.638,,1.661,1.638,
2025/11/21 00:00,2.59,2.27,2.07,,8.3,7.91,7.96,,213.190002,220.020004,220.509995,,7.17,6.68,,,,,1.657,1.64,,1.657,1.64,
2025/11/21 00:00,2.6,2.26,2.08,,8.29,7.9,7.96,,213.190002,219.779999,220.759995,,7.19,6.68,,,,,1.656,1.638,,1.656,1.638,
2025/11/21 00:00,2.57,2.27,2.08,,8.28,7.91,7.97,,213.190002,219.289993,220.509995,,7.2,6.66,,,,,1.668,1.639,,1.668,1.639,
2025/11/21 00:00,2.57,2.26,,1.85,8.27,7.91,,7.94,213.190002,219.539993,,,7.19,6.65,,,,,1.662,1.641,,1.662,1.641,
2025/11/21 00:00,2.57,2.27,,1.84,8.25,7.91,,7.94,212.940002,219.539993,,221.729996,7.21,,6.38,,,,1.663,,1.608,1.663,,1.608
2025/11/21 00:00,2.58,2.27,,1.84,8.24,7.91,,7.93,212.940002,220.020004,,222.220001,7.22,,6.35,,,,1.654,,1.607,1.654,,1.607
2025/11/21 00:00,2.57,2.26,,1.83,8.23,7.91,,7.93,213.190002,220.020004,,221.979996,7.16,,6.31,,,,1.659,,1.601,1.659,,1.601
2025/11/21 00:00,2.56,2.26,,1.84,8.22,7.91,,7.93,213.190002,220.020004,,222.470001,7.23,,6.31,,,,1.661,,1.608,1.661,,1.608
2025/11/21 00:00,2.55,2.26,,1.84,8.2,7.91,,7.94,213.190002,219.539993,,221.979996,7.21,,6.33,,,,1.652,,1.602,1.652,,1.602
2025/11/21 00:00,2.56,2.26,2.08,,8.19,7.91,7.97,,212.699997,219.779999,,,7.21,,6.32,,,,1.665,,,1.665,,
2025/11/21 00:00,2.56,2.27,2.07,,8.17,7.91,7.97,,213.190002,219.779999,220.759995,,7.19,6.67,,,,,1.661,1.642,,1.661,1.642,
2025/11/21 00:00,2.57,2.27,2.07,,8.16,7.91,7.98,,213.190002,219.779999,221.25,,7.18,6.7,,,,,1.657,1.643,,1.657,1.643,
2025/11/21 00:00,2.55,2.26,2.08,,8.14,7.91,7.97,,212.940002,219.539993,220.759995,,7.23,6.67,,,,,1.659,1.637,,1.659,1.637,
2025/11/21 00:00,2.53,2.27,2.08,,8.13,7.91,7.97,,212.699997,220.020004,220.759995,,7.21,6.69,,,,,1.65,1.641,,1.65,1.641,
2025/11/21 00:00,2.55,2.26,2.07,,8.12,7.91,7.97,,212.940002,219.779999,220.759995,,7.22,6.68,,,,,1.653,1.641,,1.653,1.641,
2025/11/21 00:00,2.54,2.27,,,8.09,7.91,,7.94,212.940002,219.779999,,,7.23,6.66,,,,,1.655,1.639,,1.655,1.639,
2025/11/21 00:00,2.54,2.27,,1.84,8.08,7.91,,7.93,213.429993,219.779999,,222.220001,7.21,,6.34,,,,1.655,,1.606,1.655,,1.606
2025/11/21 00:00,2.52,2.27,,1.84,8.06,7.9,,7.93,213.429993,219.779999,,221.979996,7.23,,6.35,,,,1.654,,1.612,1.654,,1.612
2025/11/21 00:00,2.52,2.28,,1.84,8.04,7.9,,7.94,213.679993,219.779999,,222.470001,7.21,,6.32,,,,1.659,,1.603,1.659,,1.603
2025/11/21 00:00,2.53,2.28,,1.84,8.03,7.9,,7.93,213.190002,219.779999,,221.979996,7.17,,6.31,,,,1.659,,1.606,1.659,,1.606
2025/11/22 00:00,2.52,2.29,,1.83,8.01,7.91,,7.94,213.679993,219.539993,,222.220001,7.19,,6.32,,,,1.665,,1.602,1.665,,1.602
2025/11/22 00:00,2.52,2.29,2.08,,8,7.9,7.98,,213.429993,219.779999,,,7.18,,6.29,,,,1.65,,1.605,1.65,,1.605
2025/11/22 00:00,2.52,2.28,2.07,,7.98,7.9,7.98,,213.190002,219.779999,220.759995,,7.17,6.7,,,,,1.655,1.638,,1.655,1.638,
2025/11/22 00:00,2.5,2.28,2.08,,7.96,7.9,7.97,,213.429993,219.779999,220.759995,,7.18,6.66,,,,,1.658,1.637,,1.658,1.637,
2025/11/22 00:00,2.49,2.28,2.07,,7.94,7.89,7.98,,213.429993,219.539993,220.759995,,7.18,6.67,,,,,1.661,1.641,,1.661,1.641,
2025/11/22 00:00,2.48,2.29,2.08,,7.93,7.89,7.97,,213.429993,220.020004,221.25,,7.16,6.67,,,,,1.665,1.642,,1.665,1.642,
2025/11/22 00:00,2.47,2.28,2.07,,7.91,7.9,7.97,,213.429993,219.779999,221.25,,7.15,6.66,,,,,1.65,1.634,,1.65,1.634,
2025/11/22 00:00,2.46,2.27,,,7.9,7.9,,7.94,213.429993,219.779999,,,7.2,6.65,,,,,1.653,1.643,,1.653,1.643,
2025/11/22 00:00,2.27,2.26,,1.82,,7.9,,7.94,,219.779999,,222.220001,7.2,,6.39,,,,1.649,,1.611,1.649,,1.611
2025/11/22 00:00,0.59,2.25,,1.83,,7.9,,7.94,,219.779999,,222.949997,7.23,,6.39,,,,1.655,,1.607,1.655,,1.607
2025/11/22 00:00,0.35,2.25,,1.83,,7.9,,7.94,,220.020004,,222.949997,7.21,,6.35,,,,1.656,,1.613,1.656,,1.613
2025/11/22 00:00,0.32,2.25,,1.83,,7.9,,7.94,,220.020004,,222.710007,7.17,,6.43,,,,1.654,,1.61,1.654,,1.61
2025/11/22 00:00,0.6,2.27,,1.82,,7.9,,7.94,,219.779999,,222.710007,7.18,,6.39,,,,1.65,,1.604,1.65,,1.604
2025/11/22 00:00,1.94,2.27,2.07,,,7.9,7.97,,,219.539993,,,7.21,,6.4,,,,1.649,,1.603,1.649,,1.603
2025/11/22 00:00,2.83,2.27,2.06,,,7.9,7.98,,,219.779999,221.25,,7.17,6.7,,,,,1.664,1.64,,1.664,1.64,
2025/11/22 00:00,2.7,2.27,2.06,,,7.9,7.97,,,219.539993,221.729996,,7.18,6.68,,,,,1.658,1.64,,1.658,1.64,
2025/11/22 00:00,2.59,2.27,2.07,,,7.89,7.98,,,219.779999,221.25,,7.17,6.7,,,,,1.645,1.64,,1.645,1.64,
2025/11/22 00:00,2.65,2.27,2.06,,,7.89,7.97,,,220.020004,221.25,,7.17,6.66,,,,,1.65,1.64,,1.65,1.64,
2025/11/22 00:00,2.61,2.26,2.06,,8.65,7.9,7.97,,213.679993,219.289993,221.490005,,7.11,6.71,,,,,1.655,1.634,,1.655,1.634,
2025/11/22 00:00,2.61,2.25,,,8.64,7.92,,7.95,213.190002,219.539993,,,7.19,6.69,,,,,1.657,1.639,,1.657,1.639,
2025/11/22 00:00,2.61,2.23,,1.82,8.65,7.92,,7.95,213.429993,219.779999,,222.710007,7.17,,6.4,,,,1.654,,1.611,1.654,,1.611
2025/11/22 00:00,2.61,2.27,,1.8,8.63,7.92,,7.95,213.190002,219.779999,,222.220001,7.22,,6.45,,,,1.658,,1.611,1.658,,1.611
2025/11/22 00:00,2.6,2.27,,1.81,8.63,7.92,,7.95,213.429993,219.779999,,222.949997,7.25,,6.39,,,,1.659,,1.608,1.659,,1.608
2025/11/22 00:00,2.61,2.27,,1.81,8.63,7.92,,7.94,213.429993,219.779999,,222.470001,7.21,,6.42,,,,1.647,,1.61,1.647,,1.61
2025/11/22 00:00,2.61,2.27,,1.81,8.63,7.92,,7.95,213.429993,219.539993,,222.220001,7.21,,6.43,,,,1.664,,1.612,1.664,,1.612
2025/11/22 00:00,2.6,2.26,2.06,,8.62,7.92,7.98,,213.429993,219.539993,,,7.27,,6.42,,,,1.657,,1.605,1.657,,1.605
2025/11/22 00:00,2.6,2.26,2.06,,8.62,7.92,7.98,,213.679993,219.539993,221.490005,,7.24,6.72,,,,,1.659,1.647,,1.659,1.647,
2025/11/22 00:00,2.61,2.28,2.06,,8.62,7.92,7.98,,213.429993,219.539993,221.25,,7.19,6.72,,,,,1.654,1.645,,1.654,1.645,
2025/11/22 00:00,2.6,2.27,2.07,,8.61,7.93,7.98,,213.190002,219.779999,221.490005,,7.23,6.68,,,,,1.656,1.637,,1.656,1.637,
2025/11/22 00:00,2.61,2.27,2.06,,8.61,7.92,7.98,,213.679993,219.779999,221.490005,,7.23,6.74,,,,,1.66,1.645,,1.66,1.645,
2025/11/22 00:00,2.6,2.27,2.07,,8.59,7.94,7.98,,213.429993,219.779999,221.25,,7.24,6.74,,,,,1.655,1.636,,1.655,1.636,
2025/11/22 00:00,2.6,2.26,,,8.6,7.93,,7.95,213.429993,219.779999,,,7.25,6.72,,,,,1.663,1.638,,1.663,1.638,
2025/11/22 00:00,2.61,2.27,,1.83,8.59,7.93,,7.95,213.190002,220.020004,,222.949997,7.24,,,,,,1.654,,1.611,1.654,,1.611
2025/11/22 00:00,2.6,2.28,,1.83,8.58,7.93,,7.94,213.429993,219.779999,,222.710007,7.2,,6.38,,,,1.658,,1.61,1.658,,1.61
2025/11/22 00:00,2.61,2.29,,1.83,8.58,7.93,,7.94,213.190002,219.779999,,222.470001,7.2,,6.4,,,,1.66,,1.603,1.66,,1.603
2025/11/22 00:00,2.61,2.29,,1.83,8.58,7.94,,7.95,213.429993,219.779999,,222.470001,7.2,,6.32,,,,1.656,,1.608,1.656,,1.608
2025/11/22 00:00,2.61,2.27,,1.84,8.57,7.94,,7.94,212.699997,219.779999,,222.220001,7.25,,6.36,,,,1.656,,1.6,1.656,,1.6
2025/11/22 00:00,2.61,2.27,2.08,,8.57,7.94,7.98,,213.429993,219.779999,,222.949997,7.18,,6.36,,,,1.661,,1.606,1.661,,1.606
2025/11/22 00:00,2.61,2.27,2.07,,8.56,7.94,7.98,,212.940002,219.539993,221.490005,,7.25,6.7,,,,,1.653,1.638,,1.653,1.638,
2025/11/22 00:00,2.61,2.26,2.08,,8.56,7.94,7.98,,213.429993,219.779999,221.25,,7.2,6.69,,,,,1.652,1.645,,1.652,1.645,
2025/11/22 00:00,2.6,2.25,2.08,,8.55,7.94,7.98,,213.429993,219.289993,220.509995,,7.2,6.69,,,,,1.651,1.637,,1.651,1.637,
2025/11/22 00:00,2.6,2.24,2.07,,8.54,7.94,7.99,,213.190002,219.779999,220.759995,,7.31,6.69,,,,,1.66,1.646,,1.66,1.646,
2025/11/22 00:00,2.6,2.25,2.07,,8.54,7.94,7.99,,213.190002,220.020004,221,,7.23,6.69,,,,,1.66,1.64,,1.66,1.64,
2025/11/22 00:00,2.6,2.26,,,8.53,7.93,,7.95,213.190002,219.779999,,,7.26,6.71,,,,,1.658,1.639,,1.658,1.639,
2025/11/22 00:00,2.61,2.26,,1.84,8.53,7.94,,7.95,213.190002,219.779999,,,7.26,,,,,,1.653,,1.607,1.653,,1.607
2025/11/22 00:00,2.59,2.26,,1.84,8.52,7.94,,7.95,213.429993,220.020004,,221.979996,7.27,,,,,,1.652,,1.607,1.652,,1.607
2025/11/22 00:00,2.59,2.26,,1.84,8.52,7.94,,7.95,213.429993,219.779999,,222.710007,7.25,,6.34,,,,1.651,,1.609,1.651,,1.609
2025/11/22 00:00,2.59,2.27,,1.84,8.51,7.94,,7.94,213.429993,219.779999,,221.979996,7.26,,6.38,,,,1.651,,1.61,1.651,,1.61
2025/11/22 00:00,2.6,2.27,,1.83,8.5,7.94,,7.95,213.429993,219.779999,,221.979996,7.28,,6.35,,,,1.65,,1.61,1.65,,1.61
2025/11/22 00:00,2.6,2.27,2.08,,8.5,7.94,7.98,,213.429993,219.539993,,,7.27,,6.34,,,,1.656,,1.61,1.656,,1.61
2025/11/22 00:00,2.59,2.27,2.08,,8.48,7.94,7.98,,213.429993,219.779999,221.25,,7.29,6.74,,,,,1.66,1.646,,1.66,1.646,
2025/11/22 00:00,2.59,2.26,2.08,,8.49,7.94,7.98,,213.190002,219.539993,220.759995,,7.28,6.72,,,,,1.653,1.637,,1.653,1.637,
2025/11/22 00:00,2.59,2.26,2.07,,8.48,7.94,7.98,,213.429993,219.779999,221.25,,7.27,6.72,,,,,1.651,1.64,,1.651,1.64,
2025/11/22 00:00,2.59,2.27,2.08,,8.47,7.94,7.99,,213.429993,220.020004,221.25,,7.26,6.73,,,,,1.656,1.638,,1.656,1.638,
2025/11/22 00:00,2.6,2.27,2.07,,8.45,7.94,7.99,,213.429993,220.020004,221,,7.25,6.74,,,,,1.654,1.644,,1.654,1.644,
2025/11/22 00:00,2.59,2.26,,,8.45,7.94,,,213.190002,219.779999,,,7.25,,,,,,1.66,1.64,,1.66,1.64,
2025/11/22 00:00,2.59,2.27,,1.84,8.43,7.95,,7.95,213.679993,220.020004,,221.729996,7.26,,,,,,1.653,,1.618,1.653,,1.618
2025/11/22 00:00,2.59,2.25,,1.83,8.43,7.95,,7.95,213.679993,219.539993,,222.220001,7.23,,6.43,,,,1.662,,1.608,1.662,,1.608
2025/11/22 00:00,2.6,2.27,,1.84,8.42,7.94,,7.95,213.429993,219.779999,,221.729996,7.25,,6.39,,,,1.654,,1.602,1.654,,1.602
2025/11/22 00:00,2.59,2.27,,1.83,8.41,7.94,,7.95,213.679993,219.779999,,221.729996,7.26,,6.36,,,,1.657,,1.604,1.657,,1.604
2025/11/22 00:00,2.6,2.26,,1.84,8.4,7.94,,7.95,213.679993,219.779999,,221.979996,7.28,,6.4,,,,1.658,,1.611,1.658,,1.611
2025/11/22 00:00,2.58,2.26,2.07,,8.39,7.94,7.98,,213.429993,219.779999,,,7.24,,6.38,,,,1.653,,1.603,1.653,,1.603
2025/11/22 00:00,2.59,2.25,2.07,,8.38,7.95,7.98,,213.429993,220.020004,221,,7.25,6.72,,,,,1.653,1.649,,1.653,1.649,
2025/11/22 00:00,2.59,2.26,2.08,,8.37,7.95,7.98,,213.190002,220.270004,221.25,,7.29,6.7,,,,,1.652,1.638,,1.652,1.638,
2025/11/22 00:00,2.58,2.28,2.08,,8.37,7.95,7.98,,213.679993,220.020004,221,,7.27,6.69,,,,,1.651,1.64,,1.651,1.64,
2025/11/22 00:00,2.58,2.29,2.07,,8.35,7.94,7.98,,213.190002,219.779999,221,,7.26,6.72,,,,,1.654,1.648,,1.654,1.648,
2025/11/22 00:00,2.58,2.27,2.08,,8.33,7.95,7.99,,213.679993,219.539993,221.729996,,7.26,6.72,,,,,1.663,1.643,,1.663,1.643,
2025/11/22 00:00,2.58,2.27,,,8.32,7.94,,7.96,213.190002,219.539993,,,7.27,6.72,,,,,1.653,1.635,,1.653,1.635,
2025/11/22 00:00,2.58,2.25,,1.83,8.31,7.94,,7.96,213.190002,219.779999,,222.220001,7.23,,,,,,1.665,,1.607,1.665,,1.607
2025/11/22 00:00,2.58,2.26,,1.83,8.3,7.94,,7.95,213.190002,219.779999,,222.220001,7.23,,6.43,,,,1.655,,1.609,1.655,,1.609
2025/11/22 00:00,2.58,2.26,,1.82,8.29,7.94,,7.95,213.190002,219.779999,,222.470001,7.25,,6.44,,,,1.654,,1.608,1.654,,1.608
2025/11/22 00:00,2.57,2.26,,1.83,8.28,7.94,,7.96,213.429993,219.779999,,222.470001,7.26,,6.43,,,,1.653,,1.616,1.653,,1.616
2025/11/22 00:00,2.56,2.27,,1.83,8.26,7.94,,7.96,213.429993,219.779999,,222.220001,7.28,,6.44,,,,1.653,,1.612,1.653,,1.612
2025/11/22 00:00,2.57,2.26,2.07,,8.25,7.94,7.99,,213.190002,219.779999,,,7.23,,6.42,,,,1.659,,1.611,1.659,,1.611
2025/11/22 00:00,2.56,2.27,2.07,,8.24,7.93,7.98,,212.699997,219.539993,221.729996,,7.24,,,,,,1.657,1.642,,1.657,1.642,
2025/11/22 00:00,2.58,2.27,2.07,,8.22,7.93,7.99,,213.429993,219.779999,221.729996,,7.24,6.74,,,,,1.652,1.638,,1.652,1.638,
2025/11/22 00:00,2.56,2.27,2.08,,8.21,7.94,7.99,,213.429993,219.779999,221.729996,,7.24,6.76,,,,,1.662,1.638,,1.662,1.638,
2025/11/22 00:00,2.55,2.27,2.07,,8.2,7.93,7.99,,213.429993,219.779999,221.490005,,7.27,6.74,,,,,1.653,1.636,,1.653,1.636,
2025/11/22 00:00,2.54,2.26,2.08,,8.18,7.94,7.99,,213.679993,219.779999,221.25,,7.26,6.73,,,,,1.647,1.64,,1.647,1.64,
2025/11/22 00:00,2.54,2.28,,,8.16,7.94,,7.96,213.190002,219.779999,,,7.25,6.73,,,,,1.655,1.638,,1.655,1.638,
2025/11/22 00:00,2.54,2.28,,1.83,8.14,7.94,,7.95,213.429993,219.779999,,222.470001,7.22,,6.44,,,,1.658,,1.61,1.658,,1.61
2025/11/22 00:00,2.54,2.27,,1.82,8.13,7.94,,7.95,213.429993,219.779999,,222.220001,7.2,,6.42,,,,1.663,,1.609,1.663,,1.609
2025/11/22 00:00,2.5,2.27,,1.83,8.09,7.94,,7.95,213.429993,220.020004,,222.470001,7.24,,6.39,,,,1.66,,1.608,1.66,,1.608
2025/11/22 00:00,2.5,2.25,,1.82,8.07,7.94,,7.95,213.679993,219.779999,,222.220001,7.24,,6.43,,,,1.659,,1.609,1.659,,1.609
2025/11/22 00:00,2.5,2.26,,1.82,8.06,7.94,,7.96,213.429993,219.779999,,222.710007,7.22,,6.4,,,,1.652,,1.603,1.652,,1.603
2025/11/22 00:00,2.51,2.26,,,8.04,7.93,7.99,,213.429993,220.020004,,,7.22,,6.44,,,,1.661,,1.607,1.661,,1.607
2025/11/22 00:00,2.5,2.26,2.07,,8.02,7.94,7.99,,213.679993,219.779999,221.729996,,7.25,6.74,,,,,1.66,1.642,,1.66,1.642,
2025/11/22 00:00,2.48,2.26,2.07,,7.99,7.94,7.99,,213.679993,219.779999,221.490005,,7.26,6.76,,,,,1.657,1.641,,1.657,1.641,
2025/11/22 00:00,2.46,2.26,2.07,,7.98,7.93,7.99,,213.429993,220.020004,221,,7.2,6.72,,,,,1.647,1.641,,1.647,1.641,
2025/11/22 00:00,2.46,2.27,2.07,,7.97,7.93,7.99,,213.429993,220.020004,221.25,,7.24,6.69,,,,,1.657,1.646,,1.657,1.646,
2025/11/22 00:00,2.46,2.27,2.07,,7.95,7.92,7.99,,213.429993,220.020004,221.490005,,7.22,6.77,,,,,1.651,1.642,,1.651,1.642,
2025/11/22 00:00,2.47,2.26,,,7.94,7.92,,7.96,213.190002,219.539993,,,7.24,6.77,,,,,1.658,1.643,,1.658,1.643,
2025/11/22 00:00,2.5,2.26,,1.82,,7.92,,7.96,,219.539993,,222.470001,7.23,,,,,,1.659,,1.61,1.659,,1.61
2025/11/22 00:00,0.92,2.26,,1.84,,7.92,,7.96,,220.270004,,223.199997,7.29,,6.46,,,,1.658,,1.609,1.658,,1.609
2025/11/22 00:00,0.39,2.27,,1.83,,7.93,,7.96,,219.779999,,222.220001,7.24,,6.42,,,,1.656,,1.604,1.656,,1.604
2025/11/22 00:00,0.34,2.28,,1.84,,7.93,,7.96,,219.779999,,222.470001,7.2,,6.4,,,,1.649,,1.605,1.649,,1.605
2025/11/22 00:00,0.31,2.28,,1.83,,7.92,,7.96,,219.779999,,221.979996,7.21,,6.4,,,,1.653,,1.612,1.653,,1.612
2025/11/22 00:00,1.39,2.27,2.07,,,7.92,7.99,,,219.779999,,,7.2,,6.39,,,,1.659,,1.61,1.659,,1.61
2025/11/22 00:00,2.73,2.25,2.08,,,7.91,7.99,,,219.779999,221.25,,7.26,6.74,,,,,1.646,1.644,,1.646,1.644,
2025/11/22 00:00,2.75,2.25,2.08,,,7.92,7.99,,,219.779999,220.759995,,7.23,6.71,,,,,1.651,1.638,,1.651,1.638,
2025/11/22 00:00,2.59,2.25,2.08,,,7.91,7.99,,,219.779999,221.490005,,7.22,6.74,,,,,1.647,1.64,,1.647,1.64,
2025/11/22 00:00,2.63,2.24,2.08,,8.65,7.92,7.99,,212.940002,219.779999,221.25,,7.2,6.73,,,,,1.664,1.642,,1.664,1.642,
2025/11/22 00:00,2.63,2.24,2.07,,8.64,7.91,7.99,,212.699997,219.779999,221.25,,7.27,6.77,,,,,1.655,1.638,,1.655,1.638,
2025/11/22 00:00,2.59,2.26,,,8.63,7.94,,7.96,212.940002,220.020004,,,7.22,6.78,,,,,1.658,1.635,,1.658,1.635,
2025/11/22 00:00,2.59,2.22,,1.84,8.62,7.94,,7.96,212.940002,219.779999,,222.470001,7.23,,6.47,,,,1.649,,1.607,1.649,,1.607
2025/11/22 00:00,2.6,2.24,,1.83,8.63,7.94,,7.96,212.940002,219.779999,,222.220001,7.25,,6.43,,,,1.651,,1.606,1.651,,1.606
2025/11/22 00:00,2.6,2.27,,1.83,8.62,7.94,,7.95,213.190002,219.779999,,222.470001,7.3,,6.44,,,,1.65,,1.606,1.65,,1.606
2025/11/22 00:00,2.59,2.26,,1.83,8.62,7.94,,7.95,212.940002,219.779999,,221.729996,7.28,,6.41,,,,1.652,,1.609,1.652,,1.609
2025/11/22 00:00,2.6,2.26,,1.84,8.61,7.95,,7.95,213.190002,219.779999,,222.710007,7.25,,6.38,,,,1.652,,1.606,1.652,,1.606
2025/11/22 00:00,2.59,2.24,2.07,,8.6,7.94,7.99,,212.940002,219.779999,,,7.23,,6.43,,,,1.645,1.64,,1.645,1.64,
2025/11/22 00:00,2.59,2.26,2.08,,8.6,7.94,7.99,,212.699997,220.020004,221,,7.25,6.73,,,,,1.648,1.643,,1.648,1.643,
2025/11/22 00:00,2.59,2.26,2.08,,8.59,7.94,7.99,,212.940002,219.779999,221.25,,7.24,6.75,,,,,1.659,1.638,,1.659,1.638,
2025/11/22 00:00,2.59,2.26,2.07,,8.59,7.94,7.99,,212.940002,220.020004,221.25,,7.25,6.76,,,,,1.648,1.642,,1.648,1.642,
2025/11/22 00:00,2.6,2.26,2.07,,8.58,7.95,7.99,,213.190002,220.020004,221.490005,,7.24,6.73,,,,,1.653,1.642,,1.653,1.642,
2025/11/22 00:00,2.6,2.24,2.08,,8.58,7.95,7.99,,212.940002,219.779999,221.25,,7.29,6.74,,,,,1.657,,,1.657,,
2025/11/22 00:00,2.59,2.26,,,8.57,7.95,,7.96,212.940002,219.779999,,,7.26,6.74,,,,,1.657,,1.607,1.657,,1.607
2025/11/22 00:00,2.58,2.26,,1.83,8.57,7.94,,7.96,213.190002,220.020004,,221.729996,7.28,,,,,,1.655,,1.603,1.655,,1.603
2025/11/22 00:00,2.59,2.25,,1.84,8.57,7.94,,7.96,212.940002,219.779999,,222.220001,7.26,,6.44,,,,1.655,,1.606,1.655,,1.606
2025/11/22 00:00,2.59,2.25,,1.83,8.56,7.95,,7.95,212.940002,220.020004,,221.979996,7.24,,6.42,,,,1.65,,1.606,1.65,,1.606
2025/11/22 00:00,2.6,2.25,,1.83,8.56,7.95,,7.96,213.190002,220.020004,,222.220001,7.23,,6.4,,,,1.658,,1.612,1.658,,1.612
2025/11/22 00:00,2.59,2.25,,1.83,8.56,7.95,,7.96,212.940002,219.779999,,221.729996,7.28,,6.41,,,,1.65,,1.606,1.65,,1.606
2025/11/22 00:00,2.59,2.26,2.07,,8.55,7.95,8,,212.940002,219.779999,,,7.29,,6.43,,,,1.66,1.643,,1.66,1.643,
2025/11/22 00:00,2.6,2.25,2.07,,8.54,7.95,8,,212.940002,219.779999,221.25,,7.23,6.76,,,,,1.664,1.643,,1.664,1.643,
2025/11/22 00:00,2.59,2.25,2.07,,8.54,7.95,8,,212.940002,219.779999,221.25,,7.28,6.74,,,,,1.657,1.639,,1.657,1.639,
2025/11/22 00:00,2.58,2.25,2.08,,8.54,7.96,8,,212.940002,220.020004,221.25,,7.29,6.75,,,,,1.656,1.638,,1.656,1.638,
2025/11/22 00:00,2.59,2.26,2.07,,8.53,7.95,7.99,,212.940002,219.779999,221,,7.25,6.74,,,,,1.653,1.641,,1.653,1.641,
2025/11/22 00:00,2.58,2.29,2.07,,8.53,7.95,7.99,,212.940002,219.779999,221.25,,7.24,6.72,,,,,1.657,,,1.657,,
2025/11/22 00:00,2.59,2.29,,,8.52,7.95,,,212.940002,219.779999,,,7.21,6.73,,,,,1.649,,1.617,1.649,,1.617
2025/11/22 00:00,2.59,2.28,,1.83,8.52,7.95,,7.96,212.940002,219.539993,,222.470001,7.21,,,,,,1.664,,1.609,1.664,,1.609
2025/11/22 00:00,2.57,2.27,,1.83,8.5,7.95,,7.96,212.940002,219.779999,,221.979996,7.28,,6.46,,,,1.655,,1.612,1.655,,1.612
2025/11/22 00:00,2.58,2.25,,1.82,8.5,7.96,,7.96,212.699997,219.539993,,222.470001,7.2,,6.44,,,,1.654,,1.611,1.654,,1.611
2025/11/22 00:00,2.57,2.26,,1.82,8.5,7.96,,7.96,212.699997,220.020004,,222.470001,7.22,,6.45,,,,1.647,,1.608,1.647,,1.608
2025/11/22 00:00,2.57,2.25,,1.83,8.49,7.95,,7.96,212.940002,220.020004,,222.470001,7.23,,6.47,,,,1.653,,1.61,1.653,,1.61
2025/11/22 00:00,2.58,2.25,,,8.48,7.95,7.99,,212.940002,219.779999,,,7.25,,6.48,,,,1.656,1.641,,1.656,1.641,
2025/11/22 00:00,2.57,2.25,2.07,,8.47,7.96,8,,212.940002,220.020004,221.729996,,7.22,,,,,,1.661,1.642,,1.661,1.642,
2025/11/22 00:00,2.58,2.24,2.07,,8.46,7.95,8,,212.699997,220.270004,221.490005,,7.25,6.76,,,,,1.648,1.637,,1.648,1.637,
2025/11/22 00:00,2.58,2.24,2.07,,8.46,7.95,8,,212.940002,219.539993,221.490005,,7.18,6.76,,,,,1.651,1.645,,1.651,1.645,
2025/11/22 00:00,2.58,2.26,2.07,,8.44,7.95,8,,212.940002,220.020004,221.490005,,7.22,6.76,,,,,1.653,1.636,,1.653,1.636,
2025/11/22 00:00,2.58,2.26,2.07,,8.44,7.95,8,,212.940002,219.539993,221.490005,,7.26,6.75,,,,,1.654,1.635,,1.654,1.635,
2025/11/22 00:00,2.57,2.26,,,8.43,7.95,,7.97,213.190002,220.270004,,,7.28,6.76,,,,,1.649,,1.611,1.649,,1.611
2025/11/22 00:00,2.57,2.26,,1.82,8.42,7.95,,7.97,213.190002,220.020004,,222.220001,7.22,,6.48,,,,1.652,,1.611,1.652,,1.611
2025/11/22 00:00,2.57,2.24,,1.82,8.41,7.95,,7.97,212.940002,219.779999,,222.710007,7.28,,6.52,,,,1.647,,1.609,1.647,,1.609
2025/11/22 00:00,2.57,2.26,,1.82,8.41,7.95,,7.97,212.940002,219.779999,,222.220001,7.23,,6.52,,,,1.646,,1.606,1.646,,1.606
2025/11/22 00:00,2.57,2.26,,1.82,8.4,7.96,,7.97,213.190002,220.270004,,222.710007,7.23,,6.51,,,,1.655,,1.604,1.655,,1.604
2025/11/22 00:00,2.58,2.26,,1.82,8.39,7.96,,7.97,213.190002,219.779999,,222.220001,7.24,,6.51,,,,1.665,,1.608,1.665,,1.608
2025/11/22 00:00,2.56,2.26,,,8.37,7.95,8,,212.940002,219.779999,,,7.28,,6.49,,,,1.651,1.644,,1.651,1.644,
2025/11/22 00:00,2.57,2.25,2.07,,8.37,7.96,8,,212.940002,220.270004,221.729996,,7.25,,,,,,1.653,1.648,,1.653,1.648,
2025/11/22 00:00,2.57,2.26,2.07,,8.36,7.95,8,,212.699997,220.020004,221.729996,,7.24,6.75,,,,,1.656,1.642,,1.656,1.642,
2025/11/22 00:00,2.56,2.27,2.07,,8.35,7.95,8,,212.699997,220.270004,221.490005,,7.22,6.78,,,,,1.655,1.641,,1.655,1.641,
2025/11/22 00:00,2.57,2.26,2.07,,8.34,7.95,8,,212.699997,220.020004,221.729996,,7.25,6.74,,,,,1.66,1.642,,1.66,1.642,
2025/11/22 00:00,2.56,2.26,2.07,,8.32,7.95,8,,212.940002,220.270004,221.729996,,7.26,6.75,,,,,1.655,1.64,,1.655,1.64,
2025/11/22 00:00,2.55,2.26,,,8.31,7.95,,,212.940002,220.020004,,,7.27,6.8,,,,,1.663,,1.619,1.663,,1.619
2025/11/22 00:00,2.54,2.25,,1.83,8.3,7.95,,7.97,212.940002,220.509995,,222.710007,7.23,,,,,,1.656,,1.611,1.656,,1.611
2025/11/22 00:00,2.56,2.26,,1.82,8.29,7.95,,7.97,212.940002,220.270004,,222.470001,7.25,,6.48,,,,1.655,,1.611,1.655,,1.611
2025/11/22 00:00,2.56,2.26,,1.83,8.27,7.95,,7.97,212.940002,220.270004,,223.199997,7.2,,6.49,,,,1.648,,1.615,1.648,,1.615
2025/11/22 00:00,2.56,2.27,,1.83,8.26,7.95,,7.97,212.940002,220.020004,,222.220001,7.2,,6.47,,,,1.656,,1.612,1.656,,1.612
2025/11/22 00:00,2.54,2.28,,1.83,8.24,7.96,,7.97,212.699997,219.779999,,222.470001,7.21,,6.42,,,,1.652,,1.607,1.652,,1.607
2025/11/22 00:00,2.55,2.25,,,8.23,7.95,8,,212.699997,219.779999,,,7.21,,6.42,,,,1.656,1.639,,1.656,1.639,
2025/11/22 00:00,2.55,2.26,2.07,,8.22,7.94,8,,212.699997,219.539993,221,,7.24,,,,,,1.652,1.642,,1.652,1.642,
2025/11/22 00:00,2.55,2.25,2.08,,8.21,7.95,8,,213.190002,219.779999,221.25,,7.23,6.73,,,,,1.651,1.644,,1.651,1.644,
2025/11/22 00:00,2.55,2.25,2.07,,8.19,7.95,8,,213.190002,219.779999,221.25,,7.25,6.73,,,,,1.659,1.64,,1.659,1.64,
2025/11/22 00:00,2.52,2.25,2.07,,8.17,7.95,8,,213.190002,220.020004,221.490005,,7.27,6.74,,,,,1.655,1.642,,1.655,1.642,
2025/11/22 00:00,2.53,2.24,2.07,,8.16,7.95,8,,212.940002,220.270004,221.25,,7.23,6.75,,,,,1.655,1.643,,1.655,1.643,
2025/11/22 00:00,2.52,2.25,,,8.14,7.95,,7.97,212.699997,219.779999,,,7.23,6.76,,,,,1.652,,1.609,1.652,,1.609
2025/11/22 00:00,2.52,2.26,,1.83,8.13,7.95,,7.97,213.190002,219.779999,,221.979996,7.21,,6.49,,,,1.654,,1.61,1.654,,1.61
2025/11/22 00:00,2.52,2.26,,1.84,8.11,7.94,,7.96,212.940002,219.539993,,222.470001,7.21,,6.47,,,,1.651,,1.608,1.651,,1.608
2025/11/22 00:00,2.51,2.25,,1.83,8.1,7.94,,7.97,213.190002,219.779999,,221.979996,7.25,,6.45,,,,1.648,,1.606,1.648,,1.606
2025/11/22 00:00,2.5,2.25,,1.83,8.07,7.94,,7.97,212.940002,219.779999,,221.729996,7.24,,6.41,,,,1.649,,1.609,1.649,,1.609
2025/11/22 00:00,2.51,2.25,,1.84,8.06,7.94,,7.96,212.940002,219.779999,,221.729996,7.21,,6.44,,,,1.651,,1.61,1.651,,1.61
2025/11/22 00:00,2.49,2.26,,,8.04,7.95,8,,213.190002,219.779999,,,7.21,,6.43,,,,1.65,1.637,,1.65,1.637,
2025/11/22 00:00,2.49,2.26,2.07,,8.03,7.94,8,,212.699997,219.779999,221,,7.26,,,,,,1.649,1.643,,1.649,1.643,
2025/11/22 00:00,2.47,2.25,2.08,,8.02,7.95,8.01,,213.190002,219.779999,221.25,,7.24,6.77,,,,,1.648,1.638,,1.648,1.638,
2025/11/22 00:00,2.47,2.25,2.08,,8,7.94,8,,212.940002,220.270004,220.759995,,7.24,6.73,,,,,1.652,1.641,,1.652,1.641,
2025/11/22 00:00,2.47,2.26,2.08,,7.99,7.93,8,,212.940002,219.539993,220.509995,,7.23,6.69,,,,,1.649,1.639,,1.649,1.639,
2025/11/22 00:00,2.46,2.27,2.07,,7.98,7.94,8.01,,212.699997,219.779999,220.509995,,7.24,6.77,,,,,1.659,1.637,,1.659,1.637,
2025/11/22 00:00,2.46,2.26,,,7.97,7.94,,7.98,212.940002,219.779999,,,7.22,6.74,,,,,1.652,,1.617,1.652,,1.617
2025/11/22 00:00,2.46,2.26,,1.84,7.96,7.94,,7.97,212.940002,219.779999,,,7.23,,6.49,,,,1.648,,1.606,1.648,,1.606
2025/11/22 00:00,1.95,2.26,,1.84,,7.94,,7.97,,220.020004,,221.979996,7.2,,6.51,,,,1.652,,1.608,1.652,,1.608
2025/11/22 00:00,0.54,2.25,,1.84,,7.94,,7.98,,220.020004,,221.979996,7.22,,6.45,,,,1.647,,1.615,1.647,,1.615
2025/11/22 00:00,0.35,2.25,,1.84,,7.94,,7.97,,219.779999,,221.979996,7.24,,6.46,,,,1.652,,1.611,1.652,,1.611
2025/11/22 00:00,0.31,2.25,,1.84,,7.93,,7.97,,219.779999,,221.979996,7.2,,6.41,,,,1.654,,1.607,1.654,,1.607
2025/11/22 00:00,0.79,2.25,,,,7.94,8.01,,,219.779999,,,7.2,,6.42,,,,1.641,1.642,,1.641,1.642,
2025/11/22 00:00,2.14,2.25,2.08,,,7.94,8.01,,,220.020004,221.25,,7.22,6.73,,,,,1.66,1.637,,1.66,1.637,
2025/11/22 00:00,2.81,2.25,2.08,,,7.93,8.01,,,220.020004,221,,7.21,6.76,,,,,1.642,1.64,,1.642,1.64,
2025/11/22 00:00,2.66,2.25,2.07,,,7.93,8.01,,,219.779999,220.509995,,7.17,6.74,,,,,1.652,1.643,,1.652,1.643,
2025/11/22 00:00,2.59,2.25,2.08,,,7.93,8.01,,,220.020004,221.25,,7.18,6.77,,,,,1.65,1.638,,1.65,1.638,
2025/11/22 00:00,2.64,2.27,2.07,,8.64,7.92,8.01,,213.190002,219.539993,221,,7.17,6.73,,,,,1.643,1.64,,1.643,1.64,
2025/11/22 00:00,2.58,2.26,,,8.64,7.94,,7.98,213.190002,220.020004,,,7.18,6.72,,,,,1.649,,1.612,1.649,,1.612
2025/11/22 00:00,2.6,2.24,,1.83,8.63,7.95,,7.98,213.190002,220.020004,,221.979996,7.21,,6.51,,,,1.649,,1.609,1.649,,1.609
2025/11/22 00:00,2.6,2.22,,1.83,8.63,7.95,,7.97,212.940002,219.779999,,222.220001,7.2,,6.5,,,,1.651,,1.61,1.651,,1.61
2025/11/22 00:00,2.6,2.25,,1.82,8.62,7.95,,7.97,212.699997,219.779999,,222.470001,7.21,,6.46,,,,1.652,,1.611,1.652,,1.611
2025/11/22 00:00,2.6,2.25,,1.82,8.61,7.95,,7.97,212.449997,219.539993,,222.470001,7.23,,6.52,,,,1.648,,1.611,1.648,,1.611
2025/11/22 00:00,2.6,2.24,,1.83,8.61,7.95,,7.97,212.449997,220.020004,,222.470001,7.21,,6.49,,,,1.655,,1.605,1.655,,1.605
2025/11/22 00:00,2.59,2.25,,,8.61,7.96,8.01,,212.449997,220.020004,,,7.24,,6.55,,,,1.65,1.641,,1.65,1.641,
2025/11/22 00:00,2.59,2.25,2.07,,8.6,7.96,8.01,,212.449997,219.539993,221.490005,,7.19,6.8,,,,,1.653,1.639,,1.653,1.639,
2025/11/22 00:00,2.6,2.26,2.07,,8.6,7.95,8,,212.449997,220.020004,221.25,,7.21,6.76,,,,,1.645,1.635,,1.645,1.635,
2025/11/22 00:00,2.6,2.26,2.08,,8.59,7.95,8,,212.449997,220.020004,221.490005,,7.18,6.73,,,,,1.651,1.642,,1.651,1.642,
2025/11/22 00:00,2.6,2.25,2.07,,8.59,7.95,8.01,,212.699997,219.539993,221.25,,7.19,6.79,,,,,1.652,1.643,,1.652,1.643,
2025/11/22 00:00,2.6,2.26,2.07,,8.59,7.96,8.01,,212.449997,220.020004,221.490005,,7.22,6.79,,,,,1.65,1.642,,1.65,1.642,
2025/11/22 00:00,2.6,2.24,,,8.58,7.96,,,212.699997,220.270004,,,7.19,6.8,,,,,1.647,,1.616,1.647,,1.616
2025/11/22 00:00,2.59,2.26,,1.83,8.58,7.96,,7.97,212.449997,219.779999,,222.710007,7.16,,,,,,1.656,,1.607,1.656,,1.607
2025/11/22 00:00,2.6,2.26,,1.82,8.57,7.96,,7.98,212.699997,219.779999,,222.710007,7.21,,6.52,,,,1.649,,1.611,1.649,,1.611
2025/11/22 00:00,2.6,2.26,,1.82,8.57,7.96,,7.98,212.699997,220.270004,,222.470001,7.21,,6.48,,,,1.651,,1.606,1.651,,1.606
2025/11/22 00:00,2.6,2.25,,1.82,8.57,7.97,,7.98,212.449997,219.779999,,222.470001,7.18,,6.53,,,,1.652,,1.61,1.652,,1.61
2025/11/22 00:00,2.59,2.24,,1.82,8.57,7.96,,7.98,212.699997,220.020004,,221.729996,7.19,,6.5,,,,1.656,,1.612,1.656,,1.612
2025/11/22 00:00,2.59,2.25,,,8.55,7.96,8.01,,212.699997,219.539993,,,7.21,,6.53,,,,1.645,1.641,,1.645,1.641,
2025/11/22 00:00,2.6,2.26,2.07,,8.55,7.96,8.01,,212.449997,220.020004,221.490005,,7.16,6.8,,,,,1.648,1.643,,1.648,1.643,
2025/11/22 00:00,2.6,2.25,2.07,,8.55,7.96,8.01,,212.699997,219.779999,221.729996,,7.16,6.76,,,,,1.645,1.64,,1.645,1.64,
2025/11/22 00:00,2.58,2.25,2.07,,8.55,7.96,8.01,,212.699997,220.020004,221.490005,,7.19,6.8,,,,,1.651,1.638,,1.651,1.638,
2025/11/22 00:00,2.58,2.25,2.08,,8.54,7.96,8.01,,212.449997,220.020004,221.490005,,7.21,6.76,,,,,1.644,1.64,,1.644,1.64,
2025/11/22 00:00,2.59,2.24,2.08,,8.54,7.97,8.02,,212.449997,220.020004,221.490005,,7.21,6.7,,,,,1.651,1.639,,1.651,1.639,
2025/11/22 00:00,2.59,2.26,,,8.53,7.96,,,212.699997,219.539993,,,7.13,6.77,,,,,1.652,,1.618,1.652,,1.618
2025/11/22 00:00,2.6,2.25,,1.83,8.52,7.96,,7.99,212.449997,219.779999,,222.470001,7.2,,,,,,1.651,,1.614,1.651,,1.614
2025/11/22 00:00,2.58,2.25,,1.82,8.52,7.95,,7.98,212.699997,220.270004,,222.220001,7.23,,6.52,,,,1.655,,1.607,1.655,,1.607
2025/11/22 00:00,2.57,2.25,,1.83,8.51,7.97,,7.98,212.699997,219.779999,,222.220001,7.21,,6.5,,,,1.649,,1.617,1.649,,1.617
2025/11/22 00:00,2.59,2.23,,1.83,8.5,7.96,,7.97,212.699997,220.020004,,222.220001,7.19,,6.53,,,,1.653,,1.606,1.653,,1.606
2025/11/22 00:00,2.58,2.26,,1.84,8.5,7.96,,7.98,212.699997,219.779999,,222.710007,7.21,,6.42,,,,1.646,,1.613,1.646,,1.613
2025/11/22 00:00,2.59,2.26,,,8.5,7.96,8.02,,212.699997,219.779999,,222.470001,7.14,,6.35,,,,1.643,1.642,,1.643,1.642,
2025/11/22 00:00,2.6,2.24,2.07,,8.49,7.96,8.02,,212.699997,219.539993,221.25,,7.17,,,,,,1.652,1.642,,1.652,1.642,
2025/11/22 00:00,2.57,2.24,2.07,,8.49,7.97,8.02,,212.699997,219.779999,221,,7.19,6.77,,,,,1.648,1.638,,1.648,1.638,
2025/11/22 00:00,2.58,2.23,2.07,,8.48,7.97,8.02,,212.449997,219.539993,221.25,,7.19,6.79,,,,,1.654,1.642,,1.654,1.642,
2025/11/22 00:00,2.58,2.24,2.07,,8.46,7.97,8.01,,212.699997,219.779999,221.25,,7.2,6.76,,,,,1.65,1.637,,1.65,1.637,
2025/11/22 00:00,2.58,2.24,2.07,,8.46,7.96,8.02,,212.940002,219.779999,221,,7.18,6.75,,,,,1.648,1.635,,1.648,1.635,
2025/11/22 00:00,2.58,2.24,,,8.45,7.96,,,212.699997,219.539993,,,7.23,6.75,,,,,1.651,,1.611,1.651,,1.611
2025/11/22 00:00,2.57,2.24,,1.83,8.44,7.96,,7.98,212.699997,219.779999,,221.729996,7.17,,,,,,1.647,,1.609,1.647,,1.609
2025/11/22 00:00,2.57,2.24,,1.84,8.43,7.97,,7.98,212.449997,220.020004,,221.979996,7.19,,,,,,1.644,,1.614,1.644,,1.614
2025/11/22 00:00,2.58,2.24,,1.83,8.43,7.97,,7.98,212.449997,219.779999,,221.979996,7.19,,6.43,,,,1.646,,1.608,1.646,,1.608
2025/11/22 00:00,2.58,2.25,,1.83,8.42,7.96,,7.98,212.699997,219.779999,,221.729996,7.18,,6.45,,,,1.646,,1.607,1.646,,1.607
2025/11/22 00:00,2.58,2.25,,1.83,8.42,7.96,,7.98,212.449997,219.539993,,221.25,7.21,,6.43,,,,1.648,,1.607,1.648,,1.607
2025/11/22 00:00,2.58,2.24,,,8.4,7.96,8.02,,212.699997,219.779999,,,7.22,,6.44,,,,1.656,1.647,,1.656,1.647,
2025/11/22 00:00,2.57,2.24,2.07,,8.4,7.97,8.02,,212.449997,220.020004,221.25,,7.24,6.74,,,,,1.644,1.637,,1.644,1.637,
2025/11/22 00:00,2.58,2.24,2.07,,8.39,7.97,8.02,,212.449997,219.779999,221.490005,,7.2,6.78,,,,,1.65,1.642,,1.65,1.642,
2025/11/22 00:00,2.57,2.25,2.07,,8.38,7.96,8.02,,212.699997,219.779999,221,,7.23,6.79,,,,,1.643,1.639,,1.643,1.639,
2025/11/22 00:00,2.58,2.24,2.07,,8.37,7.97,8.02,,212.449997,220.020004,221.25,,7.18,6.75,,,,,1.653,1.636,,1.653,1.636,
2025/11/22 00:00,2.57,2.24,2.07,,8.36,7.96,8.02,,212.699997,219.779999,221.25,,7.2,6.74,,,,,1.657,1.64,,1.657,1.64,
2025/11/22 00:00,2.55,2.25,,,8.35,7.97,,7.99,212.940002,219.779999,,,7.23,6.73,,,,,1.65,,1.611,1.65,,1.611
2025/11/22 00:00,2.56,2.23,,,8.34,7.96,,7.99,213.190002,219.779999,,221.979996,7.18,,,,,,1.651,,1.609,1.651,,1.609
2025/11/22 00:00,2.57,2.24,,1.83,8.33,7.96,,7.98,212.940002,220.020004,,222.220001,7.24,,6.51,,,,1.651,,1.609,1.651,,1.609
2025/11/22 00:00,2.57,2.24,,1.83,8.31,7.96,,7.99,212.940002,219.539993,,221.979996,7.22,,6.48,,,,1.646,,1.608,1.646,,1.608
2025/11/22 00:00,2.56,2.24,,1.83,8.3,7.97,,7.98,213.190002,219.779999,,221.729996,7.22,,6.44,,,,1.652,,1.61,1.652,,1.61
2025/11/22 00:00,2.57,2.24,,1.83,8.3,7.97,,7.98,212.940002,220.270004,,221.729996,7.25,,6.48,,,,1.65,,1.611,1.65,,1.611
2025/11/22 00:00,2.55,2.24,,,8.28,7.97,8.02,,212.940002,220.020004,,221.979996,7.2,,6.45,,,,1.652,1.636,,1.652,1.636,
2025/11/22 00:00,2.54,2.23,2.07,,8.26,7.97,8.02,,213.190002,219.779999,221.25,,7.23,6.76,,,,,1.647,1.641,,1.647,1.641,
2025/11/22 00:00,2.55,2.24,2.07,,8.26,7.96,8.02,,212.940002,219.539993,221,,7.2,6.75,,,,,1.653,1.642,,1.653,1.642,
2025/11/22 00:00,2.55,2.24,2.07,,8.24,7.96,8.02,,212.940002,219.539993,221.25,,7.23,6.75,,,,,1.654,1.636,,1.654,1.636,
2025/11/22 00:00,2.55,2.24,2.06,,8.23,7.96,8.01,,212.940002,219.539993,221,,7.22,6.79,,,,,1.645,1.641,,1.645,1.641,
2025/11/22 00:00,2.52,2.24,2.07,,8.22,7.96,8.02,,212.940002,219.539993,221.25,,7.22,6.77,,,,,1.647,1.636,,1.647,1.636,
2025/11/22 00:00,2.51,2.25,,1.83,8.2,7.96,,,212.940002,220.020004,,,7.21,,,,,,1.644,,1.614,1.644,,1.614
2025/11/22 00:00,2.51,2.26,,1.82,8.18,7.96,,7.99,212.940002,220.020004,,221.729996,7.22,,6.55,,,,1.652,,1.613,1.652,,1.613
2025/11/22 00:00,2.51,2.25,,1.82,8.17,7.96,,7.99,212.699997,220.270004,,222.470001,7.2,,6.55,,,,1.646,,1.61,1.646,,1.61
2025/11/22 00:00,2.5,2.23,,1.81,8.14,7.96,,7.99,213.190002,220.270004,,221.729996,7.17,,6.53,,,,1.656,,1.611,1.656,,1.611
2025/11/22 00:00,2.47,2.22,,1.82,8.13,7.96,,7.98,212.940002,220.509995,,222.470001,7.19,,6.53,,,,1.645,,1.613,1.645,,1.613
2025/11/22 00:00,2.47,2.23,,1.81,8.11,7.96,,7.98,212.940002,220.270004,,222.220001,7.22,,6.53,,,,1.649,,1.614,1.649,,1.614
2025/11/22 00:00,2.49,2.24,,,8.09,7.96,8.03,,212.940002,220.270004,,,7.21,,6.55,,,,1.644,1.644,,1.644,1.644,
2025/11/22 00:00,2.48,2.25,2.05,,8.08,7.96,8.02,,212.940002,220.270004,221.490005,,7.19,6.78,,,,,1.652,1.637,,1.652,1.637,
2025/11/22 00:00,2.49,2.25,2.05,,8.06,7.95,8.02,,212.940002,220.270004,221.490005,,7.19,6.78,,,,,1.654,1.637,,1.654,1.637,
2025/11/22 00:00,2.5,2.25,2.06,,8.05,7.96,8.02,,212.940002,220.020004,221.490005,,7.19,6.77,,,,,1.65,1.638,,1.65,1.638,
2025/11/22 00:00,2.44,2.25,2.06,,8.04,7.96,8.02,,213.190002,220.270004,221.729996,,7.17,6.78,,,,,1.648,1.644,,1.648,1.644,
2025/11/22 00:00,2.43,2.22,2.06,,8.03,7.95,8.02,,212.940002,220.270004,221.729996,,7.23,6.75,,,,,1.651,1.637,,1.651,1.637,
2025/11/22 00:00,2.42,2.23,,1.81,8.01,7.95,,,212.940002,220.270004,,,7.21,6.79,,,,,1.643,,1.615,1.643,,1.615
2025/11/22 00:00,2.43,2.23,,1.82,8,7.96,,7.99,212.940002,220.270004,,222.710007,7.2,,6.57,,,,1.651,,1.614,1.651,,1.614
2025/11/22 00:00,2.42,2.22,,1.81,7.98,7.95,,7.99,212.699997,220.270004,,222.470001,7.18,,6.55,,,,1.653,,1.611,1.653,,1.611
2025/11/22 00:00,2.51,2.22,,1.81,,7.95,,7.99,,220.020004,,222.949997,7.19,,6.53,,,,1.648,,1.61,1.648,,1.61
2025/11/22 00:00,0.67,2.22,,1.81,,7.95,,7.99,,220.020004,,222.220001,7.18,,6.58,,,,1.653,,1.615,1.653,,1.615
2025/11/22 00:00,0.37,2.23,,1.81,,7.95,,7.99,,219.779999,,222.710007,7.18,,6.55,,,,1.649,,1.617,1.649,,1.617
2025/11/22 00:00,0.33,2.22,,,,7.95,8.02,,,220.020004,,222.710007,7.23,,6.57,,,,1.649,1.645,,1.649,1.645,
2025/11/22 00:00,0.45,2.22,2.05,,,7.95,8.02,,,220.020004,,,7.21,6.77,,,,,1.65,1.643,,1.65,1.643,
2025/11/22 00:00,1.72,2.22,2.05,,,7.94,8.02,,,220.270004,221.979996,,7.23,6.78,,,,,1.644,1.638,,1.644,1.638,
2025/11/22 00:00,2.83,2.22,2.04,,,7.94,8.02,,,220.270004,221.490005,,7.21,6.77,,,,,1.645,1.635,,1.645,1.635,
2025/11/22 00:00,2.72,2.23,2.05,,,7.94,8.02,,,220.270004,221.490005,,7.18,6.8,,,,,1.644,1.64,,1.644,1.64,
2025/11/22 00:00,2.58,2.23,2.04,,,7.94,8.02,,,220.270004,221.979996,,7.2,6.81,,,,,1.655,1.639,,1.655,1.639,
2025/11/22 00:00,2.64,2.23,,1.79,8.64,7.94,,,213.919998,220.020004,,,7.17,6.79,,,,,1.645,,1.616,1.645,,1.616
2025/11/22 00:00,2.61,2.22,,1.8,8.65,7.94,,8,213.429993,220.020004,,222.470001,7.2,,,,,,1.653,,1.617,1.653,,1.617
2025/11/22 00:00,2.59,2.24,,1.8,8.64,7.96,,7.99,213.429993,220.270004,,222.220001,7.18,,6.57,,,,1.648,,1.617,1.648,,1.617
2025/11/22 00:00,2.6,2.21,,1.79,8.63,7.96,,7.99,213.429993,220.020004,,222.470001,7.2,,6.56,,,,1.645,,1.614,1.645,,1.614
2025/11/22 00:00,2.6,2.24,,1.81,8.62,7.96,,7.99,213.429993,220.020004,,223.440002,7.19,,6.55,,,,1.651,,1.615,1.651,,1.615
2025/11/22 00:00,2.59,2.25,,1.81,8.62,7.96,,7.99,213.429993,220.020004,,222.220001,7.19,,6.53,,,,1.663,,1.612,1.663,,1.612
2025/11/22 00:00,2.6,2.26,,,8.62,7.96,8.02,,213.190002,220.270004,,222.220001,7.19,,6.5,,,,1.653,1.637,,1.653,1.637,
2025/11/22 00:00,2.61,2.26,2.05,,8.62,7.97,8.02,,212.940002,220.270004,221.490005,,7.19,6.75,,,,,1.652,1.637,,1.652,1.637,
2025/11/22 00:00,2.6,2.24,2.05,,8.6,7.97,8.02,,213.190002,220.020004,221,,7.11,6.74,,,,,1.654,1.632,,1.654,1.632,
2025/11/22 00:00,2.6,2.25,2.05,,8.6,7.96,8.02,,212.940002,219.779999,221.490005,,7.18,6.75,,,,,1.65,1.636,,1.65,1.636,
2025/11/22 00:00,2.6,2.24,2.05,,8.6,7.96,8.02,,213.190002,220.509995,221.25,,7.16,6.78,,,,,1.652,1.635,,1.652,1.635,
2025/11/22 00:00,2.6,2.23,2.05,,8.6,7.97,8.02,,213.190002,220.270004,221.25,,7.17,6.78,,,,,1.642,1.642,,1.642,1.642,
2025/11/22 00:00,2.6,2.23,,1.82,8.59,7.97,,,212.940002,220.020004,,,7.24,6.76,,,,,1.654,,1.61,1.654,,1.61
2025/11/22 00:00,2.6,2.21,,1.82,8.59,7.97,,7.99,213.190002,220.020004,,222.470001,7.21,,,,,,1.659,,1.609,1.659,,1.609
2025/11/22 00:00,2.6,2.22,,1.81,8.59,7.97,,7.99,212.940002,220.020004,,221.979996,7.22,,6.53,,,,1.654,,1.609,1.654,,1.609
2025/11/22 00:00,2.59,2.23,,1.82,8.59,7.97,,7.99,212.940002,220.270004,,222.470001,7.16,,6.5,,,,1.654,,1.61,1.654,,1.61
2025/11/22 00:00,2.61,2.23,,1.82,8.58,7.97,,7.99,212.940002,220.270004,,221.979996,7.2,,6.47,,,,1.647,,1.607,1.647,,1.607
2025/11/23 00:00,2.59,2.23,,1.82,8.57,7.97,,7.99,212.940002,220.270004,,221.729996,7.19,,6.53,,,,1.662,,1.614,1.662,,1.614
2025/11/23 00:00,2.59,2.22,,,8.57,7.97,8.03,,212.699997,220.270004,,,7.18,,6.52,,,,1.65,1.634,,1.65,1.634,
2025/11/23 00:00,2.6,2.23,2.06,,8.57,7.96,8.02,,212.940002,220.270004,221.490005,,7.21,6.79,,,,,1.65,1.641,,1.65,1.641,
2025/11/23 00:00,2.6,2.23,2.06,,8.56,7.97,8.02,,212.940002,220.020004,221,,7.21,6.77,,,,,1.646,1.641,,1.646,1.641,
2025/11/23 00:00,2.6,2.24,2.06,,8.56,7.97,8.01,,213.190002,220.270004,221.25,,7.24,6.73,,,,,1.648,1.637,,1.648,1.637,
2025/11/23 00:00,2.59,2.24,2.06,,8.55,7.97,8.02,,213.190002,220.020004,221,,7.19,6.75,,,,,1.652,1.635,,1.652,1.635,
2025/11/23 00:00,2.59,2.22,2.06,,8.54,7.97,8.02,,213.190002,220.270004,220.759995,,7.22,6.79,,,,,1.645,1.641,,1.645,1.641,
2025/11/23 00:00,2.59,2.23,,,8.54,7.97,,,212.940002,220.270004,,,7.24,6.78,,,,,1.645,,1.615,1.645,,1.615
2025/11/23 00:00,2.59,2.24,,1.82,8.53,7.97,,7.99,212.940002,220.020004,,222.470001,7.2,,,,,,1.644,,1.611,1.644,,1.611
2025/11/23 00:00,2.59,2.23,,1.82,8.53,7.97,,7.99,213.190002,220.020004,,222.470001,7.23,,6.51,,,,1.651,,1.61,1.651,,1.61
2025/11/23 00:00,2.59,2.24,,1.82,8.52,7.98,,7.98,213.190002,220.270004,,221.979996,7.2,,6.49,,,,1.651,,1.608,1.651,,1.608
2025/11/23 00:00,2.59,2.22,,1.82,8.51,7.98,,7.98,212.940002,220.020004,,221.979996,7.23,,6.5,,,,1.64,,1.609,1.64,,1.609
2025/11/23 00:00,2.59,2.24,,1.82,8.51,7.97,,7.99,212.940002,220.020004,,221.979996,7.22,,6.47,,,,1.648,,1.616,1.648,,1.616
2025/11/23 00:00,2.59,2.24,,,8.51,7.98,8.02,,212.940002,220.270004,,,7.21,,6.52,,,,1.647,1.632,,1.647,1.632,
2025/11/23 00:00,2.59,2.23,2.06,,8.49,7.98,8.01,,212.940002,220.270004,221.490005,,7.24,6.74,,,,,1.645,1.633,,1.645,1.633,
2025/11/23 00:00,2.59,2.24,2.05,,8.49,7.97,8.01,,213.190002,220.270004,221.25,,7.22,6.76,,,,,1.649,1.635,,1.649,1.635,
2025/11/23 00:00,2.58,2.23,2.06,,8.48,7.97,8.01,,212.699997,220.270004,221.729996,,7.19,6.75,,,,,1.65,1.638,,1.65,1.638,
2025/11/23 00:00,2.59,2.23,2.06,,8.47,7.97,8.01,,212.940002,220.020004,221.25,,7.21,6.78,,,,,1.655,1.639,,1.655,1.639,
2025/11/23 00:00,2.58,2.24,2.05,,8.46,7.97,8.01,,212.940002,220.020004,221.25,,7.2,6.79,,,,,1.645,1.637,,1.645,1.637,
2025/11/23 00:00,2.59,2.24,,1.82,8.46,7.98,,,212.940002,220.270004,,,7.21,6.77,,,,,1.65,,1.615,1.65,,1.615
2025/11/23 00:00,2.59,2.26,,1.81,8.45,7.98,,7.98,212.940002,220.270004,,222.470001,7.2,,6.59,,,,1.655,,1.609,1.655,,1.609
2025/11/23 00:00,2.59,2.27,,1.81,8.44,7.98,,7.99,212.940002,220.270004,,221.729996,7.19,,6.61,,,,1.649,,1.614,1.649,,1.614
2025/11/23 00:00,2.58,2.24,,1.8,8.43,7.98,,7.99,212.940002,220.509995,,222.470001,7.21,,6.56,,,,1.646,,1.61,1.646,,1.61
2025/11/23 00:00,2.58,2.24,,1.81,8.43,7.97,,7.99,212.940002,220.270004,,222.220001,7.21,,6.55,,,,1.643,,1.611,1.643,,1.611
2025/11/23 00:00,2.59,2.24,,1.81,8.42,7.97,,7.99,213.190002,220.020004,,222.470001,7.18,,6.53,,,,1.644,,1.609,1.644,,1.609
2025/11/23 00:00,2.58,2.23,,,8.41,7.98,8.03,,212.940002,220.020004,,,7.22,,6.58,,,,1.652,1.635,,1.652,1.635,
2025/11/23 00:00,2.58,2.24,2.05,,8.4,7.98,8.02,,212.940002,220.270004,221.729996,,7.18,6.78,,,,,1.651,1.638,,1.651,1.638,
2025/11/23 00:00,2.58,2.23,2.05,,8.39,7.97,8.02,,213.190002,220.270004,221.490005,,7.2,6.75,,,,,1.644,1.643,,1.644,1.643,
2025/11/23 00:00,2.58,2.25,2.05,,8.38,7.97,8.02,,213.190002,219.779999,221.490005,,7.2,6.78,,,,,1.648,1.636,,1.648,1.636,
2025/11/23 00:00,2.59,2.25,2.05,,8.37,7.97,8.02,,212.940002,220.270004,221.979996,,7.19,6.8,,,,,1.644,1.636,,1.644,1.636,
2025/11/23 00:00,2.58,2.24,2.06,,8.36,7.97,8.02,,212.940002,220.270004,221.490005,,7.19,6.79,,,,,1.645,1.643,,1.645,1.643,
2025/11/23 00:00,2.58,2.24,,1.8,8.35,7.98,,,212.940002,220.270004,,,7.19,6.77,,,,,1.64,,1.618,1.64,,1.618
2025/11/23 00:00,2.58,2.23,,1.81,8.34,7.98,,7.99,212.940002,220.270004,,222.220001,7.16,,,,,,1.653,,1.614,1.653,,1.614
2025/11/23 00:00,2.58,2.24,,1.81,8.33,7.97,,7.99,212.940002,220.270004,,222.470001,7.18,,6.56,,,,1.649,,1.611,1.649,,1.611
2025/11/23 00:00,2.57,2.25,,1.81,8.31,7.97,,7.99,212.940002,220.020004,,222.470001,7.17,,6.51,,,,1.65,,1.609,1.65,,1.609
2025/11/23 00:00,2.57,2.25,,1.81,8.3,7.97,,7.99,212.940002,220.020004,,222.220001,7.18,,6.55,,,,1.64,,1.609,1.64,,1.609
2025/11/23 00:00,2.55,2.24,,1.81,8.3,7.97,,7.99,213.190002,220.270004,,222.470001,7.16,,6.54,,,,1.652,,1.61,1.652,,1.61
2025/11/23 00:00,2.56,2.23,,,8.28,7.98,8.03,,213.190002,220.270004,,,7.18,,6.57,,,,1.649,1.636,,1.649,1.636,
2025/11/23 00:00,2.55,2.22,2.05,,8.27,7.98,8.02,,213.429993,220.270004,221.979996,,7.19,6.77,,,,,1.645,1.637,,1.645,1.637,
2025/11/23 00:00,2.56,2.24,2.05,,8.25,7.96,8.03,,213.190002,220.270004,221.729996,,7.19,6.77,,,,,1.644,1.639,,1.644,1.639,
2025/11/23 00:00,2.55,2.23,2.05,,8.24,7.97,8.03,,212.940002,220.270004,221.979996,,7.23,6.77,,,,,1.647,1.639,,1.647,1.639,
2025/11/23 00:00,2.56,2.24,2.05,,8.23,7.97,8.02,,212.940002,220.020004,221.729996,,7.18,6.77,,,,,1.654,1.636,,1.654,1.636,
2025/11/23 00:00,2.53,2.25,2.05,,8.21,7.97,8.02,,213.190002,220.020004,221.979996,,7.19,6.74,,,,,1.649,1.64,,1.649,1.64,
2025/11/23 00:00,2.53,2.22,,,8.19,7.97,,,213.190002,220.020004,,,7.18,6.77,,,,,1.647,,1.624,1.647,,1.624
2025/11/23 00:00,2.53,2.24,,1.81,8.18,7.97,,8,212.940002,220.270004,,222.470001,7.18,,,,,,1.651,,1.612,1.651,,1.612
2025/11/23 00:00,2.52,2.24,,1.81,8.16,7.97,,7.99,213.190002,220.270004,,222.220001,7.15,,6.53,,,,1.65,,1.61,1.65,,1.61
2025/11/23 00:00,2.53,2.24,,1.81,8.15,7.97,,7.99,213.679993,220.270004,,222.220001,7.15,,6.59,,,,1.644,,1.611,1.644,,1.611
2025/11/23 00:00,2.48,2.24,,1.81,8.14,7.97,,7.99,213.429993,220.020004,,222.710007,7.13,,6.57,,,,1.641,,1.61,1.641,,1.61
2025/11/23 00:00,2.47,2.23,,1.81,8.11,7.97,,7.99,213.190002,220.509995,,223.199997,7.19,,6.55,,,,1.644,,1.614,1.644,,1.614
2025/11/23 00:00,2.49,2.25,,,8.1,7.96,8.03,,213.429993,220.020004,,,7.17,,6.51,,,,1.647,,,1.647,,
2025/11/23 00:00,2.5,2.26,2.06,,8.08,7.96,8.02,,213.429993,220.020004,221.979996,,7.18,6.73,,,,,1.648,1.64,,1.648,1.64,
2025/11/23 00:00,2.51,2.26,2.06,,8.06,7.95,8.01,,213.429993,220.020004,221.729996,,7.13,6.73,,,,,1.652,1.638,,1.652,1.638,
2025/11/23 00:00,2.46,2.25,2.06,,8.05,7.96,8.02,,212.940002,220.020004,221.25,,7.12,6.71,,,,,1.64,1.635,,1.64,1.635,
2025/11/23 00:00,2.46,2.23,2.06,,8.03,7.96,8.02,,213.429993,220.020004,221,,7.15,6.71,,,,,1.656,1.635,,1.656,1.635,
2025/11/23 00:00,2.47,2.23,2.06,,8.02,7.96,8.02,,212.699997,220.270004,221.25,,7.12,6.75,,,,,1.647,1.637,,1.647,1.637,
2025/11/23 00:00,2.45,2.24,,,8,7.95,,,213.429993,220.270004,,,7.17,6.73,,,,,1.656,,,1.656,,
2025/11/23 00:00,2.45,2.22,,1.82,7.98,7.96,,7.99,213.429993,220.020004,,222.470001,7.17,,,,,,1.639,,1.61,1.639,,1.61
2025/11/23 00:00,2.52,2.22,,1.81,,7.96,,7.99,,220.270004,,222.220001,7.15,,6.58,,,,1.651,,1.615,1.651,,1.615
2025/11/23 00:00,0.85,2.22,,1.82,,7.95,,7.99,,220.020004,,221.979996,7.16,,6.51,,,,1.647,,1.614,1.647,,1.614
2025/11/23 00:00,0.38,2.22,,1.81,,7.96,,7.98,,220.270004,,221.979996,7.18,,6.51,,,,1.646,,1.609,1.646,,1.609
2025/11/23 00:00,0.33,2.23,,1.82,,7.96,,7.99,,220.270004,,222.470001,7.17,,6.51,,,,1.646,,1.608,1.646,,1.608
2025/11/23 00:00,0.32,2.22,,,,7.95,8.03,,,220.270004,,,7.13,,6.51,,,,1.641,,,1.641,,
2025/11/23 00:00,1.44,2.22,2.05,,,7.95,8.02,,,220.270004,221.490005,,7.17,,,,,,1.651,1.636,,1.651,1.636,
2025/11/23 00:00,2.77,2.23,2.05,,,7.95,8.02,,,220.020004,221,,7.18,6.74,,,,,1.646,1.636,,1.646,1.636,
2025/11/23 00:00,2.74,2.22,2.06,,,7.95,8.02,,,220.270004,221,,7.19,6.75,,,,,1.651,1.644,,1.651,1.644,
2025/11/23 00:00,2.59,2.22,2.05,,8.69,7.95,8.02,,212.699997,220.270004,221,,7.17,6.76,,,,,1.637,1.636,,1.637,1.636,
2025/11/23 00:00,2.63,2.22,2.05,,8.65,7.95,8.02,,212.940002,220.509995,221.25,,7.2,6.76,,,,,1.652,1.637,,1.652,1.637,
2025/11/23 00:00,2.63,2.22,,,8.64,7.95,,,213.429993,220.509995,,,7.16,6.75,,,,,1.65,,,1.65,,
2025/11/23 00:00,2.6,2.23,,1.82,8.63,7.97,,7.98,212.940002,220.020004,,221.979996,7.23,,,,,,1.648,,1.613,1.648,,1.613
2025/11/23 00:00,2.59,2.19,,1.81,8.62,7.96,,7.98,213.190002,220.020004,,221.979996,7.18,,6.53,,,,1.651,,1.613,1.651,,1.613
2025/11/23 00:00,2.59,2.22,,1.82,8.62,7.96,,7.99,212.940002,220.020004,,221.729996,7.2,,6.53,,,,1.653,,1.615,1.653,,1.615
2025/11/23 00:00,2.59,2.24,,1.82,8.62,7.96,,7.98,213.190002,220.270004,,222.220001,7.19,,6.52,,,,1.65,,1.612,1.65,,1.612
2025/11/23 00:00,2.59,2.23,,1.82,8.61,7.96,,7.98,213.190002,220.270004,,221.729996,7.18,,6.48,,,,1.645,,1.608,1.645,,1.608
2025/11/23 00:00,2.58,2.24,,,8.61,7.97,8.03,,212.699997,220.270004,,,7.17,,6.5,,,,1.646,,,1.646,,
2025/11/23 00:00,2.58,2.22,2.05,,8.6,7.97,8.02,,212.940002,220.020004,221.25,,7.18,6.76,,,,,1.636,1.634,,1.636,1.634,
2025/11/23 00:00,2.58,2.23,2.05,,8.61,7.96,8.01,,212.699997,220.020004,221,,7.19,6.75,,,,,1.648,1.634,,1.648,1.634,
2025/11/23 00:00,2.57,2.24,2.05,,8.6,7.97,8.02,,212.940002,220.270004,221,,7.17,6.74,,,,,1.639,1.633,,1.639,1.633,
2025/11/23 00:00,2.58,2.23,2.05,,8.6,7.96,8.01,,212.940002,220.270004,221.729996,,7.16,6.72,,,,,1.643,1.633,,1.643,1.633,
2025/11/23 00:00,2.58,2.22,2.05,,8.59,7.96,8.01,,212.940002,219.779999,221,,7.14,6.77,,,,,1.644,1.635,,1.644,1.635,
2025/11/23 00:00,2.58,2.22,,,8.59,7.97,8.01,,212.940002,220.509995,,,7.17,6.73,,,,,1.644,,,1.644,,
2025/11/23 00:00,2.58,2.23,,1.81,8.58,7.97,,7.99,212.449997,220.020004,,221.979996,7.15,,,,,,1.649,,1.608,1.649,,1.608
2025/11/23 00:00,2.56,2.26,,1.81,8.58,7.97,,7.99,212.940002,220.020004,,221.729996,7.16,,6.52,,,,1.644,,1.609,1.644,,1.609
2025/11/23 00:00,2.57,2.25,,1.81,8.57,7.96,,7.98,212.449997,220.270004,,222.470001,7.17,,6.57,,,,1.64,,1.611,1.64,,1.611
2025/11/23 00:00,2.59,2.23,,1.8,8.57,7.97,,7.99,212.699997,220.270004,,221.979996,7.15,,6.55,,,,1.645,,1.614,1.645,,1.614
2025/11/23 00:00,2.58,2.22,,1.81,8.57,7.97,,7.99,212.699997,220.509995,,222.470001,7.15,,6.57,,,,1.645,,1.61,1.645,,1.61
2025/11/23 00:00,2.58,2.21,,,8.56,7.96,8.02,,212.699997,220.020004,,,7.17,,6.54,,,,1.651,1.62,,1.651,1.62,
2025/11/23 00:00,2.58,2.23,2.05,,8.56,7.97,8.01,,212.699997,220.270004,,,7.16,,,,,,1.647,1.639,,1.647,1.639,
2025/11/23 00:00,2.58,2.23,2.04,,8.55,7.97,8.01,,212.699997,220.270004,221.25,,7.14,6.74,,,,,1.646,1.639,,1.646,1.639,
2025/11/23 00:00,2.59,2.22,2.05,,8.55,7.97,8.01,,212.449997,220.270004,221.490005,,7.18,6.72,,,,,1.644,1.639,,1.644,1.639,
2025/11/23 00:00,2.57,2.23,2.05,,8.55,7.97,8.01,,212.699997,220.270004,221.490005,,7.14,6.77,,,,,1.647,1.637,,1.647,1.637,
2025/11/23 00:00,2.58,2.22,2.05,,8.54,7.97,8.01,,212.699997,220.270004,221.490005,,7.18,6.72,,,,,1.651,1.634,,1.651,1.634,
2025/11/23 00:00,2.57,2.23,,,8.54,7.97,8.02,,212.699997,220.270004,,,7.13,6.73,,,,,1.64,,,1.64,,
2025/11/23 00:00,2.57,2.24,,1.81,8.53,7.97,,7.99,212.699997,220.509995,,222.710007,7.15,,,,,,1.644,,1.612,1.644,,1.612
2025/11/23 00:00,2.58,2.23,,1.81,8.52,7.96,,7.98,213.190002,220.020004,,222.470001,7.12,,6.57,,,,1.645,,1.608,1.645,,1.608
2025/11/23 00:00,2.57,2.24,,1.81,8.51,7.97,,7.98,213.190002,220.270004,,222.710007,7.09,,6.55,,,,1.644,,1.611,1.644,,1.611
2025/11/23 00:00,2.58,2.22,,1.81,8.51,7.97,,7.98,212.699997,220.509995,,222.470001,7.12,,6.58,,,,1.646,,1.608,1.646,,1.608
2025/11/23 00:00,2.58,2.23,,1.8,8.5,7.97,,7.98,212.699997,220.270004,,222.470001,7.13,,6.55,,,,1.642,,1.613,1.642,,1.613
2025/11/23 00:00,2.57,2.24,,,8.5,7.97,8.02,,212.699997,220.270004,,,7.12,,6.54,,,,1.649,,,1.649,,
2025/11/23 00:00,2.58,2.23,2.05,,8.49,7.97,8.01,,212.940002,220.020004,221.979996,,7.11,,,,,,1.645,1.635,,1.645,1.635,
2025/11/23 00:00,2.57,2.22,2.04,,8.48,7.97,8.01,,212.699997,220.020004,221.490005,,7.14,6.72,,,,,1.656,1.639,,1.656,1.639,
2025/11/23 00:00,2.57,2.21,2.04,,8.48,7.97,8.01,,212.699997,220.020004,221.490005,,7.14,6.74,,,,,1.645,1.638,,1.645,1.638,
2025/11/23 00:00,2.57,2.21,2.05,,8.46,7.97,8.01,,212.940002,220.020004,221.729996,,7.16,6.77,,,,,1.647,1.634,,1.647,1.634,
2025/11/23 00:00,2.57,2.22,2.04,,8.46,7.97,8.01,,212.699997,220.270004,221.979996,,7.18,6.76,,,,,1.639,1.636,,1.639,1.636,
2025/11/23 00:00,2.57,2.22,,,8.46,7.97,8.02,,212.449997,220.020004,,,7.12,6.73,,,,,1.642,,,1.642,,
2025/11/23 00:00,2.56,2.22,,1.81,8.44,7.97,,7.99,212.940002,220.270004,,222.949997,7.14,,,,,,1.639,,1.609,1.639,,1.609
2025/11/23 00:00,2.56,2.22,,1.8,8.43,7.97,,7.98,212.940002,220.020004,,222.220001,7.13,,6.56,,,,1.645,,1.61,1.645,,1.61
2025/11/23 00:00,2.56,2.22,,1.8,8.43,7.97,,7.98,212.699997,220.020004,,222.710007,7.12,,6.57,,,,1.644,,1.61,1.644,,1.61
2025/11/23 00:00,2.56,2.23,,1.8,8.42,7.96,,7.99,212.449997,220.270004,,222.710007,7.11,,6.54,,,,1.642,,1.613,1.642,,1.613
2025/11/23 00:00,2.56,2.22,,1.8,8.41,7.96,,7.99,212.449997,220.270004,,222.949997,7.14,,6.58,,,,1.642,,1.61,1.642,,1.61
2025/11/23 00:00,2.57,2.22,,,8.39,7.97,8.02,,213.190002,220.020004,,,7.11,,6.59,,,,1.65,,,1.65,,
2025/11/23 00:00,2.57,2.24,2.05,,8.38,7.97,8.01,,212.940002,220.270004,221.979996,,7.09,6.66,,,,,1.646,1.636,,1.646,1.636,
2025/11/23 00:00,2.57,2.25,2.05,,8.38,7.96,8.01,,212.940002,220.509995,221.729996,,7.1,6.7,,,,,1.644,1.638,,1.644,1.638,
2025/11/23 00:00,2.57,2.25,2.05,,8.37,7.96,8,,212.699997,220.270004,221.729996,,7.09,6.72,,,,,1.65,1.634,,1.65,1.634,
2025/11/23 00:00,2.56,2.24,2.05,,8.36,7.97,8.01,,212.449997,220.020004,221.729996,,7.08,6.7,,,,,1.643,1.631,,1.643,1.631,
2025/11/23 00:00,2.56,2.23,2.05,,8.34,7.97,8.01,,212.449997,219.779999,221.490005,,7.08,6.69,,,,,1.65,1.634,,1.65,1.634,
2025/11/23 00:00,2.56,2.22,,,8.34,7.97,8.01,,212.449997,220.270004,,,7.11,6.69,,,,,1.64,,,1.64,,
2025/11/23 00:00,2.56,2.22,,1.82,8.34,7.96,,7.97,212.449997,220.020004,,222.470001,7.13,,,,,,1.644,,1.625,1.644,,1.625
2025/11/23 00:00,2.57,2.22,,1.82,8.31,7.96,,7.98,212.699997,220.020004,,222.470001,7.1,,6.54,,,,1.636,,1.61,1.636,,1.61
2025/11/23 00:00,2.56,2.21,,1.82,8.31,7.96,,7.97,212.699997,220.270004,,221.979996,7.07,,6.48,,,,1.644,,1.607,1.644,,1.607
2025/11/23 00:00,2.55,2.22,,1.82,8.31,7.96,,7.97,212.699997,220.270004,,222.470001,7.09,,6.48,,,,1.644,,1.613,1.644,,1.613
2025/11/23 00:00,2.56,2.22,,1.81,8.28,7.97,,7.97,212.699997,220.020004,,221.979996,7.11,,6.5,,,,1.643,,1.613,1.643,,1.613
2025/11/23 00:00,2.56,2.21,,,8.26,7.96,8.02,,212.699997,220.020004,,,7.11,,6.49,,,,1.648,,,1.648,,
2025/11/23 00:00,2.55,2.23,2.05,,8.25,7.96,8,,212.699997,220.020004,221.490005,,7.12,,,,,,1.653,1.635,,1.653,1.635,
2025/11/23 00:00,2.54,2.23,2.05,,8.23,7.96,8,,212.699997,220.020004,221,,7.08,6.73,,,,,1.653,1.642,,1.653,1.642,
2025/11/23 00:00,2.54,2.22,2.04,,8.22,7.96,8,,212.449997,220.270004,220.759995,,7.11,6.71,,,,,1.649,1.638,,1.649,1.638,
2025/11/23 00:00,2.53,2.23,2.05,,8.21,7.96,8,,212.449997,220.020004,221.490005,,7.13,6.73,,,,,1.648,1.632,,1.648,1.632,
2025/11/23 00:00,2.53,2.22,2.05,,8.19,7.95,8,,212.449997,220.020004,221,,7.09,6.68,,,,,1.636,1.633,,1.636,1.633,
2025/11/23 00:00,2.53,2.23,,,8.17,7.96,8,,213.190002,220.020004,,,7.16,6.7,,,,,1.642,1.635,,1.642,1.635,
2025/11/23 00:00,2.53,2.23,,1.82,8.16,7.96,,7.98,212.449997,220.270004,,,7.14,,,,,,1.642,,1.61,1.642,,1.61
2025/11/23 00:00,2.53,2.23,,1.81,8.16,7.95,,7.97,212.940002,220.270004,,221.979996,7.08,,6.56,,,,1.631,,1.608,1.631,,1.608
2025/11/23 00:00,2.49,2.23,,1.82,8.13,7.95,,7.97,212.940002,220.270004,,222.470001,7.09,,6.5,,,,1.645,,1.61,1.645,,1.61
2025/11/23 00:00,2.49,2.22,,1.81,8.12,7.95,,7.97,212.699997,220.509995,,221.979996,7.08,,6.46,,,,1.645,,1.607,1.645,,1.607
2025/11/23 00:00,2.5,2.22,,1.81,8.1,7.96,,7.97,212.940002,220.020004,,221.979996,7.08,,6.42,,,,1.65,,1.608,1.65,,1.608
2025/11/23 00:00,2.5,2.23,,,8.08,7.96,8.02,,212.940002,220.270004,,,7.1,,6.43,,,,1.644,,,1.644,,
2025/11/23 00:00,2.51,2.23,2.05,,8.08,7.95,8.01,,212.699997,220.270004,221.729996,,7.1,,,,,,1.641,1.636,,1.641,1.636,
2025/11/23 00:00,2.43,2.23,2.05,,8.05,7.95,8.01,,212.699997,220.270004,221.490005,,7.06,6.71,,,,,1.64,1.634,,1.64,1.634,
2025/11/23 00:00,2.42,2.22,2.04,,8.04,7.95,8.01,,213.190002,220.020004,221.25,,7.09,6.7,,,,,1.65,1.636,,1.65,1.636,
2025/11/23 00:00,2.44,2.22,2.04,,8.02,7.95,8.01,,212.940002,220.270004,221.25,,7.1,6.72,,,,,1.643,1.636,,1.643,1.636,
2025/11/23 00:00,2.44,2.23,2.04,,8,7.95,8.01,,213.190002,220.270004,221,,7.1,6.68,,,,,1.642,1.635,,1.642,1.635,
2025/11/23 00:00,2.44,2.23,,,8,7.95,8.01,,212.940002,220.020004,,,7.06,6.67,,,,,1.65,1.636,,1.65,1.636,
2025/11/23 00:00,2.43,2.22,,1.82,7.98,7.94,,7.98,212.940002,220.270004,,222.220001,7.03,,,,,,1.641,,1.611,1.641,,1.611
2025/11/23 00:00,1.7,2.24,,1.81,,7.94,,7.98,,220.020004,,222.220001,7.07,,6.49,,,,1.651,,1.611,1.651,,1.611
2025/11/23 00:00,0.5,2.24,,1.81,,7.94,,7.98,,220.270004,,221.979996,7.07,,6.48,,,,1.642,,1.608,1.642,,1.608
2025/11/23 00:00,0.34,2.25,,1.8,,7.94,,7.98,,220.020004,,222.220001,7.08,,6.47,,,,1.636,,1.611,1.636,,1.611
2025/11/23 00:00,0.31,2.23,,1.8,,7.94,,7.98,,220.270004,,222.220001,7.08,,6.44,,,,1.645,,1.615,1.645,,1.615
2025/11/23 00:00,0.87,2.22,,1.8,,7.94,8.01,,,220.270004,,,7.05,,6.47,,,,1.649,,,1.649,,
2025/11/23 00:00,2.21,2.21,2.04,,,7.94,8,,,220.020004,221.979996,,7.07,,,,,,1.644,1.634,,1.644,1.634,
2025/11/23 00:00,2.76,2.21,2.04,,,7.93,8.01,,,220.020004,221.729996,,7.06,6.71,,,,,1.643,1.638,,1.643,1.638,
2025/11/23 00:00,2.63,2.22,2.04,,,7.93,8.01,,,220.270004,221.729996,,7.06,6.68,,,,,1.642,1.638,,1.642,1.638,
2025/11/23 00:00,2.57,2.22,2.04,,8.68,7.93,8,,212.210007,220.020004,222.220001,,7.05,6.67,,,,,1.647,1.635,,1.647,1.635,
2025/11/23 00:00,2.62,2.22,2.04,,8.64,7.94,8.01,,212.699997,220.020004,221.490005,,7.06,6.73,,,,,1.643,1.635,,1.643,1.635,
2025/11/23 00:00,2.57,2.22,,,8.63,7.95,,,212.940002,219.779999,,,7.05,6.68,,,,,1.645,1.64,,1.645,1.64,
2025/11/23 00:00,2.57,2.2,,1.81,8.62,7.95,,7.98,212.449997,219.779999,,,7.04,,,,,,1.641,,1.617,1.641,,1.617
2025/11/23 00:00,2.57,2.21,,1.8,8.63,7.95,,7.98,212.699997,220.020004,,222.470001,7.06,,6.55,,,,1.646,,1.614,1.646,,1.614
2025/11/23 00:00,2.57,2.23,,1.8,8.62,7.95,,7.97,212.699997,220.270004,,222.470001,7.06,,6.51,,,,1.645,,1.606,1.645,,1.606
2025/11/23 00:00,2.58,2.23,,1.8,8.62,7.95,,7.98,212.449997,220.270004,,222.220001,7.06,,6.51,,,,1.644,,1.609,1.644,,1.609
2025/11/23 00:00,2.55,2.23,,1.79,8.61,7.95,,7.98,212.449997,220.270004,,222.220001,7.1,,6.53,,,,1.645,,1.614,1.645,,1.614
2025/11/23 00:00,2.57,2.22,,1.79,8.6,7.96,,,212.449997,220.270004,,,7.07,,6.52,,,,1.641,,1.61,1.641,,1.61
2025/11/23 00:00,2.57,2.22,,,8.61,7.95,8.01,,212.449997,220.270004,221.979996,,7.07,,,,,,1.647,1.641,,1.647,1.641,
2025/11/23 00:00,2.57,2.23,2.04,,8.61,7.96,8.01,,212.449997,220.509995,221.979996,,7.07,6.73,,,,,1.645,1.631,,1.645,1.631,
2025/11/23 00:00,2.58,2.22,2.04,,8.6,7.96,8.01,,212.449997,220.270004,221.490005,,7.04,6.66,,,,,1.644,1.639,,1.644,1.639,
2025/11/23 00:00,2.57,2.22,2.04,,8.59,7.95,8.01,,212.699997,220.020004,221.490005,,7.04,6.69,,,,,1.656,1.639,,1.656,1.639,
2025/11/23 00:00,2.56,2.22,2.04,,8.59,7.96,8.01,,212.699997,220.270004,221.979996,,7.03,6.68,,,,,1.636,1.637,,1.636,1.637,
2025/11/23 00:00,2.56,2.21,,,8.59,7.96,,,212.449997,220.020004,,,7.01,6.68,,,,,1.646,1.64,,1.646,1.64,
2025/11/23 00:00,2.57,2.22,,1.81,8.58,7.96,,7.99,212.449997,220.270004,,,7.08,,,,,,1.645,,1.609,1.645,,1.609
2025/11/23 00:00,2.55,2.22,,1.8,8.58,7.96,,7.98,212.699997,220.270004,,222.710007,7.03,,6.54,,,,1.643,,1.612,1.643,,1.612
2025/11/23 00:00,2.56,2.22,,1.8,8.57,7.96,,7.98,211.970001,220.270004,,222.470001,7.1,,6.48,,,,1.641,,1.613,1.641,,1.613
2025/11/23 00:00,2.58,2.21,,1.8,8.57,7.96,,7.98,212.449997,220.270004,,222.710007,7.06,,6.53,,,,1.642,,1.613,1.642,,1.613
2025/11/23 00:00,2.57,2.21,,1.8,8.57,7.97,,7.98,212.699997,220.020004,,222.710007,7.03,,6.54,,,,1.647,,1.614,1.647,,1.614
2025/11/23 00:00,2.57,2.21,,1.79,8.56,7.95,,,212.210007,220.270004,,,7.05,,6.54,,,,1.643,,1.609,1.643,,1.609
2025/11/23 00:00,2.56,2.22,2.05,,8.56,7.96,8.01,,212.449997,220.020004,222.470001,,7.05,,,,,,1.643,1.636,,1.643,1.636,
2025/11/23 00:00,2.57,2.24,2.04,,8.55,7.96,8.01,,212.699997,220.020004,221.490005,,7.03,6.64,,,,,1.644,1.634,,1.644,1.634,
2025/11/23 00:00,2.58,2.22,2.04,,8.55,7.97,8.01,,212.940002,219.779999,221.490005,,7.03,6.64,,,,,1.642,1.631,,1.642,1.631,
2025/11/23 00:00,2.58,2.2,2.04,,8.54,7.97,8.01,,212.699997,220.270004,221.25,,7.03,6.69,,,,,1.641,1.634,,1.641,1.634,
2025/11/23 00:00,2.58,2.21,2.04,,8.53,7.97,8.01,,212.699997,220.020004,221,,7.05,6.64,,,,,1.653,1.639,,1.653,1.639,
2025/11/23 00:00,2.57,2.21,,,8.54,7.96,,,212.449997,220.270004,,,7.06,6.68,,,,,1.647,1.632,,1.647,1.632,
2025/11/23 00:00,2.57,2.21,,1.81,8.53,7.95,,7.98,212.449997,220.020004,,,7.07,,,,,,1.648,,1.616,1.648,,1.616
2025/11/23 00:00,2.57,2.21,,1.81,8.52,7.96,,7.98,212.449997,220.020004,,221.979996,7.05,,6.5,,,,1.643,,1.608,1.643,,1.608
2025/11/23 00:00,2.57,2.21,,1.81,8.51,7.96,,7.98,212.449997,220.020004,,221.979996,7,,6.45,,,,1.643,,1.609,1.643,,1.609
2025/11/23 00:00,2.57,2.22,,1.81,8.51,7.96,,7.98,211.970001,220.270004,,221.729996,7.02,,6.47,,,,1.643,,1.61,1.643,,1.61
2025/11/23 00:00,2.57,2.22,,1.81,8.51,7.96,,7.97,211.970001,220.270004,,221.729996,6.99,,6.42,,,,1.638,,1.606,1.638,,1.606
2025/11/23 00:00,2.57,2.22,,1.8,8.5,7.96,,,211.970001,220.270004,,,7.01,,6.41,,,,1.649,,1.605,1.649,,1.605
2025/11/23 00:00,2.57,2.22,2.04,,8.49,7.97,8.01,,212.210007,219.779999,221.490005,,7,,,,,,1.647,1.634,,1.647,1.634,
2025/11/23 00:00,2.57,2.21,2.04,,8.49,7.96,8.01,,212.210007,220.270004,221.25,,7.07,6.65,,,,,1.651,1.63,,1.651,1.63,
2025/11/23 00:00,2.57,2.22,2.04,,8.48,7.96,8.01,,211.970001,220.020004,221.25,,7.01,6.64,,,,,1.645,1.638,,1.645,1.638,
2025/11/23 00:00,2.57,2.22,2.04,,8.48,7.96,8.01,,211.970001,220.270004,221,,7,6.6,,,,,1.641,1.637,,1.641,1.637,
2025/11/23 00:00,2.57,2.22,2.05,,8.46,7.97,8.01,,211.970001,219.779999,221.729996,,7.04,6.61,,,,,1.649,1.635,,1.649,1.635,
2025/11/23 00:00,2.57,2.22,,,8.47,7.96,,,212.210007,219.779999,,,6.99,6.61,,,,,1.644,1.637,,1.644,1.637,
2025/11/23 00:00,2.57,2.21,,,8.45,7.96,,7.98,211.970001,220.270004,,,7.02,,,,,,1.647,,,1.647,,
2025/11/23 00:00,2.56,2.22,,1.81,8.44,7.96,,7.98,211.970001,220.270004,,221.979996,7.02,,6.47,,,,1.65,,1.608,1.65,,1.608
2025/11/23 00:00,2.57,2.22,,1.81,8.44,7.97,,7.98,212.210007,220.270004,,221.490005,6.97,,6.41,,,,1.647,,1.607,1.647,,1.607
2025/11/23 00:00,2.57,2.21,,1.81,8.43,7.96,,7.98,211.970001,220.509995,,221.490005,6.97,,6.38,,,,1.651,,1.617,1.651,,1.617
2025/11/23 00:00,2.56,2.21,,1.8,8.42,7.97,,7.98,212.210007,219.779999,,221.490005,7,,6.4,,,,1.646,,1.613,1.646,,1.613
2025/11/23 00:00,2.57,2.21,,1.79,8.42,7.96,,,211.970001,220.020004,,,7.01,,6.44,,,,1.643,,1.614,1.643,,1.614
2025/11/23 00:00,2.57,2.21,2.04,,8.4,7.96,8.02,,212.210007,220.270004,221.25,,7.01,,,,,,1.646,1.638,,1.646,1.638,
2025/11/23 00:00,2.55,2.22,2.04,,8.4,7.96,8.02,,212.210007,220.020004,221,,7,6.67,,,,,1.645,1.633,,1.645,1.633,
2025/11/23 00:00,2.56,2.22,2.04,,8.39,7.97,8.02,,211.970001,220.020004,221,,7.01,6.63,,,,,1.637,1.632,,1.637,1.632,
2025/11/23 00:00,2.57,2.21,2.04,,8.38,7.96,8.01,,211.970001,220.020004,221.25,,6.98,6.58,,,,,1.649,1.638,,1.649,1.638,
2025/11/23 00:00,2.56,2.22,2.04,,8.37,7.96,8.02,,212.210007,219.779999,221.25,,6.97,6.59,,,,,1.655,1.64,,1.655,1.64,
2025/11/23 00:00,2.56,2.2,,,8.36,7.96,8.02,,211.970001,220.020004,,,7,6.63,,,,,1.652,1.634,,1.652,1.634,
2025/11/23 00:00,2.56,2.22,,1.82,8.35,7.96,,7.99,212.210007,220.020004,,222.220001,7,,,,,,1.653,,1.609,1.653,,1.609
2025/11/23 00:00,2.56,2.21,,1.81,8.34,7.96,,7.99,212.699997,220.020004,,221.729996,7,,6.47,,,,1.641,,1.606,1.641,,1.606
2025/11/23 00:00,2.56,2.23,,1.8,8.33,7.96,,7.98,212.210007,219.539993,,221.490005,6.95,,6.41,,,,1.632,,1.61,1.632,,1.61
2025/11/23 00:00,2.55,2.22,,1.8,8.31,7.96,,7.98,212.210007,220.270004,,221.979996,6.97,,6.43,,,,1.645,,1.609,1.645,,1.609
2025/11/23 00:00,2.55,2.21,,1.8,8.3,7.97,,7.98,211.970001,220.020004,,222.220001,6.98,,6.47,,,,1.639,,1.608,1.639,,1.608
2025/11/23 00:00,2.53,2.2,,1.8,8.29,7.96,,,212.210007,220.509995,,,7,,6.44,,,,1.647,,,1.647,,
2025/11/23 00:00,2.54,2.21,2.03,,8.28,7.96,8.01,,211.970001,220.270004,,,6.96,,,,,,1.647,1.635,,1.647,1.635,
2025/11/23 00:00,2.54,2.21,2.03,,8.27,7.96,8.01,,211.970001,220.270004,221.490005,,6.96,6.66,,,,,1.647,1.632,,1.647,1.632,
2025/11/23 00:00,2.54,2.2,2.03,,8.26,7.96,8.01,,212.449997,220.270004,221.490005,,6.97,6.63,,,,,1.644,1.633,,1.644,1.633,
2025/11/23 00:00,2.52,2.21,2.03,,8.24,7.97,8.01,,212.699997,220.270004,221.490005,,7,6.63,,,,,1.638,1.635,,1.638,1.635,
2025/11/23 00:00,2.53,2.2,2.04,,8.24,7.96,8.01,,212.210007,220.020004,221.490005,,6.97,6.59,,,,,1.64,1.64,,1.64,1.64,
2025/11/23 00:00,2.53,2.21,,,8.22,7.96,,,212.699997,220.270004,,,6.98,6.61,,,,,1.65,1.637,,1.65,1.637,
2025/11/23 00:00,2.52,2.22,,,8.21,7.96,,7.98,212.699997,220.270004,,,6.95,6.62,,,,,1.642,,1.615,1.642,,1.615
2025/11/23 00:00,2.53,2.21,,1.8,8.19,7.96,,7.98,212.699997,220.020004,,222.470001,6.99,,,,,,1.644,,1.61,1.644,,1.61
2025/11/23 00:00,2.48,2.21,,1.81,8.18,7.96,,7.98,212.699997,219.779999,,222.470001,6.98,,6.5,,,,1.646,,1.621,1.646,,1.621
2025/11/23 00:00,2.49,2.2,,1.8,8.16,7.96,,7.98,212.449997,220.270004,,222.220001,6.97,,6.45,,,,1.642,,1.616,1.642,,1.616
2025/11/23 00:00,2.49,2.2,,1.8,8.14,7.96,,7.98,212.699997,220.270004,,222.470001,6.96,,6.44,,,,1.645,,1.605,1.645,,1.605
2025/11/23 00:00,2.49,2.21,,1.8,8.13,7.96,,,212.699997,220.270004,,,6.99,,6.46,,,,1.641,,1.612,1.641,,1.612
2025/11/23 00:00,2.49,2.21,2.03,,8.11,7.96,,,212.699997,220.270004,221.729996,,6.97,,,,,,1.639,1.636,,1.639,1.636,
2025/11/23 00:00,2.49,2.19,2.03,,8.1,7.96,8.02,,212.699997,220.270004,221.490005,,6.98,6.61,,,,,1.65,1.639,,1.65,1.639,
2025/11/23 00:00,2.44,2.2,2.03,,8.08,7.96,8.02,,212.449997,220.270004,221.979996,,7,6.67,,,,,1.642,1.638,,1.642,1.638,
2025/11/23 00:00,2.43,2.19,2.03,,8.06,7.95,8.02,,212.699997,220.020004,221.490005,,6.99,6.66,,,,,1.643,1.636,,1.643,1.636,
2025/11/23 00:00,2.43,2.21,2.02,,8.05,7.96,8.02,,212.449997,220.270004,221.490005,,6.98,6.61,,,,,1.636,1.637,,1.636,1.637,
2025/11/23 00:00,2.42,2.21,,,8.03,7.95,8.02,,212.699997,220.020004,,,6.97,6.62,,,,,1.641,1.633,,1.641,1.633,
2025/11/23 00:00,2.42,2.2,,1.8,8.02,7.95,,7.99,212.699997,220.270004,,,6.96,6.65,,,,,1.648,,1.609,1.648,,1.609
2025/11/23 00:00,2.46,2.2,,1.8,,7.95,,7.99,,220.270004,,222.710007,6.96,,6.49,,,,1.644,,1.608,1.644,,1.608
2025/11/23 00:00,0.86,2.19,,1.79,,7.95,,7.99,,220.270004,,222.470001,6.98,,6.48,,,,1.641,,1.61,1.641,,1.61
2025/11/23 00:00,0.38,2.19,,1.79,,7.95,,7.99,,220.020004,,222.710007,6.99,,6.48,,,,1.641,,1.613,1.641,,1.613
2025/11/23 00:00,0.33,2.2,,1.79,,7.95,,7.99,,220.270004,,222.220001,6.92,,6.5,,,,1.64,,1.61,1.64,,1.61
2025/11/23 00:00,0.31,2.2,,1.79,,7.94,,7.99,,220.270004,,,6.96,,6.48,,,,1.64,,1.607,1.64,,1.607
2025/11/23 00:00,1.43,2.2,2.02,,,7.95,8.02,,,220.509995,,,6.99,,,,,,1.638,1.634,,1.638,1.634,
2025/11/23 00:00,2.74,2.19,2.03,,,7.95,8.02,,,220.509995,221.490005,,6.93,6.62,,,,,1.644,1.634,,1.644,1.634,
2025/11/23 00:00,2.71,2.21,2.02,,,7.95,8.01,,,220.270004,221.490005,,6.92,6.58,,,,,1.643,1.637,,1.643,1.637,
2025/11/23 00:00,2.57,2.2,2.02,,8.68,7.95,8.02,,211.970001,220.020004,221.490005,,6.96,6.6,,,,,1.641,1.635,,1.641,1.635,
2025/11/23 00:00,2.61,2.19,2.03,,8.64,7.95,8.02,,212.449997,220.270004,221.490005,,6.95,6.59,,,,,1.637,1.633,,1.637,1.633,
2025/11/23 00:00,2.61,2.19,2.02,,8.63,7.95,8.02,,212.449997,220.020004,,,6.98,6.62,,,,,1.65,1.63,,1.65,1.63,
2025/11/23 00:00,2.57,2.19,,1.81,8.63,7.96,,7.99,212.449997,220.270004,,,7.01,6.6,,,,,1.644,,1.61,1.644,,1.61
2025/11/23 00:00,2.57,2.16,,1.8,8.63,7.96,,7.99,212.449997,220.270004,,221.979996,6.97,,,,,,1.639,,1.612,1.639,,1.612
2025/11/23 00:00,2.58,2.19,,1.8,8.62,7.96,,7.99,212.699997,220.270004,,222.470001,7,,6.47,,,,1.642,,1.609,1.642,,1.609
2025/11/23 00:00,2.57,2.2,,1.8,8.62,7.95,,7.99,212.449997,220.270004,,221.979996,6.96,,6.46,,,,1.648,,1.61,1.648,,1.61
2025/11/23 00:00,2.57,2.2,,1.8,8.61,7.96,,7.98,212.699997,220.270004,,222.470001,6.98,,6.4,,,,1.637,,1.611,1.637,,1.611
2025/11/23 00:00,2.55,2.2,,1.8,8.61,7.96,,7.99,212.699997,220.509995,,,7,,6.39,,,,1.646,,1.603,1.646,,1.603
2025/11/23 00:00,2.57,2.19,2.03,,8.61,7.96,8.02,,212.699997,220.270004,,,6.99,,6.46,,,,1.648,1.637,,1.648,1.637,
2025/11/23 00:00,2.56,2.19,2.02,,8.61,7.96,8.02,,212.210007,220.020004,221,,6.98,6.61,,,,,1.637,1.632,,1.637,1.632,
2025/11/23 00:00,2.57,2.2,2.03,,8.6,7.96,8.02,,212.699997,220.020004,221.490005,,6.98,6.61,,,,,1.64,1.636,,1.64,1.636,
2025/11/23 00:00,2.56,2.19,2.03,,8.6,7.96,8.02,,212.449997,220.020004,221,,7,6.62,,,,,1.638,1.635,,1.638,1.635,
2025/11/23 00:00,2.56,2.19,2.02,,8.59,7.97,8.02,,212.699997,219.289993,221.25,,7.01,6.59,,,,,1.642,1.629,,1.642,1.629,
2025/11/23 00:00,2.56,2.18,,,8.59,7.97,8.02,,212.699997,220.270004,221.25,,7.02,6.62,,,,,1.647,1.636,,1.647,1.636,
2025/11/23 00:00,2.56,2.19,,1.81,8.59,7.97,,7.99,212.699997,220.270004,,222.710007,7.01,6.58,,,,,1.643,,1.607,1.643,,1.607
2025/11/23 00:00,2.56,2.2,,1.8,8.58,7.96,,7.99,212.699997,220.020004,,222.220001,7,,,,,,1.647,,1.615,1.647,,1.615
2025/11/23 00:00,2.56,2.19,,1.8,8.57,7.96,,7.99,212.699997,220.020004,,221.729996,6.97,,6.45,,,,1.638,,1.613,1.638,,1.613
2025/11/23 00:00,2.57,2.19,,1.8,8.57,7.97,,7.99,212.699997,220.020004,,222.220001,7.03,,6.46,,,,1.638,,1.603,1.638,,1.603
2025/11/23 00:00,2.56,2.19,,1.8,8.57,7.97,,7.99,212.210007,220.270004,,222.220001,6.99,,6.44,,,,1.635,,,1.635,,
2025/11/23 00:00,2.57,2.19,,1.79,8.57,7.97,,7.99,212.699997,220.270004,221.490005,,7.02,,6.46,,,,1.631,,,1.631,,
2025/11/23 00:00,2.58,2.19,2.02,,8.56,7.97,8.02,,212.449997,220.270004,221.979996,,6.99,,6.47,,,,1.636,1.634,,1.636,1.634,
2025/11/23 00:00,2.56,2.19,2.02,,8.56,7.97,8.02,,212.699997,220.509995,221,,7.02,6.62,,,,,1.642,1.633,,1.642,1.633,
2025/11/23 00:00,2.55,2.19,2.02,,8.55,7.97,8.01,,212.699997,220.270004,221.490005,,7.02,6.61,,,,,1.647,1.627,,1.647,1.627,
2025/11/23 00:00,2.56,2.19,2.02,,8.55,7.97,8.01,,212.699997,220.270004,221.729996,,7.02,6.61,,,,,1.648,1.634,,1.648,1.634,
2025/11/23 00:00,2.56,2.18,2.02,,8.54,7.98,8.01,,212.940002,220.270004,221.25,,7.03,6.62,,,,,1.636,1.634,,1.636,1.634,
2025/11/23 00:00,2.55,2.19,,,8.53,7.97,8.01,,212.699997,220.270004,221.25,,7.04,6.63,,,,,1.644,1.636,,1.644,1.636,
2025/11/23 00:00,2.56,2.19,,,8.53,7.97,,7.99,212.940002,220.270004,,222.949997,6.99,,,,,,1.639,,1.609,1.639,,1.609
2025/11/23 00:00,2.57,2.18,,1.79,8.52,7.97,,7.99,212.699997,220.270004,,221.979996,7.03,,6.47,,,,1.643,,1.61,1.643,,1.61
2025/11/23 00:00,2.55,2.19,,1.79,8.52,7.98,,7.99,212.449997,220.270004,,221.979996,7,,6.45,,,,1.641,,1.609,1.641,,1.609
2025/11/23 00:00,2.56,2.2,,1.79,8.51,7.98,,7.99,212.449997,220.020004,,222.220001,7.01,,6.47,,,,1.643,,1.608,1.643,,1.608
2025/11/23 00:00,2.56,2.21,,1.78,8.51,7.97,,7.99,212.449997,220.509995,,222.470001,6.98,,6.43,,,,1.651,,1.613,1.651,,1.613
2025/11/23 00:00,2.54,2.21,,1.79,8.5,7.97,,7.99,212.699997,220.270004,221.979996,,7.01,,6.45,,,,1.638,,1.608,1.638,,1.608
2025/11/23 00:00,2.55,2.2,2.02,,8.49,7.97,8.01,,212.699997,220.020004,222.470001,,7,,6.45,,,,1.635,1.634,,1.635,1.634,
2025/11/23 00:00,2.56,2.2,2.01,,8.49,7.97,8.01,,212.699997,220.270004,221.490005,,7,6.6,,,,,1.639,1.624,,1.639,1.624,
2025/11/23 00:00,2.55,2.18,2.02,,8.49,7.97,8.02,,212.699997,219.779999,221.979996,,6.99,6.6,,,,,1.647,1.637,,1.647,1.637,
2025/11/23 00:00,2.55,2.19,2.01,,8.47,7.97,8.01,,212.699997,220.270004,221.729996,,6.96,6.56,,,,,1.647,1.632,,1.647,1.632,
2025/11/23 00:00,2.55,2.2,2.01,,8.47,7.97,8.02,,212.699997,220.020004,221.729996,,6.96,6.59,,,,,1.641,1.637,,1.641,1.637,
2025/11/23 00:00,2.55,2.19,,,8.46,7.97,8.02,,212.699997,219.779999,221.490005,,6.97,6.6,,,,,1.647,,,1.647,,
2025/11/23 00:00,2.54,2.18,,1.79,8.46,7.97,,7.99,212.699997,220.270004,,,7,6.58,,,,,1.648,,1.614,1.648,,1.614
2025/11/23 00:00,2.54,2.18,,1.78,8.45,7.97,,7.99,212.699997,220.020004,,222.470001,6.98,,,,,,1.633,,1.615,1.633,,1.615
2025/11/23 00:00,2.54,2.17,,1.79,8.44,7.97,,7.99,212.699997,220.270004,,222.470001,6.94,,6.49,,,,1.651,,1.61,1.651,,1.61
2025/11/23 00:00,2.54,2.18,,1.78,8.43,7.97,,7.99,212.449997,220.270004,,222.470001,7,,6.46,,,,1.645,,1.616,1.645,,1.616
2025/11/23 00:00,2.55,2.18,,1.78,8.42,7.98,,7.99,212.699997,220.020004,,222.220001,7.01,,6.52,,,,1.642,,1.61,1.642,,1.61
2025/11/23 00:00,2.54,2.18,,1.78,8.42,7.97,,7.99,212.699997,220.020004,,222.220001,6.95,,6.46,,,,1.637,,1.613,1.637,,1.613
2025/11/23 00:00,2.53,2.18,2.01,,8.41,7.98,8.02,,212.699997,220.270004,,222.470001,7.01,,6.54,,,,1.647,1.634,,1.647,1.634,
2025/11/23 00:00,2.54,2.16,2.01,,8.4,7.97,8.02,,212.699997,220.020004,221.979996,,7,6.62,,,,,1.64,1.632,,1.64,1.632,
2025/11/23 00:00,2.53,2.18,2,,8.39,7.98,8.01,,212.699997,220.270004,222.220001,,6.99,6.6,,,,,1.645,1.628,,1.645,1.628,
2025/11/23 00:00,2.53,2.18,2,,8.38,7.97,8.02,,212.940002,220.270004,221.979996,,6.99,6.65,,,,,1.646,1.63,,1.646,1.63,
2025/11/23 00:00,2.53,2.17,2,,8.38,7.98,8.02,,212.449997,220.509995,221.979996,,7,6.58,,,,,1.644,1.634,,1.644,1.634,
2025/11/23 00:00,2.53,2.18,,,8.36,7.98,8.02,,212.699997,220.270004,221.979996,,6.99,6.61,,,,,1.64,1.63,,1.64,1.63,
2025/11/23 00:00,2.54,2.17,,1.79,8.36,7.98,,,212.699997,220.270004,,,7.03,6.59,,,,,1.641,,1.61,1.641,,1.61
2025/11/23 00:00,2.55,2.19,,1.78,8.34,7.97,,7.99,212.699997,220.270004,,221.979996,7.04,,,,,,1.646,,1.604,1.646,,1.604
2025/11/23 00:00,2.54,2.2,,1.78,8.34,7.97,,7.99,212.699997,220.020004,,222.470001,6.99,,6.47,,,,1.64,,1.611,1.64,,1.611
2025/11/23 00:00,2.54,2.2,,1.79,8.32,7.97,,7.99,212.449997,220.509995,,223.199997,7,,6.45,,,,1.64,,1.612,1.64,,1.612
2025/11/24 00:00,2.53,2.2,,1.78,8.31,7.97,,7.99,212.449997,220.270004,,222.220001,7.01,,6.44,,,,1.641,,1.61,1.641,,1.61
2025/11/24 00:00,2.53,2.18,,1.79,8.3,7.98,,7.99,212.449997,220.270004,,222.220001,6.99,,6.49,,,,1.648,,1.609,1.648,,1.609
2025/11/24 00:00,2.52,2.19,2.01,,8.29,7.98,8.02,,212.449997,220.020004,,222.470001,6.92,,6.48,,,,1.645,1.629,,1.645,1.629,
2025/11/24 00:00,2.52,2.18,2.02,,8.28,7.97,8.02,,212.699997,220.270004,,222.470001,7,6.58,,,,,1.646,1.631,,1.646,1.631,
2025/11/24 00:00,2.54,2.18,2.02,,8.26,7.97,8.02,,212.699997,219.779999,221.729996,,6.97,6.59,,,,,1.635,1.626,,1.635,1.626,
2025/11/24 00:00,2.5,2.19,2.01,,8.25,7.98,8.02,,212.699997,219.779999,221.729996,,7,6.53,,,,,1.643,1.629,,1.643,1.629,
2025/11/24 00:00,2.52,2.16,2.01,,8.25,7.97,8.02,,212.449997,220.020004,221.490005,,6.92,6.59,,,,,1.643,1.633,,1.643,1.633,
2025/11/24 00:00,2.52,2.16,,,8.23,7.97,8.02,,212.699997,219.779999,221.490005,,6.96,6.59,,,,,1.645,1.631,,1.645,1.631,
2025/11/24 00:00,2.51,2.17,,,8.22,7.97,,7.99,212.940002,220.270004,,,7,6.57,,,,,1.64,,1.607,1.64,,1.607
2025/11/24 00:00,2.52,2.16,,1.79,8.21,7.97,,7.99,212.699997,220.020004,,222.220001,7.04,,6.47,,,,1.644,,1.61,1.644,,1.61
2025/11/24 00:00,2.52,2.16,,1.79,8.2,7.97,,7.99,212.699997,220.020004,,222.470001,7.03,,6.49,,,,1.634,,1.613,1.634,,1.613
2025/11/24 00:00,2.49,2.18,,1.79,8.17,7.97,,7.98,212.699997,220.020004,,221.979996,6.96,,6.46,,,,1.645,,1.608,1.645,,1.608
2025/11/24 00:00,2.49,2.17,,1.79,8.16,7.97,,7.99,212.699997,220.020004,,222.710007,7.03,,6.46,,,,1.641,,1.606,1.641,,1.606
2025/11/24 00:00,2.5,2.19,,1.79,8.14,7.97,,7.99,212.940002,220.270004,,221.979996,7.03,,6.43,,,,1.639,,1.609,1.639,,1.609
2025/11/24 00:00,2.49,2.18,2.02,,8.13,7.97,8.02,,212.699997,220.270004,,222.470001,7.02,,6.48,,,,1.637,1.635,,1.637,1.635,
2025/11/24 00:00,2.49,2.18,2.01,,8.12,7.96,8.02,,212.699997,220.270004,221.490005,,7,6.63,,,,,1.641,1.636,,1.641,1.636,
2025/11/24 00:00,2.45,2.19,2.01,,8.1,7.97,8.02,,212.449997,220.270004,221,,7.03,6.59,,,,,1.65,1.633,,1.65,1.633,
2025/11/24 00:00,2.45,2.16,2.02,,8.08,7.96,8.02,,212.699997,220.270004,221.729996,,6.98,6.58,,,,,1.643,1.635,,1.643,1.635,
2025/11/24 00:00,2.45,2.18,2.01,,8.07,7.96,8.02,,212.699997,220.270004,221.729996,,7.01,6.54,,,,,1.648,1.629,,1.648,1.629,
2025/11/24 00:00,2.45,2.18,,,8.05,7.96,8.02,,212.940002,220.270004,221.25,,7,6.59,,,,,1.636,1.634,,1.636,1.634,
2025/11/24 00:00,2.43,2.18,,,8.03,7.97,,7.99,212.940002,220.270004,,222.710007,7,6.57,,,,,1.636,,1.614,1.636,,1.614
2025/11/24 00:00,2.39,2.18,,1.79,8.02,7.96,,7.98,212.940002,220.020004,,222.220001,6.99,,,,,,1.641,,1.613,1.641,,1.613
2025/11/24 00:00,2.38,2.16,,1.79,8.01,7.96,,7.99,212.940002,220.020004,,221.729996,6.98,,6.46,,,,1.646,,1.608,1.646,,1.608
2025/11/24 00:00,2.38,2.17,,1.79,7.99,7.96,,7.98,212.940002,220.020004,,221.979996,6.98,,6.47,,,,1.633,,1.612,1.633,,1.612
2025/11/24 00:00,2.36,2.18,,1.78,7.98,7.96,,7.99,212.699997,220.509995,,221.979996,7.02,,6.45,,,,1.638,,1.611,1.638,,1.611
2025/11/24 00:00,2.37,2.17,,1.79,7.96,7.96,,7.99,212.699997,220.020004,,222.470001,6.98,,6.46,,,,1.631,,1.607,1.631,,1.607
2025/11/24 00:00,2.41,2.17,2.01,,,7.96,8.01,,,220.270004,,222.470001,6.98,,6.45,,,,1.642,1.632,,1.642,1.632,
2025/11/24 00:00,0.99,2.17,2.01,,,7.95,8.01,,,220.020004,221.729996,,7.02,6.59,,,,,1.651,1.629,,1.651,1.629,
2025/11/24 00:00,0.4,2.17,2.01,,,7.95,8.02,,,220.270004,221.490005,,7.02,6.61,,,,,1.641,1.635,,1.641,1.635,
2025/11/24 00:00,0.32,2.16,2.01,,,7.95,8.02,,,220.270004,221.490005,,7.04,6.58,,,,,1.639,1.628,,1.639,1.628,
2025/11/24 00:00,0.3,2.17,2.01,,,7.95,8.02,,,220.020004,221.729996,,7.01,6.58,,,,,1.643,1.627,,1.643,1.627,
2025/11/24 00:00,1.25,2.17,,,,7.95,8.02,,,220.020004,221.729996,,6.99,6.59,,,,,1.649,1.627,,1.649,1.627,
2025/11/24 00:00,2.59,2.16,,,,7.95,,7.99,,220.020004,,,6.98,6.55,,,,,1.649,,1.607,1.649,,1.607
2025/11/24 00:00,2.75,2.17,,1.79,,7.94,,7.99,,220.020004,,221.979996,7,,,,,,1.631,,1.611,1.631,,1.611
2025/11/24 00:00,2.59,2.17,,1.79,8.69,7.95,,7.99,212.449997,220.759995,,222.220001,6.98,,6.47,,,,1.639,,1.605,1.639,,1.605
2025/11/24 00:00,2.61,2.17,,1.78,8.65,7.95,,7.99,212.940002,220.270004,,221.979996,6.93,,6.42,,,,1.639,,1.609,1.639,,1.609
2025/11/24 00:00,2.62,2.19,,1.78,8.63,7.95,,7.99,212.940002,220.270004,,222.470001,7,,6.42,,,,1.649,,1.607,1.649,,1.607
2025/11/24 00:00,2.56,2.2,,1.78,8.62,7.97,,7.99,212.699997,219.779999,,221.979996,6.98,,6.48,,,,1.635,,1.609,1.635,,1.609
2025/11/24 00:00,2.56,2.15,2.01,,8.62,7.97,8.01,,213.429993,220.020004,,,6.96,,6.51,,,,1.64,1.63,,1.64,1.63,
2025/11/24 00:00,2.56,2.16,2,,8.62,7.97,8.01,,212.940002,220.270004,221.729996,,6.94,6.58,,,,,1.642,1.635,,1.642,1.635,
2025/11/24 00:00,2.56,2.19,2,,8.61,7.96,8.02,,213.190002,219.779999,221.490005,,6.98,6.56,,,,,1.643,1.635,,1.643,1.635,
2025/11/24 00:00,2.57,2.19,2.01,,8.6,7.96,8.01,,212.699997,220.270004,221.729996,,6.95,6.59,,,,,1.633,1.632,,1.633,1.632,
2025/11/24 00:00,2.57,2.18,2,,8.59,7.96,8.02,,212.699997,220.020004,222.220001,,6.97,6.6,,,,,1.641,1.629,,1.641,1.629,
2025/11/24 00:00,2.58,2.18,2,,8.59,7.97,8.02,,212.449997,220.270004,221.979996,,6.96,6.6,,,,,1.638,1.631,,1.638,1.631,
2025/11/24 00:00,2.57,2.17,,1.79,8.6,7.97,,,212.449997,220.020004,,,6.98,6.6,,,,,1.64,,1.615,1.64,,1.615
2025/11/24 00:00,2.57,2.18,,1.78,8.59,7.97,,7.99,212.699997,220.270004,,222.949997,6.98,,6.45,,,,1.637,,1.608,1.637,,1.608
2025/11/24 00:00,2.59,2.18,,1.77,8.58,7.97,,7.99,212.699997,220.020004,,222.470001,6.97,,6.46,,,,1.637,,1.615,1.637,,1.615
2025/11/24 00:00,2.59,2.17,,1.78,8.58,7.97,,7.99,212.449997,220.020004,,222.710007,7,,6.51,,,,1.637,,1.611,1.637,,1.611
2025/11/24 00:00,2.56,2.16,,1.77,8.57,7.97,,7.99,212.449997,220.270004,,222.710007,7,,6.47,,,,1.635,,1.606,1.635,,1.606
2025/11/24 00:00,2.57,2.16,,1.78,8.57,7.97,,7.99,212.699997,220.270004,,222.710007,6.96,,6.5,,,,1.639,,1.612,1.639,,1.612
2025/11/24 00:00,2.56,2.17,2,,8.57,7.97,8.02,,212.449997,220.020004,,222.949997,6.97,,6.48,,,,1.64,,,1.64,,
2025/11/24 00:00,2.57,2.17,2,,8.56,7.97,8.01,,212.449997,220.020004,222.220001,,7,6.57,,,,,1.636,1.63,,1.636,1.63,
2025/11/24 00:00,2.57,2.17,2,,8.56,7.98,8.01,,212.699997,220.270004,222.220001,,6.98,6.59,,,,,1.638,1.63,,1.638,1.63,
2025/11/24 00:00,2.57,2.16,2,,8.55,7.97,8.02,,212.449997,220.270004,221.979996,,6.95,6.61,,,,,1.64,1.629,,1.64,1.629,
2025/11/24 00:00,2.57,2.16,2,,8.54,7.98,8.02,,212.699997,220.270004,221.729996,,6.92,6.59,,,,,1.629,1.623,,1.629,1.623,
2025/11/24 00:00,2.57,2.17,2,,8.54,7.98,8.02,,212.449997,220.509995,221.979996,,6.97,6.61,,,,,1.64,1.626,,1.64,1.626,
2025/11/24 00:00,2.57,2.17,,,8.54,7.98,,7.99,212.699997,220.509995,,,7,6.61,,,,,1.636,,1.611,1.636,,1.611
2025/11/24 00:00,2.58,2.18,,1.77,8.53,7.97,,7.99,212.699997,220.020004,,222.470001,6.95,,6.47,,,,1.633,,1.613,1.633,,1.613
2025/11/24 00:00,2.56,2.17,,1.77,8.52,7.98,,7.99,212.699997,220.020004,,222.949997,6.99,,6.47,,,,1.639,,1.612,1.639,,1.612
2025/11/24 00:00,2.56,2.17,,1.77,8.52,7.98,,7.99,212.940002,220.020004,,222.470001,6.97,,6.45,,,,1.64,,1.607,1.64,,1.607
2025/11/24 00:00,2.57,2.18,,1.77,8.52,7.97,,7.99,212.699997,220.020004,,222.710007,6.97,,6.5,,,,1.628,,1.604,1.628,,1.604
2025/11/24 00:00,2.56,2.18,,1.77,8.51,7.97,,7.99,213.190002,220.270004,,222.470001,6.97,,6.47,,,,1.634,,1.613,1.634,,1.613
2025/11/24 00:00,2.56,2.17,2,,8.5,7.98,8.02,,212.699997,220.270004,,,6.98,,,,,,1.64,1.627,,1.64,1.627,
2025/11/24 00:00,2.56,2.18,2,,8.5,7.98,8.02,,212.940002,220.270004,221.979996,,7.02,6.61,,,,,1.634,1.623,,1.634,1.623,
2025/11/24 00:00,2.57,2.16,2,,8.49,7.98,8.02,,213.190002,220.759995,222.470001,,6.96,6.61,,,,,1.634,1.627,,1.634,1.627,
2025/11/24 00:00,2.57,2.19,2,,8.48,7.98,8.02,,212.699997,220.270004,221.979996,,6.96,6.54,,,,,1.634,1.632,,1.634,1.632,
2025/11/24 00:00,2.57,2.21,2,,8.48,7.98,8.02,,212.699997,220.020004,221.729996,,6.92,6.52,,,,,1.638,1.63,,1.638,1.63,
2025/11/24 00:00,2.57,2.19,2,,8.48,7.98,8.02,,212.699997,220.020004,221.729996,,6.92,6.51,,,,,1.629,1.629,,1.629,1.629,
2025/11/24 00:00,2.56,2.18,,,8.46,7.97,,7.99,212.699997,220.020004,,,6.92,6.54,,,,,1.637,,1.606,1.637,,1.606
2025/11/24 00:00,2.57,2.16,,1.78,8.45,7.97,,7.99,212.699997,220.270004,,222.220001,6.97,,6.46,,,,1.636,,1.604,1.636,,1.604
2025/11/24 00:00,2.57,2.17,,1.78,8.44,7.98,,7.99,212.449997,220.270004,,222.220001,6.98,,6.42,,,,1.633,,1.605,1.633,,1.605
2025/11/24 00:00,2.57,2.17,,1.78,8.44,7.98,,7.99,212.699997,220.020004,,222.220001,6.94,,6.43,,,,1.637,,1.607,1.637,,1.607
2025/11/24 00:00,2.57,2.16,,1.78,8.43,7.98,,7.99,212.699997,220.270004,,221.979996,6.94,,6.38,,,,1.631,,1.605,1.631,,1.605
2025/11/24 00:00,2.55,2.16,,1.78,8.43,7.97,,7.99,212.449997,220.020004,,222.470001,6.95,,6.38,,,,1.64,,1.606,1.64,,1.606
2025/11/24 00:00,2.56,2.15,2,,8.41,7.98,8.02,,212.449997,220.270004,,,6.98,,6.43,,,,1.635,,,1.635,,
2025/11/24 00:00,2.55,2.17,2,,8.41,7.98,8.02,,212.940002,220.270004,221.490005,,6.97,6.54,,,,,1.635,1.623,,1.635,1.623,
2025/11/24 00:00,2.56,2.17,2,,8.4,7.97,8.02,,212.449997,220.020004,221.490005,,6.98,6.54,,,,,1.629,1.628,,1.629,1.628,
2025/11/24 00:00,2.56,2.17,2,,8.39,7.97,8.01,,212.699997,220.020004,221.490005,,6.97,6.55,,,,,1.635,1.626,,1.635,1.626,
2025/11/24 00:00,2.56,2.17,2,,8.38,7.97,8.01,,212.449997,220.270004,221.729996,,6.99,6.54,,,,,1.633,1.626,,1.633,1.626,
2025/11/24 00:00,2.55,2.18,2,,8.37,7.97,8.01,,212.699997,220.020004,221.490005,,6.98,6.57,,,,,1.639,1.626,,1.639,1.626,
2025/11/24 00:00,2.55,2.16,,,8.36,7.97,,7.99,212.210007,220.270004,,,6.94,6.56,,,,,1.631,,1.602,1.631,,1.602
2025/11/24 00:00,2.56,2.17,,1.78,8.35,7.96,,7.99,212.449997,220.020004,,,6.98,,6.43,,,,1.638,,1.601,1.638,,1.601
2025/11/24 00:00,2.56,2.17,,1.78,8.34,7.96,,7.99,212.449997,220.020004,,222.220001,6.99,,6.46,,,,1.633,,1.608,1.633,,1.608
2025/11/24 00:00,2.56,2.17,,1.78,8.33,7.97,,7.99,212.449997,220.020004,,221.979996,6.97,,6.43,,,,1.64,,1.607,1.64,,1.607
2025/11/24 00:00,2.55,2.17,,1.77,8.31,7.97,,7.99,212.940002,220.020004,,222.470001,6.92,,6.47,,,,1.641,,1.604,1.641,,1.604
2025/11/24 00:00,2.55,2.17,,1.78,8.3,7.97,,7.98,212.699997,220.270004,,222.220001,6.96,,6.43,,,,1.634,,1.607,1.634,,1.607
2025/11/24 00:00,2.56,2.18,2,,8.29,7.97,8.01,,212.699997,220.020004,,222.470001,6.96,,6.4,,,,1.635,1.628,,1.635,1.628,
2025/11/24 00:00,2.55,2.18,2,,8.28,7.97,8.01,,212.940002,220.020004,221.729996,,6.98,6.57,,,,,1.638,1.627,,1.638,1.627,
2025/11/24 00:00,2.55,2.17,2,,8.27,7.97,8.01,,212.699997,220.270004,221.729996,,6.97,6.57,,,,,1.634,1.628,,1.634,1.628,
2025/11/24 00:00,2.54,2.17,2,,8.26,7.97,8.02,,212.940002,220.270004,221.490005,,6.95,6.53,,,,,1.634,1.625,,1.634,1.625,
2025/11/24 00:00,2.55,2.16,2,,8.24,7.97,8.02,,212.699997,220.270004,221.729996,,7.01,6.55,,,,,1.64,1.626,,1.64,1.626,
2025/11/24 00:00,2.53,2.17,1.99,,8.23,7.97,8.02,,213.190002,220.270004,221.490005,,6.99,6.51,,,,,1.632,1.625,,1.632,1.625,
2025/11/24 00:00,2.54,2.18,,,8.22,7.96,,7.99,212.940002,220.270004,,,6.99,6.59,,,,,1.633,,1.609,1.633,,1.609
2025/11/24 00:00,2.55,2.17,,1.77,8.21,7.96,,7.99,213.190002,220.270004,,222.470001,6.96,,,,,,1.628,,1.608,1.628,,1.608
2025/11/24 00:00,2.51,2.17,,1.77,8.18,7.97,,7.99,212.940002,220.509995,,221.729996,6.94,,6.44,,,,1.627,,1.608,1.627,,1.608
2025/11/24 00:00,2.53,2.17,,1.77,8.17,7.97,,7.99,213.190002,220.509995,,221.979996,6.95,,6.45,,,,1.637,,1.604,1.637,,1.604
2025/11/24 00:00,2.52,2.2,,1.77,8.15,7.96,,7.99,212.940002,220.270004,,221.979996,6.95,,6.45,,,,1.643,,1.604,1.643,,1.604
2025/11/24 00:00,2.52,2.21,,1.76,8.13,7.96,,7.99,213.190002,220.270004,,222.220001,6.92,,6.46,,,,1.63,,1.604,1.63,,1.604
2025/11/24 00:00,2.52,2.21,2,,8.12,7.96,8.01,,213.190002,220.020004,,,6.9,,6.41,,,,1.639,1.627,,1.639,1.627,
2025/11/24 00:00,2.47,2.19,2,,8.1,7.96,8.01,,212.940002,219.779999,221.979996,,6.9,6.56,,,,,1.634,1.627,,1.634,1.627,
2025/11/24 00:00,2.48,2.19,2,,8.08,7.95,8.01,,212.940002,220.020004,221.490005,,6.91,6.53,,,,,1.632,1.63,,1.632,1.63,
2025/11/24 00:00,2.48,2.17,1.99,,8.06,7.95,8.01,,212.940002,220.270004,221.490005,,6.9,6.57,,,,,1.63,1.624,,1.63,1.624,
2025/11/24 00:00,2.46,2.18,2,,8.05,7.96,8.01,,212.699997,220.270004,221.979996,,6.93,6.53,,,,,1.636,1.627,,1.636,1.627,
2025/11/24 00:00,2.46,2.16,1.99,,8.03,7.95,8.01,,212.699997,220.270004,221.979996,,6.92,6.57,,,,,1.637,1.626,,1.637,1.626,
2025/11/24 00:00,2.48,2.15,,,8.02,7.95,,7.99,213.190002,220.270004,,,6.96,,,,,,1.634,,1.609,1.634,,1.609
2025/11/24 00:00,2.43,2.16,,1.76,8,7.95,,7.99,212.699997,220.020004,,222.710007,6.91,,6.47,,,,1.638,,1.608,1.638,,1.608
2025/11/24 00:00,2.43,2.15,,1.76,7.98,7.95,,7.99,212.940002,220.270004,,222.949997,6.98,,6.45,,,,1.633,,1.609,1.633,,1.609
2025/11/24 00:00,2.42,2.17,,1.76,7.97,7.95,,7.98,212.940002,220.020004,,222.710007,6.95,,6.49,,,,1.632,,1.606,1.632,,1.606
2025/11/24 00:00,2.41,2.17,,1.76,7.96,7.95,,7.99,212.940002,220.270004,,222.710007,6.91,,6.49,,,,1.628,,1.604,1.628,,1.604
2025/11/24 00:00,2.42,2.17,,1.76,,7.95,,7.98,,220.270004,,222.710007,6.94,,6.51,,,,1.63,,1.605,1.63,,1.605
2025/11/24 00:00,1.07,2.17,1.99,,,7.95,8.01,,,220.270004,,,6.94,,6.49,,,,1.636,1.631,,1.636,1.631,
2025/11/24 00:00,0.42,2.16,1.98,,,7.95,8.01,,,220.270004,221.979996,,6.94,6.56,,,,,1.636,1.628,,1.636,1.628,
2025/11/24 00:00,0.34,2.17,1.99,,,7.95,8.01,,,220.270004,221.729996,,6.93,6.57,,,,,1.628,1.63,,1.628,1.63,
2025/11/24 00:00,0.31,2.17,1.99,,,7.95,8.01,,,220.270004,221.729996,,6.95,6.55,,,,,1.626,1.631,,1.626,1.631,
2025/11/24 00:00,1.17,2.17,1.99,,,7.95,8.01,,,220.270004,221.979996,,6.91,6.59,,,,,1.639,1.627,,1.639,1.627,
2025/11/24 00:00,2.5,2.17,1.99,,,7.94,8.01,,,220.270004,221.979996,,6.91,6.58,,,,,1.643,1.627,,1.643,1.627,
2025/11/24 00:00,2.76,2.17,,,,7.94,,7.99,,220.270004,,,6.95,6.55,,,,,1.631,,1.609,1.631,,1.609
2025/11/24 00:00,2.6,2.17,,1.76,8.7,7.94,,7.99,212.940002,220.270004,,222.710007,6.93,,6.46,,,,1.635,,1.606,1.635,,1.606
2025/11/24 00:00,2.6,2.17,,1.76,8.67,7.94,,7.99,213.190002,220.270004,,222.949997,6.9,,6.47,,,,1.634,,1.603,1.634,,1.603
2025/11/24 00:00,2.63,2.17,,1.75,8.64,7.94,,7.99,213.679993,220.270004,,222.949997,6.89,,6.45,,,,1.636,,1.607,1.636,,1.607
2025/11/24 00:00,2.59,2.18,,1.76,8.64,7.96,,7.99,212.940002,220.020004,,222.470001,6.88,,6.47,,,,1.642,,1.609,1.642,,1.609
2025/11/24 00:00,2.59,2.14,,1.75,8.64,7.96,,7.99,212.940002,220.509995,,222.470001,6.96,,6.47,,,,1.63,,1.609,1.63,,1.609
2025/11/24 00:00,2.6,2.16,1.99,,8.64,7.95,8.01,,212.940002,220.270004,,,6.93,,6.47,,,,1.639,1.63,,1.639,1.63,
2025/11/24 00:00,2.57,2.19,1.99,,8.62,7.96,8.01,,213.190002,220.270004,222.220001,,6.92,6.51,,,,,1.638,1.624,,1.638,1.624,
2025/11/24 00:00,2.59,2.19,1.98,,8.63,7.96,8.01,,212.940002,220.020004,222.220001,,6.92,6.51,,,,,1.643,1.624,,1.643,1.624,
2025/11/24 00:00,2.57,2.18,2,,8.61,7.96,8.01,,213.190002,220.270004,221.729996,,6.91,6.55,,,,,1.632,1.625,,1.632,1.625,
2025/11/24 00:00,2.57,2.19,2,,8.62,7.96,8.02,,212.940002,220.020004,222.220001,,6.85,6.51,,,,,1.634,1.627,,1.634,1.627,
2025/11/24 00:00,2.58,2.19,1.99,,8.61,7.96,8.01,,212.940002,220.020004,221.729996,,6.84,6.47,,,,,1.631,1.624,,1.631,1.624,
2025/11/24 00:00,2.58,2.19,,,8.61,7.96,,7.98,212.940002,220.020004,,,6.9,,,,,,1.644,,1.606,1.644,,1.606
2025/11/24 00:00,2.57,2.19,,1.77,8.6,7.96,,7.99,212.699997,220.020004,,222.220001,6.84,,6.42,,,,1.636,,1.612,1.636,,1.612
2025/11/24 00:00,2.59,2.18,,1.77,8.6,7.96,,7.99,212.449997,220.270004,,222.470001,6.87,,6.45,,,,1.633,,1.604,1.633,,1.604
2025/11/24 00:00,2.57,2.17,,1.77,8.59,7.96,,7.98,212.449997,220.270004,,222.470001,6.88,,6.39,,,,1.64,,1.606,1.64,,1.606
2025/11/24 00:00,2.59,2.16,,1.76,8.59,7.96,,7.97,212.449997,220.020004,,222.220001,6.92,,6.36,,,,1.629,,1.604,1.629,,1.604
2025/11/24 00:00,2.6,2.17,,1.77,8.58,7.96,,7.97,212.449997,219.779999,,222.220001,6.88,,6.39,,,,1.637,,1.606,1.637,,1.606
2025/11/24 00:00,2.57,2.18,1.99,,8.58,7.96,8,,212.449997,220.020004,,,6.9,,6.39,,,,1.631,1.628,,1.631,1.628,
2025/11/24 00:00,2.59,2.18,1.99,,8.58,7.96,8.01,,212.449997,220.270004,221.729996,,6.88,6.51,,,,,1.637,1.624,,1.637,1.624,
2025/11/24 00:00,2.59,2.17,1.99,,8.58,7.96,8,,212.449997,220.270004,221.729996,,6.88,6.55,,,,,1.633,1.633,,1.633,1.633,
2025/11/24 00:00,2.59,2.18,2,,8.57,7.96,8,,212.210007,220.270004,221.490005,,6.84,6.5,,,,,1.632,1.632,,1.632,1.632,
2025/11/24 00:00,2.59,2.18,1.99,,8.57,7.96,8,,212.449997,220.270004,221.25,,6.88,6.51,,,,,1.633,1.626,,1.633,1.626,
2025/11/24 00:00,2.59,2.17,1.99,,8.56,7.96,8,,212.449997,220.270004,221.729996,,6.86,6.53,,,,,1.629,1.628,,1.629,1.628,
2025/11/24 00:00,2.58,2.17,,,8.56,7.96,,7.97,212.449997,220.270004,,,6.86,6.52,,,,,1.631,,1.605,1.631,,1.605
2025/11/24 00:00,2.59,2.17,,1.77,8.56,7.96,,7.98,212.449997,220.020004,,222.220001,6.87,,,,,,1.625,,1.606,1.625,,1.606
2025/11/24 00:00,2.59,2.17,,1.77,8.54,7.97,,7.98,212.699997,220.270004,,222.470001,6.88,,6.38,,,,1.633,,1.603,1.633,,1.603
2025/11/24 00:00,2.59,2.19,,1.77,8.55,7.96,,7.98,212.940002,220.509995,,221.979996,6.87,,6.33,,,,1.636,,1.604,1.636,,1.604
2025/11/24 00:00,2.59,2.19,,1.77,8.54,7.96,,7.98,212.699997,220.270004,,222.470001,6.89,,6.31,,,,1.632,,1.605,1.632,,1.605
2025/11/24 00:00,2.6,2.19,,1.77,8.53,7.96,,7.98,212.699997,220.270004,,221.729996,6.88,,6.28,,,,1.638,,1.605,1.638,,1.605
2025/11/24 00:00,2.6,2.19,2,,8.53,7.97,8,,213.190002,220.270004,,,6.79,,6.32,,,,1.631,1.624,,1.631,1.624,
2025/11/24 00:00,2.59,2.15,2,,8.52,7.97,8,,213.190002,220.759995,221.25,,6.84,6.52,,,,,1.638,1.623,,1.638,1.623,
2025/11/24 00:00,2.6,2.13,2,,8.52,7.96,8,,213.190002,220.270004,221,,6.89,6.46,,,,,1.631,1.622,,1.631,1.622,
2025/11/24 00:00,2.6,2.14,2,,8.51,7.96,7.99,,213.190002,220.509995,221.25,,6.87,6.46,,,,,1.638,1.622,,1.638,1.622,
2025/11/24 00:00,2.6,2.14,2,,8.5,7.96,7.99,,213.429993,221,221.25,,6.85,6.46,,,,,1.634,1.623,,1.634,1.623,
2025/11/24 00:00,2.59,2.16,2,,8.49,7.97,7.98,,213.190002,221,221.25,,6.86,6.42,,,,,1.634,,,1.634,,
2025/11/24 00:00,2.6,2.14,,,8.48,7.96,,7.98,213.190002,221,,,6.86,,,,,,1.63,,1.605,1.63,,1.605
2025/11/24 00:00,2.59,2.17,,1.77,8.47,7.96,,7.97,213.190002,221,,221.979996,6.86,,6.37,,,,1.63,,1.606,1.63,,1.606
2025/11/24 00:00,2.6,2.17,,1.77,8.46,7.96,,7.97,213.429993,220.759995,,221.979996,6.84,,6.39,,,,1.643,,1.607,1.643,,1.607
2025/11/24 00:00,2.61,2.17,,1.77,8.45,7.95,,7.98,213.429993,220.759995,,221.979996,6.8,,6.37,,,,1.637,,1.607,1.637,,1.607
2025/11/24 00:00,2.59,2.18,,1.75,8.43,7.95,,7.97,213.190002,220.759995,,221.729996,6.81,,6.34,,,,1.637,,1.61,1.637,,1.61
2025/11/24 00:00,2.59,2.18,,1.76,8.42,7.95,,7.98,213.190002,221,,221.729996,6.83,,6.36,,,,1.627,,1.605,1.627,,1.605
2025/11/24 00:00,2.59,2.19,1.99,,8.41,7.95,7.97,,213.679993,220.759995,,,6.81,,6.39,,,,1.631,,,1.631,,
2025/11/24 00:00,2.6,2.18,1.99,,8.4,7.95,7.96,,213.190002,221,221.490005,,6.83,6.47,,,,,1.639,1.627,,1.639,1.627,
2025/11/24 00:00,2.6,2.17,1.99,,8.39,7.94,7.96,,213.190002,220.759995,221.729996,,6.82,6.45,,,,,1.631,1.623,,1.631,1.623,
2025/11/24 00:00,2.59,2.17,1.99,,8.36,7.95,7.96,,213.190002,221.25,221.490005,,6.81,6.42,,,,,1.637,1.624,,1.637,1.624,
2025/11/24 00:00,2.59,2.17,1.99,,8.35,7.95,7.96,,213.429993,221,221.490005,,6.82,6.44,,,,,1.633,1.626,,1.633,1.626,
2025/11/24 00:00,2.6,2.16,1.99,,8.35,7.94,7.96,,213.429993,221,221.979996,,6.86,6.4,,,,,1.633,1.625,,1.633,1.625,
2025/11/24 00:00,2.59,2.17,,,8.33,7.94,,7.95,213.429993,221.25,,,6.82,6.45,,,,,1.632,,,1.632,,
2025/11/24 00:00,2.59,2.18,,1.76,8.32,7.94,,7.95,213.190002,221,,222.470001,6.82,,6.38,,,,1.64,,1.601,1.64,,1.601
2025/11/24 00:00,2.6,2.18,,1.77,8.31,7.94,,7.95,213.190002,221,,222.470001,6.81,,6.39,,,,1.628,,1.607,1.628,,1.607
2025/11/24 00:00,2.58,2.19,,1.76,8.29,7.94,,7.95,213.679993,221,,222.470001,6.81,,6.39,,,,1.627,,1.602,1.627,,1.602
2025/11/24 00:00,2.59,2.17,,1.76,8.27,7.94,,7.95,213.429993,220.759995,,222.949997,6.83,,6.4,,,,1.632,,1.604,1.632,,1.604
2025/11/24 00:00,2.59,2.18,,1.76,8.26,7.94,,7.94,213.429993,221.25,,222.470001,6.77,,6.4,,,,1.634,,1.605,1.634,,1.605
2025/11/24 00:00,2.59,2.18,1.99,,8.24,7.94,7.95,,213.190002,221,,,6.82,,6.41,,,,1.634,1.626,,1.634,1.626,
2025/11/24 00:00,2.59,2.19,1.99,,8.24,7.94,7.95,,213.429993,221,221.979996,,6.83,6.46,,,,,1.629,1.625,,1.629,1.625,
2025/11/24 00:00,2.59,2.18,1.99,,8.22,7.93,7.95,,213.429993,221,221.979996,,6.85,6.49,,,,,1.63,1.623,,1.63,1.623,
2025/11/24 00:00,2.58,2.19,1.99,,8.21,7.93,7.95,,213.679993,220.759995,222.220001,,6.79,6.45,,,,,1.638,1.623,,1.638,1.623,
2025/11/24 00:00,2.57,2.17,1.99,,8.19,7.93,7.95,,213.190002,220.759995,221.979996,,6.79,6.47,,,,,1.637,1.62,,1.637,1.62,
2025/11/24 00:00,2.58,2.19,1.99,,8.17,7.92,7.95,,213.429993,221,221.979996,,6.81,6.42,,,,,1.634,,,1.634,,
2025/11/24 00:00,2.57,2.19,,,8.16,7.93,,7.94,213.429993,220.759995,,,6.8,,,,,,1.634,,,1.634,,
2025/11/24 00:00,2.55,2.18,,1.76,8.14,7.92,,7.94,213.429993,220.509995,,222.949997,6.8,,6.39,,,,1.632,,1.603,1.632,,1.603
2025/11/24 00:00,2.55,2.18,,1.76,8.12,7.92,,7.93,213.429993,221,,222.470001,6.82,,6.38,,,,1.633,,1.603,1.633,,1.603
2025/11/24 00:00,2.55,2.18,,1.76,8.1,7.93,,7.94,213.429993,220.759995,,222.710007,6.82,,6.34,,,,1.63,,1.607,1.63,,1.607
2025/11/24 00:00,2.56,2.19,,1.76,8.1,7.92,,7.93,213.190002,220.759995,,222.470001,6.8,,6.39,,,,1.631,,1.604,1.631,,1.604
2025/11/24 00:00,2.55,2.19,,1.76,8.08,7.92,,7.94,213.679993,220.509995,,222.710007,6.8,,6.34,,,,1.634,,1.606,1.634,,1.606
2025/11/24 00:00,2.53,2.18,1.99,,8.06,7.92,7.96,,212.940002,220.509995,,,6.77,,6.37,,,,1.633,1.622,,1.633,1.622,
2025/11/24 00:00,2.53,2.19,1.99,,8.03,7.92,7.96,,213.190002,220.759995,221.729996,,6.78,6.42,,,,,1.637,1.622,,1.637,1.622,
2025/11/24 00:00,2.51,2.18,1.99,,8.01,7.92,7.96,,213.429993,221,221.729996,,6.77,6.43,,,,,1.631,1.62,,1.631,1.62,
2025/11/24 00:00,2.51,2.19,1.99,,8,7.92,7.96,,213.429993,220.509995,221.490005,,6.77,6.43,,,,,1.631,1.626,,1.631,1.626,
2025/11/24 00:00,2.53,2.19,2,,7.98,7.92,7.96,,213.679993,221.25,221.979996,,6.8,6.39,,,,,1.626,1.624,,1.626,1.624,
2025/11/24 00:00,2.53,2.2,2,,7.97,7.91,7.96,,213.429993,220.509995,221.979996,,6.74,6.37,,,,,1.633,1.619,,1.633,1.619,
2025/11/24 00:00,2.49,2.2,,,7.96,7.91,,7.92,213.429993,220.759995,,,6.76,6.36,,,,,1.626,,,1.626,,
2025/11/24 00:00,2.48,2.17,,1.77,7.96,7.91,,7.92,213.429993,220.759995,,222.220001,6.77,,,,,,1.631,,1.602,1.631,,1.602
2025/11/24 00:00,2.48,2.18,,1.77,7.94,7.91,,7.92,213.679993,220.270004,,222.470001,6.72,,6.3,,,,1.637,,1.602,1.637,,1.602
2025/11/24 00:00,2.49,2.18,,1.77,7.93,7.91,,7.93,213.429993,220.509995,,221.979996,6.8,,6.27,,,,1.643,,1.607,1.643,,1.607
2025/11/24 00:00,2.49,2.17,,1.77,7.92,7.91,,7.92,213.679993,220.759995,,222.220001,6.78,,6.25,,,,1.627,,1.606,1.627,,1.606
2025/11/24 00:00,2.53,2.18,,1.77,,7.91,,7.92,,220.509995,,221.979996,6.79,,6.26,,,,1.637,,,1.637,,
2025/11/24 00:00,0.66,2.18,1.99,,,7.91,7.95,,,220.759995,,,6.76,,6.26,,,,1.628,1.627,,1.628,1.627,
2025/11/24 00:00,0.38,2.19,2,,,7.9,7.95,,,220.759995,221.25,,6.79,,,,,,1.635,1.625,,1.635,1.625,
2025/11/24 00:00,0.34,2.19,2,,,7.9,7.95,,,220.759995,221.25,,6.75,6.43,,,,,1.628,1.624,,1.628,1.624,
2025/11/24 00:00,0.55,2.19,2,,,7.91,7.95,,,220.509995,221.729996,,6.78,6.43,,,,,1.631,1.62,,1.631,1.62,
2025/11/24 00:00,1.84,2.18,2,,,7.9,7.95,,,220.759995,221.490005,,6.74,6.42,,,,,1.635,1.622,,1.635,1.622,
2025/11/24 00:00,2.79,2.18,2,,,7.91,7.96,,,220.509995,221,,6.75,6.41,,,,,1.63,1.626,,1.63,1.626,
2025/11/24 00:00,2.66,2.18,,,,7.9,,,,220.509995,,,6.76,6.41,,,,,1.623,,1.604,1.623,,1.604
2025/11/24 00:00,2.57,2.18,,1.77,,7.9,,7.92,,220.509995,,222.470001,6.74,,,,,,1.636,,1.608,1.636,,1.608
2025/11/24 00:00,2.64,2.18,,1.77,8.63,7.9,,7.92,212.699997,220.759995,,221.729996,6.79,,6.27,,,,1.639,,1.604,1.639,,1.604
2025/11/24 00:00,2.61,2.18,,1.77,8.62,7.9,,7.92,212.699997,220.509995,,221.979996,6.78,,6.24,,,,1.632,,1.604,1.632,,1.604
2025/11/24 00:00,2.6,2.18,,1.77,8.61,7.92,,7.93,212.699997,220.509995,,222.220001,6.78,,6.25,,,,1.635,,1.604,1.635,,1.604
2025/11/24 00:00,2.6,2.16,,1.77,8.62,7.91,,7.93,212.210007,220.509995,,222.220001,6.73,,6.23,,,,1.634,,1.607,1.634,,1.607
2025/11/24 00:00,2.62,2.19,1.99,,8.61,7.91,7.96,,212.210007,220.509995,,,6.77,,6.22,,,,1.642,1.625,,1.642,1.625,
2025/11/24 00:00,2.59,2.2,2,,8.61,7.91,7.96,,212.210007,220.759995,221.490005,,6.77,6.4,,,,,1.64,,,1.64,,
2025/11/24 00:00,2.6,2.19,1.99,,8.61,7.91,7.96,,212.210007,220.509995,221.25,,6.77,6.39,,,,,1.629,1.623,,1.629,1.623,
2025/11/24 00:00,2.59,2.19,1.99,,8.6,7.91,7.96,,212.210007,220.270004,221.25,,6.78,6.4,,,,,1.63,1.621,,1.63,1.621,
2025/11/24 00:00,2.58,2.18,1.99,,8.59,7.92,7.97,,212.210007,220.509995,221,,6.8,6.38,,,,,1.638,1.626,,1.638,1.626,
2025/11/24 00:00,2.59,2.19,1.99,,8.59,7.92,7.96,,211.970001,220.020004,221.490005,,6.84,6.38,,,,,1.635,1.622,,1.635,1.622,
2025/11/24 00:00,2.59,2.19,,,8.59,7.92,,7.94,211.970001,220.759995,,,6.8,6.42,,,,,1.639,,,1.639,,
2025/11/24 00:00,2.59,2.19,,1.76,8.58,7.92,,7.94,211.970001,220.509995,,221.979996,6.83,,,,,,1.633,,1.606,1.633,,1.606
2025/11/24 00:00,2.58,2.19,,1.76,8.57,7.93,,7.93,211.970001,220.270004,,222.220001,6.78,,6.33,,,,1.636,,1.606,1.636,,1.606
2025/11/24 00:00,2.58,2.17,,1.76,8.57,7.92,,7.93,212.210007,220.759995,,222.220001,6.83,,6.3,,,,1.636,,1.603,1.636,,1.603
2025/11/24 00:00,2.58,2.19,,1.77,8.57,7.93,,7.93,211.970001,220.270004,,222.470001,6.82,,6.27,,,,1.636,,1.605,1.636,,1.605
2025/11/24 00:00,2.58,2.19,,1.75,8.57,7.93,,7.94,211.970001,220.759995,,221.729996,6.82,,6.27,,,,1.632,,1.602,1.632,,1.602
2025/11/24 00:00,2.57,2.2,1.99,,8.56,7.92,7.96,,211.970001,220.020004,,,6.78,,6.27,,,,1.639,1.621,,1.639,1.621,
2025/11/24 00:00,2.57,2.19,1.98,,8.56,7.92,7.96,,212.210007,220.020004,221.729996,,6.8,6.42,,,,,1.631,1.625,,1.631,1.625,
2025/11/24 00:00,2.58,2.17,1.98,,8.55,7.93,7.96,,211.970001,220.270004,221.729996,,6.84,6.38,,,,,1.644,1.625,,1.644,1.625,
2025/11/24 00:00,2.56,2.16,1.98,,8.55,7.92,7.96,,212.210007,220.270004,221.979996,,6.83,6.45,,,,,1.635,1.623,,1.635,1.623,
2025/11/24 00:00,2.56,2.17,1.98,,8.54,7.93,7.96,,212.449997,220.759995,221.979996,,6.85,6.44,,,,,1.635,1.626,,1.635,1.626,
2025/11/24 00:00,2.58,2.17,1.98,,8.54,7.92,7.96,,212.210007,220.759995,221.979996,,6.84,6.41,,,,,1.644,1.621,,1.644,1.621,
2025/11/24 00:00,2.58,2.17,,,8.53,7.92,,7.94,211.970001,220.759995,,,6.84,6.41,,,,,1.633,,1.609,1.633,,1.609
2025/11/24 00:00,2.58,2.17,,1.75,8.52,7.92,,7.94,212.210007,220.509995,,222.710007,6.82,,,,,,1.642,,1.609,1.642,,1.609
2025/11/24 00:00,2.58,2.17,,1.74,8.52,7.92,,7.94,212.210007,220.509995,,222.710007,6.87,,6.35,,,,1.646,,1.607,1.646,,1.607
2025/11/24 00:00,2.58,2.17,,1.75,8.52,7.93,,7.94,212.449997,220.270004,,222.710007,6.89,,6.32,,,,1.63,,1.604,1.63,,1.604
2025/11/24 00:00,2.57,2.19,,1.74,8.51,7.93,,7.94,212.210007,220.270004,,222.470001,6.81,,6.39,,,,1.636,,1.601,1.636,,1.601
2025/11/24 00:00,2.58,2.18,,1.75,8.5,7.93,,7.95,212.210007,220.509995,,,6.85,,6.31,,,,1.637,,1.611,1.637,,1.611
2025/11/24 00:00,2.58,2.17,1.98,,8.5,7.93,7.97,,212.449997,220.270004,,,6.89,,,,,,1.642,1.622,,1.642,1.622,
2025/11/24 00:00,2.58,2.16,1.98,,8.49,7.94,7.97,,212.449997,220.509995,221.979996,,6.84,6.43,,,,,1.637,1.623,,1.637,1.623,
2025/11/24 00:00,2.57,2.17,1.98,,8.48,7.93,7.97,,212.210007,220.270004,221.979996,,6.9,6.42,,,,,1.638,1.62,,1.638,1.62,
2025/11/24 00:00,2.58,2.18,1.98,,8.48,7.93,7.98,,212.210007,220.020004,222.220001,,6.85,6.44,,,,,1.635,1.621,,1.635,1.621,
2025/11/24 00:00,2.57,2.18,1.98,,8.47,7.93,7.98,,212.449997,220.270004,221.979996,,6.85,6.45,,,,,1.637,1.622,,1.637,1.622,
2025/11/24 00:00,2.58,2.17,1.98,,8.46,7.93,7.98,,212.210007,220.020004,221.729996,,6.85,6.44,,,,,1.639,1.617,,1.639,1.617,
2025/11/24 00:00,2.57,2.17,,,8.45,7.93,,7.95,212.449997,220.270004,,,6.89,6.47,,,,,1.633,,1.609,1.633,,1.609
2025/11/24 00:00,2.58,2.17,,1.75,8.44,7.94,,7.95,212.210007,220.270004,,222.470001,6.86,,6.36,,,,1.637,,1.603,1.637,,1.603
2025/11/24 00:00,2.58,2.18,,1.74,8.44,7.94,,7.95,211.720001,220.270004,,222.949997,6.87,,6.37,,,,1.636,,1.601,1.636,,1.601
2025/11/24 00:00,2.57,2.18,,1.74,8.43,7.93,,7.95,212.210007,220.270004,,222.470001,6.85,,6.38,,,,1.644,,1.597,1.644,,1.597
2025/11/24 00:00,2.57,2.18,,1.74,8.43,7.93,,7.95,212.210007,220.270004,,222.949997,6.85,,6.37,,,,1.634,,1.6,1.634,,1.6
2025/11/24 00:00,2.57,2.19,,1.74,8.41,7.94,,7.95,212.210007,220.270004,,222.710007,6.87,,6.41,,,,1.646,,1.6,1.646,,1.6
2025/11/24 00:00,2.58,2.18,1.98,,8.41,7.94,7.98,,211.970001,220.270004,,,6.89,,6.35,,,,1.636,1.623,,1.636,1.623,
2025/11/24 00:00,2.58,2.2,1.98,,8.39,7.93,7.98,,211.970001,220.270004,221.979996,,6.85,6.44,,,,,1.637,1.62,,1.637,1.62,
2025/11/24 00:00,2.57,2.21,1.98,,8.39,7.93,7.98,,212.210007,220.270004,221.729996,,6.85,6.41,,,,,1.637,1.617,,1.637,1.617,
2025/11/24 00:00,2.58,2.2,1.99,,8.37,7.93,7.98,,212.210007,220.270004,221.729996,,6.83,6.4,,,,,1.644,1.621,,1.644,1.621,
2025/11/24 00:00,2.57,2.2,1.98,,8.36,7.94,7.97,,212.449997,220.270004,221.979996,,6.84,6.4,,,,,1.638,1.616,,1.638,1.616,
2025/11/24 00:00,2.58,2.18,1.99,,8.35,7.93,7.98,,211.970001,220.270004,221.729996,,6.84,6.42,,,,,1.641,1.616,,1.641,1.616,
2025/11/24 00:00,2.57,2.2,,,8.35,7.93,,7.95,211.720001,220.270004,,,6.84,,,,,,1.649,,1.603,1.649,,1.603
2025/11/24 00:00,2.57,2.18,,1.76,8.34,7.93,,7.94,211.970001,220.270004,,222.710007,6.87,,6.35,,,,1.638,,1.604,1.638,,1.604
2025/11/24 00:00,2.57,2.17,,1.75,8.32,7.93,,7.94,212.210007,220.020004,,222.220001,6.89,,6.29,,,,1.642,,1.601,1.642,,1.601
2025/11/24 00:00,2.57,2.16,,1.75,8.31,7.93,,7.94,212.210007,220.020004,,222.220001,6.88,,6.32,,,,1.642,,1.599,1.642,,1.599
2025/11/24 00:00,2.57,2.15,,1.76,8.3,7.93,,7.94,212.210007,220.020004,,222.470001,6.91,,6.28,,,,1.643,,1.606,1.643,,1.606
2025/11/24 00:00,2.57,2.17,,1.75,8.29,7.93,,7.95,212.210007,220.270004,,222.220001,6.9,,6.33,,,,1.639,,1.6,1.639,,1.6
2025/11/24 00:00,2.57,2.17,,,8.28,7.93,7.99,,212.210007,220.270004,,,6.86,,6.25,,,,1.641,1.622,,1.641,1.622,
2025/11/24 00:00,2.57,2.17,1.98,,8.27,7.93,7.98,,212.210007,220.270004,221.729996,,6.89,6.44,,,,,1.643,1.623,,1.643,1.623,
2025/11/24 00:00,2.56,2.17,1.98,,8.25,7.93,7.98,,212.210007,220.020004,221.729996,,6.9,6.41,,,,,1.643,1.617,,1.643,1.617,
2025/11/24 00:00,2.57,2.17,1.98,,8.24,7.93,7.98,,212.449997,220.020004,221.490005,,6.9,6.44,,,,,1.646,1.617,,1.646,1.617,
2025/11/24 00:00,2.57,2.18,1.98,,8.22,7.92,7.98,,212.210007,220.020004,221.729996,,6.93,6.43,,,,,1.643,1.616,,1.643,1.616,
2025/11/24 00:00,2.56,2.18,1.99,,8.21,7.92,7.98,,212.210007,220.020004,221.490005,,6.92,6.42,,,,,1.638,1.623,,1.638,1.623,
2025/11/24 00:00,2.57,2.18,,,8.19,7.92,,7.95,212.449997,220.020004,,,6.92,6.47,,,,,1.65,,1.6,1.65,,1.6
2025/11/24 00:00,2.55,2.18,,1.75,8.18,7.93,,7.95,212.210007,220.270004,,222.220001,6.92,,6.33,,,,1.644,,1.604,1.644,,1.604
2025/11/24 00:00,2.55,2.17,,1.75,8.16,7.93,,7.95,212.210007,220.270004,,222.470001,6.93,,6.32,,,,1.645,,1.597,1.645,,1.597
2025/11/24 00:00,2.55,2.18,,1.74,8.14,7.92,,7.95,212.449997,220.020004,,222.470001,6.94,,6.27,,,,1.634,,1.595,1.634,,1.595
2025/11/24 00:00,2.56,2.19,,1.75,8.13,7.93,,7.95,212.449997,220.270004,,222.470001,6.95,,6.28,,,,1.645,,1.6,1.645,,1.6
2025/11/24 00:00,2.55,2.18,,1.75,8.12,7.92,,7.95,212.210007,220.509995,,222.470001,6.91,,6.28,,,,1.639,,1.595,1.639,,1.595
2025/11/24 00:00,2.55,2.18,,,8.1,7.92,7.99,,212.210007,220.020004,,,6.91,,6.3,,,,1.648,1.622,,1.648,1.622,
2025/11/24 00:00,2.55,2.17,1.98,,8.09,7.92,7.98,,212.210007,220.020004,221.729996,,6.94,6.42,,,,,1.645,1.616,,1.645,1.616,
2025/11/24 00:00,2.54,2.18,1.97,,8.06,7.92,7.98,,212.210007,220.509995,221.490005,,6.92,6.4,,,,,1.637,1.625,,1.637,1.625,
2025/11/24 00:00,2.55,2.18,1.98,,8.05,7.92,7.99,,211.970001,220.270004,221.729996,,6.9,6.42,,,,,1.642,1.616,,1.642,1.616,
2025/11/24 00:00,2.54,2.18,1.97,,8.04,7.92,7.99,,212.449997,220.270004,221.490005,,6.93,6.44,,,,,1.639,1.618,,1.639,1.618,
2025/11/24 00:00,2.53,2.19,1.98,,8.02,7.92,7.98,,211.970001,220.270004,221.490005,,6.96,6.41,,,,,1.644,1.62,,1.644,1.62,
2025/11/24 00:00,2.5,2.17,,,8.01,7.92,,,212.210007,220.270004,,,6.95,6.45,,,,,1.639,,1.606,1.639,,1.606
2025/11/24 00:00,2.5,2.18,,1.75,8,7.92,,7.95,212.449997,220.020004,,,6.93,,,,,,1.642,,1.603,1.642,,1.603
2025/11/24 00:00,2.5,2.18,,1.74,7.98,7.91,,7.95,212.210007,220.020004,,222.220001,6.92,,,,,,1.638,,1.602,1.638,,1.602
2025/11/24 00:00,2.49,2.18,,1.74,7.98,7.92,,7.95,212.210007,220.270004,,222.220001,6.9,,6.26,,,,1.638,,1.606,1.638,,1.606
2025/11/24 00:00,2.44,2.18,,1.74,7.96,7.92,,7.95,212.210007,220.270004,,222.470001,6.94,,6.27,,,,1.643,,1.608,1.643,,1.608
2025/11/24 00:00,2.45,2.16,,1.74,7.93,7.91,,7.95,212.210007,220.270004,,222.220001,6.93,,6.28,,,,1.649,,1.606,1.649,,1.606
2025/11/24 00:00,2.44,2.18,1.97,,7.92,7.92,7.99,,212.210007,220.270004,,,6.94,,6.28,,,,1.645,1.622,,1.645,1.622,
2025/11/24 00:00,2.39,2.2,1.98,,7.91,7.91,7.99,,212.210007,220.270004,221.979996,,6.94,6.42,,,,,1.646,1.625,,1.646,1.625,
2025/11/24 00:00,2.39,2.2,1.98,,7.91,7.91,7.98,,212.210007,220.020004,221.490005,,6.92,6.46,,,,,1.647,1.622,,1.647,1.622,
2025/11/24 00:00,2.23,2.19,1.98,,,7.91,7.98,,,220.020004,221.729996,,6.94,6.41,,,,,1.639,1.618,,1.639,1.618,
2025/11/24 00:00,0.58,2.18,1.97,,,7.91,7.98,,,220.270004,222.220001,,6.9,6.37,,,,,1.633,1.616,,1.633,1.616,
2025/11/24 00:00,0.35,2.18,1.97,,,7.91,7.98,,,220.270004,221.979996,,6.92,6.41,,,,,1.639,1.622,,1.639,1.622,
2025/11/24 00:00,0.31,2.17,,,,7.91,,7.96,,220.020004,,,6.92,6.43,,,,,1.644,,1.602,1.644,,1.602
2025/11/24 00:00,0.61,2.17,,,,7.91,,7.96,,220.020004,,222.710007,6.93,,6.36,,,,1.639,,1.605,1.639,,1.605
2025/11/24 00:00,1.89,2.17,,1.73,,7.91,,7.96,,220.020004,,222.710007,6.92,,6.35,,,,1.637,,1.599,1.637,,1.599
2025/11/24 00:00,2.78,2.17,,1.73,,7.91,,7.96,,220.270004,,222.470001,6.89,,6.36,,,,1.642,,1.602,1.642,,1.602
2025/11/25 00:00,2.66,2.17,,1.73,,7.9,,7.96,,220.270004,,222.710007,6.88,,6.25,,,,1.638,,1.599,1.638,,1.599
2025/11/25 00:00,2.56,2.18,,1.73,,7.91,,7.96,,220.270004,,222.710007,6.9,,6.37,,,,1.637,,1.603,1.637,,1.603
2025/11/25 00:00,2.63,2.18,,,8.64,7.9,7.99,,213.679993,220.270004,,,6.94,,6.32,,,,1.64,1.622,,1.64,1.622,
2025/11/25 00:00,2.59,2.19,1.97,,8.63,7.91,7.98,,213.679993,220.270004,222.220001,,6.85,6.47,,,,,1.636,1.622,,1.636,1.622,
2025/11/25 00:00,2.58,2.2,1.97,,8.62,7.93,7.99,,213.679993,220.270004,221.979996,,6.89,6.48,,,,,1.644,1.622,,1.644,1.622,
2025/11/25 00:00,2.59,2.16,1.98,,8.62,7.93,7.99,,212.940002,220.270004,221.979996,,6.89,6.44,,,,,1.642,1.619,,1.642,1.619,
2025/11/25 00:00,2.59,2.2,1.97,,8.61,7.93,7.98,,212.940002,220.020004,221.979996,,6.9,6.42,,,,,1.646,1.623,,1.646,1.623,
2025/11/25 00:00,2.6,2.19,1.97,,8.61,7.94,7.99,,212.940002,220.270004,222.220001,,6.88,6.43,,,,,1.641,1.619,,1.641,1.619,
2025/11/25 00:00,2.58,2.18,,,8.6,7.93,,7.96,212.940002,220.270004,,,6.93,6.48,,,,,1.647,,1.604,1.647,,1.604
2025/11/25 00:00,2.55,2.18,,1.73,8.6,7.93,,7.96,212.940002,219.539993,,,6.88,,6.37,,,,1.648,,1.601,1.648,,1.601
2025/11/25 00:00,2.56,2.16,,1.73,8.59,7.93,,7.96,212.449997,220.270004,,222.470001,6.95,,6.37,,,,1.648,,1.603,1.648,,1.603
2025/11/25 00:00,2.57,2.16,,1.73,8.59,7.92,,7.96,212.940002,220.270004,,222.710007,6.97,,6.33,,,,1.639,,1.601,1.639,,1.601
2025/11/25 00:00,2.56,2.17,,1.73,8.58,7.93,,7.96,212.940002,220.020004,,222.949997,6.93,,6.32,,,,1.651,,1.604,1.651,,1.604
2025/11/25 00:00,2.56,2.17,,1.72,8.58,7.93,,7.96,213.190002,220.270004,,222.710007,6.94,,6.34,,,,1.651,,1.599,1.651,,1.599
2025/11/25 00:00,2.56,2.17,,,8.58,7.94,7.99,,212.940002,220.270004,,,6.95,,6.38,,,,1.644,1.622,,1.644,1.622,
2025/11/25 00:00,2.56,2.16,1.97,,8.58,7.93,7.99,,213.190002,220.020004,222.220001,,6.97,6.43,,,,,1.645,1.618,,1.645,1.618,
2025/11/25 00:00,2.57,2.17,1.97,,8.57,7.93,7.99,,212.940002,220.270004,221.979996,,6.98,6.46,,,,,1.64,1.624,,1.64,1.624,
2025/11/25 00:00,2.58,2.17,1.97,,8.57,7.93,7.98,,212.940002,220.020004,222.470001,,6.99,6.47,,,,,1.648,1.617,,1.648,1.617,
2025/11/25 00:00,2.57,2.17,1.97,,8.56,7.94,7.99,,212.940002,220.270004,221.979996,,6.96,6.47,,,,,1.653,1.62,,1.653,1.62,
2025/11/25 00:00,2.59,2.18,1.98,,8.56,7.94,7.99,,212.940002,220.270004,,,6.98,6.52,,,,,1.644,1.623,,1.644,1.623,
2025/11/25 00:00,2.59,2.17,,,8.55,7.95,,,212.699997,220.270004,,,6.94,6.46,,,,,1.645,,,1.645,,
2025/11/25 00:00,2.6,2.2,,1.74,8.55,7.94,,7.96,213.190002,220.270004,,,6.93,,,,,,1.641,,1.601,1.641,,1.601
2025/11/25 00:00,2.59,2.2,,1.74,8.54,7.94,,7.96,212.699997,220.270004,,223.199997,6.98,,6.32,,,,1.639,,1.595,1.639,,1.595
2025/11/25 00:00,2.59,2.19,,1.75,8.55,7.93,,7.96,212.699997,220.270004,,222.710007,6.91,,6.29,,,,1.648,,1.595,1.648,,1.595
2025/11/25 00:00,2.58,2.18,,1.74,8.53,7.94,,7.96,212.449997,220.270004,,222.710007,6.95,,6.28,,,,1.643,,1.598,1.643,,1.598
2025/11/25 00:00,2.58,2.17,,1.74,8.53,7.94,,7.96,212.210007,220.270004,,222.949997,6.97,,6.28,,,,1.647,,1.602,1.647,,1.602
2025/11/25 00:00,2.58,2.17,,,8.52,7.94,8,,212.699997,220.020004,,,7.01,,6.27,,,,1.645,1.62,,1.645,1.62,
2025/11/25 00:00,2.58,2.16,1.98,,8.52,7.94,7.99,,212.699997,220.020004,221.979996,,6.96,6.45,,,,,1.644,1.625,,1.644,1.625,
2025/11/25 00:00,2.58,2.16,1.98,,8.51,7.94,7.99,,212.699997,220.270004,221.979996,,7.03,6.46,,,,,1.641,1.625,,1.641,1.625,
2025/11/25 00:00,2.58,2.16,1.98,,8.5,7.95,7.99,,212.699997,219.779999,221.979996,,6.97,6.46,,,,,1.646,1.621,,1.646,1.621,
2025/11/25 00:00,2.58,2.16,1.98,,8.5,7.95,8,,212.699997,220.509995,221.979996,,7.02,6.45,,,,,1.648,1.622,,1.648,1.622,
2025/11/25 00:00,2.57,2.16,1.98,,8.49,7.94,7.99,,212.699997,220.020004,,,6.99,6.46,,,,,1.652,1.623,,1.652,1.623,
2025/11/25 00:00,2.58,2.17,,,8.49,7.94,,,212.449997,220.270004,,,7.03,6.45,,,,,1.641,,,1.641,,
2025/11/25 00:00,2.58,2.17,,1.73,8.48,7.94,,7.96,212.449997,220.270004,,223.199997,7.01,,6.34,,,,1.655,,1.603,1.655,,1.603
2025/11/25 00:00,2.58,2.17,,1.73,8.47,7.94,,7.96,212.449997,220.509995,,223.440002,7.02,,6.37,,,,1.639,,1.597,1.639,,1.597
2025/11/25 00:00,2.56,2.17,,1.73,8.46,7.95,,7.96,212.449997,219.779999,,222.949997,6.99,,6.28,,,,1.644,,1.6,1.644,,1.6
2025/11/25 00:00,2.57,2.16,,1.73,8.45,7.94,,7.96,212.449997,220.270004,,223.199997,7.02,,6.29,,,,1.651,,1.599,1.651,,1.599
2025/11/25 00:00,2.57,2.17,,1.73,8.45,7.94,,7.96,212.699997,220.270004,,222.710007,6.98,,6.3,,,,1.639,,1.6,1.639,,1.6
2025/11/25 00:00,2.57,2.17,,,8.44,7.95,8,,212.449997,220.509995,,,7.03,,6.26,,,,1.646,1.62,,1.646,1.62,
2025/11/25 00:00,2.57,2.17,1.98,,8.43,7.94,8,,212.699997,220.270004,222.220001,,6.97,6.49,,,,,1.654,1.627,,1.654,1.627,
2025/11/25 00:00,2.57,2.17,1.98,,8.42,7.94,8,,212.699997,219.779999,221.979996,,7.01,6.5,,,,,1.639,1.624,,1.639,1.624,
2025/11/25 00:00,2.57,2.16,1.98,,8.42,7.95,7.99,,212.699997,220.270004,221.979996,,7,6.46,,,,,1.649,1.62,,1.649,1.62,
2025/11/25 00:00,2.56,2.17,1.98,,8.4,7.95,8,,212.449997,220.020004,222.220001,,7.06,6.47,,,,,1.645,1.624,,1.645,1.624,
2025/11/25 00:00,2.56,2.17,1.98,,8.4,7.95,7.99,,212.449997,220.270004,221.979996,,7.03,6.45,,,,,1.657,1.619,,1.657,1.619,
2025/11/25 00:00,2.56,2.17,,,8.39,7.94,,7.97,212.699997,220.020004,,,7.03,6.48,,,,,1.646,,,1.646,,
2025/11/25 00:00,2.56,2.17,,,8.39,7.94,,7.96,212.449997,219.779999,,223.690002,7.01,,,,,,1.643,,1.599,1.643,,1.599
2025/11/25 00:00,2.55,2.16,,1.74,8.37,7.95,,7.96,212.699997,220.270004,,223.199997,7.03,,6.31,,,,1.648,,1.599,1.648,,1.599
2025/11/25 00:00,2.56,2.17,,1.74,8.36,7.95,,7.97,212.699997,220.270004,,222.949997,7.05,,6.29,,,,1.646,,1.593,1.646,,1.593
2025/11/25 00:00,2.56,2.18,,1.73,8.35,7.95,,7.97,212.699997,220.270004,,222.949997,6.97,,6.31,,,,1.643,,1.603,1.643,,1.603
2025/11/25 00:00,2.56,2.18,,1.74,8.35,7.95,,7.97,212.699997,220.270004,,223.440002,7,,6.27,,,,1.646,,1.596,1.646,,1.596
2025/11/25 00:00,2.56,2.17,,,8.33,7.95,8,,213.190002,220.270004,,,6.99,,6.28,,,,1.646,1.619,,1.646,1.619,
2025/11/25 00:00,2.56,2.19,1.98,,8.31,7.95,8,,212.699997,220.270004,222.470001,,7.02,6.46,,,,,1.657,1.624,,1.657,1.624,
2025/11/25 00:00,2.55,2.19,1.98,,8.31,7.94,7.99,,212.940002,220.270004,222.949997,,7.03,6.49,,,,,1.645,1.62,,1.645,1.62,
2025/11/25 00:00,2.56,2.2,1.97,,8.3,7.94,8,,212.210007,220.270004,222.949997,,7.06,6.45,,,,,1.65,1.619,,1.65,1.619,
2025/11/25 00:00,2.56,2.19,1.98,,8.29,7.94,8,,212.699997,220.270004,222.949997,,7.03,6.48,,,,,1.652,1.626,,1.652,1.626,
2025/11/25 00:00,2.56,2.17,1.97,,8.28,7.94,8,,212.699997,220.270004,,,7.02,6.47,,,,,1.648,1.621,,1.648,1.621,
2025/11/25 00:00,2.54,2.17,,,8.26,7.95,,7.98,212.699997,219.539993,,,7.03,6.49,,,,,1.655,,,1.655,,
2025/11/25 00:00,2.55,2.16,,1.73,8.25,7.94,,7.97,212.699997,220.270004,,,7.08,,6.36,,,,1.646,,1.596,1.646,,1.596
2025/11/25 00:00,2.55,2.17,,1.73,8.24,7.94,,7.97,212.449997,220.020004,,224.419998,7.04,,6.36,,,,1.653,,1.596,1.653,,1.596
2025/11/25 00:00,2.55,2.18,,1.73,8.23,7.94,,7.98,212.699997,220.270004,,224.179993,7,,6.29,,,,1.651,,1.601,1.651,,1.601
2025/11/25 00:00,2.55,2.17,,1.73,8.22,7.94,,7.98,212.699997,220.020004,,224.419998,7.02,,6.33,,,,1.646,,1.602,1.646,,1.602
2025/11/25 00:00,2.53,2.17,,1.73,8.2,7.95,,7.97,212.699997,220.020004,,224.419998,7.03,,6.32,,,,1.647,,1.598,1.647,,1.598
2025/11/25 00:00,2.54,2.17,,,8.18,7.94,8,,212.210007,220.020004,,,7.04,,6.36,,,,1.646,,,1.646,,
2025/11/25 00:00,2.54,2.16,1.97,,8.16,7.94,8,,212.699997,220.020004,223.440002,,7,6.49,,,,,1.643,1.626,,1.643,1.626,
2025/11/25 00:00,2.54,2.17,1.97,,8.15,7.94,8,,212.449997,220.020004,223.690002,,7.01,6.48,,,,,1.638,1.624,,1.638,1.624,
2025/11/25 00:00,2.54,2.18,1.97,,8.13,7.94,8,,212.449997,220.020004,223.440002,,6.97,6.5,,,,,1.646,1.618,,1.646,1.618,
2025/11/25 00:00,2.54,2.18,1.98,,8.12,7.94,8,,212.449997,220.270004,223.440002,,7.02,6.51,,,,,1.648,1.621,,1.648,1.621,
2025/11/25 00:00,2.54,2.18,1.97,,8.1,7.93,8,,212.699997,220.270004,223.440002,,7.04,6.45,,,,,1.645,1.618,,1.645,1.618,
2025/11/25 00:00,2.53,2.17,,,8.08,7.94,,7.98,212.449997,220.020004,,,7.03,6.52,,,,,1.653,,,1.653,,
2025/11/25 00:00,2.51,2.17,,1.73,8.06,7.94,,7.98,212.699997,220.270004,,224.179993,7.07,,6.34,,,,1.652,,1.601,1.652,,1.601
2025/11/25 00:00,2.52,2.17,,1.72,8.04,7.94,,7.98,212.699997,220.270004,,224.179993,7.03,,6.31,,,,1.659,,1.598,1.659,,1.598
2025/11/25 00:00,2.51,2.16,,1.72,8.04,7.94,,7.98,212.699997,220.270004,,224.660004,6.98,,6.39,,,,1.644,,1.599,1.644,,1.599
2025/11/25 00:00,2.44,2.16,,1.72,8.02,7.94,,7.97,213.190002,220.020004,,224.660004,7.01,,6.36,,,,1.645,,1.599,1.645,,1.599
2025/11/25 00:00,2.44,2.14,,1.72,8,7.94,,7.98,212.449997,220.509995,,224.660004,7.02,,6.34,,,,1.647,,1.597,1.647,,1.597
2025/11/25 00:00,2.43,2.16,,,7.99,7.93,8.01,,212.449997,220.270004,,,7.03,,,,,,1.644,,,1.644,,
2025/11/25 00:00,2.43,2.18,1.96,,7.97,7.93,8.01,,213.190002,220.270004,224.179993,,7.02,6.51,,,,,1.651,1.624,,1.651,1.624,
2025/11/25 00:00,2.45,2.18,1.97,,7.96,7.94,8.01,,212.940002,220.270004,223.929993,,7.04,6.49,,,,,1.652,1.623,,1.652,1.623,
2025/11/25 00:00,2.23,2.18,1.97,,,7.93,8.01,,,220.270004,223.929993,,7.05,6.46,,,,,1.643,1.622,,1.643,1.622,
2025/11/25 00:00,0.57,2.16,1.96,,,7.93,8.01,,,220.270004,224.179993,,7.04,6.49,,,,,1.643,1.62,,1.643,1.62,
2025/11/25 00:00,0.35,2.17,1.97,,,7.94,8.01,,,220.270004,224.179993,,7,6.52,,,,,1.65,1.619,,1.65,1.619,
2025/11/25 00:00,0.31,2.17,,,,7.93,,7.98,,220.270004,,,7.04,,,,,,1.642,,,1.642,,
2025/11/25 00:00,0.64,2.18,,1.74,,7.93,,7.98,,220.270004,,224.419998,7,,,,,,1.65,,1.598,1.65,,1.598
2025/11/25 00:00,1.93,2.19,,1.74,,7.92,,7.97,,220.509995,,224.660004,7,,6.34,,,,1.657,,1.596,1.657,,1.596
2025/11/25 00:00,2.78,2.19,,1.73,,7.92,,7.97,,220.270004,,224.419998,7.03,,6.29,,,,1.647,,1.596,1.647,,1.596
2025/11/25 00:00,2.67,2.17,,1.74,,7.92,,7.97,,220.270004,,224.419998,6.97,,6.28,,,,1.649,,1.594,1.649,,1.594
2025/11/25 00:00,2.56,2.17,,1.73,8.68,7.93,,7.98,213.190002,220.020004,,223.929993,6.98,,6.25,,,,1.659,,1.6,1.659,,1.6
2025/11/25 00:00,2.63,2.16,,,8.64,7.93,8,,213.429993,220.509995,,,6.96,,6.29,,,,1.647,,,1.647,,
2025/11/25 00:00,2.6,2.16,1.97,,8.63,7.93,8,,213.190002,220.020004,222.949997,,6.98,6.45,,,,,1.648,1.62,,1.648,1.62,
2025/11/25 00:00,2.62,2.15,1.97,,8.62,7.95,8,,212.940002,220.020004,222.710007,,6.93,6.5,,,,,1.65,1.617,,1.65,1.617,
2025/11/25 00:00,2.61,2.13,1.96,,8.62,7.94,8,,213.429993,220.270004,222.710007,,7.01,6.45,,,,,1.661,1.625,,1.661,1.625,
2025/11/25 00:00,2.59,2.16,1.97,,8.62,7.94,8,,212.940002,220.270004,222.949997,,7.03,6.47,,,,,1.655,1.621,,1.655,1.621,
2025/11/25 00:00,2.61,2.17,1.97,,8.62,7.95,8,,213.190002,220.270004,222.949997,,7.01,6.47,,,,,1.651,1.627,,1.651,1.627,
2025/11/25 00:00,2.59,2.17,,,8.61,7.95,,7.98,212.940002,219.779999,,,7.03,6.47,,,,,1.642,,,1.642,,
2025/11/25 00:00,2.58,2.16,,1.74,8.6,7.95,,7.97,212.940002,220.270004,,224.419998,7.04,,,,,,1.655,,1.597,1.655,,1.597
2025/11/25 00:00,2.58,2.16,,1.73,8.61,7.96,,7.97,213.190002,220.270004,,223.929993,7.06,,6.32,,,,1.653,,1.598,1.653,,1.598
2025/11/25 00:00,2.58,2.17,,1.74,8.59,7.95,,7.97,212.940002,220.270004,,224.179993,7.02,,6.3,,,,1.651,,1.599,1.651,,1.599
2025/11/25 00:00,2.58,2.17,,1.73,8.59,7.94,,7.97,213.190002,220.270004,,223.929993,7.04,,6.26,,,,1.655,,1.601,1.655,,1.601
2025/11/25 00:00,2.58,2.16,,1.73,8.59,7.95,,7.97,212.940002,220.270004,,223.929993,7.03,,6.27,,,,1.651,,1.596,1.651,,1.596
2025/11/25 00:00,2.58,2.17,,,8.58,7.96,8.01,,213.190002,220.509995,,,7.07,,6.27,,,,1.647,,,1.647,,
2025/11/25 00:00,2.57,2.15,1.97,,8.58,7.96,8.01,,212.940002,220.270004,222.710007,,7.06,6.53,,,,,1.649,1.621,,1.649,1.621,
2025/11/25 00:00,2.58,2.17,1.97,,8.58,7.96,8,,212.940002,220.270004,222.710007,,7.09,6.49,,,,,1.648,1.626,,1.648,1.626,
2025/11/25 00:00,2.57,2.17,1.97,,8.57,7.95,8.01,,212.940002,220.270004,222.710007,,7.06,6.52,,,,,1.645,1.626,,1.645,1.626,
2025/11/25 00:00,2.57,2.16,1.97,,8.57,7.95,8.01,,213.190002,220.270004,222.710007,,7.04,6.51,,,,,1.649,1.625,,1.649,1.625,
2025/11/25 00:00,2.58,2.16,1.97,,8.56,7.95,8,,213.190002,219.539993,223.199997,,7.02,6.5,,,,,1.642,1.625,,1.642,1.625,
2025/11/25 00:00,2.58,2.16,,,8.56,7.96,,7.98,213.190002,220.020004,,,7.06,6.52,,,,,1.649,,,1.649,,
2025/11/25 00:00,2.58,2.17,,1.73,8.56,7.96,,7.98,213.190002,220.270004,,224.179993,7.07,,,,,,1.652,,1.602,1.652,,1.602
2025/11/25 00:00,2.6,2.17,,1.73,8.54,7.96,,7.98,213.190002,220.020004,,224.179993,7.07,,6.32,,,,1.649,,1.594,1.649,,1.594
2025/11/25 00:00,2.59,2.16,,1.73,8.54,7.95,,7.97,212.940002,220.270004,,223.690002,7.05,,6.3,,,,1.648,,1.597,1.648,,1.597
2025/11/25 00:00,2.57,2.16,,1.73,8.54,7.96,,7.98,212.940002,219.779999,,223.929993,7.1,,6.26,,,,1.64,,1.599,1.64,,1.599
2025/11/25 00:00,2.59,2.15,,1.73,8.53,7.95,,7.97,213.190002,220.270004,,223.690002,7.05,,6.28,,,,1.654,,1.6,1.654,,1.6
2025/11/25 00:00,2.58,2.16,,,8.53,7.95,8.01,,212.940002,220.270004,,,7.04,,6.28,,,,1.646,,,1.646,,
2025/11/25 00:00,2.57,2.17,1.97,,8.52,7.96,8,,212.699997,220.270004,223.199997,,7.04,6.5,,,,,1.65,1.624,,1.65,1.624,
2025/11/25 00:00,2.58,2.18,1.96,,8.51,7.95,8,,212.940002,220.020004,222.710007,,7.08,6.5,,,,,1.637,1.622,,1.637,1.622,
2025/11/25 00:00,2.58,2.19,1.97,,8.51,7.95,8,,212.940002,220.270004,223.440002,,7.05,6.48,,,,,1.644,1.626,,1.644,1.626,
2025/11/25 00:00,2.57,2.18,1.97,,8.51,7.96,8,,212.940002,220.270004,223.199997,,7.02,6.53,,,,,1.643,1.623,,1.643,1.623,
2025/11/25 00:00,2.57,2.16,1.97,,8.5,7.96,8,,212.699997,220.020004,223.199997,,7.03,6.49,,,,,1.647,1.621,,1.647,1.621,
2025/11/25 00:00,2.58,2.17,,1.72,8.5,7.96,,,212.940002,220.270004,,,7.03,6.53,,,,,1.655,,,1.655,,
2025/11/25 00:00,2.57,2.16,,1.72,8.49,7.96,,7.98,212.699997,219.779999,,224.910004,7.05,,,,,,1.643,,1.595,1.643,,1.595
2025/11/25 00:00,2.57,2.16,,1.72,8.48,7.96,,7.97,212.940002,220.270004,,224.179993,7.05,,6.33,,,,1.647,,1.6,1.647,,1.6
2025/11/25 00:00,2.57,2.17,,1.72,8.47,7.96,,7.98,212.940002,220.270004,,224.910004,7.02,,6.3,,,,1.656,,1.598,1.656,,1.598
2025/11/25 00:00,2.58,2.15,,1.72,8.46,7.96,,7.98,213.190002,220.509995,,224.910004,7.02,,6.35,,,,1.65,,1.599,1.65,,1.599
2025/11/25 00:00,2.58,2.17,,1.72,8.45,7.96,,7.97,213.190002,220.270004,,224.910004,7.06,,6.33,,,,1.645,,1.597,1.645,,1.597
2025/11/25 00:00,2.58,2.17,,,8.45,7.96,8,,212.940002,220.270004,,,7.06,,6.37,,,,1.643,,,1.643,,
2025/11/25 00:00,2.58,2.16,1.94,,8.44,7.96,8,,213.190002,220.020004,223.199997,,7.09,6.54,,,,,1.649,1.626,,1.649,1.626,
2025/11/25 00:00,2.57,2.17,1.94,,8.43,7.97,8,,212.940002,220.270004,222.710007,,7.07,6.51,,,,,1.657,1.625,,1.657,1.625,
2025/11/25 00:00,2.57,2.16,1.94,,8.42,7.96,8,,213.190002,220.020004,222.220001,,7,6.55,,,,,1.651,1.627,,1.651,1.627,
2025/11/25 00:00,2.58,2.18,1.94,,8.41,7.96,8,,213.190002,220.270004,222.710007,,7.03,6.53,,,,,1.646,1.624,,1.646,1.624,
2025/11/25 00:00,2.59,2.18,1.94,,8.4,7.96,8,,213.190002,220.020004,222.470001,,7.07,6.52,,,,,1.641,1.624,,1.641,1.624,
2025/11/25 00:00,2.57,2.17,,1.69,8.38,7.96,,,213.190002,220.020004,,,7.04,,,,,,1.65,,,1.65,,
2025/11/25 00:00,2.57,2.16,,1.7,8.37,7.96,,7.98,213.190002,220.509995,,223.929993,7.02,,,,,,1.651,,1.599,1.651,,1.599
2025/11/25 00:00,2.58,2.15,,1.69,8.34,7.96,,7.98,212.940002,220.270004,,223.440002,7.01,,6.32,,,,1.652,,1.598,1.652,,1.598
2025/11/25 00:00,2.57,2.16,,1.7,8.33,7.96,,7.97,212.940002,220.020004,,223.690002,7.04,,6.31,,,,1.649,,1.601,1.649,,1.601
2025/11/25 00:00,2.57,2.16,,1.69,8.32,7.95,,7.98,213.190002,220.270004,,223.690002,7.08,,6.3,,,,1.651,,1.599,1.651,,1.599
2025/11/25 00:00,2.57,2.16,,1.7,8.29,7.95,,7.97,213.190002,220.020004,,223.690002,7.06,,6.34,,,,1.649,,1.6,1.649,,1.6
2025/11/25 00:00,2.57,2.16,,,8.27,7.95,,7.98,212.940002,220.270004,,,7.03,,6.35,,,,1.648,,,1.648,,
2025/11/25 00:00,2.57,2.15,1.94,,8.24,7.96,7.96,,212.940002,220.270004,222.949997,,7.06,,,,,,1.642,1.631,,1.642,1.631,
2025/11/25 00:00,2.57,2.16,1.95,,8.24,7.95,7.96,,212.940002,220.270004,222.470001,,7.06,6.51,,,,,1.658,1.625,,1.658,1.625,
2025/11/25 00:00,2.57,2.16,1.95,,8.18,7.95,7.96,,212.940002,220.020004,222.710007,,7.08,6.49,,,,,1.646,1.623,,1.646,1.623,
2025/11/25 00:00,2.55,2.17,1.95,,8.15,7.95,7.95,,212.940002,220.020004,222.949997,,7.05,6.47,,,,,1.644,1.623,,1.644,1.623,
2025/11/25 00:00,2.56,2.16,1.96,,8.13,7.94,7.94,,212.699997,220.020004,222.220001,,7.03,6.5,,,,,1.657,1.625,,1.657,1.625,
2025/11/25 00:00,2.56,2.16,,1.69,8.1,7.95,,,212.940002,220.270004,,,7.06,6.48,,,,,1.656,,,1.656,,
2025/11/25 00:00,2.57,2.17,,1.72,8.07,7.94,,7.95,213.190002,220.270004,,224.179993,7.05,,,,,,1.652,,1.598,1.652,,1.598
2025/11/25 00:00,2.57,2.19,,1.72,8.05,7.94,,7.94,213.190002,220.270004,,223.440002,7.02,,6.3,,,,1.647,,1.6,1.647,,1.6
2025/11/25 00:00,2.56,2.2,,1.71,8.02,7.93,,7.93,213.190002,220.509995,,223.440002,7.02,,6.3,,,,1.654,,1.603,1.654,,1.603
2025/11/25 00:00,2.56,2.19,,1.72,7.99,7.93,,7.93,212.940002,220.509995,,222.949997,7.03,,6.25,,,,1.653,,1.602,1.653,,1.602
2025/11/25 00:00,2.56,2.18,,1.71,7.96,7.93,,7.91,213.190002,220.020004,,222.949997,6.99,,6.19,,,,1.65,,1.598,1.65,,1.598
2025/11/25 00:00,2.57,2.19,,,7.94,7.92,7.92,,213.190002,220.020004,,,7.01,,6.21,,,,1.654,,,1.654,,
2025/11/25 00:00,2.56,2.19,1.97,,7.92,7.92,7.91,,212.940002,220.020004,,,6.97,6.4,,,,,1.64,1.625,,1.64,1.625,
2025/11/25 00:00,2.53,2.18,1.97,,7.9,7.92,7.91,,213.190002,220.270004,221.979996,,7.01,6.44,,,,,1.65,1.628,,1.65,1.628,
2025/11/25 00:00,2.55,2.17,1.97,,7.87,7.91,7.9,,213.190002,220.270004,221.979996,,7.02,6.44,,,,,1.642,1.626,,1.642,1.626,
2025/11/25 00:00,2.54,2.16,1.96,,7.86,7.91,7.9,,212.940002,220.270004,221.979996,,7,6.4,,,,,1.645,1.623,,1.645,1.623,
2025/11/25 00:00,2.54,2.18,1.97,,7.84,7.91,7.9,,212.940002,220.020004,221.729996,,6.98,6.41,,,,,1.65,1.627,,1.65,1.627,
2025/11/25 00:00,2.54,2.18,,1.73,7.83,7.91,,7.89,212.940002,220.020004,,,6.98,6.43,,,,,1.649,,,1.649,,
2025/11/25 00:00,2.49,2.18,,1.72,7.81,7.9,,7.89,212.940002,219.779999,,222.710007,7.03,,,,,,1.645,,1.596,1.645,,1.596
2025/11/25 00:00,2.51,2.18,,1.72,7.79,7.91,,7.88,213.190002,220.020004,,222.470001,7,,6.23,,,,1.647,,1.597,1.647,,1.597
2025/11/25 00:00,2.5,2.18,,1.72,7.77,7.9,,7.88,212.940002,220.270004,,222.710007,7.02,,6.19,,,,1.648,,1.611,1.648,,1.611
2025/11/25 00:00,2.5,2.2,,1.73,7.76,7.9,,7.88,213.190002,220.020004,,222.710007,7.01,,6.16,,,,1.643,,1.6,1.643,,1.6
2025/11/25 00:00,2.49,2.2,,1.72,7.75,7.89,,7.87,212.940002,220.270004,,222.949997,6.98,,6.12,,,,1.655,,1.598,1.655,,1.598
2025/11/25 00:00,2.49,2.2,,,7.73,7.89,7.89,,212.940002,220.020004,,,6.95,,6.13,,,,1.644,,,1.644,,
2025/11/25 00:00,2.17,2.2,1.97,,,7.89,7.88,,,220.020004,221.979996,,6.97,6.38,,,,,1.659,1.623,,1.659,1.623,
2025/11/25 00:00,0.55,2.18,1.98,,,7.88,7.87,,,220.020004,221.729996,,7,6.35,,,,,1.642,1.632,,1.642,1.632,
2025/11/25 00:00,0.35,2.2,1.98,,,7.88,7.87,,,220.020004,221.979996,,6.95,6.35,,,,,1.652,1.627,,1.652,1.627,
2025/11/25 00:00,0.32,2.19,1.98,,,7.87,7.87,,,220.020004,221.490005,,6.94,6.33,,,,,1.651,1.629,,1.651,1.629,
2025/11/25 00:00,0.63,2.2,1.98,,,7.87,7.86,,,220.020004,221.729996,,6.92,6.35,,,,,1.652,1.62,,1.652,1.62,
2025/11/25 00:00,1.9,2.19,,,,7.87,7.87,,,220.020004,,,6.98,6.36,,,,,1.643,,,1.643,,
2025/11/25 00:00,2.79,2.19,,,,7.87,,7.86,,219.779999,,222.470001,6.94,,6.19,,,,1.648,,1.607,1.648,,1.607
2025/11/25 00:00,2.67,2.18,,1.71,,7.87,,7.86,,220.020004,,222.220001,6.95,,6.19,,,,1.647,,1.601,1.647,,1.601
2025/11/25 00:00,2.58,2.15,,1.71,8.69,7.86,,7.86,213.679993,220.759995,,222.220001,6.94,,6.21,,,,1.652,,1.599,1.652,,1.599
2025/11/25 00:00,2.63,2.14,,1.71,8.64,7.87,,7.86,214.649994,220.759995,,222.220001,6.91,,6.21,,,,1.648,,1.602,1.648,,1.602
2025/11/25 00:00,2.6,2.15,,1.71,8.64,7.87,,7.85,213.919998,220.759995,,222.470001,6.92,,6.18,,,,1.644,,1.599,1.644,,1.599
2025/11/25 00:00,2.61,2.17,,,8.62,7.88,,7.85,214.160004,221,,,6.92,,6.16,,,,1.656,,,1.656,,
2025/11/25 00:00,2.62,2.16,1.97,,8.62,7.88,7.84,,214.160004,220.759995,221.729996,,6.91,6.39,,,,,1.651,1.626,,1.651,1.626,
2025/11/25 00:00,2.61,2.19,1.97,,8.62,7.87,7.84,,214.410004,221,221.490005,,6.91,6.39,,,,,1.661,1.627,,1.661,1.627,
2025/11/25 00:00,2.61,2.21,1.97,,8.62,7.87,7.84,,214.160004,221,221.25,,6.87,6.34,,,,,1.652,1.62,,1.652,1.62,
2025/11/25 00:00,2.6,2.21,1.97,,8.61,7.86,7.84,,214.160004,220.759995,221.729996,,6.95,6.36,,,,,1.645,1.626,,1.645,1.626,
2025/11/25 00:00,2.58,2.19,1.97,,8.59,7.88,7.84,,214.160004,221.25,221.979996,,6.92,6.4,,,,,1.646,1.627,,1.646,1.627,
2025/11/25 00:00,2.59,2.17,,1.71,8.59,7.88,7.84,,214.410004,221,221.490005,,6.93,6.36,,,,,1.645,,,1.645,,
2025/11/25 00:00,2.6,2.19,,1.72,8.58,7.87,,7.83,214.410004,221.25,,,6.96,,,,,,1.645,,1.604,1.645,,1.604
2025/11/25 00:00,2.61,2.19,,1.72,8.59,7.87,,7.83,214.160004,221,,222.949997,6.97,,6.21,,,,1.65,,1.603,1.65,,1.603
2025/11/25 00:00,2.59,2.19,,1.72,8.58,7.87,,7.83,214.160004,221,,222.949997,6.97,,6.19,,,,1.647,,1.6,1.647,,1.6
2025/11/25 00:00,2.58,2.2,,1.72,8.57,7.87,,7.83,214.160004,220.759995,,222.949997,6.94,,6.19,,,,1.652,,1.603,1.652,,1.603
2025/11/25 00:00,2.59,2.19,,1.72,8.57,7.87,,7.83,214.410004,221,,222.949997,6.9,,6.19,,,,1.643,,1.599,1.643,,1.599
2025/11/25 00:00,2.59,2.2,,,8.56,7.87,7.85,,214.160004,220.759995,,,6.97,,6.23,,,,1.66,,,1.66,,
2025/11/25 00:00,2.58,2.2,1.97,,8.56,7.86,7.84,,214.160004,221,221.979996,,6.94,6.38,,,,,1.647,1.632,,1.647,1.632,
2025/11/25 00:00,2.58,2.2,1.98,,8.55,7.87,7.85,,214.160004,221,222.220001,,6.91,6.41,,,,,1.66,1.625,,1.66,1.625,
2025/11/25 00:00,2.6,2.2,1.98,,8.54,7.87,7.85,,214.160004,221,221.979996,,6.94,6.38,,,,,1.656,1.632,,1.656,1.632,
2025/11/25 00:00,2.6,2.19,1.98,,8.53,7.87,7.85,,214.160004,221,222.220001,,6.9,6.38,,,,,1.653,1.63,,1.653,1.63,
2025/11/25 00:00,2.6,2.19,1.98,,8.52,7.87,7.84,,214.410004,221.25,222.220001,,6.91,6.35,,,,,1.655,1.624,,1.655,1.624,
2025/11/25 00:00,2.59,2.2,,1.72,8.53,7.87,7.84,,214.410004,221.25,,,6.95,6.42,,,,,1.648,,,1.648,,
2025/11/25 00:00,2.6,2.2,,1.72,8.51,7.87,,7.83,214.160004,221,,,6.92,,,,,,1.653,,1.601,1.653,,1.601
2025/11/25 00:00,2.6,2.2,,1.72,8.51,7.88,,7.82,214.160004,221,,222.949997,6.91,,6.17,,,,1.652,,1.605,1.652,,1.605
2025/11/25 00:00,2.59,2.21,,1.72,8.5,7.88,,7.83,214.410004,221,,222.949997,6.86,,6.17,,,,1.647,,1.601,1.647,,1.601
2025/11/25 00:00,2.59,2.19,,1.72,8.49,7.88,,7.83,213.919998,220.759995,,222.470001,6.93,,6.15,,,,1.647,,1.606,1.647,,1.606
2025/11/25 00:00,2.6,2.2,,1.72,8.48,7.87,,7.83,213.679993,221,,222.710007,6.91,,6.16,,,,1.657,,1.598,1.657,,1.598
2025/11/25 00:00,2.59,2.2,,,8.47,7.87,7.85,,214.160004,220.759995,,,6.9,,6.16,,,,1.656,,,1.656,,
2025/11/25 00:00,2.6,2.2,1.99,,8.46,7.87,7.85,,213.429993,220.509995,222.220001,,6.87,6.35,,,,,1.65,1.633,,1.65,1.633,
2025/11/25 00:00,2.59,2.2,1.98,,8.45,7.88,7.85,,214.160004,220.509995,221.979996,,6.93,6.41,,,,,1.655,1.63,,1.655,1.63,
2025/11/25 00:00,2.6,2.18,1.98,,8.44,7.88,7.85,,213.919998,220.509995,221.979996,,6.85,6.37,,,,,1.651,1.63,,1.651,1.63,
2025/11/25 00:00,2.59,2.19,1.98,,8.44,7.87,7.86,,213.679993,220.509995,222.220001,,6.92,6.39,,,,,1.65,1.632,,1.65,1.632,
2025/11/25 00:00,2.59,2.19,1.98,,8.42,7.87,7.86,,213.429993,220.509995,221.979996,,6.85,6.38,,,,,1.642,1.628,,1.642,1.628,
2025/11/25 00:00,2.59,2.19,,1.72,8.41,7.87,7.85,,213.679993,220.509995,,,6.9,6.37,,,,,1.643,,,1.643,,
2025/11/25 00:00,2.59,2.19,,1.73,8.41,7.88,,7.83,213.919998,220.509995,,222.949997,6.91,,,,,,1.657,,1.602,1.657,,1.602
2025/11/25 00:00,2.6,2.18,,1.73,8.39,7.87,,7.83,214.410004,221,,222.949997,6.92,,6.16,,,,1.646,,1.6,1.646,,1.6
2025/11/25 00:00,2.6,2.21,,1.73,8.39,7.87,,7.83,213.919998,220.509995,,222.470001,6.87,,6.11,,,,1.652,,1.599,1.652,,1.599
2025/11/25 00:00,2.6,2.21,,1.73,8.39,7.87,,7.83,213.679993,220.509995,,222.470001,6.88,,6.11,,,,1.655,,1.601,1.655,,1.601
2025/11/25 00:00,2.6,2.19,,1.73,8.38,7.87,,7.83,213.919998,220.509995,,222.710007,6.93,,6.09,,,,1.646,,1.599,1.646,,1.599
2025/11/25 00:00,2.59,2.19,,,8.37,7.88,7.87,,213.919998,220.509995,,,6.91,,6.07,,,,1.65,,,1.65,,
2025/11/25 00:00,2.59,2.18,1.98,,8.35,7.88,7.87,,213.679993,220.509995,221.25,,6.91,,,,,,1.65,1.63,,1.65,1.63,
2025/11/25 00:00,2.59,2.18,1.98,,8.34,7.87,7.88,,213.679993,220.509995,221.25,,6.91,6.4,,,,,1.649,1.633,,1.649,1.633,
2025/11/25 00:00,2.59,2.19,1.98,,8.34,7.87,7.87,,213.919998,220.509995,221.729996,,6.92,6.4,,,,,1.646,1.627,,1.646,1.627,
2025/11/25 00:00,2.6,2.19,1.99,,8.32,7.87,7.88,,214.160004,220.270004,221.490005,,6.94,6.37,,,,,1.643,1.626,,1.643,1.626,
2025/11/25 00:00,2.59,2.19,1.99,,8.31,7.87,7.88,,214.160004,220.270004,221.490005,,6.94,6.42,,,,,1.652,1.627,,1.652,1.627,
2025/11/25 00:00,2.59,2.18,,,8.3,7.87,,,213.429993,220.759995,,,6.91,6.4,,,,,1.654,,,1.654,,
2025/11/25 00:00,2.59,2.19,,1.74,8.28,7.86,,7.84,213.679993,220.509995,,222.710007,6.95,,,,,,1.638,,1.598,1.638,,1.598
2025/11/25 00:00,2.59,2.2,,1.74,8.27,7.87,,7.84,213.429993,220.509995,,223.199997,6.95,,6.15,,,,1.644,,1.603,1.644,,1.603
2025/11/25 00:00,2.6,2.19,,1.73,8.26,7.87,,7.84,213.429993,220.509995,,222.949997,6.93,,6.11,,,,1.65,,1.602,1.65,,1.602
2025/11/25 00:00,2.59,2.2,,1.74,8.25,7.87,,7.84,213.679993,220.759995,,223.440002,6.9,,6.12,,,,1.645,,1.607,1.645,,1.607
2025/11/25 00:00,2.59,2.18,,1.73,8.24,7.87,,7.84,213.679993,220.759995,,223.199997,6.91,,6.11,,,,1.648,,1.607,1.648,,1.607
2025/11/25 00:00,2.59,2.19,,,8.23,7.87,7.89,,213.429993,220.759995,,,6.94,,6.14,,,,1.645,,,1.645,,
2025/11/25 00:00,2.59,2.2,1.99,,8.21,7.87,7.89,,213.679993,220.509995,222.710007,,6.94,6.35,,,,,1.653,1.62,,1.653,1.62,
2025/11/25 00:00,2.59,2.19,1.99,,8.2,7.87,7.89,,213.919998,220.509995,222.470001,,6.89,6.41,,,,,1.657,1.628,,1.657,1.628,
2025/11/25 00:00,2.59,2.19,1.98,,8.19,7.87,7.89,,213.919998,220.270004,222.220001,,6.93,6.39,,,,,1.643,1.623,,1.643,1.623,
2025/11/25 00:00,2.58,2.18,1.98,,8.17,7.87,7.89,,214.160004,220.759995,222.710007,,6.93,6.38,,,,,1.645,1.631,,1.645,1.631,
2025/11/25 00:00,2.59,2.19,1.98,,8.16,7.87,7.89,,214.410004,220.759995,222.470001,,6.93,6.38,,,,,1.652,1.628,,1.652,1.628,
2025/11/25 00:00,2.59,2.2,,,8.15,7.87,,,213.919998,220.509995,,,6.94,6.39,,,,,1.645,,,1.645,,
2025/11/25 00:00,2.58,2.19,,1.74,8.14,7.87,,7.85,214.160004,220.509995,,223.929993,6.96,,6.23,,,,1.645,,1.597,1.645,,1.597
2025/11/25 00:00,2.57,2.18,,1.73,8.11,7.87,,7.86,214.160004,220.270004,,223.690002,6.95,,6.21,,,,1.643,,1.599,1.643,,1.599
2025/11/25 00:00,2.58,2.18,,1.73,8.1,7.87,,7.86,214.160004,220.759995,,223.929993,6.96,,6.13,,,,1.652,,1.603,1.652,,1.603
2025/11/25 00:00,2.57,2.18,,1.72,8.09,7.87,,7.85,214.160004,220.759995,,223.690002,6.92,,6.11,,,,1.642,,1.599,1.642,,1.599
2025/11/25 00:00,2.57,2.19,,1.72,8.07,7.86,,7.86,214.160004,220.759995,,223.929993,6.95,,6.1,,,,1.645,,1.605,1.645,,1.605
2025/11/25 00:00,2.57,2.19,,,8.06,7.86,7.91,,213.919998,220.509995,,,6.94,,6.13,,,,1.655,,,1.655,,
2025/11/25 00:00,2.57,2.18,1.97,,8.05,7.86,7.91,,214.160004,220.759995,222.710007,,6.94,,,,,,1.646,1.635,,1.646,1.635,
2025/11/25 00:00,2.55,2.19,1.97,,8.03,7.86,7.91,,214.410004,220.759995,222.710007,,6.91,6.43,,,,,1.642,1.632,,1.642,1.632,
2025/11/25 00:00,2.55,2.17,1.97,,8.02,7.86,7.91,,214.160004,220.759995,222.710007,,6.9,6.45,,,,,1.649,1.628,,1.649,1.628,
2025/11/25 00:00,2.55,2.21,1.98,,8.01,7.86,7.91,,214.410004,220.759995,222.710007,,6.89,6.43,,,,,1.646,1.63,,1.646,1.63,
2025/11/25 00:00,2.54,2.22,1.95,,8,7.86,7.92,,214.410004,220.509995,222.949997,,6.94,6.41,,,,,1.639,1.627,,1.639,1.627,
2025/11/25 00:00,2.54,2.21,,1.73,7.99,7.86,,,213.919998,220.509995,,,6.88,6.41,,,,,1.646,,,1.646,,
2025/11/25 00:00,2.51,2.21,,1.73,7.97,7.87,,7.87,214.410004,220.759995,,224.419998,6.9,,,,,,1.65,,1.602,1.65,,1.602
2025/11/25 00:00,2.5,2.19,,1.72,7.96,7.86,,7.87,214.160004,220.509995,,224.419998,6.86,,6.21,,,,1.655,,1.603,1.655,,1.603
2025/11/25 00:00,2.52,2.19,,1.72,7.94,7.86,,7.87,214.410004,220.509995,,223.929993,6.91,,6.15,,,,1.644,,1.601,1.644,,1.601
2025/11/25 00:00,2.52,2.2,,1.71,7.94,7.86,,7.88,214.160004,220.509995,,224.419998,6.89,,6.14,,,,1.653,,1.604,1.653,,1.604
2025/11/25 00:00,2.5,2.19,,,7.93,7.86,,7.88,214.160004,220.759995,,223.929993,6.93,,6.17,,,,1.641,,1.598,1.641,,1.598
2025/11/25 00:00,2.44,2.18,,,7.92,7.86,7.92,,214.160004,220.759995,,,6.9,,6.15,,,,1.644,,,1.644,,
2025/11/25 00:00,2.46,2.17,1.96,,7.9,7.86,7.92,,214.160004,220.509995,223.929993,,6.89,,,,,,1.648,1.632,,1.648,1.632,
2025/11/25 00:00,2.45,2.17,1.95,,7.89,7.86,7.92,,214.160004,220.509995,223.440002,,6.92,6.43,,,,,1.656,1.632,,1.656,1.632,
2025/11/25 00:00,2.44,2.18,1.95,,7.89,7.86,7.92,,214.160004,220.759995,223.690002,,6.92,6.44,,,,,1.651,1.631,,1.651,1.631,
2025/11/25 00:00,2.42,2.18,1.96,,7.89,7.86,7.93,,213.919998,220.509995,223.929993,,6.92,6.49,,,,,1.644,1.632,,1.644,1.632,
2025/11/25 00:00,2.43,2.17,1.96,,7.88,7.86,7.92,,214.160004,220.509995,223.690002,,6.89,6.44,,,,,1.636,1.634,,1.636,1.634,
2025/11/25 00:00,1.49,2.18,,1.72,,7.86,,,,220.509995,,,6.92,6.48,,,,,1.651,,,1.651,,
2025/11/25 00:00,0.46,2.17,,1.73,,7.85,,7.89,,221,,,6.9,,,,,,1.64,,1.598,1.64,,1.598
2025/11/25 00:00,0.34,2.17,,1.72,,7.85,,7.89,,220.759995,,224.910004,6.93,,6.24,,,,1.648,,1.603,1.648,,1.603
2025/11/25 00:00,0.31,2.18,,1.71,,7.86,,7.88,,220.509995,,224.419998,6.92,,6.26,,,,1.643,,1.598,1.643,,1.598
2025/11/25 00:00,1.03,2.17,,1.68,,7.86,,7.89,,220.509995,,224.419998,6.93,,6.22,,,,1.638,,1.605,1.638,,1.605
2025/11/25 00:00,2.3,2.17,,1.69,,7.85,,7.89,,220.759995,,224.660004,6.9,,6.18,,,,1.648,,1.601,1.648,,1.601
2025/11/25 00:00,2.78,2.18,,,,7.85,7.93,,,220.759995,,,6.9,,6.25,,,,1.646,,,1.646,,
2025/11/25 00:00,2.63,2.17,1.95,,,7.85,7.93,,,220.509995,224.419998,,6.89,6.44,,,,,1.646,1.628,,1.646,1.628,
2025/11/25 00:00,2.59,2.17,1.95,,,7.86,7.93,,,220.509995,224.419998,,6.89,6.44,,,,,1.655,1.631,,1.655,1.631,
2025/11/25 00:00,2.63,2.17,1.96,,8.66,7.86,7.93,,214.899994,220.270004,223.929993,,6.89,6.44,,,,,1.641,1.632,,1.641,1.632,
2025/11/25 00:00,2.61,2.17,1.96,,8.66,7.88,7.93,,214.899994,220.270004,224.179993,,6.87,6.45,,,,,1.647,1.63,,1.647,1.63,
2025/11/25 00:00,2.6,2.15,1.96,,8.65,7.88,7.94,,214.160004,220.509995,223.929993,,6.9,6.44,,,,,1.638,1.63,,1.638,1.63,
2025/11/25 00:00,2.61,2.15,,1.72,8.65,7.89,7.93,,214.410004,220.509995,,,6.89,6.48,,,,,1.636,,,1.636,,
2025/11/25 00:00,2.61,2.18,,1.72,8.64,7.87,,7.89,214.160004,220.270004,,,6.91,,,,,,1.648,,1.611,1.648,,1.611
2025/11/25 00:00,2.61,2.19,,1.71,8.64,7.88,,7.9,214.410004,220.759995,,225.399994,6.88,,6.2,,,,1.644,,1.597,1.644,,1.597
2025/11/25 00:00,2.6,2.2,,1.69,8.64,7.88,,7.9,214.410004,220.509995,,224.910004,6.91,,6.2,,,,1.644,,1.6,1.644,,1.6
2025/11/25 00:00,2.6,2.21,,1.7,8.63,7.89,,7.9,214.160004,220.509995,,224.910004,6.89,,6.19,,,,1.645,,1.6,1.645,,1.6
2025/11/25 00:00,2.61,2.2,,1.71,8.62,7.88,,7.9,214.160004,220.759995,,224.660004,6.85,,6.15,,,,1.644,,1.601,1.644,,1.601
2025/11/25 00:00,2.62,2.2,,,8.62,7.88,7.94,,214.160004,220.759995,,,6.84,,6.15,,,,1.647,,,1.647,,
2025/11/25 00:00,2.6,2.19,1.97,,8.62,7.88,7.94,,213.919998,220.759995,,,6.93,,,,,,1.644,1.624,,1.644,1.624,
2025/11/25 00:00,2.6,2.18,1.97,,8.61,7.89,7.94,,214.160004,220.270004,222.949997,,6.9,6.45,,,,,1.653,1.628,,1.653,1.628,
2025/11/25 00:00,2.59,2.17,1.97,,8.61,7.89,7.94,,214.160004,220.759995,222.710007,,6.92,6.43,,,,,1.651,1.626,,1.651,1.626,
2025/11/25 00:00,2.6,2.17,1.97,,8.6,7.89,7.94,,214.410004,220.509995,223.199997,,6.88,6.43,,,,,1.651,1.63,,1.651,1.63,
2025/11/25 00:00,2.6,2.18,1.97,,8.6,7.89,7.94,,214.410004,220.509995,222.949997,,6.91,6.41,,,,,1.647,1.627,,1.647,1.627,
2025/11/25 00:00,2.6,2.18,,,8.59,7.89,,,213.919998,220.509995,,,6.88,6.46,,,,,1.645,,,1.645,,
2025/11/25 00:00,2.6,2.17,,1.73,8.58,7.89,,7.9,214.160004,220.759995,,224.419998,6.94,,,,,,1.648,,1.599,1.648,,1.599
2025/11/25 00:00,2.6,2.18,,1.72,8.58,7.9,,7.9,214.160004,220.509995,,224.179993,6.92,,6.22,,,,1.649,,1.602,1.649,,1.602
2025/11/25 00:00,2.61,2.16,,1.72,8.57,7.89,,7.9,214.160004,220.270004,,223.929993,6.93,,6.18,,,,1.648,,1.602,1.648,,1.602
2025/11/25 00:00,2.6,2.18,,1.72,8.57,7.89,,7.9,214.160004,220.509995,,223.929993,6.91,,6.18,,,,1.643,,1.6,1.643,,1.6
2025/11/25 00:00,2.61,2.18,,1.72,8.56,7.89,,7.9,214.410004,220.759995,,224.179993,6.95,,6.12,,,,1.641,,1.597,1.641,,1.597
2025/11/25 00:00,2.6,2.17,,1.73,8.56,7.89,7.94,,214.160004,220.509995,,,6.9,,6.16,,,,1.641,,,1.641,,
2025/11/25 00:00,2.6,2.18,1.97,,8.55,7.9,7.94,,214.160004,220.759995,223.199997,,6.94,,,,,,1.646,1.635,,1.646,1.635,
2025/11/25 00:00,2.6,2.16,1.97,,8.54,7.9,7.94,,214.160004,220.270004,222.949997,,6.94,6.43,,,,,1.646,1.635,,1.646,1.635,
2025/11/25 00:00,2.61,2.18,1.97,,8.53,7.9,7.95,,214.160004,220.509995,222.949997,,6.92,6.45,,,,,1.644,1.632,,1.644,1.632,
2025/11/25 00:00,2.6,2.18,1.98,,8.53,7.9,7.94,,214.410004,220.509995,222.710007,,6.98,6.47,,,,,1.641,1.629,,1.641,1.629,
2025/11/25 00:00,2.6,2.17,1.98,,8.52,7.9,7.95,,214.410004,220.509995,223.199997,,6.97,6.46,,,,,1.644,1.624,,1.644,1.624,
2025/11/25 00:00,2.6,2.18,,,8.52,7.9,,,214.160004,220.509995,,,6.97,6.5,,,,,1.645,,,1.645,,
2025/11/25 00:00,2.6,2.16,,1.72,8.51,7.9,,7.91,214.160004,220.509995,,,6.95,,,,,,1.644,,1.601,1.644,,1.601
2025/11/25 00:00,2.6,2.18,,1.71,8.51,7.9,,7.91,214.410004,220.759995,,223.929993,6.99,,6.26,,,,1.65,,1.602,1.65,,1.602
2025/11/25 00:00,2.6,2.18,,1.71,8.5,7.9,,7.91,214.160004,220.759995,,223.929993,6.94,,6.18,,,,1.646,,1.596,1.646,,1.596
2025/11/26 00:00,2.61,2.19,,1.7,8.49,7.9,,7.91,214.160004,220.759995,,223.929993,6.95,,6.13,,,,1.647,,1.6,1.647,,1.6
2025/11/26 00:00,2.6,2.2,,1.71,8.48,7.91,,7.91,214.160004,220.759995,,223.929993,6.92,,6.17,,,,1.646,,1.596,1.646,,1.596
2025/11/26 00:00,2.6,2.18,,1.72,8.47,7.9,7.96,,214.160004,220.509995,,,6.93,,6.14,,,,1.644,,,1.644,,
2025/11/26 00:00,2.6,2.19,1.97,,8.46,7.9,7.96,,214.160004,220.509995,,,6.92,,,,,,1.639,1.626,,1.639,1.626,
2025/11/26 00:00,2.6,2.19,1.96,,8.45,7.9,7.96,,214.160004,220.509995,222.710007,,6.92,6.45,,,,,1.644,1.628,,1.644,1.628,
2025/11/26 00:00,2.6,2.18,1.96,,8.44,7.91,7.96,,214.160004,220.509995,222.710007,,6.88,6.42,,,,,1.644,1.629,,1.644,1.629,
2025/11/26 00:00,2.59,2.19,1.96,,8.44,7.91,7.96,,213.679993,220.759995,222.710007,,6.97,6.46,,,,,1.643,1.627,,1.643,1.627,
2025/11/26 00:00,2.59,2.18,1.97,,8.42,7.91,7.95,,214.160004,220.270004,222.710007,,6.91,6.45,,,,,1.637,1.634,,1.637,1.634,
2025/11/26 00:00,2.59,2.19,,,8.42,7.91,7.96,,213.679993,220.509995,,,6.94,6.45,,,,,1.646,,,1.646,,
2025/11/26 00:00,2.59,2.18,,1.69,8.41,7.91,,7.92,213.919998,220.759995,,224.419998,6.95,,,,,,1.646,,1.604,1.646,,1.604
2025/11/26 00:00,2.59,2.16,,1.7,8.4,7.91,,7.92,214.160004,220.270004,,224.419998,6.94,,6.27,,,,1.648,,1.603,1.648,,1.603
2025/11/26 00:00,2.59,2.15,,1.71,8.39,7.9,,7.92,214.160004,220.509995,,224.660004,6.92,,6.24,,,,1.645,,1.605,1.645,,1.605
2025/11/26 00:00,2.6,2.16,,1.7,8.37,7.9,,7.92,214.160004,220.509995,,224.910004,6.9,,6.27,,,,1.64,,1.605,1.64,,1.605
2025/11/26 00:00,2.6,2.17,,1.7,8.36,7.9,,7.92,214.160004,220.759995,,224.419998,6.95,,6.24,,,,1.646,,1.6,1.646,,1.6
2025/11/26 00:00,2.59,2.18,,1.71,8.35,7.9,7.95,,214.410004,220.509995,,,6.91,,6.23,,,,1.655,,,1.655,,
2025/11/26 00:00,2.6,2.18,1.95,,8.33,7.91,7.96,,214.160004,220.759995,,,6.91,6.45,,,,,1.649,1.634,,1.649,1.634,
2025/11/26 00:00,2.59,2.17,1.95,,8.33,7.9,7.96,,214.410004,220.509995,223.929993,,6.95,6.48,,,,,1.649,1.63,,1.649,1.63,
2025/11/26 00:00,2.58,2.16,1.95,,8.31,7.91,7.96,,214.160004,220.509995,223.440002,,6.95,6.45,,,,,1.642,1.631,,1.642,1.631,
2025/11/26 00:00,2.58,2.16,1.95,,8.3,7.91,7.96,,214.410004,220.759995,223.690002,,6.93,6.49,,,,,1.638,1.633,,1.638,1.633,
2025/11/26 00:00,2.59,2.16,1.96,,8.3,7.9,7.96,,214.410004,220.759995,223.690002,,6.94,6.52,,,,,1.638,1.63,,1.638,1.63,
2025/11/26 00:00,2.59,2.16,,,8.28,7.91,,,214.160004,220.509995,,,6.93,6.45,,,,,1.651,,,1.651,,
2025/11/26 00:00,2.58,2.16,,,8.27,7.91,,7.93,214.410004,220.759995,,,6.95,,,,,,1.639,,1.605,1.639,,1.605
2025/11/26 00:00,2.57,2.16,,1.7,8.26,7.91,,7.93,214.410004,221,,224.660004,6.94,,6.23,,,,1.64,,1.603,1.64,,1.603
2025/11/26 00:00,2.57,2.15,,1.7,8.25,7.91,,7.93,214.410004,220.509995,,224.660004,6.92,,6.27,,,,1.647,,1.605,1.647,,1.605
2025/11/26 00:00,2.57,2.17,,1.68,8.24,7.91,,7.93,214.410004,220.759995,,224.910004,6.96,,6.28,,,,1.641,,1.607,1.641,,1.607
2025/11/26 00:00,2.57,2.17,,1.68,8.22,7.91,,7.93,214.160004,220.509995,,224.660004,6.94,,6.26,,,,1.649,,1.598,1.649,,1.598
2025/11/26 00:00,2.56,2.16,,1.67,8.22,7.91,7.97,,214.410004,221,,,6.96,,6.27,,,,1.64,,,1.64,,
2025/11/26 00:00,2.55,2.17,1.93,,8.2,7.91,7.98,,214.160004,221,224.179993,,6.93,,,,,,1.646,1.629,,1.646,1.629,
2025/11/26 00:00,2.55,2.16,1.93,,8.17,7.9,7.98,,214.160004,220.509995,223.929993,,6.94,6.49,,,,,1.639,1.629,,1.639,1.629,
2025/11/26 00:00,2.55,2.17,1.93,,8.17,7.91,7.98,,213.919998,220.509995,224.419998,,6.96,6.46,,,,,1.648,1.629,,1.648,1.629,
2025/11/26 00:00,2.55,2.17,1.94,,8.16,7.91,7.97,,214.410004,221,224.660004,,6.94,6.5,,,,,1.639,1.626,,1.639,1.626,
2025/11/26 00:00,2.54,2.17,1.93,,8.14,7.91,7.97,,213.919998,220.759995,223.929993,,6.95,6.52,,,,,1.649,1.631,,1.649,1.631,
2025/11/26 00:00,2.53,2.18,,,8.11,7.91,7.98,,214.160004,220.509995,,,6.98,6.49,,,,,1.642,,,1.642,,
2025/11/26 00:00,2.53,2.16,,1.71,8.1,7.91,,,214.160004,221,,225.149994,6.94,,,,,,1.653,,1.602,1.653,,1.602
2025/11/26 00:00,2.55,2.16,,1.7,8.09,7.91,,7.94,214.160004,220.509995,,224.660004,6.93,,6.29,,,,1.647,,1.598,1.647,,1.598
2025/11/26 00:00,2.53,2.17,,1.71,8.07,7.91,,7.94,214.410004,221.25,,225.889999,6.98,,6.28,,,,1.65,,1.598,1.65,,1.598
2025/11/26 00:00,2.55,2.17,,1.7,8.06,7.91,,7.94,214.160004,220.759995,,225.149994,6.92,,6.23,,,,1.638,,1.602,1.638,,1.602
2025/11/26 00:00,2.52,2.2,,1.68,8.05,7.9,,7.94,214.160004,220.759995,,224.419998,6.92,,6.24,,,,1.652,,1.598,1.652,,1.598
2025/11/26 00:00,2.52,2.17,,1.68,8.03,7.9,7.97,,214.649994,220.759995,,,6.9,,6.2,,,,1.645,,,1.645,,
2025/11/26 00:00,2.51,2.17,1.94,,8,7.9,7.98,,214.410004,220.759995,,,6.91,,,,,,1.648,1.627,,1.648,1.627,
2025/11/26 00:00,2.5,2.17,1.95,,7.99,7.9,7.97,,214.649994,221,223.440002,,6.94,6.46,,,,,1.638,1.63,,1.638,1.63,
2025/11/26 00:00,2.52,2.16,1.95,,7.98,7.9,7.97,,214.649994,220.509995,223.199997,,6.89,6.47,,,,,1.651,1.627,,1.651,1.627,
2025/11/26 00:00,2.53,2.16,1.96,,,7.9,7.97,,,220.759995,223.199997,,6.92,6.48,,,,,1.646,1.63,,1.646,1.63,
2025/11/26 00:00,0.67,2.14,1.96,,,7.9,7.97,,,220.759995,223.199997,,6.94,6.47,,,,,1.644,1.63,,1.644,1.63,
2025/11/26 00:00,0.36,2.14,,,,7.91,7.97,,,220.509995,,,6.97,6.49,,,,,1.642,,,1.642,,
2025/11/26 00:00,0.32,2.15,,1.71,,7.91,,7.93,,220.509995,,,6.94,,,,,,1.65,,1.603,1.65,,1.603
2025/11/26 00:00,0.48,2.15,,1.7,,7.9,,7.94,,220.509995,,223.690002,6.97,,6.3,,,,1.645,,1.604,1.645,,1.604
2025/11/26 00:00,1.72,2.15,,1.7,,7.9,,7.94,,220.759995,,223.690002,6.96,,6.29,,,,1.645,,1.602,1.645,,1.602
2025/11/26 00:00,2.82,2.15,,1.7,,7.9,,7.94,,220.759995,,223.929993,6.97,,6.25,,,,1.651,,1.604,1.651,,1.604
2025/11/26 00:00,2.71,2.15,,1.7,,7.9,,7.94,,220.509995,,224.179993,6.93,,6.24,,,,1.639,,1.594,1.639,,1.594
2025/11/26 00:00,2.58,2.15,,1.68,,7.9,7.97,,,220.759995,,,6.96,,6.21,,,,1.647,,,1.647,,
2025/11/26 00:00,2.64,2.15,1.95,,8.66,7.9,7.98,,213.919998,220.509995,223.440002,,6.94,,,,,,1.643,1.629,,1.643,1.629,
2025/11/26 00:00,2.63,2.15,1.95,,8.65,7.9,7.98,,214.410004,220.759995,223.199997,,6.9,6.48,,,,,1.638,1.632,,1.638,1.632,
2025/11/26 00:00,2.63,2.16,1.95,,8.65,7.92,7.98,,214.410004,221,223.199997,,6.94,6.48,,,,,1.642,1.633,,1.642,1.633,
2025/11/26 00:00,2.62,2.13,1.96,,8.64,7.91,7.98,,214.410004,220.759995,222.949997,,6.94,6.49,,,,,1.643,1.625,,1.643,1.625,
2025/11/26 00:00,2.62,2.16,1.96,,8.64,7.91,7.98,,214.160004,220.509995,223.199997,,6.95,6.52,,,,,1.642,1.63,,1.642,1.63,
2025/11/26 00:00,2.62,2.17,,,8.63,7.92,7.98,,213.679993,220.509995,,,6.97,6.47,,,,,1.636,,,1.636,,
2025/11/26 00:00,2.61,2.17,,,8.63,7.92,,7.95,213.429993,220.509995,,224.179993,6.96,,,,,,1.644,,1.602,1.644,,1.602
2025/11/26 00:00,2.62,2.17,,1.7,8.63,7.92,,7.95,213.679993,220.509995,,223.929993,6.94,,6.24,,,,1.641,,1.598,1.641,,1.598
2025/11/26 00:00,2.62,2.14,,1.7,8.62,7.92,,7.94,213.919998,220.270004,,223.929993,6.96,,6.25,,,,1.642,,1.6,1.642,,1.6
2025/11/26 00:00,2.62,2.16,,1.7,8.63,7.92,,7.95,213.679993,220.270004,,223.929993,6.97,,6.27,,,,1.642,,1.602,1.642,,1.602
2025/11/26 00:00,2.61,2.17,,1.69,8.62,7.92,,7.95,213.679993,220.509995,,223.929993,6.91,,6.26,,,,1.642,,1.603,1.642,,1.603
2025/11/26 00:00,2.61,2.16,,1.69,8.61,7.91,,,213.679993,220.759995,,,6.94,,6.27,,,,1.643,,,1.643,,
2025/11/26 00:00,2.61,2.17,1.96,,8.61,7.92,7.98,,213.679993,220.509995,,,6.97,,,,,,1.647,1.623,,1.647,1.623,
2025/11/26 00:00,2.61,2.15,1.96,,8.6,7.92,7.98,,213.919998,220.759995,223.199997,,6.96,6.49,,,,,1.637,1.629,,1.637,1.629,
2025/11/26 00:00,2.62,2.17,1.96,,8.59,7.92,7.98,,213.919998,220.759995,222.949997,,6.97,6.48,,,,,1.641,1.625,,1.641,1.625,
2025/11/26 00:00,2.62,2.17,1.96,,8.59,7.91,7.98,,213.679993,221.25,223.199997,,6.95,6.46,,,,,1.647,1.63,,1.647,1.63,
2025/11/26 00:00,2.62,2.17,1.97,,8.59,7.92,7.98,,213.679993,220.759995,223.199997,,6.95,6.49,,,,,1.636,1.628,,1.636,1.628,
2025/11/26 00:00,2.61,2.19,,,8.58,7.94,7.98,,213.919998,220.509995,,,6.9,6.49,,,,,1.631,,,1.631,,
2025/11/26 00:00,2.61,2.18,,,8.58,7.92,,7.95,213.679993,221,,,6.93,,,,,,1.64,,1.606,1.64,,1.606
2025/11/26 00:00,2.6,2.17,,1.69,8.57,7.93,,7.95,213.919998,220.759995,,223.929993,6.92,,6.33,,,,1.648,,1.6,1.648,,1.6
2025/11/26 00:00,2.61,2.17,,1.69,8.56,7.92,,7.95,213.679993,220.759995,,224.660004,6.93,,6.3,,,,1.641,,1.601,1.641,,1.601
2025/11/26 00:00,2.61,2.16,,1.69,8.56,7.92,,7.95,213.919998,220.759995,,224.419998,6.94,,6.27,,,,1.641,,1.602,1.641,,1.602
2025/11/26 00:00,2.6,2.16,,1.69,8.55,7.93,,7.95,214.160004,220.759995,,224.910004,6.99,,6.3,,,,1.636,,1.598,1.636,,1.598
2025/11/26 00:00,2.6,2.15,,1.68,8.55,7.93,,,213.919998,221,,,6.94,,6.31,,,,1.646,,,1.646,,
2025/11/26 00:00,2.6,2.16,,,8.54,7.93,7.98,,213.429993,220.509995,224.419998,,6.97,,,,,,1.642,1.625,,1.642,1.625,
2025/11/26 00:00,2.61,2.17,1.96,,8.54,7.94,7.98,,213.919998,220.509995,223.929993,,6.96,6.47,,,,,1.637,1.631,,1.637,1.631,
2025/11/26 00:00,2.6,2.16,1.96,,8.54,7.93,7.98,,213.919998,221.25,224.660004,,6.93,6.49,,,,,1.64,1.634,,1.64,1.634,
2025/11/26 00:00,2.6,2.17,1.96,,8.53,7.93,7.98,,214.160004,221,223.929993,,6.94,6.49,,,,,1.641,1.625,,1.641,1.625,
2025/11/26 00:00,2.6,2.16,1.96,,8.52,7.93,7.98,,213.679993,221,223.929993,,6.91,6.48,,,,,1.642,1.629,,1.642,1.629,
2025/11/26 00:00,2.61,2.16,,,8.52,7.94,7.99,,213.679993,221.25,,,6.9,6.47,,,,,1.637,,,1.637,,
2025/11/26 00:00,2.61,2.18,,,8.5,7.93,,7.95,213.429993,220.759995,,,6.91,6.47,,,,,1.636,,1.6,1.636,,1.6
2025/11/26 00:00,2.62,2.18,,1.7,8.5,7.94,,7.96,213.679993,220.270004,,224.910004,6.9,,6.28,,,,1.635,,1.606,1.635,,1.606
2025/11/26 00:00,2.6,2.17,,1.7,8.5,7.93,,7.95,213.919998,220.270004,,224.419998,6.9,,6.31,,,,1.643,,1.601,1.643,,1.601
2025/11/26 00:00,2.6,2.17,,1.7,8.49,7.93,,7.96,213.679993,221,,224.660004,6.91,,6.26,,,,1.65,,1.607,1.65,,1.607
2025/11/26 00:00,2.6,2.16,,1.69,8.48,7.92,,7.96,213.679993,220.759995,,224.419998,6.89,,6.25,,,,1.64,,1.601,1.64,,1.601
2025/11/26 00:00,2.6,2.16,,1.69,8.48,7.93,,,213.919998,220.509995,,,6.92,,6.26,,,,1.644,,,1.644,,
2025/11/26 00:00,2.6,2.16,1.96,,8.47,7.93,7.99,,213.679993,221,224.660004,,6.93,,,,,,1.64,1.633,,1.64,1.633,
2025/11/26 00:00,2.59,2.15,1.96,,8.46,7.92,7.98,,213.919998,221,223.929993,,6.92,6.47,,,,,1.634,1.633,,1.634,1.633,
2025/11/26 00:00,2.59,2.15,1.96,,8.45,7.93,7.99,,213.919998,220.759995,223.929993,,6.94,6.51,,,,,1.635,1.622,,1.635,1.622,
2025/11/26 00:00,2.59,2.14,1.96,,8.44,7.93,7.99,,213.679993,221,224.660004,,6.92,6.54,,,,,1.637,1.628,,1.637,1.628,
2025/11/26 00:00,2.59,2.15,1.96,,8.43,7.93,7.99,,213.679993,221,224.419998,,6.94,6.51,,,,,1.646,1.626,,1.646,1.626,
2025/11/26 00:00,2.59,2.16,,,8.42,7.92,7.99,,213.679993,221,,,6.94,6.5,,,,,1.636,,,1.636,,
2025/11/26 00:00,2.59,2.16,,,8.41,7.93,,7.96,214.160004,221,,,6.95,,,,,,1.639,,1.604,1.639,,1.604
2025/11/26 00:00,2.58,2.17,,1.69,8.4,7.94,,7.96,213.919998,221,,224.910004,6.9,,6.28,,,,1.64,,1.6,1.64,,1.6
2025/11/26 00:00,2.58,2.15,,1.69,8.39,7.94,,7.96,213.919998,221,,225.149994,6.93,,6.3,,,,1.631,,1.607,1.631,,1.607
2025/11/26 00:00,2.59,2.15,,1.7,8.38,7.94,,7.95,213.919998,221,,226.130005,6.95,,6.31,,,,1.639,,1.606,1.639,,1.606
2025/11/26 00:00,2.59,2.18,,1.7,8.36,7.93,,7.95,213.919998,221,,225.149994,6.93,,6.29,,,,1.639,,1.604,1.639,,1.604
2025/11/26 00:00,2.6,2.19,,1.7,8.36,7.93,,7.96,213.429993,220.509995,,,6.92,,6.26,,,,1.642,,,1.642,,
2025/11/26 00:00,2.59,2.19,1.96,,8.35,7.94,7.99,,213.919998,220.509995,,,6.88,,,,,,1.645,1.628,,1.645,1.628,
2025/11/26 00:00,2.59,2.17,1.96,,8.34,7.93,7.98,,213.919998,221,223.690002,,6.9,6.49,,,,,1.641,1.633,,1.641,1.633,
2025/11/26 00:00,2.6,2.17,1.97,,8.32,7.93,7.99,,213.919998,220.509995,223.690002,,6.91,6.42,,,,,1.637,1.629,,1.637,1.629,
2025/11/26 00:00,2.6,2.17,1.96,,8.31,7.92,7.98,,213.919998,220.509995,223.199997,,6.89,6.47,,,,,1.641,1.631,,1.641,1.631,
2025/11/26 00:00,2.59,2.16,1.96,,8.3,7.93,7.99,,213.919998,220.759995,223.440002,,6.91,6.5,,,,,1.641,1.631,,1.641,1.631,
2025/11/26 00:00,2.59,2.15,1.96,,8.29,7.93,7.98,,213.919998,220.509995,,,6.87,6.51,,,,,1.64,,,1.64,,
2025/11/26 00:00,2.58,2.16,,1.71,8.28,7.93,,7.96,213.679993,220.509995,,,6.9,,,,,,1.634,,1.602,1.634,,1.602
2025/11/26 00:00,2.59,2.14,,1.7,8.26,7.93,,7.95,213.429993,221,,224.179993,6.93,,,,,,1.637,,1.6,1.637,,1.6
2025/11/26 00:00,2.59,2.16,,1.71,8.25,7.93,,7.95,213.919998,220.509995,,223.929993,6.95,,6.27,,,,1.635,,1.604,1.635,,1.604
2025/11/26 00:00,2.58,2.16,,1.7,8.23,7.93,,7.95,213.919998,220.509995,,223.929993,6.93,,6.25,,,,1.645,,1.6,1.645,,1.6
2025/11/26 00:00,2.58,2.16,,1.7,8.22,7.93,,7.95,213.919998,220.270004,,224.179993,6.93,,6.27,,,,1.638,,1.602,1.638,,1.602
2025/11/26 00:00,2.57,2.16,,1.7,8.21,7.93,,7.96,213.679993,220.509995,,,6.9,,6.24,,,,1.633,,,1.633,,
2025/11/26 00:00,2.57,2.16,1.96,,8.18,7.92,7.98,,213.679993,221,,,6.93,,,,,,1.644,1.633,,1.644,1.633,
2025/11/26 00:00,2.57,2.16,1.96,,8.17,7.92,7.98,,213.679993,220.509995,223.199997,,6.93,6.48,,,,,1.641,1.63,,1.641,1.63,
2025/11/26 00:00,2.56,2.17,1.96,,8.15,7.92,7.99,,213.919998,220.759995,223.199997,,6.93,6.48,,,,,1.636,1.632,,1.636,1.632,
2025/11/26 00:00,2.57,2.17,1.96,,8.14,7.92,7.98,,213.679993,220.509995,223.199997,,6.92,6.5,,,,,1.644,1.623,,1.644,1.623,
2025/11/26 00:00,2.56,2.17,1.96,,8.12,7.92,7.98,,213.679993,220.509995,223.199997,,6.91,6.48,,,,,1.643,1.628,,1.643,1.628,
2025/11/26 00:00,2.54,2.17,1.96,,8.11,7.92,7.98,,213.679993,221,,,6.86,6.45,,,,,1.632,,,1.632,,
2025/11/26 00:00,2.55,2.17,,,8.09,7.92,,7.95,213.679993,220.270004,,,6.94,,,,,,1.638,,1.599,1.638,,1.599
2025/11/26 00:00,2.55,2.18,,1.7,8.07,7.93,,7.94,213.919998,220.759995,,224.179993,6.91,,6.29,,,,1.639,,1.606,1.639,,1.606
2025/11/26 00:00,2.55,2.18,,1.7,8.05,7.93,,7.95,213.919998,221,,223.690002,6.92,,6.25,,,,1.635,,1.594,1.635,,1.594
2025/11/26 00:00,2.56,2.17,,1.7,8.04,7.92,,7.94,213.679993,220.270004,,224.179993,6.9,,6.2,,,,1.633,,1.6,1.633,,1.6
2025/11/26 00:00,2.53,2.18,,1.7,8.02,7.92,,7.94,213.919998,221,,223.690002,6.9,,6.26,,,,1.642,,1.592,1.642,,1.592
2025/11/26 00:00,2.52,2.16,,1.7,8.01,7.92,,7.95,213.919998,221,,,6.97,,6.24,,,,1.636,,,1.636,,
2025/11/26 00:00,2.52,2.17,1.96,,7.99,7.92,7.98,,213.679993,220.509995,,,6.89,,6.28,,,,1.63,1.626,,1.63,1.626,
2025/11/26 00:00,2.54,2.18,1.96,,7.97,7.91,7.98,,213.919998,220.509995,222.949997,,6.89,6.47,,,,,1.634,1.633,,1.634,1.633,
2025/11/26 00:00,2.53,2.17,1.96,,7.96,7.92,7.98,,214.410004,220.509995,222.710007,,6.89,6.47,,,,,1.63,1.629,,1.63,1.629,
2025/11/26 00:00,2.54,2.18,1.96,,,7.92,7.98,,,220.509995,222.710007,,6.91,6.47,,,,,1.633,1.625,,1.633,1.625,
2025/11/26 00:00,0.68,2.16,1.96,,,7.91,7.98,,,221,222.949997,,6.9,6.45,,,,,1.641,1.629,,1.641,1.629,
2025/11/26 00:00,0.36,2.19,1.96,,,7.92,7.98,,,220.759995,222.710007,,6.84,6.47,,,,,1.633,,,1.633,,
2025/11/26 00:00,0.32,2.2,,1.7,,7.91,,7.95,,220.509995,,224.179993,6.89,,,,,,1.639,,1.603,1.639,,1.603
2025/11/26 00:00,0.45,2.18,,1.69,,7.92,,7.95,,221,,223.690002,6.87,,6.27,,,,1.627,,1.606,1.627,,1.606
2025/11/26 00:00,1.7,2.16,,1.69,,7.92,,7.96,,220.759995,,224.179993,6.91,,6.3,,,,1.633,,1.6,1.633,,1.6
2025/11/26 00:00,2.82,2.16,,1.69,,7.91,,7.96,,221,,224.419998,6.87,,6.28,,,,1.638,,1.601,1.638,,1.601
2025/11/26 00:00,2.72,2.15,,1.69,,7.91,,7.96,,220.759995,,224.419998,6.88,,6.23,,,,1.639,,1.602,1.639,,1.602
2025/11/26 00:00,2.58,2.15,,1.69,,7.91,,7.96,,221,,224.419998,6.88,,6.29,,,,1.639,,,1.639,,
2025/11/26 00:00,2.65,2.16,1.96,,8.65,7.91,7.98,,214.160004,221.25,224.660004,,6.91,,,,,,1.639,1.628,,1.639,1.628,
2025/11/26 00:00,2.63,2.16,1.95,,8.65,7.9,7.98,,214.160004,221,224.179993,,6.91,6.46,,,,,1.633,1.628,,1.633,1.628,
2025/11/26 00:00,2.63,2.17,1.96,,8.64,7.93,7.99,,213.679993,221,223.929993,,6.91,6.49,,,,,1.635,1.627,,1.635,1.627,
2025/11/26 00:00,2.63,2.13,1.96,,8.64,7.93,7.99,,213.679993,221,224.660004,,6.89,6.48,,,,,1.638,1.629,,1.638,1.629,
2025/11/26 00:00,2.62,2.16,1.96,,8.64,7.93,7.99,,213.429993,221,223.929993,,6.88,6.44,,,,,1.639,1.63,,1.639,1.63,
2025/11/26 00:00,2.62,2.17,1.96,,8.64,7.92,7.98,,213.679993,221,223.440002,,6.9,6.44,,,,,1.631,,,1.631,,
2025/11/26 00:00,2.63,2.17,,,8.63,7.92,,7.96,213.679993,221,,,6.92,6.43,,,,,1.636,,1.607,1.636,,1.607
2025/11/26 00:00,2.62,2.18,,,8.63,7.94,,7.96,213.679993,220.759995,,224.660004,6.84,,6.26,,,,1.644,,1.6,1.644,,1.6
2025/11/26 00:00,2.62,2.15,,1.68,8.62,7.94,,7.96,213.679993,221,,224.910004,6.89,,6.29,,,,1.633,,1.602,1.633,,1.602
2025/11/26 00:00,2.62,2.16,,1.67,8.62,7.94,,7.96,213.919998,221.25,,224.660004,6.89,,6.29,,,,1.628,,1.601,1.628,,1.601
2025/11/26 00:00,2.62,2.17,,1.67,8.61,7.94,,7.96,213.919998,221,,224.419998,6.87,,6.3,,,,1.634,,1.603,1.634,,1.603
2025/11/26 00:00,2.62,2.17,,1.67,8.61,7.93,,7.96,213.919998,221,,224.910004,6.89,,6.33,,,,1.633,,,1.633,,
2025/11/26 00:00,2.62,2.16,1.94,,8.61,7.93,7.99,,213.919998,220.759995,224.660004,,6.88,,,,,,1.63,1.635,,1.63,1.635,
2025/11/26 00:00,2.62,2.17,1.95,,8.6,7.94,7.99,,213.919998,221,224.419998,,6.89,6.47,,,,,1.638,1.627,,1.638,1.627,
2025/11/26 00:00,2.62,2.15,1.95,,8.59,7.94,7.99,,213.919998,221,224.419998,,6.86,6.48,,,,,1.636,1.628,,1.636,1.628,
2025/11/26 00:00,2.63,2.16,1.94,,8.59,7.94,7.99,,213.919998,221,223.929993,,6.88,6.46,,,,,1.631,1.626,,1.631,1.626,
2025/11/26 00:00,2.62,2.16,1.94,,8.58,7.94,7.99,,213.919998,221,223.929993,,6.88,6.47,,,,,1.637,1.623,,1.637,1.623,
2025/11/26 00:00,2.62,2.16,1.95,,8.57,7.94,,,213.919998,221.25,223.929993,,6.84,6.49,,,,,1.634,,,1.634,,
2025/11/26 00:00,2.62,2.17,,1.7,8.57,7.94,,7.96,213.679993,221,,225.399994,6.89,6.44,,,,,1.636,,1.603,1.636,,1.603
2025/11/26 00:00,2.61,2.15,,1.69,8.57,7.95,,7.96,213.919998,221,,224.660004,6.88,,6.31,,,,1.638,,1.604,1.638,,1.604
2025/11/26 00:00,2.63,2.16,,1.69,8.56,7.94,,7.96,213.919998,221,,224.910004,6.89,,6.3,,,,1.638,,1.603,1.638,,1.603
2025/11/26 00:00,2.63,2.17,,1.69,8.56,7.94,,7.96,213.919998,220.759995,,224.179993,6.83,,6.31,,,,1.632,,1.604,1.632,,1.604
2025/11/26 00:00,2.62,2.15,,1.71,8.55,7.93,,7.96,213.919998,221,,225.639999,6.87,,6.26,,,,1.636,,1.607,1.636,,1.607
2025/11/26 00:00,2.62,2.18,,1.7,8.54,7.94,,7.96,213.919998,220.759995,,224.419998,6.85,,6.26,,,,1.635,,,1.635,,
2025/11/26 00:00,2.62,2.15,1.96,,8.54,7.95,7.99,,213.919998,221,,224.419998,6.83,,6.26,,,,1.635,1.632,,1.635,1.632,
2025/11/26 00:00,2.61,2.16,1.95,,8.54,7.94,7.99,,213.679993,220.509995,223.690002,,6.87,6.46,,,,,1.634,1.626,,1.634,1.626,
2025/11/26 00:00,2.63,2.16,1.94,,8.53,7.94,8,,213.679993,220.509995,223.440002,,6.84,6.44,,,,,1.63,1.632,,1.63,1.632,
2025/11/26 00:00,2.63,2.15,,,8.53,7.94,7.99,,213.429993,220.509995,223.690002,,6.89,6.49,,,,,1.638,1.631,,1.638,1.631,
2025/11/26 00:00,2.62,2.15,,,8.52,7.94,7.99,,213.429993,220.270004,223.199997,,6.89,6.44,,,,,1.637,1.623,,1.637,1.623,
2025/11/26 00:00,2.63,2.14,,,8.52,7.95,,,213.679993,221.25,223.199997,,6.86,6.43,,,,,1.628,,,1.628,,
2025/11/26 00:00,2.62,2.15,,,8.52,7.95,,7.96,213.919998,220.509995,,224.419998,6.88,6.45,,,,,1.64,,1.602,1.64,,1.602
2025/11/26 00:00,2.62,2.16,,,8.5,7.94,,7.96,213.919998,220.759995,,223.929993,6.85,,,,,,1.64,,1.607,1.64,,1.607
2025/11/26 00:00,2.62,2.16,,,8.5,7.95,,7.96,213.919998,221,,223.690002,6.88,,6.2,,,,1.633,,1.605,1.633,,1.605
2025/11/26 00:00,2.62,2.17,,,8.49,7.95,,7.96,213.919998,220.759995,,223.929993,6.84,,6.21,,,,1.633,,1.599,1.633,,1.599
2025/11/26 00:00,2.62,2.17,,,8.48,7.95,,7.96,213.679993,221,,223.440002,6.89,,6.19,,,,1.633,,1.595,1.633,,1.595
2025/11/26 00:00,2.63,2.16,,,8.47,7.95,,7.96,213.919998,220.509995,,223.929993,6.86,,6.17,,,,1.64,,,1.64,,
2025/11/26 00:00,2.62,2.17,,,8.46,7.95,7.99,,213.919998,220.509995,,223.440002,6.85,,6.21,,,,1.64,1.631,,1.64,1.631,
2025/11/26 00:00,2.63,2.17,,,8.46,7.95,7.99,,213.679993,220.509995,222.949997,,6.82,6.43,,,,,1.634,1.627,,1.634,1.627,
2025/11/26 00:00,2.61,2.16,,,8.45,7.95,7.99,,213.919998,220.759995,222.710007,,6.84,6.47,,,,,1.636,1.624,,1.636,1.624,
2025/11/26 00:00,2.61,2.16,,,8.44,7.95,7.99,,213.679993,221,222.710007,,6.86,6.39,,,,,1.634,1.631,,1.634,1.631,
2025/11/26 00:00,2.62,2.16,,,8.43,7.95,7.99,,213.919998,220.759995,222.710007,,6.84,6.45,,,,,1.634,1.624,,1.634,1.624,
2025/11/26 00:00,2.62,2.17,,,8.43,7.95,7.99,,213.429993,220.509995,222.710007,,6.84,6.49,,,,,1.634,,,1.634,,
2025/11/26 00:00,2.62,2.16,,,8.41,7.95,,7.96,213.919998,220.509995,,,6.86,6.43,,,,,1.641,,1.599,1.641,,1.599
2025/11/26 00:00,2.62,2.16,,,8.4,7.94,,7.96,213.919998,220.759995,,223.440002,6.82,,,,,,1.629,,1.601,1.629,,1.601
2025/11/26 00:00,2.61,2.16,,,8.39,7.95,,7.96,213.919998,220.509995,,223.440002,6.81,,6.21,,,,1.643,,1.598,1.643,,1.598
2025/11/26 00:00,2.61,2.15,,,8.38,7.95,,7.96,213.919998,220.509995,,223.440002,6.81,,6.13,,,,1.635,,1.601,1.635,,1.601
2025/11/26 00:00,2.61,2.16,,,8.38,7.95,,7.96,213.429993,220.759995,,223.690002,6.83,,6.13,,,,1.628,,1.6,1.628,,1.6
2025/11/26 00:00,2.62,2.17,,,8.36,7.95,,7.96,213.679993,220.759995,,223.440002,6.83,,6.17,,,,1.638,,,1.638,,
2025/11/26 00:00,2.62,2.16,1.95,,8.36,7.94,7.99,,213.429993,220.270004,,223.440002,6.86,,6.19,,,,1.631,1.628,,1.631,1.628,
2025/11/26 00:00,2.61,2.16,1.95,,8.34,7.95,8,,213.919998,220.509995,222.710007,,6.82,6.44,,,,,1.637,1.626,,1.637,1.626,
2025/11/26 00:00,2.62,2.15,1.95,,8.35,7.94,8,,213.679993,220.270004,222.710007,,6.81,6.42,,,,,1.641,1.626,,1.641,1.626,
2025/11/26 00:00,2.62,2.15,1.96,,8.34,7.95,8,,213.429993,220.509995,222.710007,,6.77,6.41,,,,,1.638,1.626,,1.638,1.626,
2025/11/26 00:00,2.61,2.17,1.95,,8.32,7.95,8,,213.679993,220.759995,222.710007,,6.81,6.44,,,,,1.629,1.625,,1.629,1.625,
2025/11/26 00:00,2.62,2.16,1.96,,8.32,7.95,8,,213.429993,221,222.710007,,6.83,6.41,,,,,1.64,,,1.64,,
2025/11/26 00:00,2.59,2.17,,,8.31,7.95,,7.97,213.190002,220.509995,,,6.79,6.4,,,,,1.633,,1.602,1.633,,1.602
2025/11/26 00:00,2.6,2.17,,1.68,8.27,7.95,,7.97,213.679993,221,,223.690002,6.82,,6.29,,,,1.63,,1.605,1.63,,1.605
2025/11/26 00:00,2.59,2.14,,1.68,8.27,7.95,,7.97,213.679993,221.25,,223.440002,6.78,,6.3,,,,1.631,,1.604,1.631,,1.604
2025/11/26 00:00,2.6,2.15,,1.68,8.25,7.95,,7.97,213.679993,221.25,,224.419998,6.84,,6.29,,,,1.634,,1.601,1.634,,1.601
2025/11/26 00:00,2.59,2.15,,1.68,8.24,7.95,,7.97,213.679993,221,,223.929993,6.81,,6.28,,,,1.64,,1.6,1.64,,1.6
2025/11/26 00:00,2.6,2.14,,1.68,8.22,7.95,,7.97,213.919998,221,,224.179993,6.83,,6.3,,,,1.635,,,1.635,,
2025/11/26 00:00,2.58,2.14,,,8.21,7.95,8,,213.679993,221.25,,,6.83,,6.27,,,,1.633,1.629,,1.633,1.629,
2025/11/26 00:00,2.59,2.13,1.95,,8.2,7.95,8,,214.160004,221,224.179993,,6.82,6.46,,,,,1.636,1.628,,1.636,1.628,
2025/11/26 00:00,2.58,2.15,1.95,,8.18,7.95,8,,214.160004,221,224.179993,,6.84,6.46,,,,,1.639,1.625,,1.639,1.625,
2025/11/26 00:00,2.59,2.15,1.95,,8.17,7.95,8,,213.679993,221,223.929993,,6.82,6.46,,,,,1.635,1.626,,1.635,1.626,
2025/11/26 00:00,2.56,2.14,1.96,,8.15,7.95,8,,213.919998,221,224.179993,,6.8,6.47,,,,,1.643,1.623,,1.643,1.623,
2025/11/26 00:00,2.57,2.15,1.95,,8.14,7.95,8,,213.919998,220.509995,224.179993,,6.83,6.44,,,,,1.636,,,1.636,,
2025/11/26 00:00,2.57,2.14,,,8.14,7.94,,7.97,213.679993,221,,,6.82,6.43,,,,,1.635,,1.601,1.635,,1.601
2025/11/26 00:00,2.57,2.14,,1.69,8.1,7.94,,7.97,213.919998,221,,224.660004,6.84,,6.26,,,,1.632,,1.604,1.632,,1.604
2025/11/26 00:00,2.56,2.15,,1.69,8.1,7.94,,7.98,213.919998,221,,224.660004,6.83,,6.3,,,,1.635,,1.602,1.635,,1.602
2025/11/26 00:00,2.55,2.15,,1.68,8.08,7.94,,7.97,213.919998,220.759995,,224.419998,6.86,,6.26,,,,1.636,,1.599,1.636,,1.599
2025/11/26 00:00,2.51,2.14,,1.69,8.06,7.95,,7.97,213.919998,220.759995,,224.910004,6.84,,6.3,,,,1.642,,1.599,1.642,,1.599
2025/11/26 00:00,2.52,2.15,,1.68,8.04,7.94,,7.97,213.919998,220.759995,,224.660004,6.82,,6.29,,,,1.633,,,1.633,,
2025/11/26 00:00,2.54,2.14,1.96,,8.03,7.94,8,,213.919998,220.759995,,224.660004,6.82,,6.28,,,,1.635,1.619,,1.635,1.619,
2025/11/26 00:00,2.55,2.15,1.96,,8.01,7.94,8,,213.919998,220.759995,,,6.85,6.45,,,,,1.639,1.619,,1.639,1.619,
2025/11/26 00:00,2.53,2.15,1.96,,8.01,7.94,8,,213.679993,221,223.929993,,6.8,6.47,,,,,1.635,1.623,,1.635,1.623,
2025/11/26 00:00,2.51,2.14,1.96,,8,7.93,8,,213.919998,220.759995,223.929993,,6.81,6.5,,,,,1.629,1.622,,1.629,1.622,
2025/11/26 00:00,1.66,2.15,1.95,,,7.94,8,,,221,223.929993,,6.8,6.47,,,,,1.625,1.625,,1.625,1.625,
2025/11/26 00:00,0.49,2.14,1.96,,,7.94,8,,,221.25,223.929993,,6.84,6.47,,,,,1.63,1.62,,1.63,1.62,
2025/11/26 00:00,0.35,2.15,,1.7,,7.94,,7.98,,221,,,6.85,6.44,,,,,1.63,,1.602,1.63,,1.602
2025/11/26 00:00,0.32,2.15,,1.69,,7.94,,7.98,,221,,,6.82,,6.29,,,,1.643,,1.604,1.643,,1.604
2025/11/26 00:00,0.89,2.14,,1.69,,7.94,,7.98,,221,,224.910004,6.84,,6.28,,,,1.636,,1.6,1.636,,1.6
2025/11/26 00:00,2.18,2.15,,1.69,,7.94,,7.98,,221,,224.910004,6.82,,6.29,,,,1.636,,1.6,1.636,,1.6
2025/11/26 00:00,2.8,2.15,,1.69,,7.94,,7.98,,221.25,,224.910004,6.82,,6.28,,,,1.624,,1.605,1.624,,1.605
2025/11/26 00:00,2.67,2.14,,1.7,,7.93,,7.97,,221.25,,225.149994,6.81,,6.25,,,,1.629,,1.601,1.629,,1.601
2025/11/26 00:00,2.61,2.17,1.96,,,7.93,8.01,,,221,,,6.78,,6.29,,,,1.625,,,1.625,,
2025/11/26 00:00,2.66,2.16,1.96,,8.64,7.93,8.01,,214.160004,221,,,6.8,6.47,,,,,1.636,1.626,,1.636,1.626,
2025/11/26 00:00,2.63,2.14,1.96,,8.64,7.94,8,,213.679993,220.509995,223.690002,,6.81,6.44,,,,,1.629,1.629,,1.629,1.629,
2025/11/26 00:00,2.65,2.13,1.96,,8.63,7.95,8.01,,213.919998,221,223.440002,,6.77,6.43,,,,,1.63,1.629,,1.63,1.629,
2025/11/26 00:00,2.64,2.12,1.96,,8.64,7.95,8.01,,213.679993,221,223.440002,,6.82,6.44,,,,,1.635,1.627,,1.635,1.627,
2025/11/26 00:00,2.63,2.14,1.96,,8.63,7.94,8.01,,213.679993,220.759995,223.440002,,6.83,6.41,,,,,1.634,1.62,,1.634,1.62,
2025/11/26 00:00,2.64,2.15,,,8.62,7.95,,7.98,213.919998,220.759995,,,6.84,6.46,,,,,1.632,,,1.632,,
2025/11/26 00:00,2.64,2.15,,1.69,8.62,7.94,,7.97,213.679993,221,,223.929993,6.82,,6.27,,,,1.624,,1.602,1.624,,1.602
2025/11/26 00:00,2.64,2.16,,1.68,8.62,7.95,,7.97,213.919998,221,,224.419998,6.85,,6.24,,,,1.631,,1.607,1.631,,1.607
2025/11/26 00:00,2.64,2.14,,1.68,8.62,7.95,,7.98,213.919998,220.759995,,223.929993,6.85,,6.24,,,,1.629,,1.602,1.629,,1.602
2025/11/26 00:00,2.63,2.15,,1.68,8.61,7.95,,7.98,213.919998,220.759995,,223.929993,6.8,,6.25,,,,1.637,,1.595,1.637,,1.595
2025/11/26 00:00,2.63,2.16,,1.68,8.61,7.95,,7.98,213.679993,220.759995,,224.179993,6.87,,6.18,,,,1.634,,1.6,1.634,,1.6
2025/11/26 00:00,2.63,2.15,1.94,,8.6,7.95,8,,213.919998,220.759995,,,6.83,,6.21,,,,1.629,,,1.629,,
2025/11/26 00:00,2.63,2.16,1.93,,8.59,7.95,8.01,,213.679993,220.759995,223.199997,,6.85,6.46,,,,,1.628,1.629,,1.628,1.629,
2025/11/26 00:00,2.65,2.14,1.92,,8.59,7.95,8,,214.160004,220.759995,223.199997,,6.86,6.44,,,,,1.637,1.621,,1.637,1.621,
2025/11/26 00:00,2.65,2.15,1.92,,8.59,7.95,8,,213.919998,220.759995,223.199997,,6.85,6.41,,,,,1.628,1.621,,1.628,1.621,
2025/11/26 00:00,2.64,2.15,1.9,,8.59,7.96,8,,213.919998,220.759995,222.949997,,6.86,6.41,,,,,1.63,1.629,,1.63,1.629,
2025/11/26 00:00,2.65,2.15,1.91,,8.58,7.95,8.01,,213.919998,220.759995,222.949997,,6.83,6.42,,,,,1.625,1.621,,1.625,1.621,
2025/11/26 00:00,2.64,2.15,,,8.57,7.96,,7.98,213.679993,220.509995,,,6.83,6.43,,,,,1.633,,,1.633,,
2025/11/26 00:00,2.65,2.14,,,8.58,7.96,,7.98,213.679993,221,,223.929993,6.84,,,,,,1.634,,1.601,1.634,,1.601
2025/11/26 00:00,2.64,2.14,,,8.56,7.96,,7.98,213.679993,221,,223.690002,6.84,,6.23,,,,1.63,,1.594,1.63,,1.594
2025/11/26 00:00,2.63,2.15,,,8.56,7.96,,7.98,213.679993,220.759995,,223.929993,6.83,,6.21,,,,1.625,,1.599,1.625,,1.599
2025/11/26 00:00,2.63,2.15,,,8.56,7.95,,7.98,213.679993,221,,223.440002,6.81,,6.17,,,,1.63,,1.597,1.63,,1.597
2025/11/26 00:00,2.63,2.15,,,8.55,7.96,,7.98,213.919998,220.509995,,223.929993,6.86,,6.23,,,,1.632,,1.604,1.632,,1.604
2025/11/26 00:00,2.63,2.14,,,8.55,7.96,8,,213.919998,221,,,6.84,,6.2,,,,1.631,,,1.631,,
2025/11/26 00:00,2.63,2.15,,,8.54,7.96,8.01,,213.429993,221,222.949997,,6.82,6.43,,,,,1.628,1.621,,1.628,1.621,
2025/11/26 00:00,2.63,2.15,,,8.54,7.96,8.01,,213.429993,221.25,222.949997,,6.84,6.43,,,,,1.629,1.624,,1.629,1.624,
2025/11/26 00:00,2.63,2.14,,,8.53,7.96,8.01,,213.679993,221,223.199997,,6.84,6.45,,,,,1.632,1.62,,1.632,1.62,
2025/11/26 00:00,2.63,2.14,,,8.53,7.96,8.01,,213.679993,220.759995,223.199997,,6.84,6.42,,,,,1.636,1.616,,1.636,1.616,
2025/11/26 00:00,2.62,2.15,,,8.52,7.96,8.01,,213.679993,221,223.199997,,6.85,6.45,,,,,1.63,1.624,,1.63,1.624,
2025/11/26 00:00,2.62,2.14,,,8.51,7.96,,7.98,213.679993,221,,,6.85,6.43,,,,,1.63,,,1.63,,
2025/11/26 00:00,2.63,2.18,,,8.51,7.96,,7.98,213.679993,221,,223.929993,6.86,,,,,,1.622,,1.599,1.622,,1.599
2025/11/26 00:00,2.61,2.18,,,8.5,7.96,,7.99,213.679993,221,,223.929993,6.83,,6.25,,,,1.623,,1.604,1.623,,1.604
2025/11/26 00:00,2.61,2.16,,,8.49,7.96,,7.98,213.679993,221.25,,224.179993,6.82,,6.26,,,,1.63,,1.604,1.63,,1.604
2025/11/26 00:00,2.6,2.14,,,8.49,7.96,,7.99,213.919998,221.25,,224.419998,6.84,,6.31,,,,1.623,,1.597,1.623,,1.597
2025/11/26 00:00,2.62,2.12,,,8.48,7.96,,7.98,213.919998,221,,224.419998,6.86,,6.33,,,,1.631,,1.605,1.631,,1.605
2025/11/26 00:00,2.62,2.13,,,8.47,7.96,8,,213.919998,220.759995,,,6.84,,6.31,,,,1.626,,,1.626,,
2025/11/26 00:00,2.62,2.14,,,8.47,7.95,8.01,,213.679993,220.759995,224.179993,,6.84,6.43,,,,,1.631,1.623,,1.631,1.623,
2025/11/26 00:00,2.62,2.15,,,8.46,7.96,8.01,,213.919998,221,224.179993,,6.84,6.45,,,,,1.631,1.622,,1.631,1.622,
2025/11/26 00:00,2.61,2.16,,,8.45,7.97,8.01,,213.919998,221,223.929993,,6.83,6.43,,,,,1.635,1.622,,1.635,1.622,
2025/11/26 00:00,2.61,2.15,,,8.44,7.96,8,,213.919998,221,223.929993,,6.82,6.43,,,,,1.632,1.62,,1.632,1.62,
2025/11/26 00:00,2.6,2.16,,,8.43,7.96,8.01,,213.429993,221,224.419998,,6.88,6.44,,,,,1.628,1.624,,1.628,1.624,
2025/11/26 00:00,2.6,2.16,,,8.43,7.96,,7.98,213.919998,221,,,6.85,6.47,,,,,1.625,,,1.625,,
2025/11/26 00:00,2.61,2.15,,,8.42,7.96,,7.98,213.679993,221,,,6.83,,6.27,,,,1.633,,1.604,1.633,,1.604
2025/11/26 00:00,2.59,2.14,,,8.41,7.96,,7.98,213.919998,221,,224.660004,6.8,,6.25,,,,1.637,,1.607,1.637,,1.607
2025/11/26 00:00,2.58,2.12,,,8.4,7.97,,7.98,213.919998,221,,224.660004,6.84,,6.29,,,,1.637,,1.603,1.637,,1.603
2025/11/26 00:00,2.59,2.14,,,8.4,7.97,,7.98,213.429993,221,,224.660004,6.82,,6.27,,,,1.636,,1.606,1.636,,1.606
2025/11/26 00:00,2.6,2.14,,,8.39,7.96,,7.98,213.679993,221.25,,224.660004,6.83,,6.31,,,,1.629,,1.595,1.629,,1.595
2025/11/26 00:00,2.59,2.14,1.92,,8.38,7.96,8.01,,213.679993,221,,,6.84,,,,,,1.626,,,1.626,,
2025/11/26 00:00,2.59,2.14,1.93,,8.37,7.96,8.01,,213.679993,221,,,6.83,6.44,,,,,1.632,1.621,,1.632,1.621,
2025/11/26 00:00,2.58,2.13,1.93,,8.35,7.97,8.01,,213.919998,221,224.419998,,6.87,6.46,,,,,1.628,1.619,,1.628,1.619,
2025/11/26 00:00,2.58,2.14,1.93,,8.34,7.95,8.01,,213.679993,221,224.419998,,6.83,6.41,,,,,1.625,1.622,,1.625,1.622,
2025/11/26 00:00,2.59,2.15,1.94,,8.33,7.95,8.01,,213.919998,221.25,224.419998,,6.85,6.47,,,,,1.631,1.623,,1.631,1.623,
2025/11/26 00:00,2.58,2.15,1.94,,8.33,7.96,8.01,,213.919998,221,224.419998,,6.84,6.44,,,,,1.623,1.625,,1.623,1.625,
2025/11/26 00:00,2.56,2.14,,,8.31,7.96,,7.99,213.679993,221,,,6.86,6.43,,,,,1.626,,,1.626,,
2025/11/26 00:00,2.55,2.15,,1.66,8.3,7.96,,7.98,213.679993,221,,225.149994,6.83,,6.28,,,,1.639,,1.604,1.639,,1.604
2025/11/26 00:00,2.56,2.14,,1.65,8.29,7.95,,7.98,213.679993,221,,224.660004,6.82,,6.3,,,,1.627,,1.597,1.627,,1.597
2025/11/26 00:00,2.56,2.16,,1.67,8.27,7.96,,7.98,213.679993,221,,225.149994,6.84,,6.26,,,,1.623,,1.603,1.623,,1.603
2025/11/26 00:00,2.56,2.15,,1.65,8.26,7.96,,7.99,213.679993,221,,225.149994,6.83,,6.35,,,,1.626,,1.604,1.626,,1.604
2025/11/26 00:00,2.57,2.15,,1.66,8.24,7.96,,7.98,213.679993,221.25,,226.130005,6.83,,6.34,,,,1.632,,1.602,1.632,,1.602
2025/11/26 00:00,2.55,2.16,1.94,,8.24,7.96,8.01,,213.919998,221,,,6.83,,6.3,,,,1.633,,,1.633,,
2025/11/26 00:00,2.57,2.17,1.94,,8.22,7.95,8.01,,213.919998,220.759995,224.419998,,6.79,,,,,,1.628,1.619,,1.628,1.619,
2025/11/26 00:00,2.56,2.18,1.94,,8.21,7.96,8.01,,213.679993,220.759995,224.179993,,6.8,6.44,,,,,1.628,1.617,,1.628,1.617,
2025/11/26 00:00,2.55,2.18,1.94,,8.19,7.95,8.01,,213.919998,221,223.929993,,6.79,6.42,,,,,1.629,1.621,,1.629,1.621,
2025/11/26 00:00,2.59,2.17,1.94,,8.17,7.96,8.01,,213.919998,221,223.440002,,6.8,6.43,,,,,1.626,1.62,,1.626,1.62,
2025/11/26 00:00,2.53,2.16,1.94,,8.16,7.95,8.01,,213.679993,221,223.690002,,6.79,6.4,,,,,1.632,1.625,,1.632,1.625,
2025/11/26 00:00,2.51,2.16,,,8.14,7.95,,7.98,213.919998,220.759995,,,6.8,,,,,,1.63,,,1.63,,
2025/11/26 00:00,2.53,2.15,,,8.13,7.95,,7.97,213.919998,221,,223.690002,6.83,,,,,,1.625,,1.604,1.625,,1.604
2025/11/26 00:00,2.51,2.16,,,8.11,7.95,,7.98,213.919998,220.759995,,223.929993,6.82,,6.27,,,,1.632,,1.599,1.632,,1.599
2025/11/27 00:00,2.54,2.15,,,8.1,7.95,,7.98,213.919998,221,,223.929993,6.79,,6.24,,,,1.628,,1.601,1.628,,1.601
2025/11/27 00:00,2.46,2.15,,,8.08,7.95,,7.98,213.919998,220.509995,,224.179993,6.79,,6.2,,,,1.63,,1.598,1.63,,1.598
2025/11/27 00:00,2.46,2.14,,,8.08,7.95,,7.98,213.919998,221,,223.929993,6.8,,6.23,,,,1.631,,1.602,1.631,,1.602
2025/11/27 00:00,2.44,2.15,,,8.05,7.95,8.01,,214.160004,221,,,6.82,,6.24,,,,1.632,,,1.632,,
2025/11/27 00:00,2.47,2.16,,,8.03,7.95,8.01,,213.919998,221,223.199997,,6.84,,,,,,1.631,1.617,,1.631,1.617,
2025/11/27 00:00,2.47,2.16,,,8.02,7.94,8.01,,213.919998,220.759995,223.199997,,6.85,6.46,,,,,1.629,1.619,,1.629,1.619,
2025/11/27 00:00,2.38,2.16,,,7.98,7.95,8.01,,214.160004,221,222.949997,,6.81,6.39,,,,,1.63,1.62,,1.63,1.62,
2025/11/27 00:00,1.14,2.15,,,,7.94,8.01,,,220.759995,222.949997,,6.8,6.42,,,,,1.628,1.618,,1.628,1.618,
2025/11/27 00:00,0.42,2.15,,,,7.94,8.01,,,221.25,223.440002,,6.8,6.45,,,,,1.618,1.623,,1.618,1.623,
2025/11/27 00:00,0.34,2.16,,,,7.94,,7.98,,220.759995,,,6.81,6.42,,,,,1.629,,,1.629,,
2025/11/27 00:00,0.31,2.16,,1.69,,7.94,,7.98,,221,,,6.83,,6.27,,,,1.621,,1.596,1.621,,1.596
2025/11/27 00:00,1.15,2.16,,1.68,,7.94,,7.98,,220.759995,,223.929993,6.83,,6.27,,,,1.631,,1.603,1.631,,1.603
2025/11/27 00:00,2.48,2.16,,1.68,,7.94,,7.98,,220.759995,,223.929993,6.81,,6.21,,,,1.622,,1.599,1.622,,1.599
2025/11/27 00:00,2.73,2.16,,1.68,,7.94,,7.97,,220.759995,,223.929993,6.78,,6.29,,,,1.626,,1.597,1.626,,1.597
2025/11/27 00:00,2.58,2.16,,1.69,,7.93,,7.98,,221,,223.690002,6.85,,6.22,,,,1.626,,1.595,1.626,,1.595
2025/11/27 00:00,2.61,2.16,1.95,,8.67,7.94,8.01,,213.429993,221,,,6.83,,6.25,,,,1.621,,,1.621,,
2025/11/27 00:00,2.62,2.16,1.95,,8.64,7.94,8.01,,213.919998,221.25,222.949997,,6.82,,,,,,1.627,1.622,,1.627,1.622,
2025/11/27 00:00,2.61,2.17,1.95,,8.63,7.95,8.01,,213.919998,220.509995,223.199997,,6.82,6.41,,,,,1.625,1.62,,1.625,1.62,
2025/11/27 00:00,2.61,2.14,1.95,,8.63,7.95,8.01,,213.679993,221,223.440002,,6.83,6.41,,,,,1.629,1.622,,1.629,1.622,
2025/11/27 00:00,2.61,2.15,1.95,,8.63,7.95,8.01,,213.679993,221,223.199997,,6.84,6.42,,,,,1.625,1.619,,1.625,1.619,
2025/11/27 00:00,2.6,2.17,1.95,,8.62,7.95,8.02,,213.919998,221,223.690002,,6.83,6.42,,,,,1.63,1.62,,1.63,1.62,
2025/11/27 00:00,2.6,2.17,,,8.62,7.95,,7.99,213.429993,221,,,6.81,6.45,,,,,1.615,,,1.615,,
2025/11/27 00:00,2.6,2.16,,1.7,8.62,7.95,,7.98,213.429993,221,,223.929993,6.82,,,,,,1.635,,1.598,1.635,,1.598
2025/11/27 00:00,2.6,2.2,,1.69,8.62,7.96,,7.98,213.429993,221,,223.929993,6.79,,6.27,,,,1.622,,1.6,1.622,,1.6
2025/11/27 00:00,2.59,2.19,,1.68,8.61,7.96,,7.99,213.190002,221,,223.929993,6.79,,6.29,,,,1.634,,1.604,1.634,,1.604
2025/11/27 00:00,2.59,2.19,,1.68,8.6,7.95,,7.98,213.429993,221,,223.929993,6.78,,6.24,,,,1.628,,1.601,1.628,,1.601
2025/11/27 00:00,2.59,2.18,,1.66,8.6,7.95,,7.99,213.429993,221,,224.419998,6.76,,6.24,,,,1.625,,1.597,1.625,,1.597
2025/11/27 00:00,2.6,2.16,1.94,,8.61,7.95,8.01,,213.190002,221,,,6.81,,6.22,,,,1.628,,,1.628,,
2025/11/27 00:00,2.59,2.16,1.93,,8.6,7.96,8.01,,213.679993,221,223.690002,,6.8,,,,,,1.633,1.616,,1.633,1.616,
2025/11/27 00:00,2.59,2.13,1.93,,8.59,7.96,8.01,,213.429993,220.759995,223.929993,,6.83,6.43,,,,,1.629,1.619,,1.629,1.619,
2025/11/27 00:00,2.59,2.14,1.94,,8.59,7.96,8.01,,213.429993,220.759995,224.419998,,6.81,6.48,,,,,1.633,1.618,,1.633,1.618,
2025/11/27 00:00,2.59,2.15,1.93,,8.59,7.96,8.01,,213.429993,220.759995,224.419998,,6.76,6.41,,,,,1.629,1.62,,1.629,1.62,
2025/11/27 00:00,2.59,2.14,1.92,,8.58,7.96,8.01,,213.429993,220.509995,224.660004,,6.82,6.43,,,,,1.637,1.622,,1.637,1.622,
2025/11/27 00:00,2.59,2.14,,,8.58,7.97,,7.99,213.429993,221,,,6.8,6.46,,,,,1.638,,,1.638,,
2025/11/27 00:00,2.6,2.13,,,8.57,7.97,,7.99,213.190002,221.25,,,6.85,,6.31,,,,1.623,,1.598,1.623,,1.598
2025/11/27 00:00,2.6,2.14,,,8.57,7.96,,7.99,213.190002,221,,224.660004,6.86,,6.31,,,,1.631,,1.601,1.631,,1.601
2025/11/27 00:00,2.59,2.15,,,8.56,7.95,,7.99,213.429993,221,,225.149994,6.82,,6.31,,,,1.629,,1.602,1.629,,1.602
2025/11/27 00:00,2.6,2.15,,,8.56,7.95,,7.98,213.429993,221,,224.910004,6.83,,6.32,,,,1.633,,1.599,1.633,,1.599
2025/11/27 00:00,2.6,2.15,,,8.56,7.96,,7.99,213.429993,220.509995,,225.149994,6.83,,6.34,,,,1.629,,1.6,1.629,,1.6
2025/11/27 00:00,2.6,2.15,,,8.55,7.96,8.01,,213.429993,220.759995,,,6.8,,6.31,,,,1.626,,,1.626,,
2025/11/27 00:00,2.59,2.14,,,8.54,7.96,8.01,,213.679993,221,224.660004,,6.82,,,,,,1.635,1.617,,1.635,1.617,
2025/11/27 00:00,2.59,2.15,,,8.54,7.96,8.01,,213.429993,220.759995,224.419998,,6.82,6.44,,,,,1.633,1.616,,1.633,1.616,
2025/11/27 00:00,2.59,2.15,,,8.54,7.96,8.01,,213.429993,221,224.179993,,6.84,6.39,,,,,1.629,1.618,,1.629,1.618,
2025/11/27 00:00,2.58,2.15,,,8.53,7.96,8.02,,213.429993,221,224.419998,,6.81,6.4,,,,,1.633,1.621,,1.633,1.621,
2025/11/27 00:00,2.57,2.15,,,8.52,7.97,8.01,,213.429993,221,224.419998,,6.78,6.42,,,,,1.631,1.619,,1.631,1.619,
2025/11/27 00:00,2.58,2.14,,,8.51,7.97,,7.99,213.679993,221.25,,,6.83,6.47,,,,,1.624,,,1.624,,
2025/11/27 00:00,2.57,2.15,,1.67,8.51,7.97,,7.99,213.429993,221,,224.660004,6.81,,6.28,,,,1.636,,1.598,1.636,,1.598
2025/11/27 00:00,2.58,2.15,,1.67,8.5,7.97,,7.99,213.429993,221,,225.149994,6.81,,6.3,,,,1.631,,1.601,1.631,,1.601
2025/11/27 00:00,2.57,2.15,,1.67,8.5,7.97,,7.99,213.679993,221,,224.179993,6.84,,6.29,,,,1.627,,1.599,1.627,,1.599
2025/11/27 00:00,2.58,2.14,,1.68,8.49,7.97,,7.99,213.429993,221.490005,,225.399994,6.81,,6.32,,,,1.626,,1.599,1.626,,1.599
2025/11/27 00:00,2.57,2.14,,1.67,8.48,7.97,,7.98,213.429993,220.759995,,224.660004,6.82,,6.29,,,,1.619,,1.599,1.619,,1.599
2025/11/27 00:00,2.59,2.15,1.95,,8.48,7.97,8.01,,214.160004,221.25,,,6.82,,6.32,,,,1.622,,,1.622,,
2025/11/27 00:00,2.58,2.16,1.95,,8.47,7.97,8.01,,213.679993,221,,,6.82,6.38,,,,,1.624,1.619,,1.624,1.619,
2025/11/27 00:00,2.57,2.17,1.95,,8.46,7.97,8.01,,213.429993,221.25,224.419998,,6.78,6.39,,,,,1.623,1.619,,1.623,1.619,
2025/11/27 00:00,2.57,2.16,1.95,,8.46,7.97,8.01,,213.429993,221,224.419998,,6.79,6.43,,,,,1.629,1.617,,1.629,1.617,
2025/11/27 00:00,2.58,2.15,1.96,,8.44,7.97,8.01,,213.190002,221,223.929993,,6.8,6.39,,,,,1.629,1.623,,1.629,1.623,
2025/11/27 00:00,2.57,2.15,1.95,,8.44,7.97,8.01,,213.429993,221,223.690002,,6.83,6.4,,,,,1.63,1.619,,1.63,1.619,
2025/11/27 00:00,2.58,2.15,,,8.43,7.96,,7.99,213.190002,221,,,6.8,6.37,,,,,1.624,,,1.624,,
2025/11/27 00:00,2.56,2.14,,1.68,8.42,7.97,,7.98,213.190002,220.759995,,,6.82,,6.28,,,,1.625,,1.604,1.625,,1.604
2025/11/27 00:00,2.56,2.13,,1.69,8.41,7.97,,7.99,213.429993,220.759995,,224.179993,6.79,,6.26,,,,1.622,,1.597,1.622,,1.597
2025/11/27 00:00,2.56,2.13,,1.68,8.41,7.96,,7.98,213.190002,221,,224.419998,6.82,,6.25,,,,1.62,,1.597,1.62,,1.597
2025/11/27 00:00,2.57,2.14,,1.68,8.39,7.97,,7.99,213.190002,220.759995,,224.419998,6.75,,6.28,,,,1.629,,1.598,1.629,,1.598
2025/11/27 00:00,2.58,2.14,,1.68,8.39,7.97,,7.99,213.429993,221,,224.419998,6.81,,6.22,,,,1.628,,1.596,1.628,,1.596
2025/11/27 00:00,2.55,2.14,1.95,,8.38,7.96,8.02,,213.190002,221,,,6.82,,6.28,,,,1.623,,,1.623,,
2025/11/27 00:00,2.56,2.13,1.95,,8.37,7.97,8.02,,213.429993,220.759995,223.690002,,6.83,6.4,,,,,1.631,1.623,,1.631,1.623,
2025/11/27 00:00,2.56,2.13,1.95,,8.36,7.97,8.02,,213.429993,221,223.690002,,6.81,6.41,,,,,1.619,1.619,,1.619,1.619,
2025/11/27 00:00,2.55,2.14,1.95,,8.35,7.97,8.02,,213.190002,221,222.949997,,6.85,6.44,,,,,1.627,1.618,,1.627,1.618,
2025/11/27 00:00,2.55,2.14,1.95,,8.34,7.97,8.01,,213.679993,221,223.690002,,6.83,6.4,,,,,1.616,1.621,,1.616,1.621,
2025/11/27 00:00,2.54,2.14,1.96,,8.33,7.97,8.02,,213.429993,221.25,223.929993,,6.85,6.44,,,,,1.625,1.616,,1.625,1.616,
2025/11/27 00:00,2.54,2.14,,1.71,8.31,7.97,,7.99,213.429993,221,,,6.83,6.41,,,,,1.621,,,1.621,,
2025/11/27 00:00,2.54,2.12,,1.69,8.29,7.97,,7.99,213.429993,221.25,,224.419998,6.82,,,,,,1.623,,1.599,1.623,,1.599
2025/11/27 00:00,2.54,2.14,,1.69,8.28,7.97,,7.99,213.679993,221,,224.179993,6.82,,6.28,,,,1.627,,1.596,1.627,,1.596
2025/11/27 00:00,2.54,2.14,,1.69,8.27,7.97,,7.99,213.679993,221,,224.419998,6.82,,6.28,,,,1.633,,1.595,1.633,,1.595
2025/11/27 00:00,2.53,2.14,,1.69,8.26,7.97,,7.98,213.429993,220.759995,,224.419998,6.8,,6.21,,,,1.635,,1.6,1.635,,1.6
2025/11/27 00:00,2.45,2.15,,1.69,8.24,7.97,,7.99,213.679993,221.25,,224.179993,6.82,,6.22,,,,1.623,,1.597,1.623,,1.597
2025/11/27 00:00,2.5,2.12,1.96,,8.23,7.97,8.02,,213.190002,221,,,6.84,,6.26,,,,1.628,,,1.628,,
2025/11/27 00:00,2.49,2.13,1.95,,8.21,7.97,8.02,,213.429993,221,223.440002,,6.88,6.42,,,,,1.624,1.618,,1.624,1.618,
2025/11/27 00:00,2.51,2.14,1.96,,8.19,7.97,8.01,,213.190002,220.759995,223.440002,,6.81,6.37,,,,,1.627,1.616,,1.627,1.616,
2025/11/27 00:00,2.5,2.14,1.96,,8.18,7.97,8.01,,213.429993,221,223.440002,,6.82,6.37,,,,,1.629,1.612,,1.629,1.612,
2025/11/27 00:00,2.44,2.14,1.96,,8.17,7.96,8.01,,213.679993,221,223.440002,,6.83,6.4,,,,,1.626,1.614,,1.626,1.614,
2025/11/27 00:00,2.43,2.13,1.96,,8.15,7.97,8.01,,213.429993,221,223.440002,,6.84,6.38,,,,,1.629,1.617,,1.629,1.617,
2025/11/27 00:00,2.4,2.14,,,8.13,7.97,,7.98,213.429993,221.25,,,6.85,6.42,,,,,1.634,,,1.634,,
2025/11/27 00:00,2.47,2.15,,,8.12,7.97,,7.98,213.679993,221.25,,224.179993,6.79,,6.31,,,,1.627,,1.598,1.627,,1.598
2025/11/27 00:00,2.45,2.16,,1.68,8.1,7.96,,7.98,213.679993,221.25,,223.929993,6.81,,6.26,,,,1.62,,1.602,1.62,,1.602
2025/11/27 00:00,2.34,2.18,,1.68,8.09,7.96,,7.99,213.679993,220.509995,,224.419998,6.81,,6.25,,,,1.631,,1.6,1.631,,1.6
2025/11/27 00:00,2.36,2.18,,1.67,8.06,7.96,,7.99,213.429993,220.759995,,224.419998,6.79,,6.27,,,,1.616,,1.594,1.616,,1.594
2025/11/27 00:00,2.39,2.16,,1.67,8.05,7.96,,7.99,213.679993,220.759995,,224.660004,6.8,,6.27,,,,1.63,,1.599,1.63,,1.599
2025/11/27 00:00,2.31,2.16,1.94,,8.03,7.96,8.01,,213.679993,221,,,6.8,,6.3,,,,1.625,1.617,,1.625,1.617,
2025/11/27 00:00,2.32,2.15,1.94,,8.02,7.96,8.01,,213.679993,220.759995,224.419998,,6.8,6.4,,,,,1.632,1.617,,1.632,1.617,
2025/11/27 00:00,2.42,2.15,1.95,,8,7.96,8.01,,213.919998,220.759995,224.419998,,6.78,6.4,,,,,1.633,1.616,,1.633,1.616,
2025/11/27 00:00,2.3,2.14,1.95,,7.98,7.96,8.02,,213.919998,221,224.419998,,6.78,6.36,,,,,1.623,1.617,,1.623,1.617,
2025/11/27 00:00,2.29,2.11,1.94,,7.97,7.95,8.01,,213.919998,220.759995,224.179993,,6.85,6.43,,,,,1.629,1.616,,1.629,1.616,
2025/11/27 00:00,2.26,2.13,1.95,,7.96,7.95,8.01,,213.919998,220.759995,224.419998,,6.79,6.42,,,,,1.621,1.61,,1.621,1.61,
2025/11/27 00:00,2.2,2.14,,,7.95,7.95,,,213.679993,221,,,6.82,6.42,,,,,1.625,,,1.625,,
2025/11/27 00:00,2.22,2.13,,,7.94,7.95,,7.99,213.919998,221,,225.149994,6.8,,6.32,,,,1.624,,1.595,1.624,,1.595
2025/11/27 00:00,2.45,2.14,,1.68,,7.95,,7.99,,221,,225.889999,6.78,,6.27,,,,1.616,,1.6,1.616,,1.6
2025/11/27 00:00,0.68,2.14,,1.67,,7.95,,7.99,,221.25,,224.660004,6.81,,6.25,,,,1.618,,1.599,1.618,,1.599
2025/11/27 00:00,0.36,2.14,,1.67,,7.95,,7.99,,221,,224.660004,6.81,,6.3,,,,1.611,,1.601,1.611,,1.601
2025/11/27 00:00,0.32,2.14,,1.67,,7.95,,7.99,,221,,225.149994,6.79,,6.26,,,,1.62,,1.6,1.62,,1.6
2025/11/27 00:00,0.42,2.14,,,,7.95,8.01,,,220.759995,,,6.77,,6.32,,,,1.621,,,1.621,,
2025/11/27 00:00,1.64,2.14,1.94,,,7.95,8.01,,,221,224.660004,,6.83,,,,,,1.624,1.623,,1.624,1.623,
2025/11/27 00:00,2.77,2.14,1.94,,,7.95,8.01,,,221.25,224.910004,,6.8,6.41,,,,,1.624,1.619,,1.624,1.619,
2025/11/27 00:00,2.71,2.14,1.94,,,7.94,8.01,,,221,224.660004,,6.77,6.44,,,,,1.624,1.616,,1.624,1.616,
2025/11/27 00:00,2.58,2.14,1.94,,,7.95,8.01,,,221,224.179993,,6.8,6.4,,,,,1.618,1.618,,1.618,1.618,
2025/11/27 00:00,2.64,2.13,1.95,,8.67,7.95,8.01,,214.160004,221,224.660004,,6.78,6.39,,,,,1.628,1.619,,1.628,1.619,
2025/11/27 00:00,2.63,2.13,,,8.66,7.94,,7.99,214.160004,221,,,6.77,6.41,,,,,1.633,,,1.633,,
2025/11/27 00:00,2.63,2.15,,1.68,8.65,7.97,,7.99,213.919998,220.759995,,225.149994,6.78,,6.28,,,,1.619,,1.602,1.619,,1.602
2025/11/27 00:00,2.63,2.1,,1.67,8.64,7.97,,7.99,213.919998,221,,225.149994,6.82,,6.28,,,,1.628,,1.601,1.628,,1.601
2025/11/27 00:00,2.62,2.12,,1.67,8.65,7.97,,7.99,213.679993,221,,225.149994,6.81,,6.29,,,,1.623,,1.598,1.623,,1.598
2025/11/27 00:00,2.62,2.16,,1.67,8.64,7.97,,7.99,213.679993,221,,225.639999,6.82,,6.32,,,,1.626,,1.6,1.626,,1.6
2025/11/27 00:00,2.61,2.15,,1.67,8.64,7.97,,7.99,213.679993,221,,225.149994,6.8,,6.3,,,,1.622,,1.596,1.622,,1.596
2025/11/27 00:00,2.61,2.15,1.94,,8.64,7.97,8.01,,213.679993,221,,,6.77,,6.28,,,,1.629,,,1.629,,
2025/11/27 00:00,2.62,2.14,1.96,,8.63,7.97,8.01,,214.160004,221.25,,,6.79,6.38,,,,,1.611,1.609,,1.611,1.609,
2025/11/27 00:00,2.62,2.17,1.96,,8.62,7.97,8.01,,213.679993,220.759995,224.660004,,6.77,6.39,,,,,1.627,1.614,,1.627,1.614,
2025/11/27 00:00,2.62,2.2,1.96,,8.63,7.97,8.01,,213.679993,221,224.419998,,6.74,6.36,,,,,1.629,1.61,,1.629,1.61,
2025/11/27 00:00,2.62,2.19,1.96,,8.62,7.97,8.01,,213.679993,221,224.179993,,6.8,6.36,,,,,1.622,1.616,,1.622,1.616,
2025/11/27 00:00,2.62,2.17,1.96,,8.62,7.97,8.01,,213.679993,220.759995,223.929993,,6.74,6.37,,,,,1.62,1.612,,1.62,1.612,
2025/11/27 00:00,2.62,2.15,,,8.61,7.98,,7.99,213.919998,221,,,6.79,6.35,,,,,1.628,,,1.628,,
2025/11/27 00:00,2.62,2.13,,1.68,8.62,7.97,,7.98,213.919998,221.25,,224.660004,6.83,,,,,,1.635,,1.604,1.635,,1.604
2025/11/27 00:00,2.62,2.14,,1.68,8.61,7.97,,7.98,213.679993,221.25,,224.660004,6.81,,6.25,,,,1.629,,1.6,1.629,,1.6
2025/11/27 00:00,2.63,2.15,,1.69,8.61,7.98,,7.98,213.919998,221,,224.419998,6.8,,6.27,,,,1.623,,1.594,1.623,,1.594
2025/11/27 00:00,2.62,2.14,,1.68,8.6,7.97,,7.98,213.919998,221.25,,224.419998,6.79,,6.18,,,,1.632,,1.601,1.632,,1.601
2025/11/27 00:00,2.61,2.15,,1.68,8.59,7.98,,7.97,213.919998,221,,224.419998,6.81,,6.21,,,,1.624,,1.596,1.624,,1.596
2025/11/27 00:00,2.61,2.14,1.95,,8.59,7.98,8.01,,213.919998,220.759995,,,6.78,,6.23,,,,1.627,,,1.627,,
2025/11/27 00:00,2.62,2.15,1.95,,8.57,7.97,8.01,,213.919998,221,223.440002,,6.79,6.38,,,,,1.624,1.619,,1.624,1.619,
2025/11/27 00:00,2.62,2.15,1.95,,8.58,7.98,8.01,,213.919998,220.759995,223.690002,,6.79,6.4,,,,,1.628,1.618,,1.628,1.618,
2025/11/27 00:00,2.61,2.15,1.96,,8.57,7.98,8.01,,213.679993,221,223.440002,,6.85,6.36,,,,,1.633,1.613,,1.633,1.613,
2025/11/27 00:00,2.62,2.15,1.96,,8.56,7.98,8,,213.679993,220.759995,223.440002,,6.8,6.37,,,,,1.623,1.615,,1.623,1.615,
2025/11/27 00:00,2.62,2.14,1.96,,8.56,7.98,8.01,,213.919998,221,223.440002,,6.8,6.35,,,,,1.625,1.617,,1.625,1.617,
2025/11/27 00:00,2.62,2.15,,,8.55,7.98,,7.98,213.919998,220.759995,,,6.81,6.39,,,,,1.632,,,1.632,,
2025/11/27 00:00,2.62,2.15,,1.69,8.56,7.97,,7.97,213.429993,220.759995,,223.929993,6.81,,,,,,1.624,,1.6,1.624,,1.6
2025/11/27 00:00,2.62,2.15,,1.69,8.54,7.97,,7.98,213.679993,221,,223.690002,6.83,,6.21,,,,1.634,,1.595,1.634,,1.595
2025/11/27 00:00,2.61,2.16,,1.69,8.54,7.98,,7.98,213.679993,221,,223.929993,6.82,,6.25,,,,1.622,,1.596,1.622,,1.596
2025/11/27 00:00,2.62,2.14,,1.69,8.53,7.98,,7.98,213.679993,220.759995,,223.929993,6.83,,6.23,,,,1.622,,1.595,1.622,,1.595
2025/11/27 00:00,2.61,2.16,,1.69,8.53,7.98,,7.98,213.679993,220.759995,,223.929993,6.83,,6.19,,,,1.62,,1.602,1.62,,1.602
2025/11/27 00:00,2.62,2.16,,,8.52,7.98,8.01,,213.679993,221,,,6.82,,6.21,,,,1.62,,,1.62,,
2025/11/27 00:00,2.61,2.15,1.96,,8.52,7.98,8.01,,213.919998,221,223.440002,,6.81,6.4,,,,,1.634,1.615,,1.634,1.615,
2025/11/27 00:00,2.6,2.16,1.96,,8.51,7.98,8,,213.679993,220.759995,223.199997,,6.82,6.37,,,,,1.619,1.621,,1.619,1.621,
2025/11/27 00:00,2.61,2.14,1.96,,8.49,7.98,8,,213.679993,221,223.199997,,6.8,6.39,,,,,1.619,1.619,,1.619,1.619,
2025/11/27 00:00,2.61,2.15,1.96,,8.5,7.98,8.01,,213.679993,221,223.690002,,6.83,6.35,,,,,1.624,1.615,,1.624,1.615,
2025/11/27 00:00,2.61,2.16,1.97,,8.48,7.98,8.01,,213.919998,221.25,223.199997,,6.78,6.35,,,,,1.616,1.621,,1.616,1.621,
2025/11/27 00:00,2.61,2.15,,,8.48,7.98,,7.98,213.919998,220.759995,,,6.82,6.37,,,,,1.621,,,1.621,,
2025/11/27 00:00,2.6,2.16,,1.7,8.46,7.99,,7.98,213.679993,221.25,,224.419998,6.82,,6.25,,,,1.625,,1.59,1.625,,1.59
2025/11/27 00:00,2.59,2.14,,1.69,8.46,7.98,,7.98,213.919998,221,,223.690002,6.78,,6.22,,,,1.623,,1.601,1.623,,1.601
2025/11/27 00:00,2.59,2.18,,1.69,8.45,7.98,,7.98,213.919998,221,,223.929993,6.78,,6.21,,,,1.622,,1.599,1.622,,1.599
2025/11/27 00:00,2.59,2.19,,1.68,8.43,7.98,,7.98,213.429993,221.25,,223.929993,6.8,,6.21,,,,1.622,,1.594,1.622,,1.594
2025/11/27 00:00,2.59,2.18,,1.68,8.43,7.98,,7.98,213.919998,221,,224.419998,6.8,,6.24,,,,1.626,,1.601,1.626,,1.601
2025/11/27 00:00,2.57,2.17,,,8.41,7.99,8.01,,213.919998,221,,,6.79,,6.22,,,,1.623,,,1.623,,
2025/11/27 00:00,2.56,2.14,1.96,,8.4,7.98,8,,214.160004,221,224.419998,,6.8,6.44,,,,,1.628,1.611,,1.628,1.611,
2025/11/27 00:00,2.57,2.14,1.96,,8.4,7.98,8,,213.919998,221.25,224.419998,,6.77,6.34,,,,,1.623,1.616,,1.623,1.616,
2025/11/27 00:00,2.56,2.15,1.96,,8.39,7.98,8,,213.919998,221,224.419998,,6.76,6.39,,,,,1.633,1.617,,1.633,1.617,
2025/11/27 00:00,2.58,2.15,1.96,,8.38,7.98,8,,213.919998,221,224.179993,,6.79,6.39,,,,,1.617,1.619,,1.617,1.619,
2025/11/27 00:00,2.55,2.15,1.96,,8.37,7.98,8.01,,213.919998,220.759995,224.419998,,6.8,6.38,,,,,1.629,1.613,,1.629,1.613,
2025/11/27 00:00,2.54,2.17,,,8.36,7.98,,7.99,213.919998,221,,,6.82,6.34,,,,,1.629,,,1.629,,
2025/11/27 00:00,2.56,2.15,,1.69,8.34,7.98,,7.98,213.679993,221,,225.149994,6.78,,,,,,1.626,,1.594,1.626,,1.594
2025/11/27 00:00,2.53,2.16,,1.69,8.35,7.98,,7.98,213.919998,221,,224.910004,6.79,,6.27,,,,1.627,,1.596,1.627,,1.596
2025/11/27 00:00,2.52,2.17,,1.68,8.33,7.98,,7.98,213.919998,221,,224.660004,6.77,,6.26,,,,1.625,,1.592,1.625,,1.592
2025/11/27 00:00,2.54,2.16,,1.68,8.31,7.98,,7.99,213.919998,221,,225.149994,6.82,,6.25,,,,1.616,,1.593,1.616,,1.593
2025/11/27 00:00,2.5,2.17,,1.68,8.28,7.98,,7.98,213.919998,221.25,,224.660004,6.78,,6.21,,,,1.623,,1.596,1.623,,1.596
2025/11/27 00:00,2.4,2.15,,,8.26,7.98,8.01,,213.679993,221,,,6.79,,6.26,,,,1.631,,,1.631,,
2025/11/27 00:00,2.49,2.16,1.96,,8.25,7.98,8.01,,213.429993,221,224.910004,,6.77,6.36,,,,,1.622,1.616,,1.622,1.616,
2025/11/27 00:00,2.51,2.16,1.96,,8.24,7.98,8.02,,213.679993,221,224.660004,,6.79,6.39,,,,,1.622,1.616,,1.622,1.616,
2025/11/27 00:00,2.51,2.17,1.96,,8.23,7.97,8.01,,213.429993,221.25,224.660004,,6.77,6.34,,,,,1.624,1.612,,1.624,1.612,
2025/11/27 00:00,2.46,2.17,1.97,,8.21,7.98,8.01,,213.679993,220.759995,224.910004,,6.78,6.36,,,,,1.613,1.618,,1.613,1.618,
2025/11/27 00:00,2.46,2.15,1.97,,8.19,7.98,8.01,,213.679993,220.759995,224.419998,,6.77,6.36,,,,,1.627,1.613,,1.627,1.613,
2025/11/27 00:00,2.48,2.16,,,8.17,7.97,,7.99,213.679993,221.25,,,6.79,6.36,,,,,1.621,,,1.621,,
2025/11/27 00:00,2.42,2.16,,1.69,8.16,7.98,,7.98,213.679993,221.25,,225.149994,6.75,,6.29,,,,1.622,,1.595,1.622,,1.595
2025/11/27 00:00,2.42,2.16,,1.68,8.14,7.98,,7.99,213.679993,220.759995,,224.910004,6.74,,6.24,,,,1.626,,1.6,1.626,,1.6
2025/11/27 00:00,2.42,2.16,,1.68,8.12,7.97,,7.98,213.919998,221,,225.399994,6.76,,6.25,,,,1.622,,1.604,1.622,,1.604
2025/11/27 00:00,2.4,2.15,,1.68,8.1,7.97,,7.98,213.919998,220.759995,,224.660004,6.75,,6.22,,,,1.615,,1.601,1.615,,1.601
2025/11/27 00:00,2.41,2.15,,1.68,8.09,7.98,,7.99,213.919998,221,,225.149994,6.78,,6.25,,,,1.617,,1.595,1.617,,1.595
2025/11/27 00:00,2.44,2.17,,,8.07,7.98,8.02,,213.919998,221,,,6.76,,6.24,,,,1.625,,,1.625,,
2025/11/27 00:00,2.45,2.17,1.96,,8.06,7.97,8.02,,213.679993,220.759995,224.660004,,6.76,6.38,,,,,1.624,1.617,,1.624,1.617,
2025/11/27 00:00,2.33,2.16,1.97,,8.03,7.97,8.01,,214.410004,220.759995,224.910004,,6.73,6.38,,,,,1.629,1.611,,1.629,1.611,
2025/11/27 00:00,2.35,2.17,1.97,,8.02,7.97,8.01,,213.919998,221,224.179993,,6.7,6.32,,,,,1.623,1.607,,1.623,1.607,
2025/11/27 00:00,2.33,2.17,1.97,,8.01,7.96,8.02,,213.919998,221.25,223.929993,,6.74,6.35,,,,,1.623,1.615,,1.623,1.615,
2025/11/27 00:00,2.3,2.17,1.97,,7.99,7.96,8.02,,213.919998,221,224.179993,,6.75,6.35,,,,,1.626,1.612,,1.626,1.612,
2025/11/27 00:00,2.37,2.16,,,7.98,7.96,,7.98,213.919998,221,,,6.73,,,,,,1.617,,,1.617,,
2025/11/27 00:00,2.51,2.15,,1.69,,7.96,,7.98,,221,,224.419998,6.73,,6.26,,,,1.623,,1.6,1.623,,1.6
2025/11/27 00:00,0.74,2.14,,1.69,,7.96,,7.98,,220.759995,,224.660004,6.72,,6.26,,,,1.623,,1.595,1.623,,1.595
2025/11/27 00:00,0.37,2.14,,1.69,,7.96,,7.98,,221,,224.179993,6.73,,6.21,,,,1.622,,1.595,1.622,,1.595
2025/11/27 00:00,0.33,2.15,,1.7,,7.96,,7.98,,221,,224.179993,6.78,,6.17,,,,1.625,,1.601,1.625,,1.601
2025/11/27 00:00,0.39,2.15,,1.7,,7.97,,7.98,,221,,224.179993,6.73,,6.16,,,,1.618,,1.598,1.618,,1.598
2025/11/27 00:00,1.56,2.15,,,,7.97,8.01,,,221,,,6.75,,6.17,,,,1.627,,,1.627,,
2025/11/27 00:00,2.76,2.16,1.97,,,7.96,8.01,,,221,223.690002,,6.74,6.38,,,,,1.626,1.613,,1.626,1.613,
2025/11/27 00:00,2.71,2.16,1.97,,,7.96,8.01,,,221.25,223.199997,,6.74,6.34,,,,,1.621,1.61,,1.621,1.61,
2025/11/27 00:00,2.6,2.16,1.97,,,7.96,8.01,,,221,223.690002,,6.78,6.33,,,,,1.616,1.615,,1.616,1.615,
2025/11/27 00:00,2.65,2.16,1.97,,8.66,7.96,8.01,,213.919998,221,223.199997,,6.74,6.36,,,,,1.62,1.616,,1.62,1.616,
2025/11/27 00:00,2.64,2.15,1.97,,8.65,7.96,8.01,,214.410004,221,223.199997,,6.73,6.31,,,,,1.622,1.612,,1.622,1.612,
2025/11/27 00:00,2.64,2.17,,,8.64,7.98,,7.99,213.919998,221,,,6.76,6.32,,,,,1.615,,,1.615,,
2025/11/27 00:00,2.64,2.13,,,8.64,7.97,,7.98,213.919998,221,,224.419998,6.73,,,,,,1.625,,1.597,1.625,,1.597
2025/11/27 00:00,2.63,2.15,,1.69,8.64,7.97,,7.98,213.679993,221,,224.179993,6.8,,6.18,,,,1.623,,1.587,1.623,,1.587
2025/11/27 00:00,2.63,2.17,,1.67,8.63,7.98,,7.98,213.919998,221,,224.660004,6.77,,6.14,,,,1.617,,1.595,1.617,,1.595
2025/11/27 00:00,2.63,2.17,,1.66,8.63,7.97,,7.97,213.679993,221.25,,223.929993,6.79,,6.15,,,,1.623,,1.597,1.623,,1.597
2025/11/27 00:00,2.63,2.18,,1.67,8.63,7.98,,7.98,213.919998,221,,224.419998,6.71,,6.15,,,,1.619,,1.6,1.619,,1.6
2025/11/27 00:00,2.63,2.15,,,8.63,7.98,8.02,,214.160004,221,,,6.77,,6.15,,,,1.62,,,1.62,,
2025/11/27 00:00,2.62,2.16,1.94,,8.62,7.98,8.02,,213.679993,221,222.949997,,6.78,6.35,,,,,1.624,1.608,,1.624,1.608,
2025/11/27 00:00,2.63,2.17,1.95,,8.62,7.98,8.01,,213.679993,221,223.690002,,6.74,6.33,,,,,1.609,1.613,,1.609,1.613,
2025/11/27 00:00,2.63,2.17,1.95,,8.61,7.98,8.01,,213.919998,221,222.949997,,6.77,6.35,,,,,1.621,1.609,,1.621,1.609,
2025/11/27 00:00,2.62,2.16,1.95,,8.61,7.99,8.01,,213.919998,221.25,223.199997,,6.75,6.35,,,,,1.625,1.619,,1.625,1.619,
2025/11/27 00:00,2.63,2.15,1.94,,8.61,7.98,8.01,,213.919998,221,223.690002,,6.78,6.37,,,,,1.618,1.621,,1.618,1.621,
2025/11/27 00:00,2.63,2.16,,,8.61,7.98,,7.98,213.679993,221.25,,,6.76,,,,,,1.625,,,1.625,,
2025/11/27 00:00,2.63,2.17,,,8.59,7.98,,7.98,213.919998,221,,224.179993,6.77,,,,,,1.622,,1.595,1.622,,1.595
2025/11/27 00:00,2.63,2.17,,,8.59,7.98,,7.98,213.919998,221,,224.419998,6.79,,6.21,,,,1.616,,1.596,1.616,,1.596
2025/11/27 00:00,2.63,2.15,,,8.58,7.99,,7.98,213.679993,220.759995,,223.929993,6.79,,6.18,,,,1.627,,1.591,1.627,,1.591
2025/11/27 00:00,2.63,2.18,,,8.58,7.98,,7.99,213.679993,221,,224.179993,6.78,,6.17,,,,1.619,,1.6,1.619,,1.6
2025/11/27 00:00,2.63,2.18,,,8.57,7.99,,7.98,213.679993,220.759995,,223.929993,6.79,,6.18,,,,1.617,,1.594,1.617,,1.594
2025/11/27 00:00,2.62,2.2,,,8.56,7.98,8.02,,213.429993,221,,,6.73,,6.18,,,,1.625,,,1.625,,
2025/11/27 00:00,2.62,2.2,,,8.56,7.98,8.01,,213.919998,221,223.929993,,6.79,6.32,,,,,1.62,1.615,,1.62,1.615,
2025/11/27 00:00,2.62,2.19,,,8.56,7.98,8.01,,213.679993,221,223.929993,,6.75,6.32,,,,,1.625,1.615,,1.625,1.615,
2025/11/27 00:00,2.61,2.19,,,8.56,7.99,8.01,,213.429993,220.759995,223.929993,,6.72,6.34,,,,,1.618,1.615,,1.618,1.615,
2025/11/27 00:00,2.6,2.16,,,8.55,7.98,8.01,,213.679993,221,224.179993,,6.75,6.35,,,,,1.615,1.612,,1.615,1.612,
2025/11/27 00:00,2.61,2.17,,,8.55,7.99,8.02,,213.679993,221,224.179993,,6.76,6.3,,,,,1.628,1.612,,1.628,1.612,
2025/11/27 00:00,2.61,2.17,,,8.55,7.98,,7.99,213.429993,221,,,6.74,,,,,,1.622,,,1.622,,
2025/11/27 00:00,2.6,2.15,,,8.54,7.99,,7.99,213.679993,221.25,,225.399994,6.75,,6.23,,,,1.626,,1.597,1.626,,1.597
2025/11/27 00:00,2.61,2.15,,,8.54,7.99,,7.98,213.679993,220.759995,,224.910004,6.73,,6.27,,,,1.618,,1.6,1.618,,1.6
2025/11/27 00:00,2.61,2.14,,,8.53,7.99,,7.98,213.429993,221,,225.399994,6.74,,6.22,,,,1.618,,1.603,1.618,,1.603
2025/11/27 00:00,2.61,2.14,,,8.52,7.98,,7.98,213.429993,221.25,,224.910004,6.74,,6.2,,,,1.62,,1.602,1.62,,1.602
2025/11/27 00:00,2.61,2.15,,,8.52,7.99,,7.99,213.190002,221,,225.399994,6.75,,6.23,,,,1.615,,1.593,1.615,,1.593
2025/11/27 00:00,2.61,2.16,,,8.51,7.99,8.02,,213.429993,221,,,6.74,,6.24,,,,1.623,,,1.623,,
2025/11/27 00:00,2.6,2.16,,,8.5,7.99,8.02,,213.679993,221.25,224.419998,,6.75,6.35,,,,,1.616,1.613,,1.616,1.613,
2025/11/27 00:00,2.59,2.14,,,8.5,7.98,8.02,,213.919998,221.490005,224.419998,,6.74,6.35,,,,,1.62,1.616,,1.62,1.616,
2025/11/27 00:00,2.6,2.15,,,8.49,7.98,8.02,,213.919998,221,224.660004,,6.73,6.38,,,,,1.618,1.619,,1.618,1.619,
2025/11/27 00:00,2.6,2.15,,,8.48,7.99,8.02,,213.429993,221,224.419998,,6.76,6.43,,,,,1.617,1.614,,1.617,1.614,
2025/11/27 00:00,2.61,2.16,1.94,,8.47,7.98,8.01,,213.679993,221,224.660004,,6.81,6.37,,,,,1.621,1.61,,1.621,1.61,
2025/11/27 00:00,2.6,2.15,,,8.47,7.98,,7.99,213.919998,221,,,6.79,6.35,,,,,1.623,,,1.623,,
2025/11/27 00:00,2.58,2.16,,1.67,8.45,7.99,,7.99,213.679993,221,,225.149994,6.76,,6.23,,,,1.626,,1.597,1.626,,1.597
2025/11/27 00:00,2.58,2.14,,1.66,8.45,7.99,,7.99,213.919998,220.759995,,225.639999,6.78,,6.29,,,,1.624,,1.598,1.624,,1.598
2025/11/27 00:00,2.58,2.16,,1.67,8.44,7.99,,7.99,213.919998,221,,225.399994,6.74,,6.26,,,,1.616,,1.599,1.616,,1.599
2025/11/27 00:00,2.58,2.17,,,8.44,7.98,,7.99,213.919998,221,,225.399994,6.75,,6.21,,,,1.62,,1.594,1.62,,1.594
2025/11/27 00:00,2.57,2.16,,1.66,8.43,7.98,,7.99,213.919998,220.759995,,225.399994,6.79,,6.24,,,,1.622,,1.598,1.622,,1.598
2025/11/27 00:00,2.57,2.16,,,8.42,7.99,8.02,,214.160004,221,,,6.75,,6.25,,,,1.622,,,1.622,,
2025/11/27 00:00,2.59,2.16,1.93,,8.4,7.99,8.01,,213.919998,221.25,224.660004,,6.74,6.37,,,,,1.627,1.614,,1.627,1.614,
2025/11/27 00:00,2.56,2.18,,,8.39,7.99,8.02,,213.679993,221.25,224.419998,,6.76,6.38,,,,,1.622,1.612,,1.622,1.612,
2025/11/27 00:00,2.56,2.19,1.94,,8.39,7.99,8.01,,213.679993,221,224.910004,,6.74,6.34,,,,,1.618,1.612,,1.618,1.612,
2025/11/27 00:00,2.58,2.2,1.95,,8.37,7.98,8.02,,213.190002,220.759995,223.690002,,6.73,6.29,,,,,1.618,1.609,,1.618,1.609,
2025/11/27 00:00,2.53,2.17,1.95,,8.36,7.98,8.02,,213.679993,221,223.929993,,6.73,6.3,,,,,1.615,1.613,,1.615,1.613,
2025/11/27 00:00,2.54,2.15,,,8.36,7.98,,7.99,213.429993,221,,,6.73,6.32,,,,,1.618,,,1.618,,
2025/11/27 00:00,2.54,2.13,,,8.35,7.98,,7.98,213.679993,221,,,6.76,,,,,,1.625,,1.598,1.625,,1.598
2025/11/27 00:00,2.56,2.15,,,8.34,7.98,,7.99,213.919998,221,,224.419998,6.77,,6.2,,,,1.617,,1.592,1.617,,1.592
2025/11/27 00:00,2.56,2.15,,,8.33,7.98,,7.98,213.679993,221.25,,224.910004,6.76,,6.18,,,,1.626,,1.591,1.626,,1.591
2025/11/27 00:00,2.54,2.15,,,8.31,7.98,,7.99,213.679993,221,,224.179993,6.72,,6.19,,,,1.613,,1.597,1.613,,1.597
2025/11/27 00:00,2.48,2.16,,,8.29,7.98,,7.98,213.919998,220.759995,,224.419998,6.79,,6.19,,,,1.621,,1.59,1.621,,1.59
2025/11/27 00:00,2.51,2.15,,,8.28,7.98,8.02,,213.919998,221,,,6.77,,6.19,,,,1.621,,,1.621,,
2025/11/27 00:00,2.46,2.16,,,8.27,7.98,8.02,,213.679993,221,,,6.78,6.41,,,,,1.615,1.609,,1.615,1.609,
2025/11/27 00:00,2.5,2.16,,,8.26,7.98,8.02,,213.919998,221,223.690002,,6.73,6.35,,,,,1.62,1.611,,1.62,1.611,
2025/11/27 00:00,2.49,2.17,,,8.24,7.97,8.02,,213.919998,221,223.690002,,6.75,6.34,,,,,1.619,1.619,,1.619,1.619,
2025/11/27 00:00,2.46,2.18,,,8.22,7.97,8.02,,213.679993,221,223.690002,,6.77,6.35,,,,,1.618,1.612,,1.618,1.612,
2025/11/27 00:00,2.44,2.18,,,8.21,7.98,8.02,,213.919998,221,223.440002,,6.74,6.33,,,,,1.621,1.612,,1.621,1.612,
2025/11/27 00:00,2.34,2.19,,,8.19,7.97,,7.99,213.919998,221,,,6.72,6.34,,,,,1.616,,,1.616,,
2025/11/27 00:00,2.45,2.2,,1.68,8.18,7.97,,7.98,213.919998,220.759995,,224.179993,6.75,,6.22,,,,1.62,,1.59,1.62,,1.59
2025/11/27 00:00,2.46,2.18,,1.68,8.16,7.96,,7.98,213.679993,221.25,,224.179993,6.73,,6.17,,,,1.621,,1.591,1.621,,1.591
2025/11/27 00:00,2.37,2.17,,1.69,8.14,7.97,,7.98,213.919998,220.759995,,224.419998,6.75,,6.13,,,,1.621,,1.592,1.621,,1.592
2025/11/27 00:00,2.34,2.15,,1.68,8.12,7.96,,7.98,213.919998,221.25,,223.929993,6.74,,6.14,,,,1.619,,1.598,1.619,,1.598
2025/11/27 00:00,2.41,2.15,,1.68,8.12,7.96,,7.98,213.679993,221,,224.179993,6.78,,6.17,,,,1.623,,1.596,1.623,,1.596
2025/11/27 00:00,2.35,2.16,,,8.09,7.97,8.02,,213.919998,221,,,6.8,,6.16,,,,1.618,,,1.618,,
2025/11/27 00:00,2.27,2.16,1.95,,8.08,7.97,8.01,,213.919998,221,223.440002,,6.76,6.3,,,,,1.616,1.618,,1.616,1.618,
2025/11/27 00:00,2.37,2.15,1.95,,8.06,7.97,8.02,,213.919998,221,222.949997,,6.77,6.33,,,,,1.619,1.616,,1.619,1.616,
2025/11/27 00:00,2.29,2.16,1.96,,8.03,7.96,8.02,,213.919998,221,223.440002,,6.72,6.32,,,,,1.619,1.608,,1.619,1.608,
2025/11/27 00:00,2.24,2.15,1.97,,8.02,7.97,8.02,,213.919998,221,223.440002,,6.73,6.31,,,,,1.63,1.606,,1.63,1.606,
2025/11/27 00:00,2.28,2.17,1.96,,8.01,7.97,8.02,,213.429993,221,222.949997,,6.76,6.32,,,,,1.62,1.607,,1.62,1.607,
2025/11/27 00:00,2.26,2.17,,,8,7.96,,7.99,213.679993,221.25,,,6.75,6.33,,,,,1.626,,,1.626,,
2025/11/27 00:00,2.31,2.16,,1.68,7.98,7.96,,7.99,213.429993,221,,,6.8,,6.19,,,,1.618,,1.595,1.618,,1.595
2025/11/27 00:00,1.23,2.17,,1.68,,7.96,,7.98,,221,,224.419998,6.75,,6.19,,,,1.615,,1.595,1.615,,1.595
2025/11/27 00:00,0.43,2.15,,1.67,,7.96,,7.99,,221.25,,224.179993,6.71,,6.19,,,,1.621,,1.597,1.621,,1.597
2025/11/27 00:00,0.35,2.16,,1.67,,7.96,,7.99,,221,,223.929993,6.77,,6.16,,,,1.619,,1.592,1.619,,1.592
2025/11/27 00:00,0.31,2.19,,1.66,,7.96,,7.98,,220.759995,,224.179993,6.75,,6.16,,,,1.62,,1.593,1.62,,1.593
2025/11/27 00:00,1.14,2.19,,,,7.96,8.02,,,220.759995,,,6.73,,6.19,,,,1.627,,,1.627,,
2025/11/27 00:00,2.44,2.19,1.96,,,7.95,8.01,,,220.759995,224.419998,,6.71,,,,,,1.621,1.615,,1.621,1.615,
2025/11/27 00:00,2.73,2.18,1.95,,,7.95,8.01,,,220.759995,223.929993,,6.72,6.33,,,,,1.619,1.607,,1.619,1.607,
2025/11/27 00:00,2.6,2.17,1.95,,,7.95,8.01,,,221,224.179993,,6.72,6.33,,,,,1.618,1.609,,1.618,1.609,
2025/11/27 00:00,2.62,2.16,1.95,,,7.96,8.01,,,221.25,224.419998,,6.77,6.32,,,,,1.618,1.609,,1.618,1.609,
2025/11/27 00:00,2.66,2.15,1.95,,8.64,7.95,8.01,,214.649994,220.759995,224.660004,,6.72,6.33,,,,,1.626,1.608,,1.626,1.608,
2025/11/27 00:00,2.65,2.16,,1.68,8.64,7.97,,,214.410004,220.759995,,,6.72,6.37,,,,,1.618,,,1.618,,
2025/11/27 00:00,2.65,2.12,,1.69,8.63,7.97,,7.99,214.410004,221.490005,,225.639999,6.74,,,,,,1.625,,1.593,1.625,,1.593
2025/11/27 00:00,2.65,2.13,,1.68,8.62,7.97,,7.99,214.410004,220.759995,,225.399994,6.75,,6.22,,,,1.618,,1.593,1.618,,1.593
2025/11/27 00:00,2.64,2.16,,1.68,8.63,7.97,,7.99,214.160004,221,,225.399994,6.78,,6.22,,,,1.622,,1.599,1.622,,1.599
2025/11/27 00:00,2.64,2.17,,1.68,8.63,7.97,,7.99,214.410004,221,,225.149994,6.74,,6.27,,,,1.615,,1.594,1.615,,1.594
2025/11/27 00:00,2.64,2.17,,1.68,8.62,7.97,,7.99,214.160004,221.729996,,225.639999,6.76,,6.21,,,,1.621,,1.599,1.621,,1.599
2025/11/27 00:00,2.65,2.16,,,8.61,7.98,8.02,,214.160004,221.490005,,,6.76,,6.23,,,,1.624,,,1.624,,
2025/11/27 00:00,2.65,2.17,1.95,,8.61,7.98,8.02,,214.410004,221,,,6.71,6.34,,,,,1.621,1.608,,1.621,1.608,
2025/11/27 00:00,2.67,2.2,1.96,,8.6,7.97,8.01,,214.160004,220.759995,224.419998,,6.76,6.31,,,,,1.619,1.608,,1.619,1.608,
2025/11/27 00:00,2.66,2.2,1.96,,8.61,7.97,8.01,,214.160004,221,224.660004,,6.74,6.34,,,,,1.619,1.61,,1.619,1.61,
2025/11/27 00:00,2.65,2.2,1.97,,8.6,7.98,8.01,,213.919998,221,224.419998,,6.74,6.3,,,,,1.626,1.611,,1.626,1.611,
2025/11/27 00:00,2.64,2.19,1.96,,8.59,7.98,8.01,,213.919998,221.490005,224.419998,,6.7,6.33,,,,,1.628,1.604,,1.628,1.604,
2025/11/27 00:00,2.63,2.18,,1.68,8.59,7.97,,,213.919998,220.759995,,,6.74,6.31,,,,,1.618,,,1.618,,
2025/11/27 00:00,2.64,2.19,,1.68,8.58,7.97,,7.99,213.919998,221,,,6.75,,,,,,1.621,,1.592,1.621,,1.592
2025/11/27 00:00,2.63,2.17,,1.68,8.58,7.98,,7.99,213.679993,221,,225.399994,6.78,,6.2,,,,1.625,,1.595,1.625,,1.595
2025/11/28 00:00,2.63,2.16,,1.68,8.58,7.98,,7.99,213.679993,220.759995,,225.149994,6.8,,6.17,,,,1.625,,1.595,1.625,,1.595
2025/11/28 00:00,2.63,2.16,,1.68,8.57,7.98,,7.99,213.679993,221.25,,225.639999,6.74,,6.2,,,,1.621,,1.593,1.621,,1.593
2025/11/28 00:00,2.63,2.15,,1.67,8.57,7.98,,7.99,213.679993,220.759995,,225.149994,6.78,,6.22,,,,1.627,,1.589,1.627,,1.589
2025/11/28 00:00,2.63,2.16,,,8.57,7.98,8.02,,213.429993,220.759995,,,6.79,,6.23,,,,1.626,,,1.626,,
2025/11/28 00:00,2.63,2.15,1.96,,8.57,7.97,8.02,,213.429993,220.759995,225.399994,,6.79,6.35,,,,,1.634,1.609,,1.634,1.609,
2025/11/28 00:00,2.63,2.15,1.96,,8.56,7.97,8.02,,213.679993,221.25,224.910004,,6.78,6.34,,,,,1.62,1.609,,1.62,1.609,
2025/11/28 00:00,2.62,2.16,1.96,,8.55,7.98,8.02,,214.160004,221.490005,225.639999,,6.79,6.32,,,,,1.62,1.609,,1.62,1.609,
2025/11/28 00:00,2.64,2.15,1.97,,8.55,7.98,8.02,,214.160004,221.25,224.910004,,6.79,6.33,,,,,1.624,1.61,,1.624,1.61,
2025/11/28 00:00,2.63,2.2,1.97,,8.54,7.97,8.02,,213.919998,221,224.419998,,6.76,6.32,,,,,1.622,1.603,,1.622,1.603,
2025/11/28 00:00,2.63,2.21,,,8.54,7.97,,,213.679993,221,,,6.78,,,,,,1.627,,,1.627,,
2025/11/28 00:00,2.64,2.2,,,8.53,7.97,,7.98,213.919998,221,,225.149994,6.77,,,,,,1.625,,1.59,1.625,,1.59
2025/11/28 00:00,2.63,2.2,,1.69,8.53,7.98,,7.99,213.919998,221,,224.910004,6.72,,6.18,,,,1.622,,1.596,1.622,,1.596
2025/11/28 00:00,2.63,2.18,,1.69,8.53,7.98,,7.99,213.429993,220.759995,,224.660004,6.77,,6.14,,,,1.631,,1.594,1.631,,1.594
2025/11/28 00:00,2.63,2.19,,1.69,8.51,7.97,,7.98,213.679993,220.509995,,224.660004,6.78,,6.15,,,,1.631,,1.59,1.631,,1.59
2025/11/28 00:00,2.64,2.19,,1.69,8.51,7.97,,7.98,213.679993,221,,224.660004,6.77,,6.13,,,,1.624,,1.594,1.624,,1.594
2025/11/28 00:00,2.63,2.16,,,8.51,7.98,8.02,,213.919998,220.759995,,,6.78,,6.1,,,,1.629,,,1.629,,
2025/11/28 00:00,2.62,2.16,1.97,,8.51,7.98,8.02,,213.679993,221,223.440002,,6.81,6.3,,,,,1.616,1.617,,1.616,1.617,
2025/11/28 00:00,2.63,2.14,1.97,,8.49,7.98,8.02,,213.919998,221,223.690002,,6.79,6.33,,,,,1.627,1.613,,1.627,1.613,
2025/11/28 00:00,2.63,2.15,1.97,,8.49,7.98,8.02,,213.679993,221,223.440002,,6.82,6.3,,,,,1.619,1.607,,1.619,1.607,
2025/11/28 00:00,2.62,2.16,1.97,,8.48,7.98,8.02,,213.679993,220.759995,223.690002,,6.86,6.31,,,,,1.627,1.608,,1.627,1.608,
2025/11/28 00:00,2.63,2.16,1.97,,8.48,7.98,8.02,,213.679993,221,223.440002,,6.8,6.32,,,,,1.629,1.61,,1.629,1.61,
2025/11/28 00:00,2.61,2.16,,,8.47,7.98,,,213.919998,221,,,6.84,6.33,,,,,1.621,,,1.621,,
2025/11/28 00:00,2.61,2.15,,,8.47,7.99,,7.98,213.679993,221.25,,224.419998,6.81,,,,,,1.628,,1.594,1.628,,1.594
2025/11/28 00:00,2.61,2.15,,1.69,8.45,7.99,,7.98,213.919998,221,,224.660004,6.79,,6.21,,,,1.632,,1.588,1.632,,1.588
2025/11/28 00:00,2.62,2.17,,1.69,8.44,7.98,,7.98,213.919998,221,,224.179993,6.85,,6.18,,,,1.633,,1.593,1.633,,1.593
2025/11/28 00:00,2.62,2.17,,1.69,8.44,7.98,,7.98,213.679993,221,,224.910004,6.8,,6.17,,,,1.627,,1.587,1.627,,1.587
2025/11/28 00:00,2.62,2.17,,1.69,8.43,7.98,,7.98,213.679993,221.25,,224.660004,6.87,,6.17,,,,1.633,,1.587,1.633,,1.587
2025/11/28 00:00,2.59,2.18,,,8.42,7.98,8.02,,213.919998,220.759995,,,6.84,,6.11,,,,1.628,,,1.628,,
2025/11/28 00:00,2.61,2.16,1.98,,8.41,7.99,8.02,,213.679993,221,223.690002,,6.84,6.35,,,,,1.616,1.608,,1.616,1.608,
2025/11/28 00:00,2.6,2.17,1.97,,8.4,7.99,8.02,,213.429993,221,223.690002,,6.83,6.35,,,,,1.63,1.607,,1.63,1.607,
2025/11/28 00:00,2.6,2.18,1.97,,8.4,7.98,8.02,,213.679993,220.759995,223.440002,,6.85,6.34,,,,,1.624,1.607,,1.624,1.607,
2025/11/28 00:00,2.59,2.17,1.98,,8.39,7.98,8.02,,213.679993,221,223.440002,,6.85,6.32,,,,,1.629,1.61,,1.629,1.61,
2025/11/28 00:00,2.58,2.18,1.98,,8.38,7.99,8.02,,213.919998,221,223.440002,,6.88,6.28,,,,,1.623,1.611,,1.623,1.611,
2025/11/28 00:00,2.57,2.15,,,8.38,7.98,,,213.679993,220.759995,,,6.79,6.34,,,,,1.626,,,1.626,,
2025/11/28 00:00,2.55,2.17,,1.7,8.38,7.98,,7.98,213.429993,221,,224.660004,6.89,,,,,,1.627,,1.588,1.627,,1.588
2025/11/28 00:00,2.59,2.18,,1.69,8.35,7.97,,7.99,213.679993,220.759995,,224.660004,6.9,,6.23,,,,1.636,,1.59,1.636,,1.59
2025/11/28 00:00,2.57,2.17,,1.7,8.35,7.98,,7.98,213.679993,220.759995,,224.910004,6.88,,6.19,,,,1.631,,1.597,1.631,,1.597
2025/11/28 00:00,2.57,2.17,,1.69,8.31,7.99,,7.99,214.160004,220.759995,,224.660004,6.84,,6.16,,,,1.621,,1.593,1.621,,1.593
2025/11/28 00:00,2.56,2.16,,1.69,8.3,7.98,,7.99,214.410004,221.490005,,224.660004,6.82,,6.14,,,,1.631,,1.596,1.631,,1.596
2025/11/28 00:00,2.54,2.21,,,8.29,7.98,8.02,,214.160004,220.759995,,,6.86,,6.13,,,,1.632,,,1.632,,
2025/11/28 00:00,2.56,2.22,1.98,,8.28,7.98,8.02,,214.160004,221.25,223.929993,,6.88,6.35,,,,,1.62,1.609,,1.62,1.609,
2025/11/28 00:00,2.52,2.21,1.98,,8.27,7.98,8.02,,214.160004,221.25,224.179993,,6.79,6.29,,,,,1.627,1.611,,1.627,1.611,
2025/11/28 00:00,2.5,2.21,1.98,,8.25,7.98,8.02,,213.679993,221,223.929993,,6.85,6.31,,,,,1.634,1.607,,1.634,1.607,
2025/11/28 00:00,2.49,2.17,1.98,,8.24,7.98,8.02,,213.679993,221,223.929993,,6.84,6.31,,,,,1.628,1.608,,1.628,1.608,
2025/11/28 00:00,2.45,2.18,1.98,,8.22,7.98,8.02,,213.919998,221,223.929993,,6.84,6.32,,,,,1.627,1.612,,1.627,1.612,
2025/11/28 00:00,2.49,2.17,,1.68,8.21,7.98,,,213.919998,221,,,6.86,6.36,,,,,1.633,,,1.633,,
2025/11/28 00:00,2.45,2.15,,1.7,8.19,7.98,,7.99,213.679993,221.490005,,225.149994,6.8,,,,,,1.626,,1.595,1.626,,1.595
2025/11/28 00:00,2.28,2.15,,1.69,8.17,7.98,,7.99,213.919998,221,,225.889999,6.86,,6.21,,,,1.634,,1.593,1.634,,1.593
2025/11/28 00:00,2.36,2.14,,1.67,8.15,7.98,,7.99,213.919998,221.25,,225.149994,6.88,,6.23,,,,1.619,,1.588,1.619,,1.588
2025/11/28 00:00,2.33,2.14,,1.68,8.14,7.98,,7.99,214.410004,221.490005,,225.639999,6.87,,6.24,,,,1.626,,1.591,1.626,,1.591
2025/11/28 00:00,2.34,2.16,,1.67,8.12,7.97,,7.99,214.410004,221.490005,,225.399994,6.86,,6.25,,,,1.625,,1.594,1.625,,1.594
2025/11/28 00:00,2.34,2.16,,,8.11,7.97,8.02,,213.919998,221.490005,224.419998,,6.84,,,,,,1.636,,,1.636,,
2025/11/28 00:00,2.31,2.16,1.97,,8.09,7.97,8.02,,214.410004,221.490005,225.149994,,6.87,6.33,,,,,1.631,1.608,,1.631,1.608,
2025/11/28 00:00,2.3,2.16,1.96,,8.07,7.98,8.02,,214.160004,221,224.910004,,6.83,6.35,,,,,1.636,1.611,,1.636,1.611,
2025/11/28 00:00,2.26,2.16,1.96,,8.05,7.98,8.02,,214.160004,221.25,224.910004,,6.87,6.33,,,,,1.626,1.614,,1.626,1.614,
2025/11/28 00:00,2.37,2.16,1.96,,8.03,7.98,8.02,,214.160004,221.25,225.149994,,6.9,6.36,,,,,1.629,1.615,,1.629,1.615,
2025/11/28 00:00,2.31,2.17,1.96,,8.01,7.98,8.02,,214.160004,221.490005,224.660004,,6.84,6.39,,,,,1.635,1.608,,1.635,1.608,
2025/11/28 00:00,2.2,2.17,,1.67,8,7.97,,,214.160004,221.25,,,6.85,6.36,,,,,1.63,,,1.63,,
2025/11/28 00:00,1.23,2.17,,1.68,,7.97,,8,,221.490005,,225.889999,6.83,,6.31,,,,1.626,,1.594,1.626,,1.594
2025/11/28 00:00,0.44,2.16,,1.68,,7.97,,8,,221.25,,225.149994,6.89,,6.18,,,,1.63,,1.597,1.63,,1.597
2025/11/28 00:00,0.35,2.17,,1.68,,7.96,,8,,221.25,,225.639999,6.86,,6.23,,,,1.634,,1.591,1.634,,1.591
2025/11/28 00:00,0.32,2.18,,1.68,,7.97,,8,,221.490005,,225.149994,6.91,,6.21,,,,1.628,,1.594,1.628,,1.594
2025/11/28 00:00,1.13,2.17,,1.68,,7.97,,8,,221.490005,,225.639999,6.89,,6.23,,,,1.623,,1.593,1.623,,1.593
2025/11/28 00:00,2.39,2.17,,,,7.96,8.03,,,221.25,,,6.91,,6.22,,,,1.622,,,1.622,,
2025/11/28 00:00,2.75,2.17,1.97,,,7.96,8.02,,,221.490005,225.149994,,6.88,6.36,,,,,1.628,1.614,,1.628,1.614,
2025/11/28 00:00,2.63,2.17,1.97,,,7.96,8.02,,,221.25,225.149994,,6.88,6.37,,,,,1.628,1.617,,1.628,1.617,
2025/11/28 00:00,2.63,2.16,1.97,,,7.96,8.03,,,221.729996,224.660004,,6.87,6.35,,,,,1.62,1.613,,1.62,1.613,
2025/11/28 00:00,2.67,2.16,1.98,,8.65,7.97,8.02,,215.139999,221.490005,225.149994,,6.87,6.36,,,,,1.64,1.612,,1.64,1.612,
2025/11/28 00:00,2.66,2.19,1.98,,8.65,7.98,8.03,,214.649994,221,224.910004,,6.82,6.32,,,,,1.631,1.619,,1.631,1.619,
2025/11/28 00:00,2.66,2.18,,1.7,8.65,7.98,,,214.649994,221.490005,,,6.79,6.34,,,,,1.63,,,1.63,,
2025/11/28 00:00,2.66,2.19,,1.7,8.65,7.98,,7.99,214.649994,221,,225.149994,6.86,,,,,,1.634,,1.59,1.634,,1.59
2025/11/28 00:00,2.65,2.2,,1.68,8.64,7.98,,7.99,214.649994,220.759995,,225.149994,6.85,,6.22,,,,1.638,,1.589,1.638,,1.589
2025/11/28 00:00,2.65,2.19,,1.68,8.64,7.97,,7.99,214.160004,221,,224.910004,6.91,,6.17,,,,1.633,,1.591,1.633,,1.591
2025/11/28 00:00,2.65,2.17,,1.68,8.64,7.97,,7.99,214.160004,221,,224.660004,6.85,,6.14,,,,1.634,,1.601,1.634,,1.601
2025/11/28 00:00,2.65,2.17,,1.68,8.63,7.98,,7.98,213.919998,221.490005,,224.910004,6.89,,6.16,,,,1.636,,1.593,1.636,,1.593
2025/11/28 00:00,2.66,2.15,,,8.64,7.98,8.02,,214.410004,221,,,6.89,,6.17,,,,1.631,,,1.631,,
2025/11/28 00:00,2.65,2.16,,,8.63,7.98,8.01,,213.919998,221,224.179993,,6.9,6.37,,,,,1.634,1.613,,1.634,1.613,
2025/11/28 00:00,2.65,2.16,1.97,,8.62,7.98,8.02,,213.919998,221,223.440002,,6.92,6.36,,,,,1.633,1.614,,1.633,1.614,
2025/11/28 00:00,2.66,2.16,1.97,,8.62,7.98,8.01,,213.919998,221.25,223.690002,,6.9,6.38,,,,,1.636,1.612,,1.636,1.612,
2025/11/28 00:00,2.64,2.16,1.97,,8.61,7.98,8.01,,214.160004,221.490005,224.179993,,6.9,6.33,,,,,1.627,1.609,,1.627,1.609,
2025/11/28 00:00,2.65,2.15,1.97,,8.61,7.98,8.01,,214.160004,221.25,223.440002,,6.89,6.36,,,,,1.636,1.616,,1.636,1.616,
2025/11/28 00:00,2.64,2.17,,,8.61,7.99,,,214.160004,221,,,6.91,6.33,,,,,1.63,,,1.63,,
2025/11/28 00:00,2.65,2.17,,,8.61,7.98,,7.99,213.919998,220.759995,,225.149994,6.96,,,,,,1.628,,1.592,1.628,,1.592
2025/11/28 00:00,2.64,2.17,,1.69,8.61,7.98,,7.99,214.160004,220.759995,,224.910004,6.96,,6.17,,,,1.636,,1.59,1.636,,1.59
2025/11/28 00:00,2.63,2.17,,1.69,8.59,7.99,,7.99,214.160004,220.759995,,224.910004,6.92,,6.2,,,,1.63,,1.586,1.63,,1.586
2025/11/28 00:00,2.64,2.16,,1.69,8.59,7.99,,7.99,214.410004,221.25,,224.419998,6.91,,6.16,,,,1.637,,1.587,1.637,,1.587
2025/11/28 00:00,2.64,2.17,,1.69,8.59,7.98,,7.98,213.919998,221,,224.419998,6.9,,6.15,,,,1.624,,1.59,1.624,,1.59
2025/11/28 00:00,2.64,2.18,,,8.58,7.98,8.03,,214.160004,221.25,,,6.94,,6.18,,,,1.632,,,1.632,,
2025/11/28 00:00,2.66,2.18,1.98,,8.58,7.98,8.02,,214.160004,221.490005,224.179993,,6.94,6.36,,,,,1.635,1.613,,1.635,1.613,
2025/11/28 00:00,2.64,2.18,1.98,,8.57,7.98,8.02,,214.410004,221.490005,224.179993,,6.91,6.33,,,,,1.632,1.61,,1.632,1.61,
2025/11/28 00:00,2.64,2.18,1.98,,8.57,7.99,8.02,,214.160004,221,223.440002,,6.91,6.35,,,,,1.632,1.61,,1.632,1.61,
2025/11/28 00:00,2.63,2.17,1.98,,8.57,7.99,8.02,,214.410004,220.759995,223.690002,,6.89,6.39,,,,,1.639,1.611,,1.639,1.611,
2025/11/28 00:00,2.64,2.19,1.98,,8.56,7.99,8.02,,214.160004,221.490005,223.690002,,6.92,6.37,,,,,1.628,1.615,,1.628,1.615,
2025/11/28 00:00,2.64,2.19,,,8.55,7.99,,,214.410004,221.25,,,6.96,6.35,,,,,1.63,,,1.63,,
2025/11/28 00:00,2.64,2.18,,,8.55,7.98,,7.99,214.160004,221.490005,,,6.94,,,,,,1.639,,1.588,1.639,,1.588
2025/11/28 00:00,2.63,2.18,,1.69,8.54,7.99,,7.99,214.410004,221.25,,224.419998,6.88,,6.24,,,,1.633,,1.592,1.633,,1.592
2025/11/28 00:00,2.63,2.17,,1.69,8.54,7.99,,7.99,214.410004,221.490005,,224.419998,6.9,,6.21,,,,1.631,,1.597,1.631,,1.597
2025/11/28 00:00,2.63,2.18,,1.69,8.54,7.99,,7.99,214.160004,221.490005,,224.419998,6.97,,6.2,,,,1.629,,1.588,1.629,,1.588
2025/11/28 00:00,2.64,2.18,,1.68,8.53,7.99,,7.99,214.160004,221.25,,224.419998,6.96,,6.18,,,,1.628,,1.592,1.628,,1.592
2025/11/28 00:00,2.63,2.19,,,8.53,7.98,8.02,,214.160004,221.490005,,,6.92,,6.18,,,,1.632,,,1.632,,
2025/11/28 00:00,2.63,2.22,1.99,,8.52,7.99,8.02,,213.919998,221,,,6.94,6.36,,,,,1.631,1.61,,1.631,1.61,
2025/11/28 00:00,2.63,2.2,1.98,,8.51,7.99,8.02,,214.160004,221.25,223.690002,,6.96,6.36,,,,,1.635,1.613,,1.635,1.613,
2025/11/28 00:00,2.63,2.2,1.98,,8.5,7.99,8.02,,213.919998,221.25,224.179993,,6.91,6.36,,,,,1.63,1.614,,1.63,1.614,
2025/11/28 00:00,2.62,2.19,1.98,,8.5,7.99,8.02,,214.160004,221,224.179993,,6.94,6.39,,,,,1.631,1.611,,1.631,1.611,
2025/11/28 00:00,2.62,2.18,1.98,,8.5,7.99,8.02,,214.160004,221.25,224.179993,,6.95,6.37,,,,,1.635,1.62,,1.635,1.62,
2025/11/28 00:00,2.6,2.17,,1.67,8.49,7.99,8.02,,214.160004,221.25,,,6.94,6.38,,,,,1.633,,,1.633,,
2025/11/28 00:00,2.61,2.16,,1.7,8.48,7.99,,8,214.160004,221.490005,,225.639999,6.91,,6.31,,,,1.63,,1.592,1.63,,1.592
2025/11/28 00:00,2.6,2.15,,1.69,8.46,7.99,,7.99,214.410004,221.25,,225.399994,6.95,,6.2,,,,1.641,,1.588,1.641,,1.588
2025/11/28 00:00,2.62,2.17,,1.68,8.46,7.99,,7.99,214.160004,221,,225.399994,6.96,,6.19,,,,1.628,,1.585,1.628,,1.585
2025/11/28 00:00,2.61,2.17,,1.66,8.45,7.99,,8,213.919998,221,,225.639999,6.95,,6.18,,,,1.637,,1.598,1.637,,1.598
2025/11/28 00:00,2.6,2.17,,1.67,8.44,7.99,,7.99,214.160004,221.490005,,225.639999,6.93,,6.24,,,,1.631,,1.587,1.631,,1.587
2025/11/28 00:00,2.57,2.18,,,8.44,7.99,8.03,,214.160004,221.490005,,,6.94,,6.26,,,,1.633,,,1.633,,
2025/11/28 00:00,2.59,2.17,1.98,,8.43,7.99,8.02,,214.410004,221.490005,225.149994,,6.98,6.38,,,,,1.63,1.616,,1.63,1.616,
2025/11/28 00:00,2.57,2.18,1.98,,8.42,7.99,8.02,,214.410004,221.25,225.149994,,6.99,6.39,,,,,1.641,1.614,,1.641,1.614,
2025/11/28 00:00,2.59,2.18,1.98,,8.41,7.99,8.02,,214.160004,221.490005,224.660004,,6.97,6.36,,,,,1.637,1.617,,1.637,1.617,
2025/11/28 00:00,2.59,2.18,1.98,,8.4,7.98,8.02,,214.410004,221.25,225.149994,,6.96,6.41,,,,,1.632,1.615,,1.632,1.615,
2025/11/28 00:00,2.55,2.19,1.98,,8.4,7.99,8.02,,214.160004,221.490005,225.149994,,6.97,6.37,,,,,1.639,1.609,,1.639,1.609,
2025/11/28 00:00,2.55,2.17,,,8.39,7.99,8.03,,214.410004,221.25,,,6.94,6.39,,,,,1.634,,,1.634,,
2025/11/28 00:00,2.56,2.18,,,8.39,7.99,,7.99,214.410004,221.25,,,6.92,,,,,,1.631,,1.59,1.631,,1.59
2025/11/28 00:00,2.55,2.18,,1.68,8.38,7.99,,8,214.649994,221.490005,,225.639999,7,,6.19,,,,1.638,,1.592,1.638,,1.592
2025/11/28 00:00,2.57,2.18,,1.68,8.37,7.99,,8,214.410004,221.25,,225.639999,6.96,,6.24,,,,1.641,,1.593,1.641,,1.593
2025/11/28 00:00,2.48,2.19,,,8.34,7.99,,8,214.160004,221.25,,225.399994,6.94,,6.19,,,,1.634,,1.593,1.634,,1.593
2025/11/28 00:00,2.5,2.17,,,8.32,7.99,,8,214.160004,221.490005,,226.130005,6.98,,6.24,,,,1.641,,1.593,1.641,,1.593
2025/11/28 00:00,2.51,2.18,,,8.31,7.99,8.03,,214.410004,221.490005,,,6.96,,6.2,,,,1.635,,,1.635,,
2025/11/28 00:00,2.5,2.19,1.93,,8.3,7.98,8.02,,214.410004,221.25,225.149994,,6.94,6.4,,,,,1.636,1.611,,1.636,1.611,
2025/11/28 00:00,2.52,2.19,1.95,,8.29,7.99,8.02,,214.410004,221.490005,224.910004,,6.94,6.41,,,,,1.63,1.616,,1.63,1.616,
2025/11/28 00:00,2.38,2.19,1.95,,8.27,7.99,8.02,,214.160004,221.490005,225.149994,,6.96,6.39,,,,,1.643,1.614,,1.643,1.614,
2025/11/28 00:00,2.43,2.17,1.96,,8.26,7.98,8.02,,214.649994,221.490005,225.149994,,6.97,6.41,,,,,1.632,1.614,,1.632,1.614,
2025/11/28 00:00,2.38,2.17,1.98,,8.24,7.98,8.02,,214.899994,221.729996,225.149994,,6.98,6.4,,,,,1.632,1.61,,1.632,1.61,
2025/11/28 00:00,2.46,2.21,,,8.23,7.98,8.02,,214.410004,221.490005,,,6.97,,,,,,1.636,,,1.636,,
2025/11/28 00:00,2.39,2.23,,,8.22,7.98,,7.99,214.160004,221.25,,225.399994,6.98,,,,,,1.633,,1.587,1.633,,1.587
2025/11/28 00:00,2.34,2.24,,1.67,8.19,7.99,,7.99,214.160004,221,,225.149994,6.94,,6.21,,,,1.634,,1.59,1.634,,1.59
2025/11/28 00:00,2.38,2.21,,,8.18,7.98,,7.99,214.160004,221.25,,224.419998,6.89,,6.16,,,,1.633,,1.589,1.633,,1.589
2025/11/28 00:00,2.39,2.21,,,8.17,7.98,,7.99,214.160004,221.25,,224.910004,6.91,,6.11,,,,1.63,,1.591,1.63,,1.591
2025/11/28 00:00,2.43,2.21,,,8.14,7.98,,7.98,214.410004,221,,224.419998,6.89,,6.12,,,,1.637,,1.586,1.637,,1.586
2025/11/28 00:00,2.25,2.19,,,8.14,7.98,8.03,,214.160004,221.25,,,6.9,,6.13,,,,1.637,,,1.637,,
2025/11/28 00:00,2.26,2.18,,,8.11,7.98,8.02,,214.410004,220.759995,223.690002,,6.89,,,,,,1.638,1.612,,1.638,1.612,
2025/11/28 00:00,2.29,2.17,,,8.11,7.97,8.02,,214.160004,221.490005,223.929993,,6.94,6.39,,,,,1.636,1.616,,1.636,1.616,
2025/11/28 00:00,2.19,2.17,,,8.09,7.97,8.02,,214.410004,221.25,223.440002,,6.99,6.41,,,,,1.64,1.613,,1.64,1.613,
2025/11/28 00:00,2.32,2.18,,,8.06,7.98,8.02,,214.160004,221.490005,223.440002,,6.92,6.35,,,,,1.639,1.613,,1.639,1.613,
2025/11/28 00:00,2.28,2.18,,,8.05,7.98,8.02,,214.160004,221.490005,223.929993,,6.95,6.37,,,,,1.643,1.615,,1.643,1.615,
2025/11/28 00:00,2.14,2.18,,,,7.98,8.02,,,221.25,,,6.95,6.38,,,,,1.638,,,1.638,,
2025/11/28 00:00,1.12,2.18,,,,7.97,,7.99,,221.490005,,,6.95,,,,,,1.637,,1.59,1.637,,1.59
2025/11/28 00:00,0.42,2.17,,1.67,,7.97,,7.99,,221.490005,,224.419998,6.96,,6.22,,,,1.635,,1.592,1.635,,1.592
2025/11/28 00:00,0.34,2.19,,1.67,,7.97,,7.99,,221.25,,224.660004,6.94,,6.14,,,,1.646,,1.59,1.646,,1.59
2025/11/28 00:00,0.31,2.19,,1.68,,7.97,,7.99,,221.490005,,224.419998,6.99,,6.17,,,,1.637,,1.595,1.637,,1.595
2025/11/28 00:00,1.16,2.19,,1.68,,7.96,,7.99,,221.25,,224.660004,6.98,,6.17,,,,1.628,,1.592,1.628,,1.592
2025/11/28 00:00,2.4,2.19,,,,7.96,8.03,,,221.490005,,,6.98,,6.13,,,,1.633,,,1.633,,
2025/11/28 00:00,2.77,2.19,1.98,,,7.96,8.01,,,221.490005,,,6.96,,,,,,1.638,1.612,,1.638,1.612,
2025/11/28 00:00,2.65,2.2,1.97,,,7.96,8.01,,,221,223.440002,,6.96,6.42,,,,,1.633,1.618,,1.633,1.618,
2025/11/28 00:00,2.63,2.21,1.97,,,7.96,8,,,221.729996,223.690002,,6.95,6.35,,,,,1.644,1.609,,1.644,1.609,
2025/11/28 00:00,2.69,2.2,1.97,,8.67,7.96,7.99,,214.899994,221.490005,223.440002,,6.97,6.36,,,,,1.632,1.616,,1.632,1.616,
2025/11/28 00:00,2.69,2.21,1.99,,8.66,7.97,7.99,,214.899994,221,223.690002,,6.92,6.32,,,,,1.633,1.614,,1.633,1.614,
2025/11/28 00:00,2.68,2.18,,,8.65,7.97,7.99,,214.410004,221.490005,,,6.95,6.32,,,,,1.633,,,1.633,,
2025/11/28 00:00,2.68,2.18,,1.71,8.65,7.97,,7.96,214.649994,221,,224.660004,6.95,,,,,,1.632,,1.593,1.632,,1.593
2025/11/28 00:00,2.67,2.21,,1.71,8.65,7.97,,7.96,214.410004,221.25,,223.929993,6.94,,6.18,,,,1.639,,1.596,1.639,,1.596
2025/11/28 00:00,2.67,2.21,,1.68,8.64,7.97,,7.96,214.649994,221.25,,223.690002,6.91,,6.2,,,,1.64,,1.596,1.64,,1.596
2025/11/28 00:00,2.68,2.2,,1.71,8.63,7.97,,7.97,214.410004,221,,,6.94,,6.18,,,,1.639,,1.597,1.639,,1.597
2025/11/28 00:00,2.67,2.2,,1.69,8.63,7.97,,7.96,214.649994,221.25,,225.399994,6.92,,6.06,,,,1.631,,1.589,1.631,,1.589
2025/11/28 00:00,2.67,2.18,,,8.62,7.96,8,,214.410004,221.25,,,6.92,,5.93,,,,1.632,,,1.632,,
2025/11/28 00:00,2.68,2.22,1.98,,8.62,7.97,7.97,,214.410004,221.490005,222.470001,,6.93,,,,,,1.633,1.62,,1.633,1.62,
2025/11/28 00:00,2.68,2.22,1.98,,8.61,7.96,7.97,,214.410004,221.729996,222.470001,,6.9,6.34,,,,,1.637,1.615,,1.637,1.615,
2025/11/28 00:00,2.68,2.22,1.98,,8.59,7.96,7.96,,214.410004,221.490005,222.470001,,6.91,6.35,,,,,1.641,1.617,,1.641,1.617,
2025/11/28 00:00,2.69,2.21,1.98,,8.59,7.97,7.96,,214.649994,221.490005,222.710007,,6.92,6.32,,,,,1.635,1.614,,1.635,1.614,
2025/11/28 00:00,2.68,2.19,1.98,,8.59,7.97,7.97,,214.410004,221.25,223.199997,,6.92,6.34,,,,,1.633,1.617,,1.633,1.617,
2025/11/28 00:00,2.68,2.21,,,8.58,7.96,8,,214.160004,221.490005,,,6.94,6.33,,,,,1.637,,,1.637,,
2025/11/28 00:00,2.68,2.21,,1.67,8.58,7.97,,,213.919998,221.25,,,6.91,,,,,,1.633,,1.589,1.633,,1.589
2025/11/28 00:00,2.69,2.21,,1.66,8.58,7.97,,7.98,214.649994,221,,223.690002,6.91,,6.22,,,,1.636,,1.587,1.636,,1.587
2025/11/28 00:00,2.68,2.2,,1.67,8.57,7.96,,7.97,214.160004,221.490005,,223.690002,6.88,,6.2,,,,1.645,,1.593,1.645,,1.593
2025/11/28 00:00,2.67,2.21,,1.67,8.57,7.96,,7.97,214.160004,221.490005,,223.690002,6.88,,6.23,,,,1.632,,1.596,1.632,,1.596
2025/11/28 00:00,2.67,2.21,,1.68,8.57,7.96,,7.96,214.160004,221.490005,,223.690002,6.91,,6.18,,,,1.638,,1.588,1.638,,1.588
2025/11/28 00:00,2.73,2.21,,,8.56,7.97,7.98,,214.160004,221.490005,,,6.88,,6.2,,,,1.644,,,1.644,,
2025/11/28 00:00,2.68,2.21,1.97,,8.56,7.97,7.97,,214.160004,221.490005,223.199997,,6.93,,,,,,1.637,1.615,,1.637,1.615,
2025/11/28 00:00,2.68,2.19,1.98,,8.55,7.97,7.98,,214.410004,221,222.710007,,6.93,6.37,,,,,1.636,1.617,,1.636,1.617,
2025/11/28 00:00,2.68,2.21,1.98,,8.54,7.96,7.97,,214.160004,221.490005,223.199997,,6.89,6.4,,,,,1.638,1.613,,1.638,1.613,
2025/11/28 00:00,2.68,2.21,1.98,,8.54,7.97,7.97,,214.160004,221.490005,222.949997,,6.9,6.39,,,,,1.637,1.617,,1.637,1.617,
2025/11/28 00:00,2.68,2.21,1.98,,8.53,7.96,7.97,,214.410004,221.490005,222.710007,,6.89,6.4,,,,,1.636,1.614,,1.636,1.614,
2025/11/28 00:00,2.67,2.21,,,8.52,7.96,,,214.410004,221.729996,,,6.91,,,,,,1.635,,1.59,1.635,,1.59
2025/11/28 00:00,2.68,2.2,,1.69,8.52,7.96,,7.95,213.919998,221.25,,,6.93,,,,,,1.635,,1.59,1.635,,1.59
2025/11/28 00:00,2.68,2.2,,1.68,8.51,7.96,,7.95,214.160004,221.25,,223.440002,6.94,,6.18,,,,1.638,,1.594,1.638,,1.594
2025/11/28 00:00,2.69,2.2,,1.68,8.5,7.96,,7.95,214.160004,221.25,,223.440002,6.9,,6.2,,,,1.643,,1.589,1.643,,1.589
2025/11/28 00:00,2.68,2.21,,1.68,8.49,7.95,,7.95,214.160004,221.490005,,223.440002,6.9,,6.22,,,,1.643,,1.594,1.643,,1.594
2025/11/28 00:00,2.67,2.21,,1.68,8.48,7.96,,7.95,214.649994,221.490005,,223.440002,6.93,,6.15,,,,1.642,,1.591,1.642,,1.591
2025/11/28 00:00,2.68,2.19,,1.69,8.46,7.96,7.97,,213.919998,221.25,,,6.93,,6.17,,,,1.631,1.619,,1.631,1.619,
2025/11/28 00:00,2.68,2.19,1.99,,8.45,7.96,7.96,,214.410004,221.729996,,,6.9,,,,,,1.626,1.622,,1.626,1.622,
2025/11/28 00:00,2.68,2.15,1.99,,8.44,7.96,7.96,,214.410004,221.729996,222.470001,,6.92,6.36,,,,,1.641,1.611,,1.641,1.611,
2025/11/28 00:00,2.68,2.13,1.98,,8.43,7.96,7.95,,214.899994,222.220001,222.710007,,6.92,6.36,,,,,1.641,1.612,,1.641,1.612,
2025/11/28 00:00,2.68,2.12,1.99,,8.42,7.96,7.95,,214.899994,222.470001,222.949997,,6.97,6.35,,,,,1.643,1.621,,1.643,1.621,
2025/11/28 00:00,2.68,2.13,1.99,,8.4,7.96,7.95,,214.899994,222.220001,222.949997,,6.93,6.35,,,,,1.644,1.613,,1.644,1.613,
2025/11/28 00:00,2.69,2.12,,,8.39,7.96,,,214.899994,222.220001,,,6.96,6.36,,,,,1.64,,,1.64,,
2025/11/28 00:00,2.7,2.17,,1.7,8.37,7.95,,7.94,214.899994,221.979996,,,6.93,,,,,,1.64,,1.588,1.64,,1.588
2025/11/28 00:00,2.69,2.19,,1.7,8.36,7.96,,7.93,214.899994,222.220001,,223.690002,6.92,,6.18,,,,1.636,,1.589,1.636,,1.589
2025/11/28 00:00,2.7,2.2,,1.7,8.35,7.95,,7.93,214.899994,222.220001,,223.440002,6.94,,6.13,,,,1.643,,1.586,1.643,,1.586
2025/11/28 00:00,2.69,2.22,,1.69,8.34,7.95,,7.92,214.899994,222.470001,,223.199997,6.92,,6.07,,,,1.643,,1.585,1.643,,1.585
2025/11/28 00:00,2.69,2.21,,1.7,8.32,7.95,,7.92,215.380005,222.220001,,223.199997,6.88,,6.06,,,,1.635,,1.591,1.635,,1.591
2025/11/28 00:00,2.69,2.21,,1.69,8.31,7.95,7.96,,214.899994,222.220001,,,6.94,,6.06,,,,1.629,1.618,,1.629,1.618,
2025/11/28 00:00,2.7,2.21,1.99,,8.31,7.95,7.94,,215.139999,222.220001,,,6.93,,,,,,1.643,1.621,,1.643,1.621,
2025/11/28 00:00,2.7,2.2,1.99,,8.29,7.95,7.93,,214.899994,222.220001,222.470001,,6.93,6.3,,,,,1.638,1.616,,1.638,1.616,
2025/11/28 00:00,2.69,2.21,2,,8.27,7.94,7.92,,215.139999,222.220001,222.710007,,6.91,6.31,,,,,1.64,1.618,,1.64,1.618,
2025/11/28 00:00,2.69,2.19,2,,8.24,7.94,7.93,,215.139999,222.220001,222.470001,,6.93,6.31,,,,,1.642,1.62,,1.642,1.62,
2025/11/28 00:00,2.69,2.21,2,,8.24,7.94,7.93,,214.899994,222.220001,222.470001,,6.96,6.3,,,,,1.648,1.617,,1.648,1.617,
2025/11/28 00:00,2.69,2.21,,,8.22,7.93,7.94,,215.139999,221.979996,,,6.96,6.3,,,,,1.644,,,1.644,,
2025/11/28 00:00,2.7,2.21,,1.7,8.21,7.93,,7.91,215.139999,222.220001,,,6.93,,,,,,1.63,,1.59,1.63,,1.59
2025/11/28 00:00,2.69,2.22,,1.7,8.19,7.93,,7.9,214.899994,222.220001,,222.949997,6.95,,6.1,,,,1.641,,1.589,1.641,,1.589
2025/11/28 00:00,2.7,2.2,,1.7,8.18,7.93,,7.9,214.899994,222.220001,,223.199997,6.9,,6.11,,,,1.641,,1.59,1.641,,1.59
2025/11/28 00:00,2.69,2.22,,1.69,8.16,7.93,,7.9,215.380005,222.220001,,223.440002,6.96,,6.13,,,,1.635,,1.596,1.635,,1.596
2025/11/28 00:00,2.7,2.23,,1.69,8.13,7.92,,7.9,215.630005,221.979996,,222.949997,6.94,,6.07,,,,1.644,,1.588,1.644,,1.588
2025/11/28 00:00,2.71,2.22,,1.69,8.12,7.92,7.92,,215.380005,221.979996,,,6.95,,6.09,,,,1.644,1.62,,1.644,1.62,
2025/11/28 00:00,2.69,2.23,2,,8.1,7.92,7.92,,215.380005,222.220001,,,6.95,,,,,,1.628,1.615,,1.628,1.615,
2025/11/28 00:00,2.69,2.24,2,,8.09,7.92,7.92,,215.630005,221.979996,222.710007,,6.95,6.3,,,,,1.637,1.623,,1.637,1.623,
2025/11/28 00:00,2.7,2.26,2,,8.06,7.92,7.92,,215.139999,222.220001,222.220001,,6.9,6.33,,,,,1.633,1.616,,1.633,1.616,
2025/11/28 00:00,2.71,2.27,2,,8.04,7.91,7.91,,215.380005,221.979996,222.710007,,6.9,6.31,,,,,1.643,1.612,,1.643,1.612,
2025/11/28 00:00,2.7,2.26,2.01,,8.03,7.91,7.91,,215.139999,221.729996,222.710007,,6.89,6.29,,,,,1.642,1.612,,1.642,1.612,
2025/11/28 00:00,2.6,2.26,,,8.01,7.91,7.92,,215.139999,222.220001,,,6.88,6.3,,,,,1.638,,,1.638,,
2025/11/28 00:00,2.61,2.24,,,7.99,7.91,,7.89,214.899994,221.729996,,,6.9,,,,,,1.644,,1.595,1.644,,1.595
2025/11/28 00:00,2.58,2.23,,1.7,7.97,7.91,,7.89,214.899994,221.729996,,223.199997,6.93,,6.12,,,,1.638,,1.595,1.638,,1.595
2025/11/28 00:00,2.59,2.23,,1.7,7.96,7.91,,7.89,215.139999,221.979996,,223.199997,6.89,,6.11,,,,1.645,,1.592,1.645,,1.592
2025/11/28 00:00,2.61,2.22,,1.69,7.94,7.91,,7.89,215.139999,221.729996,,223.199997,6.91,,6.07,,,,1.629,,1.588,1.629,,1.588
2025/11/28 00:00,2.56,2.21,,1.7,7.92,7.91,,7.89,215.380005,221.729996,,223.440002,6.95,,6.07,,,,1.639,,1.593,1.639,,1.593
2025/11/28 00:00,2.56,2.21,,1.69,7.91,7.9,7.92,,215.630005,222.220001,,,6.9,,6.09,,,,1.638,1.621,,1.638,1.621,
2025/11/28 00:00,2.58,2.19,2,,7.9,7.9,7.92,,215.380005,222.220001,,,6.94,,6.09,,,,1.637,1.613,,1.637,1.613,
2025/11/28 00:00,2.58,2.24,2,,7.89,7.9,7.92,,215.630005,221.490005,222.710007,,6.94,6.33,,,,,1.637,1.612,,1.637,1.612,
2025/11/28 00:00,2.59,2.25,2,,7.88,7.9,7.91,,215.630005,221.729996,222.710007,,6.88,6.34,,,,,1.635,1.618,,1.635,1.618,
2025/11/28 00:00,2.43,2.24,2,,7.87,7.9,7.91,,215.380005,221.979996,222.949997,,6.94,6.34,,,,,1.647,1.616,,1.647,1.616,
2025/11/28 00:00,2.49,2.23,2,,7.86,7.89,7.92,,215.380005,221.979996,222.710007,,6.93,6.33,,,,,1.637,1.616,,1.637,1.616,
2025/11/28 00:00,2.42,2.21,,,7.84,7.89,7.92,,215.380005,221.979996,,,6.9,6.35,,,,,1.635,,1.592,1.635,,1.592
2025/11/28 00:00,2.46,2.21,,1.7,7.83,7.89,,,215.630005,221.729996,,,6.93,,,,,,1.638,,1.594,1.638,,1.594
2025/11/28 00:00,2.48,2.22,,1.69,7.83,7.89,,7.89,215.380005,221.979996,,223.929993,6.89,,6.11,,,,1.643,,1.591,1.643,,1.591
2025/11/28 00:00,2.43,2.22,,1.69,7.83,7.88,,7.89,215.380005,221.490005,,223.929993,6.9,,6.17,,,,1.636,,1.592,1.636,,1.592
2025/11/28 00:00,2.55,2.22,,1.69,,7.89,,7.89,,221.729996,,223.929993,6.88,,6.09,,,,1.643,,1.589,1.643,,1.589
2025/11/28 00:00,0.68,2.22,,1.69,,7.88,,7.89,,221.729996,,223.690002,6.94,,6.13,,,,1.645,,1.588,1.645,,1.588
2025/11/28 00:00,0.37,2.22,,1.68,,7.89,7.91,,,221.729996,,,6.89,,6.1,,,,1.647,1.618,,1.647,1.618,
2025/11/28 00:00,0.33,2.22,2,,8.45,7.89,7.92,,,221.729996,,,6.89,,,,,,1.636,1.617,,1.636,1.617,
2025/11/28 00:00,0.45,2.21,1.99,,8.53,7.88,7.92,,,221.729996,223.199997,,6.92,6.33,,,,,1.637,1.609,,1.637,1.609,
2025/11/28 00:00,1.64,2.2,2,,8.69,7.88,7.91,,,221.490005,222.949997,,6.91,6.34,,,,,1.639,1.616,,1.639,1.616,
2025/11/28 00:00,2.79,2.21,2,,8.77,7.88,7.92,,216.360001,221.729996,223.199997,,6.89,6.33,,,,,1.634,1.616,,1.634,1.616,
2025/11/28 00:00,2.7,2.21,1.99,,8.75,7.88,7.92,,216.610001,221.729996,223.199997,,6.9,6.32,,,,,1.636,1.612,,1.636,1.612,
2025/11/28 00:00,2.6,2.21,,,8.71,7.88,,,217.089996,221.979996,,,6.88,6.34,,,,,1.632,,1.595,1.632,,1.595
2025/11/28 00:00,2.65,2.21,,,8.67,7.88,,7.89,217.339996,222.220001,,,6.9,,,,,,1.633,,1.594,1.633,,1.594
2025/11/28 00:00,2.65,2.21,,1.68,8.67,7.88,,7.89,217.339996,221.979996,,223.440002,6.9,,6.11,,,,1.635,,1.589,1.635,,1.589
2025/11/28 00:00,2.64,2.23,,1.68,8.66,7.9,,7.89,216.850006,221.979996,,223.929993,6.87,,6.13,,,,1.644,,1.586,1.644,,1.586
2025/11/28 00:00,2.65,2.18,,1.68,8.65,7.9,,7.89,216.850006,222.220001,,223.690002,6.93,,6.11,,,,1.64,,1.591,1.64,,1.591
2025/11/28 00:00,2.64,2.21,,1.68,8.65,7.91,,7.89,216.850006,221.729996,,223.929993,6.94,,6.14,,,,1.638,,1.594,1.638,,1.594
2025/11/28 00:00,2.63,2.23,,1.68,8.64,7.9,,,217.089996,221.729996,,,6.87,,,,,,1.641,1.615,,1.641,1.615,
2025/11/28 00:00,2.63,2.23,1.99,,8.64,7.9,7.92,,217.089996,221.490005,,,6.92,,,,,,1.642,1.619,,1.642,1.619,
2025/11/28 00:00,2.63,2.24,1.99,,8.64,7.91,7.94,,216.850006,221.729996,223.199997,,6.9,6.39,,,,,1.633,1.62,,1.633,1.62,
2025/11/28 00:00,2.63,2.22,1.99,,8.63,7.91,7.94,,216.850006,221.979996,223.199997,,6.92,6.34,,,,,1.632,1.613,,1.632,1.613,
2025/11/28 00:00,2.62,2.23,1.99,,8.64,7.9,7.94,,216.850006,221.729996,223.199997,,6.92,6.36,,,,,1.64,1.611,,1.64,1.611,
2025/11/28 00:00,2.62,2.23,2,,8.63,7.9,7.94,,216.610001,221.729996,223.199997,,6.92,6.36,,,,,1.635,1.616,,1.635,1.616,
2025/11/28 00:00,2.62,2.23,1.99,,8.63,7.9,7.93,,216.850006,221.979996,,,6.93,6.42,,,,,1.637,,1.594,1.637,,1.594
2025/11/28 00:00,2.62,2.24,,,8.62,7.91,,7.9,216.610001,221.729996,,,6.92,,,,,,1.638,,1.582,1.638,,1.582
2025/11/28 00:00,2.63,2.25,,,8.61,7.91,,7.9,216.610001,221.979996,,223.929993,6.92,,6.13,,,,1.633,,1.587,1.633,,1.587
2025/11/28 00:00,2.64,2.27,,1.69,8.61,7.91,,7.9,216.850006,221.729996,,223.690002,6.91,,6.11,,,,1.639,,1.584,1.639,,1.584
2025/11/28 00:00,2.63,2.27,,1.69,8.6,7.9,,7.9,216.610001,221.729996,,223.690002,6.9,,6.06,,,,1.644,,1.587,1.644,,1.587
2025/11/28 00:00,2.64,2.25,,1.69,8.59,7.9,,7.9,216.610001,221.729996,,223.440002,6.94,,6.05,,,,1.645,,1.59,1.645,,1.59
2025/11/28 00:00,2.64,2.24,,1.69,8.59,7.91,,,216.850006,221,,,6.9,,6.07,,,,1.642,1.619,,1.642,1.619,
2025/11/28 00:00,2.64,2.22,2,,8.59,7.91,7.94,,216.850006,221.729996,,,6.9,,6.12,,,,1.642,1.615,,1.642,1.615,
2025/11/28 00:00,2.64,2.21,2,,8.58,7.91,7.94,,216.610001,221.729996,222.949997,,6.94,6.37,,,,,1.646,1.615,,1.646,1.615,
2025/11/28 00:00,2.64,2.21,2,,8.58,7.9,7.94,,216.610001,221.490005,222.710007,,6.95,6.36,,,,,1.634,1.616,,1.634,1.616,
2025/11/28 00:00,2.63,2.21,2,,8.57,7.9,7.94,,216.850006,221.729996,222.710007,,6.95,6.36,,,,,1.647,1.616,,1.647,1.616,
2025/11/28 00:00,2.64,2.2,2,,8.56,7.91,7.94,,216.610001,221.729996,222.470001,,6.94,6.34,,,,,1.643,1.619,,1.643,1.619,
2025/11/28 00:00,2.62,2.22,1.99,,8.56,7.91,7.94,,216.610001,221.979996,,,6.97,6.38,,,,,1.63,,1.593,1.63,,1.593
2025/11/28 00:00,2.62,2.2,,,8.56,7.91,,7.91,216.610001,221.979996,,,7,6.36,,,,,1.642,,1.587,1.642,,1.587
2025/11/28 00:00,2.64,2.21,,1.7,8.56,7.91,,7.9,216.610001,221.729996,,222.949997,6.95,,6.15,,,,1.637,,1.594,1.637,,1.594
2025/11/28 00:00,2.63,2.22,,1.7,8.55,7.92,,7.91,216.850006,221.729996,,223.440002,6.97,,6.1,,,,1.643,,1.592,1.643,,1.592
2025/11/28 00:00,2.62,2.22,,1.69,8.53,7.92,,7.9,216.360001,221.979996,,222.949997,6.95,,6.11,,,,1.638,,1.587,1.638,,1.587
2025/11/28 00:00,2.63,2.22,,1.69,8.53,7.92,,7.91,216.850006,221.729996,,223.440002,6.98,,6.09,,,,1.642,,1.588,1.642,,1.588
2025/11/28 00:00,2.63,2.21,,1.68,8.53,7.92,,,216.360001,221.729996,,,6.96,,6.11,,,,1.638,1.615,,1.638,1.615,
2025/11/28 00:00,2.63,2.23,1.99,,8.52,7.92,7.94,,216.610001,221.729996,,,6.97,,6.14,,,,1.645,1.615,,1.645,1.615,
2025/11/28 00:00,2.62,2.24,1.99,,8.51,7.91,7.95,,216.360001,221.729996,222.710007,,6.97,6.34,,,,,1.632,1.615,,1.632,1.615,
2025/11/28 00:00,2.63,2.23,2,,8.5,7.91,7.95,,216.610001,221.729996,222.470001,,6.97,6.37,,,,,1.64,1.615,,1.64,1.615,
2025/11/28 00:00,2.62,2.24,2,,8.49,7.92,7.94,,216.360001,221.729996,222.710007,,6.97,6.36,,,,,1.644,1.615,,1.644,1.615,
2025/11/28 00:00,2.63,2.22,2,,8.48,7.92,7.95,,216.850006,221.729996,222.710007,,6.98,6.35,,,,,1.638,1.615,,1.638,1.615,
2025/11/28 00:00,2.63,2.23,2,,8.47,7.92,7.95,,216.610001,221.729996,,,6.96,6.35,,,,,1.641,,1.59,1.641,,1.59
2025/11/28 00:00,2.62,2.24,,1.7,8.46,7.92,,7.91,216.610001,221.979996,,,6.98,6.36,,,,,1.636,,1.589,1.636,,1.589
2025/11/28 00:00,2.63,2.23,,1.7,8.46,7.91,,7.91,216.850006,221.490005,,223.929993,7.01,,,,,,1.639,,1.59,1.639,,1.59
2025/11/28 00:00,2.6,2.25,,1.69,8.45,7.92,,7.91,216.610001,221.729996,,223.199997,6.97,,6.13,,,,1.634,,1.587,1.634,,1.587
2025/11/28 00:00,2.61,2.23,,1.69,8.44,7.92,,7.9,216.610001,221.490005,,223.690002,7.01,,6.1,,,,1.635,,1.588,1.635,,1.588
2025/11/28 00:00,2.59,2.24,,1.69,8.43,7.92,,7.9,216.610001,221.729996,,223.690002,6.98,,6.11,,,,1.639,,1.589,1.639,,1.589
2025/11/28 00:00,2.61,2.25,,1.68,8.42,7.92,,,216.610001,221.490005,,,6.99,,6.11,,,,1.636,1.617,,1.636,1.617,
2025/11/28 00:00,2.61,2.25,2,,8.42,7.92,7.95,,216.610001,221.979996,,,6.97,,6.14,,,,1.642,1.611,,1.642,1.611,
2025/11/28 00:00,2.59,2.24,1.98,,8.41,7.92,7.95,,216.610001,221.729996,222.710007,,7.01,6.38,,,,,1.646,1.615,,1.646,1.615,
2025/11/28 00:00,2.57,2.27,1.99,,8.39,7.92,7.95,,216.610001,221.729996,222.710007,,6.98,6.4,,,,,1.643,1.615,,1.643,1.615,
2025/11/28 00:00,2.59,2.28,1.99,,8.38,7.91,7.95,,216.610001,221.729996,223.199997,,6.94,6.38,,,,,1.64,1.614,,1.64,1.614,
2025/11/28 00:00,2.57,2.27,2,,8.37,7.92,7.95,,216.610001,221.979996,223.199997,,6.94,6.4,,,,,1.638,1.619,,1.638,1.619,
2025/11/28 00:00,2.59,2.26,1.99,,8.37,7.92,7.95,,216.850006,221.729996,,,6.97,6.4,,,,,1.643,,1.603,1.643,,1.603
2025/11/28 00:00,2.53,2.25,,,8.36,7.92,,7.92,216.360001,221.979996,,,6.99,,,,,,1.648,,1.59,1.648,,1.59
2025/11/28 00:00,2.53,2.24,,1.69,8.34,7.92,,7.92,216.360001,222.220001,,223.929993,7.02,,6.14,,,,1.638,,1.589,1.638,,1.589
2025/11/29 00:00,2.53,2.23,,1.68,8.32,7.92,,7.92,216.610001,221.979996,,224.910004,6.98,,6.15,,,,1.643,,1.596,1.643,,1.596
2025/11/29 00:00,2.53,2.24,,1.68,8.31,7.92,,7.92,216.119995,221.729996,,224.179993,7.02,,6.14,,,,1.64,,1.591,1.64,,1.591
2025/11/29 00:00,2.55,2.25,,1.69,8.29,7.92,,7.92,216.610001,221.729996,,224.660004,6.97,,6.14,,,,1.636,,1.585,1.636,,1.585
2025/11/29 00:00,2.48,2.24,,1.68,8.28,7.91,,,216.360001,221.729996,224.419998,,7,,6.13,,,,1.642,1.616,,1.642,1.616,
2025/11/29 00:00,2.48,2.25,2,,8.27,7.92,7.96,,216.360001,222.470001,224.660004,,6.96,,,,,,1.65,1.615,,1.65,1.615,
2025/11/29 00:00,2.47,2.23,2,,8.26,7.92,7.95,,216.610001,221.729996,224.660004,,7,6.41,,,,,1.641,1.615,,1.641,1.615,
2025/11/29 00:00,2.5,2.25,2,,8.24,7.92,7.96,,216.360001,221.979996,223.929993,,6.96,6.37,,,,,1.635,1.625,,1.635,1.625,
2025/11/29 00:00,2.46,2.26,2,,8.22,7.91,7.95,,216.610001,221.979996,223.929993,,6.97,6.41,,,,,1.634,1.618,,1.634,1.618,
2025/11/29 00:00,2.42,2.26,2,,8.21,7.91,7.95,,216.610001,221.729996,224.179993,,6.99,6.41,,,,,1.64,1.617,,1.64,1.617,
2025/11/29 00:00,2.39,2.26,,,8.19,7.91,7.95,,216.360001,221.490005,,,6.96,6.41,,,,,1.645,,1.599,1.645,,1.599
2025/11/29 00:00,2.36,2.24,,,8.17,7.92,,7.92,216.610001,222.220001,,,6.99,,,,,,1.629,,1.591,1.629,,1.591
2025/11/29 00:00,2.3,2.26,,1.68,8.16,7.92,,7.93,216.360001,221.729996,,224.660004,6.99,,6.12,,,,1.641,,1.586,1.641,,1.586
2025/11/29 00:00,2.41,2.25,,1.69,8.14,7.91,,7.93,216.610001,221.729996,,224.419998,6.96,,6.13,,,,1.646,,1.589,1.646,,1.589
2025/11/29 00:00,2.33,2.23,,1.68,8.12,7.91,,7.93,216.610001,222.220001,,225.149994,7.02,,6.16,,,,1.643,,1.587,1.643,,1.587
2025/11/29 00:00,2.3,2.23,,1.69,8.1,7.91,,7.92,216.850006,221.729996,,224.660004,6.97,,6.17,,,,1.643,,1.585,1.643,,1.585
2025/11/29 00:00,2.28,2.22,,1.68,8.08,7.91,,,216.610001,222.220001,224.419998,,6.96,,6.16,,,,1.642,1.62,,1.642,1.62,
2025/11/29 00:00,2.27,2.23,2,,8.06,7.91,7.96,,216.850006,222.220001,224.910004,,6.99,,,,,,1.638,1.621,,1.638,1.621,
2025/11/29 00:00,2.18,2.24,2,,8.05,7.91,7.96,,216.610001,222.220001,224.419998,,6.96,6.4,,,,,1.638,1.616,,1.638,1.616,
2025/11/29 00:00,2.34,2.24,2,,8.03,7.9,7.96,,216.360001,222.470001,224.419998,,7.01,6.41,,,,,1.641,1.621,,1.641,1.621,
2025/11/29 00:00,2.23,2.24,2,,8.02,7.92,7.97,,216.610001,221.979996,224.419998,,7,6.36,,,,,1.64,1.615,,1.64,1.615,
2025/11/29 00:00,2.26,2.22,2,,7.99,7.91,7.97,,216.610001,221.979996,224.419998,,6.94,6.4,,,,,1.64,1.613,,1.64,1.613,
2025/11/29 00:00,2.15,2.24,,,7.98,7.91,7.97,,216.850006,222.220001,,,7.01,6.43,,,,,1.646,,1.594,1.646,,1.594
2025/11/29 00:00,2.11,2.25,,,7.97,7.91,,7.94,216.360001,222.220001,,,6.97,6.4,,,,,1.648,,1.589,1.648,,1.589
2025/11/29 00:00,2.17,2.25,,,7.95,7.91,,7.93,216.610001,222.220001,,225.149994,6.98,,6.15,,,,1.645,,1.586,1.645,,1.586
2025/11/29 00:00,2.44,2.28,,1.69,,7.91,,7.93,,221.729996,,224.660004,6.94,,6.12,,,,1.645,,1.589,1.645,,1.589
2025/11/29 00:00,0.75,2.28,,1.69,,7.9,,7.93,,222.220001,,224.910004,6.91,,6.1,,,,1.647,,1.585,1.647,,1.585
2025/11/29 00:00,0.37,2.27,,1.69,,7.9,,7.93,,221.729996,,224.179993,6.92,,6.04,,,,1.64,,1.587,1.64,,1.587
2025/11/29 00:00,0.33,2.27,,1.69,,7.9,,,,221.729996,,224.179993,6.95,,6.11,,,,1.638,1.616,,1.638,1.616,
2025/11/29 00:00,0.38,2.26,2.01,,,7.9,7.97,,,221.979996,,224.179993,6.99,,6.17,,,,1.638,1.621,,1.638,1.621,
2025/11/29 00:00,1.52,2.25,2,,,7.9,7.97,,,221.729996,223.440002,,6.98,6.44,,,,,1.64,1.616,,1.64,1.616,
2025/11/29 00:00,2.75,2.23,2.01,,,7.91,7.97,,,221.729996,223.440002,,6.97,6.42,,,,,1.644,1.62,,1.644,1.62,
2025/11/29 00:00,2.74,2.22,2,,,7.91,7.97,,,221.729996,223.690002,,6.99,6.39,,,,,1.643,1.625,,1.643,1.625,
2025/11/29 00:00,2.63,2.21,2.01,,,7.9,7.96,,,221.729996,223.690002,,6.99,6.39,,,,,1.644,1.619,,1.644,1.619,
2025/11/29 00:00,2.68,2.2,2,,8.68,7.89,7.96,,217.339996,221.729996,223.440002,,6.99,6.45,,,,,1.64,,1.589,1.64,,1.589
2025/11/29 00:00,2.69,2.21,,,8.67,7.9,,7.94,217.339996,221.729996,,,6.94,,,,,,1.637,,1.589,1.637,,1.589
2025/11/29 00:00,2.68,2.23,,1.7,8.67,7.92,,7.94,217.339996,221.979996,,224.179993,6.97,,6.16,,,,1.64,,1.593,1.64,,1.593
2025/11/29 00:00,2.68,2.17,,1.7,8.66,7.92,,7.93,217.089996,222.220001,,224.419998,6.97,,6.14,,,,1.64,,1.592,1.64,,1.592
2025/11/29 00:00,2.68,2.2,,1.69,8.66,7.91,,7.94,217.089996,222.220001,,223.929993,7,,6.15,,,,1.637,,1.592,1.637,,1.592
2025/11/29 00:00,2.69,2.22,,1.7,8.66,7.91,,7.94,217.089996,222.220001,,224.419998,7,,6.08,,,,1.643,,1.593,1.643,,1.593
2025/11/29 00:00,2.67,2.23,,1.69,8.66,7.92,,7.94,216.850006,222.220001,,,6.99,,6.1,,,,1.641,1.621,,1.641,1.621,
2025/11/29 00:00,2.67,2.23,2.01,,8.65,7.92,7.98,,216.610001,221.729996,,,7.02,,6.13,,,,1.639,1.625,,1.639,1.625,
2025/11/29 00:00,2.68,2.23,2.01,,8.65,7.92,7.98,,217.089996,221.979996,223.440002,,7.02,6.42,,,,,1.634,1.617,,1.634,1.617,
2025/11/29 00:00,2.67,2.22,2.01,,8.64,7.92,7.97,,217.089996,222.220001,223.440002,,7.03,6.44,,,,,1.64,1.62,,1.64,1.62,
2025/11/29 00:00,2.67,2.24,2.01,,8.64,7.92,7.97,,217.089996,221.979996,223.690002,,7.07,6.43,,,,,1.644,1.613,,1.644,1.613,
2025/11/29 00:00,2.67,2.25,2.01,,8.64,7.93,7.98,,217.089996,222.470001,223.690002,,7.01,6.43,,,,,1.648,1.62,,1.648,1.62,
2025/11/29 00:00,2.67,2.25,,,8.64,7.92,7.97,,216.850006,222.470001,223.690002,,7.03,6.41,,,,,1.644,,1.596,1.644,,1.596
2025/11/29 00:00,2.66,2.25,,,8.63,7.93,,7.95,217.089996,222.220001,,,7.04,6.4,,,,,1.639,,1.596,1.639,,1.596
2025/11/29 00:00,2.67,2.22,,1.7,8.63,7.94,,7.94,216.850006,222.220001,,224.419998,7.02,,6.13,,,,1.634,,1.592,1.634,,1.592
2025/11/29 00:00,2.67,2.24,,1.7,8.62,7.94,,7.93,216.850006,222.220001,,224.419998,7.02,,6.16,,,,1.636,,1.59,1.636,,1.59
2025/11/29 00:00,2.66,2.24,,1.7,8.61,7.93,,7.95,216.850006,222.220001,,224.179993,7.03,,6.06,,,,1.641,,1.586,1.641,,1.586
2025/11/29 00:00,2.66,2.24,,1.69,8.6,7.93,,7.94,216.850006,222.470001,,223.929993,7.04,,6.14,,,,1.638,,1.588,1.638,,1.588
2025/11/29 00:00,2.67,2.25,,1.7,8.6,7.94,,7.94,217.089996,221.979996,,224.419998,7.02,,6.12,,,,1.634,1.622,,1.634,1.622,
2025/11/29 00:00,2.65,2.22,2.01,,8.59,7.94,7.98,,217.089996,221.979996,,,7.02,,6.16,,,,1.642,1.625,,1.642,1.625,
2025/11/29 00:00,2.65,2.23,2.01,,8.59,7.93,7.97,,216.850006,222.220001,223.690002,,7.02,6.45,,,,,1.643,1.623,,1.643,1.623,
2025/11/29 00:00,2.67,2.25,2.01,,8.59,7.93,7.97,,217.339996,221.979996,223.440002,,7,6.39,,,,,1.642,1.622,,1.642,1.622,
2025/11/29 00:00,2.66,2.28,2.01,,8.58,7.93,7.98,,216.850006,221.979996,223.690002,,6.99,6.41,,,,,1.636,1.617,,1.636,1.617,
2025/11/29 00:00,2.64,2.28,2.01,,8.57,7.94,7.98,,217.089996,222.220001,224.419998,,6.99,6.41,,,,,1.641,1.615,,1.641,1.615,
2025/11/29 00:00,2.66,2.26,,,8.57,7.94,7.98,,217.089996,222.220001,223.690002,,6.99,6.43,,,,,1.641,,,1.641,,
2025/11/29 00:00,2.66,2.25,,,8.56,7.93,,7.95,216.610001,222.220001,,,7.05,6.43,,,,,1.643,,1.587,1.643,,1.587
2025/11/29 00:00,2.65,2.25,,1.69,8.56,7.93,,7.95,216.850006,222.470001,,224.660004,6.97,,6.16,,,,1.636,,1.594,1.636,,1.594
2025/11/29 00:00,2.65,2.24,,1.69,8.55,7.94,,7.95,217.089996,222.220001,,224.660004,7.01,,6.18,,,,1.64,,1.588,1.64,,1.588
2025/11/29 00:00,2.64,2.24,,1.68,8.54,7.93,,7.95,217.089996,222.220001,,224.660004,7.01,,6.18,,,,1.642,,1.595,1.642,,1.595
2025/11/29 00:00,2.64,2.24,,1.69,8.54,7.94,,7.95,217.089996,221.979996,,225.639999,7,,6.17,,,,1.644,,1.592,1.644,,1.592
2025/11/29 00:00,2.66,2.23,,1.69,8.54,7.94,,7.95,217.089996,222.220001,,225.149994,6.99,,6.12,,,,1.646,1.624,,1.646,1.624,
2025/11/29 00:00,2.65,2.24,,,8.53,7.94,7.98,,217.089996,221.979996,,,7.03,,6.18,,,,1.639,1.623,,1.639,1.623,
2025/11/29 00:00,2.66,2.24,2.01,,8.52,7.93,7.99,,216.850006,221.979996,224.910004,,7.01,6.43,,,,,1.637,1.619,,1.637,1.619,
2025/11/29 00:00,2.63,2.24,2.01,,8.52,7.94,7.99,,217.089996,221.979996,225.149994,,6.98,6.48,,,,,1.645,1.615,,1.645,1.615,
2025/11/29 00:00,2.65,2.24,2.01,,8.51,7.94,7.99,,216.850006,222.710007,225.149994,,7.02,6.47,,,,,1.647,1.615,,1.647,1.615,
2025/11/29 00:00,2.64,2.23,2.01,,8.51,7.94,7.99,,217.089996,222.470001,225.399994,,7.03,6.44,,,,,1.642,1.617,,1.642,1.617,
2025/11/29 00:00,2.65,2.25,2,,8.5,7.94,7.99,,216.850006,222.220001,225.399994,,7.01,6.49,,,,,1.638,,,1.638,,
2025/11/29 00:00,2.64,2.26,,,8.49,7.94,,7.96,217.339996,222.220001,,,7.02,6.46,,,,,1.639,,1.592,1.639,,1.592
2025/11/29 00:00,2.63,2.25,,1.7,8.48,7.94,,7.95,216.850006,222.220001,,225.889999,7.01,,6.2,,,,1.648,,1.59,1.648,,1.59
2025/11/29 00:00,2.63,2.26,,1.69,8.47,7.94,,7.96,216.850006,222.470001,,225.399994,7.03,,6.19,,,,1.648,,1.592,1.648,,1.592
2025/11/29 00:00,2.61,2.22,,1.7,8.47,7.95,,7.96,217.089996,222.220001,,226.130005,6.98,,6.18,,,,1.637,,1.589,1.637,,1.589
2025/11/29 00:00,2.63,2.23,,1.69,8.46,7.94,,7.96,216.850006,221.979996,,225.639999,7,,6.19,,,,1.638,,1.589,1.638,,1.589
2025/11/29 00:00,2.63,2.23,,1.7,8.45,7.94,,7.96,217.089996,222.220001,,226.130005,7.03,,6.18,,,,1.638,1.62,,1.638,1.62,
2025/11/29 00:00,2.59,2.22,2.01,,8.44,7.94,7.99,,216.850006,222.220001,,226.130005,7.05,,6.19,,,,1.638,1.617,,1.638,1.617,
2025/11/29 00:00,2.59,2.22,2.02,,8.43,7.95,7.99,,216.850006,222.470001,225.639999,,7.03,,,,,,1.644,1.621,,1.644,1.621,
2025/11/29 00:00,2.6,2.22,2.01,,8.42,7.94,7.99,,217.089996,222.710007,225.399994,,7,6.48,,,,,1.636,1.619,,1.636,1.619,
2025/11/29 00:00,2.58,2.23,2.02,,8.41,7.94,7.99,,216.850006,222.710007,225.639999,,7.03,6.49,,,,,1.637,1.621,,1.637,1.621,
2025/11/29 00:00,2.58,2.23,2.02,,8.4,7.94,7.99,,217.089996,222.470001,226.130005,,7.04,6.46,,,,,1.644,1.618,,1.644,1.618,
2025/11/29 00:00,2.59,2.23,2.02,,8.39,7.94,7.99,,217.089996,222.470001,225.639999,,7.01,6.45,,,,,1.648,,1.595,1.648,,1.595
2025/11/29 00:00,2.55,2.23,,,8.38,7.94,,7.96,216.850006,222.470001,,,7.03,6.43,,,,,1.638,,1.592,1.638,,1.592
2025/11/29 00:00,2.6,2.22,,1.71,8.36,7.95,,7.95,217.089996,222.470001,,,7.01,,6.2,,,,1.645,,1.593,1.645,,1.593
2025/11/29 00:00,2.55,2.25,,1.71,8.36,7.94,,7.96,217.089996,222.220001,,226.369995,7.03,,6.17,,,,1.636,,1.586,1.636,,1.586
2025/11/29 00:00,2.54,2.27,,1.71,8.34,7.94,,7.95,217.089996,222.220001,,225.639999,7.01,,6.17,,,,1.637,,1.594,1.637,,1.594
2025/11/29 00:00,2.56,2.27,,1.71,8.33,7.93,,7.95,216.850006,221.979996,,226.130005,7.01,,6.1,,,,1.643,,1.586,1.643,,1.586
2025/11/29 00:00,2.5,2.27,,1.71,8.33,7.94,,7.95,216.850006,222.470001,,225.639999,7.01,,6.1,,,,1.641,,,1.641,,
2025/11/29 00:00,2.52,2.25,2.02,,8.31,7.94,7.99,,217.089996,222.470001,,,6.97,,6.16,,,,1.65,1.615,,1.65,1.615,
2025/11/29 00:00,2.52,2.25,2.02,,8.3,7.94,7.99,,217.089996,222.470001,,,7.02,6.43,,,,,1.634,1.619,,1.634,1.619,
2025/11/29 00:00,2.5,2.24,2.03,,8.29,7.94,7.99,,217.089996,222.220001,224.660004,,7.02,6.44,,,,,1.637,1.617,,1.637,1.617,
2025/11/29 00:00,2.54,2.22,2.03,,8.27,7.94,7.99,,216.850006,221.979996,224.419998,,7.06,6.45,,,,,1.641,1.618,,1.641,1.618,
2025/11/29 00:00,2.41,2.22,2.02,,8.25,7.95,7.99,,217.089996,221.979996,224.419998,,7.03,6.45,,,,,1.64,1.62,,1.64,1.62,
2025/11/29 00:00,2.43,2.19,2.03,,8.23,7.94,7.99,,217.089996,222.470001,224.419998,,7.04,6.45,,,,,1.639,,,1.639,,
2025/11/29 00:00,2.39,2.2,,,8.22,7.94,,7.96,217.089996,222.220001,,,7.01,6.44,,,,,1.635,,1.591,1.635,,1.591
2025/11/29 00:00,2.26,2.21,,1.71,8.21,7.94,,7.96,217.089996,222.710007,,,7.09,,6.22,,,,1.646,,1.59,1.646,,1.59
2025/11/29 00:00,2.28,2.21,,1.71,8.2,7.94,,7.96,217.089996,222.710007,,224.910004,7.04,,6.17,,,,1.645,,1.588,1.645,,1.588
2025/11/29 00:00,2.28,2.2,,1.71,8.17,7.94,,7.96,217.089996,221.979996,,225.149994,7.06,,6.16,,,,1.643,,1.593,1.643,,1.593
2025/11/29 00:00,2.29,2.21,,1.7,8.15,7.94,,7.96,217.089996,222.710007,,224.910004,7.05,,6.15,,,,1.638,,1.588,1.638,,1.588
2025/11/29 00:00,2.19,2.21,,1.71,8.13,7.94,,7.95,217.089996,222.470001,,225.149994,7.07,,6.13,,,,1.639,,,1.639,,
2025/11/29 00:00,2.18,2.22,2.03,,8.12,7.94,7.99,,217.089996,222.710007,,,7.03,,6.12,,,,1.637,1.613,,1.637,1.613,
2025/11/29 00:00,2.18,2.23,2.02,,8.1,7.93,7.99,,216.850006,222.949997,224.419998,,7.04,6.46,,,,,1.644,1.62,,1.644,1.62,
2025/11/29 00:00,2.12,2.23,2.02,,8.09,7.93,7.99,,217.089996,222.470001,224.419998,,7.05,6.48,,,,,1.65,1.616,,1.65,1.616,
2025/11/29 00:00,2.08,2.25,2.03,,8.06,7.92,7.99,,216.850006,222.470001,224.660004,,7.05,6.47,,,,,1.649,1.618,,1.649,1.618,
2025/11/29 00:00,2.13,2.22,2.03,,8.04,7.93,7.99,,216.850006,222.470001,224.660004,,7.02,6.5,,,,,1.636,1.616,,1.636,1.616,
2025/11/29 00:00,2.12,2.24,2.03,,8.03,7.93,7.99,,216.850006,222.710007,224.419998,,7.06,6.51,,,,,1.643,,,1.643,,
2025/11/29 00:00,2.11,2.25,,,8.01,7.93,,7.96,216.850006,222.710007,,,7.05,6.47,,,,,1.641,,1.588,1.641,,1.588
2025/11/29 00:00,2.15,2.23,,1.71,8,7.93,,7.96,216.850006,222.470001,,,7.03,,6.22,,,,1.64,,1.592,1.64,,1.592
2025/11/29 00:00,2.21,2.23,,1.71,,7.93,,7.95,,222.220001,,224.910004,7.07,,6.18,,,,1.642,,1.595,1.642,,1.595
2025/11/29 00:00,0.79,2.23,,1.7,,7.92,,7.95,,222.470001,,224.910004,7.04,,6.17,,,,1.631,,1.596,1.631,,1.596
2025/11/29 00:00,0.37,2.23,,1.71,,7.92,,7.96,,222.470001,,225.149994,7.04,,6.19,,,,1.642,,1.587,1.642,,1.587
2025/11/29 00:00,0.34,2.24,,1.71,,7.92,,7.95,,222.470001,,225.149994,7.05,,6.14,,,,1.644,,,1.644,,
2025/11/29 00:00,0.36,2.24,2.03,,,7.93,7.99,,,222.220001,,,7.05,,6.18,,,,1.638,1.618,,1.638,1.618,
2025/11/29 00:00,1.48,2.24,2.03,,,7.93,7.99,,,222.220001,224.419998,,7.07,6.5,,,,,1.646,1.624,,1.646,1.624,
2025/11/29 00:00,2.73,2.23,2.03,,,7.92,7.99,,,222.470001,224.419998,,7.02,6.5,,,,,1.639,1.616,,1.639,1.616,
2025/11/29 00:00,2.76,2.25,2.03,,,7.92,7.99,,,222.710007,224.179993,,7.03,6.47,,,,,1.646,1.615,,1.646,1.615,
2025/11/29 00:00,2.64,2.29,2.03,,,7.92,7.99,,,222.949997,224.660004,,6.98,6.45,,,,,1.642,1.616,,1.642,1.616,
2025/11/29 00:00,2.68,2.28,2.03,,8.68,7.91,7.99,,217.339996,222.470001,225.149994,,6.99,6.47,,,,,1.641,,,1.641,,
2025/11/29 00:00,2.68,2.27,,,8.67,7.92,,7.97,217.339996,222.470001,,,6.99,6.5,,,,,1.638,,1.589,1.638,,1.589
2025/11/29 00:00,2.68,2.28,,1.71,8.67,7.95,,7.96,217.339996,222.710007,,,6.98,,6.21,,,,1.642,,1.593,1.642,,1.593
2025/11/29 00:00,2.67,2.22,,1.7,8.66,7.94,,7.96,216.850006,222.470001,,225.149994,7.02,,6.21,,,,1.637,,1.593,1.637,,1.593
2025/11/29 00:00,2.68,2.23,,1.7,8.66,7.94,,7.96,217.089996,222.710007,,226.130005,7,,6.22,,,,1.638,,1.597,1.638,,1.597
2025/11/29 00:00,2.67,2.24,,1.7,8.65,7.94,,7.96,217.089996,222.710007,,225.889999,7.02,,6.24,,,,1.643,,1.595,1.643,,1.595
2025/11/29 00:00,2.67,2.24,,1.7,8.65,7.94,,7.96,217.089996,222.710007,,226.130005,7.03,,6.26,,,,1.632,,,1.632,,
2025/11/29 00:00,2.67,2.24,2.02,,8.65,7.94,7.99,,216.850006,222.710007,,,7.02,,6.23,,,,1.643,1.623,,1.643,1.623,
2025/11/29 00:00,2.68,2.23,2.02,,8.64,7.94,7.99,,216.850006,222.470001,,,7.05,6.46,,,,,1.64,1.622,,1.64,1.622,
2025/11/29 00:00,2.67,2.23,2.02,,8.64,7.94,8,,217.089996,222.710007,225.399994,,7.02,6.52,,,,,1.642,1.619,,1.642,1.619,
2025/11/29 00:00,2.67,2.24,2.02,,8.64,7.94,8,,216.850006,222.470001,225.639999,,7.03,6.49,,,,,1.654,1.622,,1.654,1.622,
2025/11/29 00:00,2.67,2.24,2.03,,8.63,7.94,7.99,,217.089996,222.710007,225.639999,,7.05,6.46,,,,,1.638,1.619,,1.638,1.619,
2025/11/29 00:00,2.65,2.25,2.02,,8.64,7.94,8,,217.339996,222.710007,225.399994,,7.03,6.48,,,,,1.639,,,1.639,,
2025/11/29 00:00,2.66,2.24,,,8.62,7.95,,7.97,217.089996,223.199997,,,7.04,6.52,,,,,1.647,,1.596,1.647,,1.596
2025/11/29 00:00,2.65,2.24,,1.7,8.62,7.95,,7.97,217.089996,222.710007,,226.130005,7.04,,6.19,,,,1.641,,1.592,1.641,,1.592
2025/11/29 00:00,2.66,2.25,,1.7,8.62,7.94,,7.96,216.850006,222.470001,,226.130005,7.03,,6.24,,,,1.645,,1.589,1.645,,1.589
2025/11/29 00:00,2.66,2.25,,1.7,8.62,7.94,,7.96,216.850006,222.470001,,225.889999,7.01,,6.22,,,,1.638,,1.592,1.638,,1.592
2025/11/29 00:00,2.65,2.25,,1.7,8.61,7.94,,7.97,216.850006,222.470001,,226.369995,7.02,,6.24,,,,1.64,,1.589,1.64,,1.589
2025/11/29 00:00,2.64,2.26,,1.7,8.61,7.95,,7.96,217.089996,222.470001,,225.889999,7.01,,6.23,,,,1.64,,,1.64,,
2025/11/29 00:00,2.64,2.23,2.02,,8.6,7.95,7.99,,217.089996,222.470001,,,7.02,,6.23,,,,1.64,1.619,,1.64,1.619,
2025/11/29 00:00,2.65,2.24,2.02,,8.59,7.95,7.99,,216.610001,222.470001,226.130005,,7.03,6.48,,,,,1.641,1.619,,1.641,1.619,
2025/11/29 00:00,2.64,2.25,2.02,,8.58,7.95,8,,216.850006,222.710007,225.639999,,7.03,6.52,,,,,1.646,1.617,,1.646,1.617,
2025/11/29 00:00,2.64,2.25,2.03,,8.58,7.95,8,,217.089996,222.470001,226.130005,,7.06,6.49,,,,,1.65,1.621,,1.65,1.621,
2025/11/29 00:00,2.62,2.26,2.02,,8.58,7.95,8,,217.339996,222.710007,225.889999,,7.03,6.53,,,,,1.644,1.618,,1.644,1.618,
2025/11/29 00:00,2.63,2.23,2.02,,8.57,7.96,8,,216.850006,223.199997,225.889999,,7.04,6.49,,,,,1.644,,,1.644,,
2025/11/29 00:00,2.63,2.25,,,8.57,7.96,,7.97,217.089996,222.710007,,,7.01,6.53,,,,,1.64,,1.591,1.64,,1.591
2025/11/29 00:00,2.63,2.26,,1.7,8.57,7.96,,7.97,217.089996,222.710007,,226.369995,7.01,,6.22,,,,1.642,,1.59,1.642,,1.59
2025/11/29 00:00,2.65,2.25,,1.71,8.56,7.95,,7.97,217.089996,223.199997,,226.860001,7.01,,6.21,,,,1.643,,1.593,1.643,,1.593
2025/11/29 00:00,2.64,2.27,,1.71,8.56,7.96,,7.97,216.850006,222.710007,,226.369995,7.06,,6.21,,,,1.64,,1.584,1.64,,1.584
2025/11/29 00:00,2.64,2.28,,1.71,8.55,7.96,,7.96,217.089996,222.470001,,226.130005,6.98,,6.16,,,,1.633,,1.588,1.633,,1.588
2025/11/29 00:00,2.65,2.28,,1.7,8.54,7.95,,7.97,217.089996,222.470001,,225.639999,6.98,,6.15,,,,1.641,,,1.641,,
2025/11/29 00:00,2.65,2.28,2.03,,8.53,7.95,8,,216.850006,222.710007,,226.369995,6.98,,6.13,,,,1.641,1.617,,1.641,1.617,
2025/11/29 00:00,2.65,2.28,2.03,,8.53,7.95,8,,216.850006,222.710007,224.660004,,7,6.49,,,,,1.643,1.622,,1.643,1.622,
2025/11/29 00:00,2.64,2.27,2.03,,8.53,7.96,8,,217.089996,222.470001,224.660004,,7,6.46,,,,,1.643,1.615,,1.643,1.615,
2025/11/29 00:00,2.65,2.27,2.04,,8.52,7.96,8,,216.610001,222.710007,224.660004,,6.97,6.47,,,,,1.643,1.619,,1.643,1.619,
2025/11/29 00:00,2.64,2.27,2.02,,8.51,7.95,8,,217.089996,222.710007,224.660004,,6.97,6.46,,,,,1.646,1.616,,1.646,1.616,
2025/11/29 00:00,2.64,2.28,2.04,,8.51,7.95,8,,216.850006,222.710007,224.419998,,6.97,6.47,,,,,1.646,,,1.646,,
2025/11/29 00:00,2.65,2.27,,,8.5,7.95,,7.97,217.089996,222.710007,,,7,6.47,,,,,1.641,,1.593,1.641,,1.593
2025/11/29 00:00,2.61,2.27,,,8.49,7.95,,7.97,216.850006,222.470001,,225.149994,7.02,,6.24,,,,1.642,,1.591,1.642,,1.591
2025/11/29 00:00,2.63,2.25,,1.72,8.49,7.95,,7.97,217.089996,222.470001,,225.149994,6.98,,6.13,,,,1.644,,1.589,1.644,,1.589
2025/11/29 00:00,2.62,2.25,,1.72,8.48,7.96,,7.97,216.610001,222.220001,,224.910004,7.03,,6.13,,,,1.653,,1.594,1.653,,1.594
2025/11/29 00:00,2.65,2.26,,1.72,8.48,7.96,,7.97,216.850006,222.470001,,224.419998,6.98,,6.09,,,,1.645,,1.589,1.645,,1.589
2025/11/29 00:00,2.64,2.26,,1.72,8.47,7.95,,7.97,216.850006,222.220001,,224.660004,7,,6.11,,,,1.639,,,1.639,,
2025/11/29 00:00,2.57,2.26,2.04,,8.46,7.96,8,,216.850006,222.710007,,,6.99,,6.11,,,,1.648,1.623,,1.648,1.623,
2025/11/29 00:00,2.6,2.24,2.03,,8.44,7.96,8,,216.850006,222.470001,224.419998,,6.99,6.51,,,,,1.644,1.619,,1.644,1.619,
2025/11/29 00:00,2.58,2.24,2.04,,8.44,7.96,8,,217.089996,222.710007,224.419998,,7.02,6.47,,,,,1.647,1.625,,1.647,1.625,
2025/11/29 00:00,2.58,2.25,2.03,,8.42,7.96,8,,217.089996,222.710007,224.419998,,7,6.47,,,,,1.647,1.617,,1.647,1.617,
2025/11/29 00:00,2.58,2.25,2.03,,8.42,7.96,8,,216.850006,222.220001,224.419998,,7.02,6.47,,,,,1.634,1.623,,1.634,1.623,
2025/11/29 00:00,2.53,2.25,2.04,,8.41,7.96,8,,217.089996,222.949997,224.179993,,7.03,6.47,,,,,1.638,,,1.638,,
2025/11/29 00:00,2.56,2.25,,,8.4,7.96,,7.97,217.089996,222.470001,,,6.99,6.49,,,,,1.645,,1.591,1.645,,1.591
2025/11/29 00:00,2.56,2.24,,1.73,8.39,7.96,,7.97,217.089996,222.470001,,224.910004,7.02,,,,,,1.648,,1.592,1.648,,1.592
2025/11/29 00:00,2.47,2.26,,1.73,8.38,7.96,,7.97,217.089996,222.220001,,224.660004,7.02,,6.14,,,,1.641,,1.594,1.641,,1.594
2025/11/29 00:00,2.52,2.26,,1.73,8.38,7.96,,7.97,216.850006,222.710007,,224.660004,7,,6.1,,,,1.643,,1.59,1.643,,1.59
2025/11/29 00:00,2.59,2.26,,1.72,8.37,7.96,,7.97,216.850006,222.220001,,224.660004,6.99,,6.09,,,,1.645,,1.59,1.645,,1.59
2025/11/29 00:00,2.49,2.27,,1.72,8.35,7.96,,7.96,217.089996,222.710007,,224.660004,6.97,,6.13,,,,1.643,,,1.643,,
2025/11/29 00:00,2.42,2.24,2.04,,8.34,7.96,8.01,,216.850006,222.470001,,,7.03,,6.11,,,,1.634,1.62,,1.634,1.62,
2025/11/29 00:00,2.48,2.25,2.03,,8.33,7.96,8,,216.850006,222.710007,224.179993,,7.02,6.52,,,,,1.64,1.625,,1.64,1.625,
2025/11/29 00:00,2.45,2.26,2.03,,8.31,7.96,8.01,,217.089996,222.710007,224.419998,,7.02,6.45,,,,,1.645,1.627,,1.645,1.627,
2025/11/29 00:00,2.52,2.25,2.04,,8.3,7.96,8.01,,217.089996,222.949997,224.660004,,6.97,6.44,,,,,1.635,1.621,,1.635,1.621,
2025/11/29 00:00,2.39,2.28,2.03,,8.29,7.96,8.01,,217.089996,222.470001,224.419998,,6.98,6.47,,,,,1.644,1.621,,1.644,1.621,
2025/11/29 00:00,2.41,2.27,2.03,,8.27,7.96,8.01,,217.089996,222.949997,224.910004,,7.01,6.47,,,,,1.639,,,1.639,,
2025/11/29 00:00,2.32,2.26,,,8.27,7.96,,7.98,216.850006,222.949997,,,7,6.52,,,,,1.646,,1.598,1.646,,1.598
2025/11/29 00:00,2.37,2.26,,1.71,8.24,7.96,,7.98,216.850006,223.199997,,225.399994,7.02,,6.21,,,,1.641,,1.595,1.641,,1.595
2025/11/29 00:00,2.38,2.26,,1.71,8.23,7.96,,7.98,216.850006,222.949997,,225.639999,7.01,,6.23,,,,1.646,,1.589,1.646,,1.589
2025/11/29 00:00,2.37,2.24,,1.71,8.22,7.95,,7.98,217.089996,222.949997,,225.639999,7.02,,6.22,,,,1.638,,1.592,1.638,,1.592
2025/11/29 00:00,2.28,2.24,,1.71,8.2,7.96,,7.98,217.089996,222.949997,,226.130005,6.97,,6.21,,,,1.637,,1.59,1.637,,1.59
2025/11/29 00:00,2.34,2.23,,1.71,8.18,7.96,,7.98,217.089996,222.710007,,225.639999,7,,6.24,,,,1.644,,,1.644,,
2025/11/29 00:00,2.3,2.25,2.03,,8.17,7.96,8.01,,216.850006,222.949997,,,6.97,,6.26,,,,1.644,1.614,,1.644,1.614,
2025/11/29 00:00,2.27,2.26,2.03,,8.15,7.95,8.01,,217.339996,222.949997,225.639999,,7,6.49,,,,,1.638,1.616,,1.638,1.616,
2025/11/29 00:00,2.3,2.26,2.03,,8.14,7.95,8.01,,216.850006,222.949997,225.399994,,6.99,6.55,,,,,1.647,1.618,,1.647,1.618,
2025/11/29 00:00,2.21,2.26,2.03,,8.11,7.95,8.01,,216.850006,222.470001,225.639999,,6.95,6.51,,,,,1.644,1.624,,1.644,1.624,
2025/11/29 00:00,2.17,2.24,2.03,,8.1,7.95,8.01,,216.850006,222.710007,225.639999,,6.96,6.51,,,,,1.637,1.619,,1.637,1.619,
2025/11/29 00:00,2.27,2.26,2.03,,8.08,7.95,8.01,,216.850006,222.949997,225.639999,,7.03,6.52,,,,,1.648,,,1.648,,
2025/11/29 00:00,2.2,2.27,,,8.07,7.96,,7.99,217.089996,222.949997,,,6.96,6.52,,,,,1.643,,1.594,1.643,,1.594
2025/11/29 00:00,2.3,2.27,,1.71,8.05,7.96,,7.99,216.850006,223.199997,,225.889999,6.95,,6.24,,,,1.642,,1.59,1.642,,1.59
2025/11/29 00:00,2.28,2.26,,1.71,8.04,7.95,,7.98,217.089996,222.949997,,226.130005,6.95,,6.23,,,,1.642,,1.595,1.642,,1.595
2025/11/29 00:00,1.17,2.26,,1.7,,7.95,,7.98,,222.949997,,225.399994,6.94,,6.19,,,,1.643,,1.595,1.643,,1.595
2025/11/29 00:00,0.43,2.24,,1.7,,7.95,,7.98,,222.949997,,225.639999,6.95,,6.24,,,,1.644,,1.594,1.644,,1.594
2025/11/29 00:00,0.35,2.26,,1.69,,7.95,,7.99,,222.949997,,225.399994,6.93,,6.2,,,,1.647,,,1.647,,
2025/11/29 00:00,0.32,2.26,2.04,,,7.95,8.01,,,222.949997,,,6.96,,6.18,,,,1.642,1.625,,1.642,1.625,
2025/11/29 00:00,1.06,2.25,2.04,,,7.95,8.01,,,222.949997,225.399994,,6.94,6.51,,,,,1.64,1.616,,1.64,1.616,
2025/11/29 00:00,2.34,2.25,2.04,,,7.95,8.02,,,222.949997,225.639999,,6.94,6.53,,,,,1.643,1.616,,1.643,1.616,
2025/11/29 00:00,2.77,2.24,2.04,,,7.95,8.02,,,222.949997,225.399994,,6.95,6.53,,,,,1.641,1.625,,1.641,1.625,
2025/11/29 00:00,2.65,2.25,2.04,,,7.95,8.02,,,223.199997,225.639999,,6.9,6.48,,,,,1.643,1.62,,1.643,1.62,
2025/11/29 00:00,2.63,2.24,2.04,,,7.95,8.02,,,222.949997,225.399994,,6.94,6.47,,,,,1.642,,,1.642,,
2025/11/29 00:00,2.67,2.24,,,8.68,7.94,,7.98,216.850006,223.199997,,,6.96,6.49,,,,,1.646,,1.591,1.646,,1.591
2025/11/29 00:00,2.67,2.25,,1.71,8.67,7.96,,7.98,216.850006,222.710007,,226.130005,6.95,,6.24,,,,1.641,,1.591,1.641,,1.591
2025/11/29 00:00,2.67,2.22,,1.71,8.67,7.96,,7.99,216.850006,222.949997,,225.639999,6.93,,6.21,,,,1.638,,1.59,1.638,,1.59
2025/11/29 00:00,2.66,2.21,,1.72,8.66,7.96,,7.98,216.850006,223.199997,,226.130005,6.97,,6.18,,,,1.636,,1.593,1.636,,1.593
2025/11/29 00:00,2.67,2.27,,1.72,8.66,7.96,,7.98,216.610001,222.470001,,225.639999,6.93,,6.14,,,,1.655,,1.593,1.655,,1.593
2025/11/29 00:00,2.67,2.27,,1.73,8.65,7.95,,7.98,216.610001,222.710007,,225.399994,6.94,,6.08,,,,1.635,,,1.635,,
2025/11/29 00:00,2.66,2.25,2.03,,8.66,7.95,8.02,,216.610001,222.710007,,,6.94,,6.04,,,,1.644,1.619,,1.644,1.619,
2025/11/29 00:00,2.66,2.25,2.05,,8.65,7.97,8.02,,216.360001,222.949997,224.910004,,6.96,6.5,,,,,1.646,1.617,,1.646,1.617,
2025/11/29 00:00,2.66,2.22,2.04,,8.65,7.96,8.02,,216.360001,222.949997,224.910004,,6.95,6.48,,,,,1.644,1.618,,1.644,1.618,
2025/11/29 00:00,2.65,2.23,2.03,,8.64,7.96,8.02,,216.610001,222.949997,224.660004,,6.93,6.46,,,,,1.638,1.62,,1.638,1.62,
2025/11/29 00:00,2.66,2.23,2.03,,8.63,7.96,8.02,,216.850006,222.949997,224.910004,,6.98,6.49,,,,,1.649,1.623,,1.649,1.623,
2025/11/29 00:00,2.67,2.24,2.01,,8.63,7.96,8.02,,216.610001,222.949997,224.910004,,7.01,6.46,,,,,1.646,,,1.646,,
2025/11/29 00:00,2.65,2.25,,,8.63,7.97,,7.99,216.610001,222.470001,,,6.97,6.5,,,,,1.641,,1.59,1.641,,1.59
2025/11/29 00:00,2.66,2.23,,,8.62,7.97,,7.98,216.360001,222.949997,,225.149994,6.99,,,,,,1.643,,1.595,1.643,,1.595
2025/11/29 00:00,2.65,2.25,,1.67,8.62,7.97,,7.99,216.360001,222.710007,,224.660004,6.97,,6.25,,,,1.634,,1.597,1.634,,1.597
2025/11/29 00:00,2.66,2.25,,1.68,8.62,7.97,,7.98,216.360001,222.470001,,225.399994,6.98,,6.2,,,,1.642,,1.59,1.642,,1.59
2025/11/29 00:00,2.66,2.25,,1.68,8.61,7.97,,7.98,216.360001,222.949997,,224.910004,6.99,,6.2,,,,1.644,,1.594,1.644,,1.594
2025/11/29 00:00,2.66,2.25,,1.66,8.62,7.97,,7.99,216.360001,222.949997,,224.660004,7.02,,6.16,,,,1.644,,,1.644,,
2025/11/29 00:00,2.64,2.22,1.99,,8.61,7.97,8.02,,216.610001,222.949997,,,7,,6.19,,,,1.636,1.624,,1.636,1.624,
2025/11/29 00:00,2.65,2.24,2,,8.6,7.98,8.02,,216.360001,222.949997,224.419998,,6.99,6.51,,,,,1.648,1.627,,1.648,1.627,
2025/11/29 00:00,2.65,2.25,2.01,,8.59,7.97,8.02,,216.610001,222.949997,224.179993,,6.98,6.54,,,,,1.641,1.617,,1.641,1.617,
2025/11/29 00:00,2.65,2.24,1.99,,8.6,7.97,8.02,,216.610001,222.949997,224.910004,,6.97,6.46,,,,,1.639,1.624,,1.639,1.624,
2025/11/29 00:00,2.65,2.24,1.99,,8.58,7.98,8.01,,216.610001,222.710007,224.179993,,7.05,6.53,,,,,1.64,1.622,,1.64,1.622,
2025/11/29 00:00,2.65,2.22,1.98,,8.58,7.98,8.02,,216.610001,222.949997,224.419998,,7.01,6.48,,,,,1.642,1.63,,1.642,1.63,
2025/11/29 00:00,2.65,2.22,,,8.58,7.97,,7.99,216.610001,222.949997,,,7.03,6.5,,,,,1.643,,,1.643,,
2025/11/29 00:00,2.65,2.23,,1.73,8.57,7.97,,7.98,216.610001,222.949997,,225.149994,7.02,,,,,,1.637,,1.596,1.637,,1.596
2025/11/29 00:00,2.65,2.23,,1.73,8.57,7.97,,7.98,216.610001,222.710007,,224.910004,7.01,,6.22,,,,1.641,,1.593,1.641,,1.593
2025/11/29 00:00,2.64,2.23,,1.73,8.56,7.97,,7.98,216.610001,222.949997,,225.149994,7.05,,6.21,,,,1.647,,1.592,1.647,,1.592
2025/11/29 00:00,2.64,2.24,,1.73,8.55,7.98,,7.99,216.610001,222.710007,,224.910004,7.02,,6.15,,,,1.643,,1.595,1.643,,1.595
2025/11/29 00:00,2.66,2.22,,1.73,8.55,7.98,,7.99,216.610001,222.949997,,224.660004,7,,6.14,,,,1.636,,1.592,1.636,,1.592
2025/11/29 00:00,2.64,2.23,2.04,,8.55,7.98,8.02,,216.850006,223.199997,,,7.06,,6.18,,,,1.641,1.619,,1.641,1.619,
2025/11/29 00:00,2.64,2.23,2.03,,8.54,7.98,8.02,,216.610001,222.949997,224.910004,,7.07,6.52,,,,,1.652,1.619,,1.652,1.619,
2025/11/29 00:00,2.63,2.23,2.03,,8.53,7.98,8.02,,216.610001,222.949997,224.419998,,7.04,6.52,,,,,1.644,1.629,,1.644,1.629,
2025/11/29 00:00,2.61,2.24,2.03,,8.53,7.98,8.02,,216.610001,222.949997,224.419998,,7.03,6.48,,,,,1.637,1.622,,1.637,1.622,
2025/11/29 00:00,2.62,2.21,2.03,,8.52,7.98,8.02,,216.610001,222.949997,224.910004,,7,6.55,,,,,1.643,1.628,,1.643,1.628,
2025/11/29 00:00,2.61,2.26,2.03,,8.51,7.98,8.02,,216.360001,222.949997,224.660004,,7.01,6.51,,,,,1.642,1.636,,1.642,1.636,
2025/11/29 00:00,2.62,2.26,,,8.51,7.98,,8,216.360001,222.949997,,,7.05,6.52,,,,,1.645,,,1.645,,
2025/11/29 00:00,2.63,2.24,,1.7,8.5,7.98,,7.99,216.610001,222.710007,,225.149994,7.01,,6.26,,,,1.634,,1.6,1.634,,1.6
2025/11/29 00:00,2.58,2.23,,1.7,8.49,7.99,,8,216.610001,222.949997,,225.889999,7.05,,6.27,,,,1.641,,1.607,1.641,,1.607
2025/11/29 00:00,2.58,2.2,,1.7,8.48,7.98,,8,216.850006,222.949997,,226.130005,7.06,,6.26,,,,1.64,,1.6,1.64,,1.6
2025/11/29 00:00,2.61,2.21,,1.7,8.48,7.99,,7.99,216.360001,222.949997,,226.369995,7.04,,6.27,,,,1.643,,1.595,1.643,,1.595
2025/11/29 00:00,2.59,2.22,,1.7,8.46,7.98,,7.99,216.610001,223.199997,,225.889999,7.06,,6.33,,,,1.633,,1.598,1.633,,1.598
2025/11/29 00:00,2.59,2.23,2.01,,8.46,7.98,8.02,,216.360001,223.199997,,,7.06,,6.25,,,,1.644,1.622,,1.644,1.622,
2025/11/29 00:00,2.54,2.25,2.01,,8.45,7.98,8.02,,216.610001,223.199997,226.130005,,7.03,6.59,,,,,1.638,1.62,,1.638,1.62,
2025/11/29 00:00,2.59,2.23,2.02,,8.44,7.99,8.02,,216.850006,222.949997,225.889999,,7.02,6.55,,,,,1.647,1.622,,1.647,1.622,
2025/11/29 00:00,2.56,2.24,2.02,,8.43,7.99,8.02,,216.610001,222.710007,226.130005,,7.01,6.52,,,,,1.639,1.623,,1.639,1.623,
2025/11/29 00:00,2.58,2.25,2.03,,8.43,7.99,8.02,,216.610001,222.949997,225.399994,,7.03,6.56,,,,,1.64,1.625,,1.64,1.625,
2025/11/29 00:00,2.59,2.25,2.02,,8.43,7.98,8.02,,216.610001,223.199997,225.889999,,7.02,6.55,,,,,1.64,1.627,,1.64,1.627,
2025/11/29 00:00,2.5,2.24,,,8.42,7.99,,8,216.610001,222.949997,,,7.03,6.59,,,,,1.639,,1.592,1.639,,1.592
2025/11/29 00:00,2.44,2.22,,1.71,8.4,7.98,,7.99,216.610001,223.440002,,226.369995,7.04,,6.32,,,,1.645,,1.594,1.645,,1.594
2025/11/29 00:00,2.49,2.22,,1.7,8.4,7.98,,7.99,216.610001,222.710007,,225.889999,7.05,,6.29,,,,1.64,,1.593,1.64,,1.593
2025/11/29 00:00,2.47,2.22,,1.7,8.38,7.98,,8,216.850006,222.949997,,226.619995,7.04,,6.28,,,,1.644,,1.599,1.644,,1.599
2025/11/29 00:00,2.54,2.22,,1.7,8.37,7.98,,7.99,216.610001,222.710007,,226.369995,7.06,,6.3,,,,1.636,,1.597,1.636,,1.597
2025/11/29 00:00,2.43,2.21,,1.7,8.35,7.99,,8,216.850006,223.199997,,226.130005,7.03,,6.3,,,,1.638,,1.595,1.638,,1.595
2025/11/29 00:00,2.42,2.21,2.02,,8.34,7.99,8.03,,216.610001,223.199997,,,7.02,,6.32,,,,1.643,1.628,,1.643,1.628,
2025/11/29 00:00,2.45,2.21,2.03,,8.35,7.99,8.03,,216.360001,223.440002,226.619995,,7.04,6.57,,,,,1.642,1.624,,1.642,1.624,
2025/11/29 00:00,2.42,2.23,2.03,,8.32,7.98,8.03,,216.850006,223.440002,226.619995,,7.05,6.55,,,,,1.636,1.621,,1.636,1.621,
2025/11/29 00:00,2.43,2.23,2.03,,8.31,7.98,8.03,,216.610001,223.440002,226.369995,,7.08,6.54,,,,,1.636,1.624,,1.636,1.624,
2025/11/29 00:00,2.42,2.24,2.04,,8.31,7.98,8.03,,216.610001,223.440002,226.369995,,7.02,6.56,,,,,1.639,1.62,,1.639,1.62,
2025/11/29 00:00,2.21,2.25,2.03,,8.28,7.99,8.03,,216.610001,223.199997,226.369995,,7.06,6.55,,,,,1.633,1.621,,1.633,1.621,
2025/11/29 00:00,2.31,2.22,,,8.26,7.98,,,216.610001,223.440002,,,7.08,6.56,,,,,1.642,,1.593,1.642,,1.593
2025/11/29 00:00,2.26,2.23,,1.71,8.25,7.98,,8,216.360001,223.440002,,226.369995,7.05,,,,,,1.64,,1.595,1.64,,1.595
2025/11/29 00:00,2.23,2.25,,1.7,8.25,7.98,,8,216.360001,223.440002,,226.369995,7.09,,6.31,,,,1.645,,1.597,1.645,,1.597
2025/11/29 00:00,2.33,2.25,,1.71,8.23,7.98,,8,216.610001,223.440002,,226.860001,7.04,,6.27,,,,1.64,,1.591,1.64,,1.591
2025/11/29 00:00,2.18,2.24,,1.72,8.2,7.98,,7.99,216.850006,223.199997,,226.860001,7.08,,6.25,,,,1.642,,1.595,1.642,,1.595
2025/11/29 00:00,2.2,2.27,,1.72,8.19,7.98,,7.99,216.850006,223.440002,,226.369995,7.05,,6.23,,,,1.636,,1.594,1.636,,1.594
2025/11/29 00:00,2.21,2.28,2.03,,8.17,7.98,8.03,,216.360001,222.710007,,,7,,6.24,,,,1.641,1.62,,1.641,1.62,
2025/11/29 00:00,2.12,2.29,2.04,,8.17,7.97,8.03,,216.610001,223.199997,225.399994,,7.02,6.53,,,,,1.643,1.62,,1.643,1.62,
2025/11/29 00:00,2.13,2.27,2.04,,8.15,7.98,8.03,,216.360001,222.949997,225.399994,,7.03,6.53,,,,,1.639,1.625,,1.639,1.625,
2025/11/29 00:00,2.17,2.25,2.04,,8.14,7.98,8.02,,216.850006,223.199997,225.639999,,7.06,6.55,,,,,1.643,1.628,,1.643,1.628,
2025/11/29 00:00,2.18,2.25,2.03,,8.11,7.97,8.03,,217.089996,223.199997,225.149994,,7.03,6.53,,,,,1.645,1.616,,1.645,1.616,
2025/11/29 00:00,2.11,2.22,2.03,,8.09,7.98,8.02,,217.089996,222.949997,224.910004,,7.04,6.51,,,,,1.638,1.624,,1.638,1.624,
2025/11/29 00:00,2.14,2.23,,,8.06,7.97,,7.99,217.089996,223.199997,,,7.04,6.55,,,,,1.631,,1.596,1.631,,1.596
2025/11/29 00:00,2.1,2.24,,1.72,8.04,7.97,,7.99,216.850006,222.949997,,225.399994,7.05,,6.27,,,,1.641,,1.592,1.641,,1.592
2025/11/29 00:00,2.11,2.23,,1.72,8.04,7.97,,7.99,216.850006,222.949997,,225.639999,7.08,,6.29,,,,1.636,,1.594,1.636,,1.594
2025/11/29 00:00,2.15,2.23,,1.72,,7.97,,7.99,,222.949997,,225.149994,7.02,,6.25,,,,1.635,,1.594,1.635,,1.594
2025/11/29 00:00,0.92,2.23,,1.72,,7.96,,7.99,,223.199997,,225.639999,7.02,,6.25,,,,1.637,,1.595,1.637,,1.595
2025/11/29 00:00,0.4,2.23,,1.72,,7.97,,7.99,,222.949997,,224.910004,7.04,,6.21,,,,1.636,,1.591,1.636,,1.591
2025/11/29 00:00,0.35,2.24,2.03,,8.43,7.97,8.03,,,222.949997,,,7.08,,6.21,,,,1.634,1.621,,1.634,1.621,
2025/11/29 00:00,0.32,2.26,2.04,,8.47,7.96,8.02,,,222.949997,225.399994,,7.04,6.57,,,,,1.634,1.619,,1.634,1.619,
2025/11/29 00:00,1.25,2.27,2.04,,8.65,7.96,8.02,,,222.949997,225.399994,,7.03,6.5,,,,,1.638,1.618,,1.638,1.618,
2025/11/29 00:00,2.5,2.28,2.04,,8.77,7.97,8.02,,,222.949997,225.149994,,7.03,6.5,,,,,1.648,1.617,,1.648,1.617,
2025/11/29 00:00,2.76,2.28,2.05,,8.77,7.96,8.02,,216.610001,222.949997,225.149994,,7.02,6.47,,,,,1.641,1.618,,1.641,1.618,
2025/11/29 00:00,2.64,2.27,2.04,,8.74,7.96,8.02,,217.089996,223.199997,225.149994,,7.02,6.52,,,,,1.643,1.623,,1.643,1.623,
2025/11/29 00:00,2.65,2.25,,,8.7,7.97,,,217.580002,222.949997,,,7.03,6.5,,,,,1.643,,1.599,1.643,,1.599
2025/11/29 00:00,2.68,2.24,,1.73,8.69,7.96,,7.99,217.580002,222.949997,,225.399994,7.05,,,,,,1.633,,1.595,1.633,,1.595
2025/11/30 00:00,2.68,2.24,,1.73,8.67,7.98,,7.99,217.339996,222.949997,,225.149994,7.01,,6.23,,,,1.644,,1.599,1.644,,1.599
2025/11/30 00:00,2.68,2.2,,1.73,8.68,7.98,,7.99,217.339996,223.440002,,225.399994,7.01,,6.22,,,,1.643,,1.596,1.643,,1.596
2025/11/30 00:00,2.67,2.2,,1.72,8.67,7.98,,7.99,217.089996,222.949997,,225.149994,7.06,,6.19,,,,1.637,,1.593,1.637,,1.593
2025/11/30 00:00,2.67,2.23,,1.72,8.67,7.98,,7.99,216.850006,222.949997,,225.639999,7.04,,6.19,,,,1.635,,1.597,1.635,,1.597
2025/11/30 00:00,2.67,2.23,2.03,,8.66,7.98,8.02,,216.610001,223.199997,,,7.08,,6.24,,,,1.638,1.624,,1.638,1.624,
2025/11/30 00:00,2.67,2.24,2.03,,8.65,7.99,8.02,,216.850006,222.949997,225.149994,,7.06,6.54,,,,,1.637,1.627,,1.637,1.627,
2025/11/30 00:00,2.66,2.22,2.04,,8.65,7.98,8.02,,216.850006,223.440002,225.399994,,7.06,6.54,,,,,1.637,1.621,,1.637,1.621,
2025/11/30 00:00,2.67,2.23,2.04,,8.65,7.98,8.02,,216.610001,223.440002,225.399994,,7.02,6.53,,,,,1.64,1.618,,1.64,1.618,
2025/11/30 00:00,2.67,2.25,2.04,,8.64,7.98,8.02,,216.850006,223.690002,225.149994,,7.08,6.55,,,,,1.641,1.619,,1.641,1.619,
2025/11/30 00:00,2.67,2.27,2.04,,8.65,7.97,8.01,,216.850006,223.440002,225.149994,,7.06,6.5,,,,,1.644,1.619,,1.644,1.619,
2025/11/30 00:00,2.65,2.31,,,8.65,7.98,,,217.089996,222.949997,,,7,6.53,,,,,1.634,,1.598,1.634,,1.598
2025/11/30 00:00,2.66,2.31,,1.72,8.64,7.98,,7.99,216.850006,223.199997,,225.399994,6.99,,,,,,1.638,,1.593,1.638,,1.593
2025/11/30 00:00,2.66,2.29,,1.72,8.63,7.98,,7.99,217.089996,223.440002,,225.399994,7.04,,6.29,,,,1.638,,1.598,1.638,,1.598
2025/11/30 00:00,2.66,2.29,,1.72,8.63,7.98,,7.99,217.089996,223.199997,,225.639999,7,,6.31,,,,1.631,,1.6,1.631,,1.6
2025/11/30 00:00,2.67,2.28,,1.72,8.62,7.98,,7.99,217.089996,223.199997,,225.889999,7.05,,6.24,,,,1.637,,1.598,1.637,,1.598
2025/11/30 00:00,2.65,2.27,,1.71,8.62,7.98,,7.99,216.850006,223.199997,,225.639999,7.03,,6.25,,,,1.636,,1.595,1.636,,1.595
2025/11/30 00:00,2.65,2.26,,,8.61,7.99,8.02,,216.850006,223.440002,,,7,,6.31,,,,1.637,1.621,,1.637,1.621,
2025/11/30 00:00,2.64,2.22,2.03,,8.61,7.98,8.02,,217.089996,223.199997,225.639999,,7.04,6.55,,,,,1.644,1.617,,1.644,1.617,
2025/11/30 00:00,2.65,2.23,2.03,,8.61,7.99,8.02,,217.089996,223.199997,226.130005,,7.02,6.53,,,,,1.635,1.622,,1.635,1.622,
2025/11/30 00:00,2.65,2.22,2.03,,8.6,7.99,8.02,,217.089996,223.440002,226.369995,,7.1,6.55,,,,,1.637,1.621,,1.637,1.621,
2025/11/30 00:00,2.64,2.22,2.03,,8.6,7.98,8.03,,217.089996,223.440002,226.619995,,7.1,6.57,,,,,1.638,1.618,,1.638,1.618,
2025/11/30 00:00,2.65,2.23,2.04,,8.59,7.99,8.02,,216.850006,223.440002,226.369995,,7.06,6.56,,,,,1.637,1.62,,1.637,1.62,
2025/11/30 00:00,2.64,2.22,,,8.59,8,,8,217.089996,223.440002,,,7.04,6.52,,,,,1.642,,,1.642,,
2025/11/30 00:00,2.63,2.23,,1.72,8.58,7.99,,7.99,216.850006,223.440002,,226.860001,7.06,,,,,,1.64,,1.593,1.64,,1.593
2025/11/30 00:00,2.63,2.25,,1.72,8.58,7.99,,8,217.089996,223.440002,,226.369995,7.05,,6.29,,,,1.635,,1.595,1.635,,1.595
2025/11/30 00:00,2.63,2.25,,1.72,8.57,7.99,,8,216.850006,223.440002,,226.860001,7.07,,6.29,,,,1.641,,1.59,1.641,,1.59
2025/11/30 00:00,2.62,2.25,,1.72,8.56,7.99,,8,216.850006,223.440002,,226.369995,7.06,,6.3,,,,1.643,,1.596,1.643,,1.596
2025/11/30 00:00,2.63,2.24,,1.72,8.56,7.99,,8,216.850006,223.440002,,226.619995,7.05,,6.26,,,,1.642,,1.595,1.642,,1.595
2025/11/30 00:00,2.62,2.24,,,8.55,8,8.03,,217.089996,223.440002,,,7.05,,6.27,,,,1.646,1.625,,1.646,1.625,
2025/11/30 00:00,2.62,2.25,2.04,,8.54,7.99,8.02,,216.850006,223.440002,226.619995,,7.04,6.56,,,,,1.64,1.619,,1.64,1.619,
2025/11/30 00:00,2.63,2.25,2.04,,8.54,8,8.02,,217.089996,223.440002,226.860001,,7.05,6.57,,,,,1.638,1.618,,1.638,1.618,
2025/11/30 00:00,2.59,2.25,2.04,,8.53,8,8.02,,217.089996,223.440002,226.619995,,7.05,6.6,,,,,1.644,1.619,,1.644,1.619,
2025/11/30 00:00,2.61,2.25,2.04,,8.53,8,8.02,,216.850006,223.440002,226.369995,,7.05,6.58,,,,,1.636,1.62,,1.636,1.62,
2025/11/30 00:00,2.63,2.25,2.04,,8.51,8,8.02,,216.850006,223.440002,226.860001,,7.03,6.56,,,,,1.639,1.613,,1.639,1.613,
2025/11/30 00:00,2.62,2.26,,,8.51,8,,,217.089996,223.440002,,,7.07,6.57,,,,,1.637,,1.594,1.637,,1.594
2025/11/30 00:00,2.62,2.25,,1.72,8.5,7.99,,7.99,217.089996,223.440002,,226.860001,7.06,,,,,,1.641,,1.591,1.641,,1.591
2025/11/30 00:00,2.6,2.25,,1.72,8.49,7.99,,7.99,216.850006,223.690002,,226.860001,7.05,,6.35,,,,1.635,,1.595,1.635,,1.595
2025/11/30 00:00,2.58,2.23,,1.71,8.5,8,,7.99,217.339996,223.440002,,226.619995,7.04,,6.33,,,,1.635,,1.595,1.635,,1.595
2025/11/30 00:00,2.61,2.24,,1.72,8.48,7.99,,7.99,217.830002,223.440002,,227.839996,7.05,,6.31,,,,1.642,,1.595,1.642,,1.595
2025/11/30 00:00,2.59,2.26,,1.72,8.48,7.99,,7.99,217.089996,223.440002,,226.860001,7.04,,6.28,,,,1.647,,1.589,1.647,,1.589
2025/11/30 00:00,2.62,2.29,,,8.47,7.99,8.02,,217.339996,223.440002,,,7.02,,6.3,,,,1.642,1.621,,1.642,1.621,
2025/11/30 00:00,2.59,2.3,2.04,,8.46,7.99,8.02,,217.089996,223.199997,225.889999,,6.99,6.53,,,,,1.638,1.62,,1.638,1.62,
2025/11/30 00:00,2.56,2.29,2.04,,8.45,7.99,8.02,,217.089996,223.440002,225.889999,,7.01,6.52,,,,,1.631,1.623,,1.631,1.623,
2025/11/30 00:00,2.53,2.25,2.04,,8.44,7.99,8.02,,216.850006,223.440002,226.130005,,6.99,6.56,,,,,1.636,1.621,,1.636,1.621,
2025/11/30 00:00,2.58,2.26,2.04,,8.43,7.99,8.03,,217.089996,223.440002,225.399994,,7.03,6.54,,,,,1.645,1.616,,1.645,1.616,
2025/11/30 00:00,2.55,2.25,2.04,,8.42,8,8.02,,217.089996,223.440002,225.639999,,7.07,6.52,,,,,1.635,1.619,,1.635,1.619,
2025/11/30 00:00,2.44,2.23,,,8.42,8,,,216.850006,223.690002,,,7.03,6.53,,,,,1.641,,1.596,1.641,,1.596
2025/11/30 00:00,2.48,2.22,,,8.41,7.99,,7.98,216.610001,223.199997,,225.889999,7.06,,,,,,1.634,,1.595,1.634,,1.595
2025/11/30 00:00,2.48,2.21,,1.73,8.39,8,,7.99,216.850006,223.440002,,225.639999,7.07,,6.26,,,,1.642,,1.595,1.642,,1.595
2025/11/30 00:00,2.51,2.22,,1.73,8.38,8,,7.99,217.089996,223.690002,,225.889999,7.08,,6.3,,,,1.635,,1.593,1.635,,1.593
2025/11/30 00:00,2.43,2.22,,1.73,8.36,8,,8,217.339996,223.199997,,225.639999,7.04,,6.29,,,,1.635,,1.596,1.635,,1.596
2025/11/30 00:00,2.3,2.23,,1.73,8.35,8,,7.99,217.089996,223.440002,,225.889999,7.08,,6.25,,,,1.64,,1.593,1.64,,1.593
2025/11/30 00:00,2.38,2.23,,,8.34,8,8.02,,217.089996,223.440002,,,7.05,,6.29,,,,1.633,1.621,,1.633,1.621,
2025/11/30 00:00,2.43,2.22,2.04,,8.33,8,8.03,,217.089996,223.690002,225.399994,,7.08,6.58,,,,,1.635,1.628,,1.635,1.628,
2025/11/30 00:00,2.35,2.23,2.05,,8.32,8,8.02,,217.089996,223.199997,225.639999,,7.07,6.57,,,,,1.641,1.617,,1.641,1.617,
2025/11/30 00:00,2.28,2.24,2.05,,8.31,7.99,8.02,,216.850006,223.440002,225.639999,,7.08,6.57,,,,,1.64,1.618,,1.64,1.618,
2025/11/30 00:00,2.43,2.23,2.05,,8.29,7.99,8.02,,217.089996,223.199997,225.639999,,7.07,6.53,,,,,1.637,1.616,,1.637,1.616,
2025/11/30 00:00,2.29,2.24,2.05,,8.26,8,8.02,,217.089996,223.440002,225.889999,,7.07,6.53,,,,,1.634,1.619,,1.634,1.619,
2025/11/30 00:00,2.23,2.23,,,8.25,7.99,,7.99,216.850006,223.199997,,,7.1,6.53,,,,,1.641,,1.591,1.641,,1.591
2025/11/30 00:00,2.2,2.24,,1.73,8.24,7.99,,7.99,216.850006,223.199997,,225.889999,7.07,,,,,,1.637,,1.59,1.637,,1.59
2025/11/30 00:00,2.27,2.25,,1.74,8.22,7.99,,7.98,216.850006,222.949997,,225.889999,7.08,,6.28,,,,1.637,,1.586,1.637,,1.586
2025/11/30 00:00,2.21,2.25,,1.73,8.2,7.98,,7.99,216.850006,223.199997,,225.399994,7.12,,6.27,,,,1.64,,1.599,1.64,,1.599
2025/11/30 00:00,2.17,2.24,,1.73,8.19,7.99,,7.99,216.850006,223.440002,,226.130005,7.08,,6.24,,,,1.631,,1.599,1.631,,1.599
2025/11/30 00:00,2.18,2.24,,1.73,8.16,7.99,,7.98,216.850006,222.949997,,225.399994,7.03,,6.27,,,,1.643,,1.591,1.643,,1.591
2025/11/30 00:00,2.18,2.23,,,8.15,7.98,8.02,,217.089996,223.440002,,,7.07,,6.25,,,,1.636,1.624,,1.636,1.624,
2025/11/30 00:00,2.2,2.26,2.04,,8.13,7.98,8.01,,217.089996,223.199997,225.399994,,7.09,6.59,,,,,1.636,1.62,,1.636,1.62,
2025/11/30 00:00,2.2,2.26,2.05,,8.12,7.98,8.01,,217.089996,223.440002,225.639999,,7.11,6.55,,,,,1.638,1.623,,1.638,1.623,
2025/11/30 00:00,2.21,2.26,2.05,,8.1,7.98,8.02,,217.089996,223.199997,225.639999,,7.02,6.59,,,,,1.637,1.618,,1.637,1.618,
2025/11/30 00:00,2.23,2.25,2.05,,8.09,7.99,8.01,,217.089996,223.199997,225.639999,,7.07,6.57,,,,,1.627,1.616,,1.627,1.616,
2025/11/30 00:00,2.15,2.24,2.05,,8.07,7.99,8.01,,217.339996,223.690002,225.639999,,7.06,6.57,,,,,1.631,1.624,,1.631,1.624,
2025/11/30 00:00,2.18,2.25,,,8.07,7.98,,7.99,217.089996,223.440002,,,7.05,6.55,,,,,1.628,,1.597,1.628,,1.597
2025/11/30 00:00,2.18,2.3,,,8.04,7.98,,7.99,216.850006,223.690002,,225.639999,7.04,,,,,,1.634,,1.594,1.634,,1.594
2025/11/30 00:00,2.15,2.29,,1.72,8.03,7.98,,7.98,217.089996,223.440002,,226.369995,7.04,,6.29,,,,1.639,,1.597,1.639,,1.597
2025/11/30 00:00,2.18,2.29,,1.72,8.01,7.98,,7.99,217.089996,223.440002,,226.369995,7.06,,6.29,,,,1.636,,1.595,1.636,,1.595
2025/11/30 00:00,2.17,2.26,,1.72,7.99,7.98,,7.99,217.339996,223.440002,,226.369995,7.03,,6.31,,,,1.628,,1.596,1.628,,1.596
2025/11/30 00:00,2.17,2.26,,1.72,7.98,7.98,,7.99,217.580002,223.440002,,226.369995,7.06,,6.3,,,,1.634,,1.593,1.634,,1.593
2025/11/30 00:00,2.15,2.26,,,7.96,7.98,8.02,,217.339996,223.199997,,,7.1,,6.3,,,,1.644,1.622,,1.644,1.622,
2025/11/30 00:00,2.17,2.25,2.05,,7.96,7.97,8.02,,217.339996,223.440002,226.860001,,7.02,6.57,,,,,1.629,1.624,,1.629,1.624,
2025/11/30 00:00,2.17,2.25,2.05,,,7.98,8.02,,,223.199997,226.619995,,7.02,6.53,,,,,1.636,1.619,,1.636,1.619,
2025/11/30 00:00,0.62,2.25,2.05,,,7.98,8.02,,,223.440002,226.619995,,7.01,6.55,,,,,1.629,1.619,,1.629,1.619,
2025/11/30 00:00,0.36,2.24,2.05,,,7.97,8.02,,,223.440002,226.369995,,7.02,6.56,,,,,1.636,1.618,,1.636,1.618,
2025/11/30 00:00,0.33,2.24,2.05,,,7.96,8.02,,,223.199997,226.860001,,7.04,6.55,,,,,1.641,1.622,,1.641,1.622,
2025/11/30 00:00,0.53,2.24,,,,7.97,,,,223.199997,,,7,,,,,,1.645,,1.594,1.645,,1.594
2025/11/30 00:00,1.7,2.25,,,,7.97,,7.99,,223.440002,,226.860001,7.03,,,,,,1.641,,1.592,1.641,,1.592
2025/11/30 00:00,2.81,2.25,,1.73,,7.97,,7.99,,223.440002,,226.619995,7.02,,6.3,,,,1.628,,1.597,1.628,,1.597
2025/11/30 00:00,2.72,2.25,,1.73,,7.97,,7.99,,223.199997,,226.860001,6.95,,6.31,,,,1.645,,1.592,1.645,,1.592
2025/11/30 00:00,2.63,2.25,,1.73,,7.96,,7.98,,223.690002,,226.860001,6.98,,6.28,,,,1.634,,1.598,1.634,,1.598
2025/11/30 00:00,2.69,2.26,,1.72,8.68,7.96,,7.98,217.089996,223.199997,,226.369995,6.96,,6.3,,,,1.641,,1.593,1.641,,1.593
2025/11/30 00:00,2.68,2.25,,,8.67,7.96,8.02,,217.339996,223.199997,,,7.01,,6.27,,,,1.632,1.626,,1.632,1.626,
2025/11/30 00:00,2.67,2.26,2.05,,8.67,7.99,8.02,,217.339996,223.199997,226.369995,,7.03,6.55,,,,,1.641,1.618,,1.641,1.618,
2025/11/30 00:00,2.66,2.17,2.05,,8.66,7.99,8.02,,217.089996,223.690002,226.619995,,6.99,6.58,,,,,1.634,1.619,,1.634,1.619,
2025/11/30 00:00,2.66,2.18,2.05,,8.66,7.99,8.02,,217.089996,223.440002,226.619995,,7.05,6.54,,,,,1.635,1.613,,1.635,1.613,
2025/11/30 00:00,2.65,2.22,2.05,,8.66,7.98,8.02,,217.089996,223.690002,226.619995,,7.04,6.55,,,,,1.631,1.618,,1.631,1.618,
2025/11/30 00:00,2.67,2.23,2.05,,8.65,7.99,8.02,,216.850006,223.929993,,,7.05,6.53,,,,,1.642,1.625,,1.642,1.625,
2025/11/30 00:00,2.66,2.23,,,8.65,7.99,,,217.089996,223.440002,,,7.02,6.55,,,,,1.634,,1.595,1.634,,1.595
2025/11/30 00:00,2.67,2.23,,1.73,8.64,7.99,,7.99,217.089996,223.929993,,227.110001,7.04,,6.35,,,,1.64,,1.591,1.64,,1.591
2025/11/30 00:00,2.65,2.22,,1.72,8.64,7.99,,7.99,217.089996,223.690002,,226.860001,7.04,,6.35,,,,1.64,,1.592,1.64,,1.592
2025/11/30 00:00,2.66,2.23,,1.72,8.64,7.99,,7.99,217.089996,223.929993,,226.860001,7.02,,6.3,,,,1.639,,1.596,1.639,,1.596
2025/11/30 00:00,2.64,2.24,,1.72,8.63,7.99,,7.98,217.089996,223.690002,,226.860001,7,,6.35,,,,1.628,,1.599,1.628,,1.599
2025/11/30 00:00,2.66,2.24,,1.73,8.62,7.99,,7.98,217.089996,223.690002,,227.589996,7.05,,6.31,,,,1.636,,1.594,1.636,,1.594
2025/11/30 00:00,2.65,2.27,,,8.62,8,8.02,,217.089996,223.690002,,,7.06,,6.3,,,,1.639,1.621,,1.639,1.621,
2025/11/30 00:00,2.64,2.28,2.04,,8.62,7.99,8.01,,216.850006,223.440002,226.860001,,7.02,6.52,,,,,1.633,1.622,,1.633,1.622,
2025/11/30 00:00,2.65,2.31,2.05,,8.62,7.99,8.02,,216.850006,223.440002,226.619995,,7,6.51,,,,,1.634,1.619,,1.634,1.619,
2025/11/30 00:00,2.66,2.31,2.04,,8.6,7.99,8.02,,217.089996,223.440002,225.889999,,6.98,6.55,,,,,1.64,1.62,,1.64,1.62,
2025/11/30 00:00,2.66,2.3,2.04,,8.6,7.98,8.02,,216.850006,223.440002,226.130005,,7,6.48,,,,,1.635,1.619,,1.635,1.619,
2025/11/30 00:00,2.65,2.31,2.04,,8.6,7.99,8.01,,216.360001,223.440002,226.130005,,6.98,6.51,,,,,1.631,1.62,,1.631,1.62,
2025/11/30 00:00,2.66,2.27,,,8.59,7.99,,,216.850006,223.440002,,,6.96,,,,,,1.642,,1.592,1.642,,1.592
2025/11/30 00:00,2.65,2.26,,1.72,8.58,7.99,,7.98,216.850006,223.199997,,226.130005,7.03,,,,,,1.638,,1.593,1.638,,1.593
2025/11/30 00:00,2.66,2.26,,1.72,8.58,7.99,,7.98,216.610001,223.199997,,226.130005,7.02,,6.26,,,,1.633,,1.598,1.633,,1.598
2025/11/30 00:00,2.63,2.25,,1.72,8.57,7.98,,7.97,216.610001,223.440002,,225.889999,7.03,,6.23,,,,1.643,,1.596,1.643,,1.596
2025/11/30 00:00,2.64,2.24,,1.72,8.57,7.99,,7.98,216.610001,223.199997,,225.639999,7.03,,6.24,,,,1.639,,1.597,1.639,,1.597
2025/11/30 00:00,2.63,2.22,,1.72,8.56,7.99,,7.98,216.850006,223.199997,,225.639999,7,,6.21,,,,1.632,,1.591,1.632,,1.591
2025/11/30 00:00,2.63,2.24,,,8.55,7.99,8.01,,216.610001,223.440002,,,7.05,,6.23,,,,1.644,1.62,,1.644,1.62,
2025/11/30 00:00,2.65,2.25,,,8.55,7.99,8,,217.089996,223.440002,225.639999,,7.01,6.51,,,,,1.637,1.62,,1.637,1.62,
2025/11/30 00:00,2.64,2.25,2.04,,8.54,7.99,8.01,,216.850006,223.199997,225.639999,,7.02,6.53,,,,,1.636,1.62,,1.636,1.62,
2025/11/30 00:00,2.62,2.26,2.04,,8.53,8,8.01,,217.089996,223.199997,225.639999,,7.02,6.54,,,,,1.637,1.613,,1.637,1.613,
2025/11/30 00:00,2.62,2.24,2.05,,8.53,7.99,8.01,,216.850006,223.440002,225.639999,,7.01,6.51,,,,,1.637,1.617,,1.637,1.617,
2025/11/30 00:00,2.63,2.26,2.05,,8.52,8,8.01,,217.089996,223.199997,225.639999,,7.02,6.52,,,,,1.636,1.615,,1.636,1.615,
2025/11/30 00:00,2.63,2.26,,,8.51,7.99,,7.98,217.339996,223.199997,,,7.04,,,,,,1.633,,1.593,1.633,,1.593
2025/11/30 00:00,2.57,2.26,,1.72,8.51,7.99,,7.98,217.089996,223.440002,,225.639999,7.05,,,,,,1.633,,1.595,1.633,,1.595
2025/11/30 00:00,2.59,2.27,,1.72,8.5,8,,7.97,216.850006,223.440002,,225.639999,7.02,,6.28,,,,1.642,,1.593,1.642,,1.593
2025/11/30 00:00,2.57,2.25,,1.72,8.49,7.99,,7.97,217.089996,223.440002,,225.639999,7,,6.21,,,,1.635,,1.591,1.635,,1.591
2025/11/30 00:00,2.57,2.27,,1.72,8.48,7.99,,7.97,217.089996,223.199997,,225.639999,6.98,,6.21,,,,1.647,,1.595,1.647,,1.595
2025/11/30 00:00,2.58,2.27,,1.72,8.48,7.99,,7.98,216.360001,223.440002,,225.399994,6.99,,6.17,,,,1.635,,1.596,1.635,,1.596
2025/11/30 00:00,2.61,2.27,,,8.46,7.99,8.02,,216.610001,223.199997,,,7,,6.23,,,,1.636,1.62,,1.636,1.62,
2025/11/30 00:00,2.54,2.28,2.05,,8.45,7.99,8.01,,216.610001,223.440002,225.399994,,6.97,,,,,,1.639,1.617,,1.639,1.617,
2025/11/30 00:00,2.55,2.26,2.05,,8.44,8,8.01,,217.089996,223.440002,225.149994,,7.02,6.53,,,,,1.639,1.618,,1.639,1.618,
2025/11/30 00:00,2.54,2.26,2.05,,8.43,8,8.01,,217.089996,223.440002,225.149994,,7,6.53,,,,,1.636,1.621,,1.636,1.621,
2025/11/30 00:00,2.55,2.27,2.06,,8.42,8,8.01,,217.089996,223.440002,225.149994,,7,6.53,,,,,1.634,1.62,,1.634,1.62,
2025/11/30 00:00,2.55,2.28,2.06,,8.42,8,8.01,,216.850006,223.440002,225.399994,,7.03,6.53,,,,,1.637,1.624,,1.637,1.624,
2025/11/30 00:00,2.37,2.27,,,8.41,7.99,,7.98,217.089996,223.440002,,,7.02,6.51,,,,,1.635,,1.601,1.635,,1.601
2025/11/30 00:00,2.47,2.28,,1.73,8.4,7.99,,7.98,216.610001,223.440002,,225.149994,7.03,,,,,,1.637,,1.596,1.637,,1.596
2025/11/30 00:00,2.4,2.29,,1.72,8.38,7.99,,7.98,216.360001,223.690002,,225.639999,6.97,,6.27,,,,1.635,,1.596,1.635,,1.596
2025/11/30 00:00,2.47,2.29,,1.72,8.37,8,,7.98,216.610001,223.929993,,225.639999,6.98,,6.32,,,,1.639,,1.599,1.639,,1.599
2025/11/30 00:00,2.51,2.28,,1.72,8.36,7.99,,7.98,216.610001,223.929993,,225.889999,6.99,,6.29,,,,1.637,,1.59,1.637,,1.59
2025/11/30 00:00,2.32,2.27,,1.72,8.35,7.99,,7.98,216.360001,223.440002,,226.369995,7.01,,6.29,,,,1.639,,1.594,1.639,,1.594
2025/11/30 00:00,2.31,2.24,,,8.34,7.99,8.02,,216.850006,223.690002,,,7.02,,6.32,,,,1.635,1.624,,1.635,1.624,
2025/11/30 00:00,2.44,2.25,2.04,,8.33,8,8.01,,217.089996,223.690002,226.860001,,6.99,6.57,,,,,1.639,1.617,,1.639,1.617,
2025/11/30 00:00,2.45,2.26,2.04,,8.31,7.99,8.01,,216.850006,223.929993,226.619995,,6.98,6.54,,,,,1.642,1.619,,1.642,1.619,
2025/11/30 00:00,2.39,2.26,2.04,,8.29,7.99,8.01,,216.850006,223.690002,226.860001,,7.02,6.52,,,,,1.633,1.619,,1.633,1.619,
2025/11/30 00:00,2.25,2.27,2.04,,8.28,8,8.01,,216.850006,223.199997,226.130005,,7.04,6.51,,,,,1.64,1.615,,1.64,1.615,
2025/11/30 00:00,2.27,2.26,2.05,,8.26,7.99,8.02,,216.850006,223.690002,226.619995,,6.99,6.51,,,,,1.63,1.619,,1.63,1.619,
2025/11/30 00:00,2.22,2.27,,,8.25,7.99,,,217.089996,223.929993,,,7,6.54,,,,,1.637,,1.594,1.637,,1.594
2025/11/30 00:00,2.23,2.28,,1.72,8.24,7.99,,7.98,216.850006,223.690002,,226.619995,7.01,,,,,,1.637,,1.595,1.637,,1.595
2025/11/30 00:00,2.24,2.28,,1.72,8.22,7.98,,7.98,217.089996,223.929993,,226.860001,7.01,,6.34,,,,1.636,,1.598,1.636,,1.598
2025/11/30 00:00,2.23,2.28,,1.72,8.21,7.99,,7.98,217.089996,223.929993,,226.860001,6.99,,6.27,,,,1.637,,1.595,1.637,,1.595
2025/11/30 00:00,2.19,2.28,,1.72,8.19,7.99,,7.98,217.089996,223.690002,,226.619995,6.98,,6.28,,,,1.635,,1.597,1.635,,1.597
2025/11/30 00:00,2.2,2.27,,1.72,8.17,7.99,,7.98,216.850006,223.690002,,227.110001,6.96,,6.36,,,,1.636,,1.591,1.636,,1.591
2025/11/30 00:00,2.27,2.28,,,8.16,7.99,8.02,,216.850006,223.929993,,,6.98,,6.32,,,,1.638,1.619,,1.638,1.619,
2025/11/30 00:00,2.23,2.28,2.05,,8.14,7.99,8.01,,216.850006,223.690002,227.110001,,7.03,6.52,,,,,1.634,1.617,,1.634,1.617,
2025/11/30 00:00,2.2,2.28,2.05,,8.12,7.98,8.02,,217.089996,223.929993,226.860001,,7,6.55,,,,,1.641,1.613,,1.641,1.613,
2025/11/30 00:00,2.25,2.29,2.05,,8.11,7.99,8.02,,217.339996,223.690002,226.860001,,7,6.53,,,,,1.634,1.617,,1.634,1.617,
2025/11/30 00:00,2.2,2.27,2.05,,8.09,7.98,8.02,,216.850006,223.690002,227.110001,,6.99,6.53,,,,,1.635,1.623,,1.635,1.623,
2025/11/30 00:00,2.2,2.28,2.05,,8.07,7.98,8.02,,217.089996,223.929993,226.619995,,7.01,6.54,,,,,1.636,1.618,,1.636,1.618,
2025/11/30 00:00,2.21,2.29,,1.73,8.05,7.99,,,217.089996,223.690002,,,7,6.52,,,,,1.633,,1.597,1.633,,1.597
2025/11/30 00:00,2.24,2.29,,1.73,8.04,7.98,,7.99,217.089996,223.929993,,227.350006,7.02,,,,,,1.632,,1.598,1.632,,1.598
2025/11/30 00:00,2.18,2.29,,1.73,8.02,7.98,,7.99,217.089996,223.690002,,226.860001,6.99,,6.32,,,,1.638,,1.588,1.638,,1.588
2025/11/30 00:00,2.22,2.27,,1.73,8,7.98,,7.99,216.610001,223.690002,,227.110001,6.91,,6.33,,,,1.636,,1.592,1.636,,1.592
2025/11/30 00:00,2.23,2.29,,1.72,7.98,7.98,,7.99,217.089996,223.929993,,226.860001,6.97,,6.34,,,,1.634,,1.589,1.634,,1.589
2025/11/30 00:00,2.2,2.3,,1.73,7.98,7.98,,7.99,216.850006,223.929993,,227.110001,6.98,,6.33,,,,1.637,,1.594,1.637,,1.594
2025/11/30 00:00,2.26,2.29,,,7.96,7.98,8.02,,217.089996,223.690002,,,6.99,,6.28,,,,1.637,1.622,,1.637,1.622,
2025/11/30 00:00,2.26,2.32,2.05,,,7.98,8.02,,,223.929993,226.619995,,6.93,6.51,,,,,1.63,1.62,,1.63,1.62,
2025/11/30 00:00,0.9,2.31,2.06,,,7.98,8.02,,,223.690002,226.369995,,6.94,6.56,,,,,1.629,1.617,,1.629,1.617,
2025/11/30 00:00,0.39,2.29,2.06,,,7.97,8.02,,,223.929993,226.369995,,6.94,6.51,,,,,1.643,1.612,,1.643,1.612,
2025/11/30 00:00,0.35,2.3,2.06,,,7.97,8.02,,,223.690002,226.130005,,6.99,6.55,,,,,1.631,1.619,,1.631,1.619,
2025/11/30 00:00,0.32,2.29,2.06,,,7.97,8.02,,,223.929993,225.889999,,6.96,6.49,,,,,1.637,1.619,,1.637,1.619,
2025/11/30 00:00,1.28,2.28,,,,7.97,,7.99,,223.929993,,,6.98,6.51,,,,,1.635,,1.599,1.635,,1.599
2025/11/30 00:00,2.54,2.28,,1.75,,7.97,,7.99,,223.690002,,226.619995,6.97,,,,,,1.637,,1.597,1.637,,1.597
2025/11/30 00:00,2.71,2.28,,1.74,,7.97,,7.98,,223.690002,,226.619995,6.96,,6.28,,,,1.638,,1.597,1.638,,1.597
2025/11/30 00:00,2.61,2.29,,1.75,,7.97,,7.98,,223.440002,,225.639999,6.96,,6.28,,,,1.634,,1.59,1.634,,1.59
2025/11/30 00:00,2.63,2.29,,1.74,8.69,7.97,,7.98,216.610001,223.199997,,226.130005,6.98,,6.22,,,,1.643,,1.596,1.643,,1.596
2025/11/30 00:00,2.66,2.29,,1.74,8.67,7.97,,7.98,217.339996,223.929993,,225.889999,6.98,,6.22,,,,1.639,,1.593,1.639,,1.593
2025/11/30 00:00,2.65,2.31,,,8.66,7.99,8.02,,216.610001,223.440002,,,6.94,,6.19,,,,1.63,1.622,,1.63,1.622,
2025/11/30 00:00,2.66,2.26,2.07,,8.66,7.99,8.02,,216.610001,223.929993,225.639999,,6.97,6.48,,,,,1.635,1.611,,1.635,1.611,
2025/11/30 00:00,2.65,2.27,2.06,,8.66,7.98,8.02,,216.360001,223.199997,225.639999,,6.96,6.49,,,,,1.635,1.623,,1.635,1.623,
2025/11/30 00:00,2.64,2.3,2.06,,8.66,7.99,8.02,,216.850006,223.440002,225.639999,,6.96,6.48,,,,,1.636,1.618,,1.636,1.618,
2025/11/30 00:00,2.65,2.31,2.07,,8.65,7.98,8.02,,216.610001,223.440002,225.399994,,6.9,6.52,,,,,1.639,1.619,,1.639,1.619,
2025/11/30 00:00,2.62,2.31,2.07,,8.66,7.99,8.02,,216.610001,223.440002,225.399994,,6.97,6.49,,,,,1.635,1.619,,1.635,1.619,
2025/11/30 00:00,2.64,2.32,,,8.65,7.99,,7.99,216.360001,223.690002,,,6.93,,,,,,1.632,,1.599,1.632,,1.599
2025/11/30 00:00,2.64,2.3,,,8.65,7.99,,7.99,216.360001,223.440002,,226.369995,6.96,,,,,,1.642,,1.593,1.642,,1.593
2025/11/30 00:00,2.63,2.31,,1.75,8.64,7.99,,7.99,215.869995,223.199997,,225.399994,6.96,,6.24,,,,1.642,,1.588,1.642,,1.588
2025/11/30 00:00,2.63,2.32,,1.75,8.63,7.98,,7.98,216.119995,223.199997,,225.639999,6.95,,6.21,,,,1.637,,1.599,1.637,,1.599
2025/11/30 00:00,2.64,2.31,,1.74,8.63,7.99,,7.98,216.119995,223.199997,,225.399994,6.95,,6.14,,,,1.641,,1.594,1.641,,1.594
2025/11/30 00:00,2.63,2.32,,1.74,8.62,7.99,,7.99,216.360001,223.199997,,225.149994,6.92,,6.17,,,,1.632,,1.59,1.632,,1.59
2025/11/30 00:00,2.63,2.29,,,8.62,7.99,8.02,,216.360001,223.199997,,,6.94,,6.21,,,,1.631,1.616,,1.631,1.616,
2025/11/30 00:00,2.63,2.3,2.07,,8.62,8,8.02,,216.119995,223.199997,225.639999,,6.96,,,,,,1.641,1.619,,1.641,1.619,
2025/11/30 00:00,2.64,2.31,2.07,,8.61,8,8.02,,216.360001,223.440002,225.639999,,6.97,6.52,,,,,1.63,1.617,,1.63,1.617,
2025/11/30 00:00,2.63,2.31,2.08,,8.6,7.99,8.02,,216.119995,223.440002,225.149994,,6.95,6.46,,,,,1.639,1.618,,1.639,1.618,
2025/11/30 00:00,2.62,2.31,2.07,,8.6,8,8.01,,216.119995,223.440002,225.149994,,6.95,6.49,,,,,1.635,1.621,,1.635,1.621,
2025/11/30 00:00,2.63,2.28,2.08,,8.59,7.99,8.01,,216.119995,223.690002,225.149994,,6.94,6.5,,,,,1.638,1.617,,1.638,1.617,
2025/11/30 00:00,2.61,2.3,,,8.59,7.99,,,216.119995,223.440002,,,6.96,6.46,,,,,1.634,,1.593,1.634,,1.593
2025/11/30 00:00,2.62,2.3,,,8.58,7.99,,7.99,216.119995,223.690002,,225.639999,6.91,,6.32,,,,1.632,,1.593,1.632,,1.593
2025/11/30 00:00,2.62,2.32,,1.74,8.58,8,,7.99,216.119995,223.440002,,225.639999,6.96,,6.29,,,,1.638,,1.596,1.638,,1.596
2025/11/30 00:00,2.59,2.32,,1.74,8.57,7.99,,7.99,216.360001,223.440002,,225.399994,6.92,,6.24,,,,1.635,,1.593,1.635,,1.593
2025/11/30 00:00,2.62,2.29,,1.74,8.56,8,,7.98,216.360001,223.690002,,226.369995,6.95,,6.28,,,,1.635,,1.598,1.635,,1.598
2025/11/30 00:00,2.61,2.28,,1.73,8.56,8,,7.99,216.360001,223.690002,,225.889999,6.96,,6.29,,,,1.632,,1.598,1.632,,1.598
2025/11/30 00:00,2.62,2.28,,,8.55,8,8.02,,216.119995,223.440002,226.369995,,6.98,,6.31,,,,1.635,1.619,,1.635,1.619,
2025/11/30 00:00,2.61,2.28,2.06,,8.55,8,8.01,,216.119995,223.929993,226.619995,,6.96,,,,,,1.63,1.624,,1.63,1.624,
2025/11/30 00:00,2.63,2.27,2.06,,8.54,8,8.01,,215.869995,223.929993,226.369995,,6.96,6.53,,,,,1.635,1.617,,1.635,1.617,
2025/11/30 00:00,2.58,2.27,2.06,,8.53,8,8.01,,216.610001,223.690002,226.860001,,6.97,6.55,,,,,1.642,1.619,,1.642,1.619,
2025/11/30 00:00,2.59,2.25,2.07,,8.53,8,8.01,,216.119995,223.929993,226.860001,,6.97,6.52,,,,,1.639,1.618,,1.639,1.618,
2025/11/30 00:00,2.6,2.27,2.07,,8.52,8,8.01,,216.360001,223.690002,226.619995,,6.99,6.57,,,,,1.637,1.619,,1.637,1.619,
2025/11/30 00:00,2.58,2.28,,1.74,8.52,8,,,216.119995,223.440002,226.369995,,6.94,,,,,,1.64,,1.601,1.64,,1.601
2025/11/30 00:00,2.62,2.28,,1.75,8.51,8,,7.98,216.360001,223.440002,,227.350006,6.98,,,,,,1.634,,1.596,1.634,,1.596
2025/11/30 00:00,2.58,2.28,,1.74,8.51,7.99,,7.99,216.850006,223.199997,,226.619995,6.96,,6.29,,,,1.643,,1.595,1.643,,1.595
2025/11/30 00:00,2.59,2.26,,1.74,8.5,8,,7.98,216.610001,223.690002,,227.350006,6.96,,6.29,,,,1.637,,1.593,1.637,,1.593
2025/11/30 00:00,2.59,2.27,,1.74,8.49,8,,7.99,216.119995,223.440002,,226.860001,6.98,,6.28,,,,1.642,,1.597,1.642,,1.597
2025/11/30 00:00,2.56,2.27,,1.74,8.49,7.99,,7.99,216.360001,223.440002,,227.350006,6.95,,6.27,,,,1.634,,1.594,1.634,,1.594
2025/11/30 00:00,2.57,2.28,,,8.48,8,8.03,,216.119995,223.690002,226.369995,,6.96,,6.29,,,,1.632,1.62,,1.632,1.62,
2025/11/30 00:00,2.46,2.28,2.07,,8.47,8,8.02,,216.610001,223.929993,226.619995,,6.95,,,,,,1.638,1.618,,1.638,1.618,
2025/11/30 00:00,2.5,2.27,2.07,,8.46,8,8.02,,216.610001,223.690002,227.350006,,6.97,6.5,,,,,1.642,1.615,,1.642,1.615,
2025/11/30 00:00,2.51,2.27,2.07,,8.45,8,8.02,,216.610001,223.440002,227.110001,,6.95,6.51,,,,,1.635,1.623,,1.635,1.623,
2025/11/30 00:00,2.53,2.28,2.07,,8.44,8,8.02,,216.610001,223.690002,226.860001,,6.96,6.51,,,,,1.634,1.62,,1.634,1.62,
2025/11/30 00:00,2.51,2.28,2.07,,8.43,7.99,8.02,,216.610001,223.690002,227.110001,,6.96,6.52,,,,,1.633,1.619,,1.633,1.619,
2025/11/30 00:00,2.44,2.28,,1.74,8.42,8,,,216.360001,223.690002,,,6.98,6.53,,,,,1.642,,1.6,1.642,,1.6
2025/11/30 00:00,2.44,2.28,,1.75,8.42,8,,,216.119995,223.690002,,227.110001,6.96,,,,,,1.636,,1.595,1.636,,1.595
2025/11/30 00:00,2.41,2.26,,1.74,8.41,8,,7.99,216.610001,223.690002,,227.589996,6.97,,6.3,,,,1.634,,1.593,1.634,,1.593
2025/11/30 00:00,2.49,2.28,,1.74,8.4,8,,7.99,216.119995,223.929993,,226.619995,6.99,,6.32,,,,1.638,,1.595,1.638,,1.595
2025/11/30 00:00,2.45,2.28,,1.74,8.38,8,,7.99,216.360001,223.929993,,227.110001,6.93,,6.31,,,,1.637,,1.6,1.637,,1.6
2025/11/30 00:00,2.37,2.27,,1.73,8.37,8,,7.99,215.869995,223.929993,,226.860001,6.96,,6.31,,,,1.631,,1.592,1.631,,1.592
2025/11/30 00:00,2.26,2.28,,,8.35,8,8.03,,216.610001,223.690002,,,7,,6.28,,,,1.635,1.62,,1.635,1.62,
2025/11/30 00:00,2.35,2.25,2.07,,8.34,7.99,8.03,,216.610001,223.929993,,,6.97,6.53,,,,,1.637,1.615,,1.637,1.615,
2025/11/30 00:00,2.28,2.3,2.07,,8.33,8,8.03,,216.610001,224.179993,226.619995,,6.94,6.5,,,,,1.638,1.616,,1.638,1.616,
2025/11/30 00:00,2.22,2.3,2.07,,8.32,7.99,8.03,,216.850006,223.690002,226.369995,,6.97,6.55,,,,,1.639,1.616,,1.639,1.616,
2025/11/30 00:00,2.3,2.28,2.07,,8.3,7.99,8.03,,216.360001,223.690002,226.130005,,6.96,6.48,,,,,1.635,1.615,,1.635,1.615,
2025/11/30 00:00,2.21,2.27,2.07,,8.3,7.99,8.03,,216.850006,223.440002,225.889999,,6.98,6.52,,,,,1.635,1.614,,1.635,1.614,
2025/11/30 00:00,2.2,2.25,,,8.28,7.99,,,216.610001,223.440002,,,6.99,6.51,,,,,1.631,,1.599,1.631,,1.599
2025/11/30 00:00,2.19,2.26,,1.75,8.27,7.98,,7.98,216.610001,223.929993,,,6.96,,,,,,1.638,,1.593,1.638,,1.593
2025/11/30 00:00,2.21,2.26,,1.74,8.26,7.99,,7.99,216.610001,223.929993,,226.130005,6.98,,6.34,,,,1.636,,1.593,1.636,,1.593
2025/11/30 00:00,2.21,2.26,,1.74,8.26,7.99,,7.99,216.610001,223.690002,,225.889999,6.94,,6.25,,,,1.637,,1.592,1.637,,1.592
2025/11/30 00:00,2.18,2.27,,1.75,8.23,7.99,,7.98,216.850006,223.440002,,226.130005,6.95,,6.28,,,,1.635,,1.594,1.635,,1.594
2025/11/30 00:00,2.2,2.26,,1.74,8.21,7.99,,7.98,216.610001,223.440002,,225.889999,7.01,,6.21,,,,1.638,,1.599,1.638,,1.599
2025/11/30 00:00,2.18,2.27,,,8.21,7.99,8.03,,216.360001,223.690002,,,6.94,,6.24,,,,1.634,1.617,,1.634,1.617,
2025/11/30 00:00,2.17,2.28,2.06,,8.19,7.99,8.02,,216.610001,223.690002,225.889999,,6.98,,,,,,1.637,1.616,,1.637,1.616,
2025/11/30 00:00,2.26,2.27,2.05,,8.17,7.98,8.02,,216.610001,223.690002,225.889999,,6.97,6.53,,,,,1.629,1.62,,1.629,1.62,
2025/11/30 00:00,2.21,2.27,2.05,,8.15,7.98,8.02,,216.610001,223.690002,226.130005,,6.94,6.49,,,,,1.64,1.617,,1.64,1.617,
2025/11/30 00:00,2.22,2.27,2.04,,8.13,7.98,8.02,,216.610001,223.929993,225.399994,,6.97,6.5,,,,,1.637,1.616,,1.637,1.616,
2025/11/30 00:00,2.26,2.27,2.05,,8.11,7.99,8.02,,216.610001,223.690002,225.889999,,6.99,6.5,,,,,1.63,1.619,,1.63,1.619,
2025/11/30 00:00,2.3,2.28,,,8.09,7.99,,,216.610001,223.929993,,,6.99,6.48,,,,,1.636,,1.593,1.636,,1.593
2025/11/30 00:00,2.23,2.28,,1.73,8.08,7.98,,7.98,216.610001,223.929993,,226.369995,6.95,,,,,,1.641,,1.592,1.641,,1.592
2025/11/30 00:00,2.28,2.28,,1.73,8.07,7.98,,7.99,216.610001,223.929993,,225.889999,6.95,,,,,,1.631,,1.592,1.631,,1.592
2025/11/30 00:00,2.25,2.28,,1.73,8.04,7.98,,7.98,216.610001,223.929993,,226.369995,6.94,,6.29,,,,1.632,,1.594,1.632,,1.594
2025/11/30 00:00,2.23,2.26,,1.73,8.02,7.98,,7.99,216.360001,223.690002,,226.130005,6.99,,6.25,,,,1.625,,1.596,1.625,,1.596
2025/11/30 00:00,2.24,2.28,,1.73,8.01,7.98,,7.99,216.360001,223.929993,,225.889999,6.99,,6.21,,,,1.633,,1.592,1.633,,1.592
2025/11/30 00:00,2.26,2.28,,,8,7.98,8.04,,216.610001,223.929993,,,6.99,,6.25,,,,1.633,1.618,,1.633,1.618,
2025/11/30 00:00,2.25,2.28,2.06,,,7.98,8.02,,,223.690002,225.889999,,6.99,,,,,,1.639,1.618,,1.639,1.618,
2025/11/30 00:00,1.34,2.27,2.06,,,7.98,8.02,,,223.929993,226.130005,,6.95,6.5,,,,,1.629,1.619,,1.629,1.619,
2025/11/30 00:00,0.44,2.26,2.06,,,7.97,8.02,,,223.929993,225.889999,,6.96,6.53,,,,,1.636,1.616,,1.636,1.616,
2025/11/30 00:00,0.34,2.28,2.07,,,7.98,8.02,,,223.929993,225.889999,,6.94,6.53,,,,,1.639,1.618,,1.639,1.618,
2025/11/30 00:00,0.32,2.28,2.06,,,7.97,8.02,,,223.690002,225.399994,,6.95,6.51,,,,,1.634,1.623,,1.634,1.623,
2025/11/30 00:00,0.97,2.27,,,,7.97,,,,223.690002,,,7.01,6.52,,,,,1.63,,1.597,1.63,,1.597
2025/11/30 00:00,2.23,2.27,,,,7.97,,7.99,,223.929993,,,6.97,,,,,,1.635,,1.592,1.635,,1.592
2025/11/30 00:00,2.79,2.26,,1.73,,7.97,,7.99,,223.929993,,226.130005,7,,6.29,,,,1.637,,1.588,1.637,,1.588
2025/11/30 00:00,2.68,2.3,,1.73,,7.97,,7.99,,223.929993,,225.639999,6.96,,6.29,,,,1.635,,1.593,1.635,,1.593
2025/11/30 00:00,2.62,2.3,,1.72,,7.97,,7.99,,223.690002,,226.130005,6.95,,6.27,,,,1.637,,1.596,1.637,,1.596
2025/11/30 00:00,2.69,2.29,,1.72,8.69,7.97,,7.99,217.339996,223.929993,,226.130005,6.96,,6.31,,,,1.64,,1.598,1.64,,1.598
2025/11/30 00:00,2.68,2.29,,,8.68,7.98,8.03,,217.089996,223.440002,,,6.97,,6.32,,,,1.64,1.618,,1.64,1.618,
2025/11/30 00:00,2.68,2.25,2.06,,8.68,7.98,8.02,,217.089996,224.179993,227.110001,,6.94,,,,,,1.633,1.619,,1.633,1.619,
2025/11/30 00:00,2.66,2.23,2.07,,8.67,7.98,8.02,,216.850006,223.690002,227.110001,,6.99,6.52,,,,,1.635,1.621,,1.635,1.621,
2025/11/30 00:00,2.66,2.28,2.06,,8.67,7.99,8.03,,216.850006,223.690002,226.860001,,6.99,6.5,,,,,1.633,1.615,,1.633,1.615,
2025/11/30 00:00,2.65,2.3,2.06,,8.66,7.99,8.02,,216.850006,223.929993,226.619995,,6.96,6.53,,,,,1.641,1.618,,1.641,1.618,
2025/11/30 00:00,2.65,2.3,2.06,,8.66,7.99,8.02,,216.850006,223.929993,227.350006,,6.95,6.53,,,,,1.632,1.615,,1.632,1.615,
2025/11/30 00:00,2.65,2.31,,,8.65,8,8.02,,217.089996,223.929993,,,6.94,6.53,,,,,1.636,,1.593,1.636,,1.593
2025/11/30 00:00,2.66,2.3,,,8.65,8,,8,216.610001,223.929993,,227.589996,6.99,,,,,,1.631,,1.595,1.631,,1.595
2025/11/30 00:00,2.67,2.3,,1.73,8.65,7.99,,8,216.850006,223.690002,,227.110001,6.98,,6.35,,,,1.631,,1.594,1.631,,1.594
2025/11/30 00:00,2.64,2.28,,1.73,8.65,7.99,,7.99,217.089996,223.929993,,227.350006,6.96,,6.33,,,,1.632,,1.594,1.632,,1.594
2025/11/30 00:00,2.65,2.28,,1.73,8.64,7.99,,8,217.089996,223.690002,,227.110001,6.95,,6.34,,,,1.628,,1.596,1.628,,1.596
2025/11/30 00:00,2.65,2.28,,1.73,8.63,8,,8,216.850006,224.179993,,227.350006,6.97,,6.29,,,,1.646,,1.597,1.646,,1.597
2025/11/30 00:00,2.62,2.25,,,8.63,8,8.03,,217.089996,223.929993,,,7.01,,6.34,,,,1.636,1.616,,1.636,1.616,
2025/11/30 00:00,2.65,2.27,2.05,,8.63,8,8.02,,217.089996,223.929993,227.839996,,7.01,6.52,,,,,1.631,1.616,,1.631,1.616,
2025/11/30 00:00,2.63,2.27,2.06,,8.62,8,8.03,,216.850006,223.929993,227.350006,,6.94,6.56,,,,,1.636,1.618,,1.636,1.618,
2025/11/30 00:00,2.63,2.27,2.06,,8.62,7.99,8.03,,216.850006,223.690002,227.839996,,6.99,6.53,,,,,1.636,1.61,,1.636,1.61,
2025/11/30 00:00,2.63,2.28,2.06,,8.61,8,8.03,,216.850006,223.690002,227.350006,,6.99,6.54,,,,,1.635,1.616,,1.635,1.616,
2025/11/30 00:00,2.62,2.25,2.06,,8.6,8,8.03,,216.850006,223.690002,226.860001,,6.95,6.53,,,,,1.636,1.614,,1.636,1.614,
2025/11/30 00:00,2.63,2.27,,,8.6,8,8.02,,217.089996,223.440002,,,6.97,6.54,,,,,1.625,,1.599,1.625,,1.599
2025/11/30 00:00,2.62,2.28,,,8.59,8,,7.99,216.360001,223.690002,,227.589996,6.97,,,,,,1.639,,1.594,1.639,,1.594
2025/11/30 00:00,2.63,2.27,,1.73,8.58,8,,8,216.360001,223.440002,,227.589996,6.97,,6.3,,,,1.627,,1.595,1.627,,1.595
2025/11/30 00:00,2.6,2.28,,1.73,8.58,7.99,,7.99,216.850006,223.929993,,227.350006,6.99,,6.35,,,,1.632,,1.598,1.632,,1.598
2025/11/30 00:00,2.64,2.26,,1.73,8.57,8,,7.99,217.089996,223.690002,,227.839996,6.98,,6.36,,,,1.624,,1.588,1.624,,1.588
2025/11/30 00:00,2.63,2.28,,1.73,8.57,8,,7.99,217.089996,223.690002,,227.350006,6.93,,6.36,,,,1.63,,1.593,1.63,,1.593
2025/11/30 00:00,2.63,2.28,,,8.57,8,8.03,,217.089996,223.690002,,,6.93,,6.33,,,,1.63,1.616,,1.63,1.616,
2025/11/30 00:00,2.56,2.28,2.06,,8.56,8,8.02,,217.089996,223.690002,,,6.96,6.52,,,,,1.636,1.609,,1.636,1.609,
2025/11/30 00:00,2.62,2.27,2.06,,8.55,8,8.02,,217.339996,223.929993,227.589996,,6.97,6.51,,,,,1.631,1.617,,1.631,1.617,
2025/11/30 00:00,2.59,2.31,2.06,,8.55,8,8.02,,216.850006,223.690002,227.110001,,6.94,6.49,,,,,1.63,1.614,,1.63,1.614,
2025/11/30 00:00,2.63,2.33,2.07,,8.54,8,8.02,,216.850006,223.929993,226.860001,,6.92,6.48,,,,,1.627,1.616,,1.627,1.616,
2025/11/30 00:00,2.63,2.33,2.07,,8.53,8,8.02,,217.089996,223.690002,226.860001,,6.94,6.46,,,,,1.63,1.617,,1.63,1.617,
2025/11/30 00:00,2.58,2.32,,,8.53,8.01,8.02,,216.610001,223.929993,,,6.96,6.48,,,,,1.629,,1.6,1.629,,1.6
2025/11/30 00:00,2.61,2.3,,1.76,8.52,8,,7.99,216.360001,223.690002,,,6.95,,,,,,1.635,,1.591,1.635,,1.591
2025/12/01 00:00,2.59,2.29,,1.75,8.51,8,,7.99,216.610001,223.690002,,226.369995,6.92,,6.27,,,,1.633,,1.59,1.633,,1.59
2025/12/01 00:00,2.61,2.28,,1.76,8.5,8,,7.99,216.610001,223.690002,,226.860001,6.99,,6.34,,,,1.624,,1.59,1.624,,1.59
2025/12/01 00:00,2.57,2.27,,1.75,8.5,8,,7.98,216.850006,223.929993,,226.369995,6.96,,6.24,,,,1.641,,1.594,1.641,,1.594
2025/12/01 00:00,2.58,2.26,,1.75,8.5,8,,7.98,216.610001,223.929993,,226.860001,7,,6.28,,,,1.632,,1.592,1.632,,1.592
2025/12/01 00:00,2.53,2.27,,,8.48,8.01,8.03,,216.850006,223.690002,,,6.99,,6.25,,,,1.637,1.622,,1.637,1.622,
2025/12/01 00:00,2.53,2.25,2.07,,8.47,8,8.02,,216.610001,223.929993,,,6.94,,,,,,1.628,1.61,,1.628,1.61,
2025/12/01 00:00,2.56,2.26,2.07,,8.48,8,8.02,,216.360001,223.690002,226.130005,,6.95,6.48,,,,,1.64,1.613,,1.64,1.613,
2025/12/01 00:00,2.53,2.27,2.07,,8.46,8,8.02,,216.360001,223.929993,226.369995,,6.99,6.53,,,,,1.637,1.615,,1.637,1.615,
2025/12/01 00:00,2.56,2.27,2.07,,8.45,8,8.02,,216.360001,223.690002,225.889999,,6.98,6.52,,,,,1.64,1.617,,1.64,1.617,
2025/12/01 00:00,2.43,2.28,2.07,,8.44,8,8.02,,216.610001,223.690002,226.130005,,7,6.5,,,,,1.632,1.611,,1.632,1.611,
2025/12/01 00:00,2.45,2.26,,,8.42,8,8.02,,216.610001,223.929993,,,6.99,6.51,,,,,1.632,,1.598,1.632,,1.598
2025/12/01 00:00,2.36,2.27,,1.76,8.42,8,,7.99,216.610001,223.690002,,,7.01,,,,,,1.639,,1.591,1.639,,1.591
2025/12/01 00:00,2.43,2.27,,1.76,8.41,8,,7.99,217.089996,223.929993,,226.619995,6.95,,,,,,1.634,,1.591,1.634,,1.591
2025/12/01 00:00,2.36,2.27,,1.76,8.4,8,,7.99,216.610001,223.929993,,226.369995,6.97,,6.3,,,,1.635,,1.594,1.635,,1.594
2025/12/01 00:00,2.45,2.27,,1.76,8.39,7.99,,7.98,216.850006,223.690002,,226.619995,6.98,,6.28,,,,1.639,,1.589,1.639,,1.589
2025/12/01 00:00,2.32,2.28,,1.75,8.37,8,,7.99,217.089996,223.929993,,226.369995,6.94,,6.25,,,,1.638,,1.592,1.638,,1.592
2025/12/01 00:00,2.24,2.26,,,8.36,8,8.03,,217.089996,223.690002,,,6.95,,6.29,,,,1.636,1.62,,1.636,1.62,
2025/12/01 00:00,2.3,2.27,2.07,,8.35,7.99,8.02,,216.610001,223.929993,,,6.96,,,,,,1.629,1.613,,1.629,1.613,
2025/12/01 00:00,2.37,2.28,2.07,,8.34,8,8.01,,217.089996,223.690002,225.889999,,6.99,6.52,,,,,1.638,1.618,,1.638,1.618,
2025/12/01 00:00,2.36,2.28,2.07,,8.34,8,8.02,,216.610001,223.690002,225.889999,,7.01,6.47,,,,,1.627,1.619,,1.627,1.619,
2025/12/01 00:00,2.33,2.28,2.07,,8.32,7.99,8.02,,216.850006,223.690002,225.889999,,6.97,6.51,,,,,1.626,1.617,,1.626,1.617,
2025/12/01 00:00,2.32,2.27,2.08,,8.3,8,8.02,,216.850006,223.929993,225.889999,,6.97,6.51,,,,,1.633,1.617,,1.633,1.617,
2025/12/01 00:00,2.26,2.28,,,8.3,8,8.02,,217.089996,223.690002,,,6.96,6.47,,,,,1.632,,1.596,1.632,,1.596
2025/12/01 00:00,2.29,2.29,,1.76,8.28,8,,7.99,217.089996,224.179993,,,6.97,,,,,,1.626,,1.598,1.626,,1.598
2025/12/01 00:00,2.34,2.29,,1.76,8.26,8,,7.98,216.610001,223.929993,,226.369995,6.96,,6.3,,,,1.634,,1.594,1.634,,1.594
2025/12/01 00:00,2.31,2.29,,1.75,8.25,8,,7.99,216.850006,223.690002,,226.619995,6.94,,6.31,,,,1.625,,1.597,1.625,,1.597
2025/12/01 00:00,2.35,2.33,,1.75,8.24,8,,7.99,216.850006,224.179993,,226.130005,6.99,,6.26,,,,1.636,,1.59,1.636,,1.59
2025/12/01 00:00,2.36,2.34,,1.75,8.21,8,,7.99,216.850006,223.929993,,226.619995,6.92,,6.27,,,,1.637,,1.592,1.637,,1.592
2025/12/01 00:00,2.32,2.36,,,8.2,8,8.02,,216.850006,223.929993,,,6.94,,6.3,,,,1.633,1.616,,1.633,1.616,
2025/12/01 00:00,2.38,2.35,2.07,,8.19,8,8.02,,217.089996,223.690002,,,6.93,,,,,,1.633,1.62,,1.633,1.62,
2025/12/01 00:00,2.3,2.33,2.08,,8.18,7.99,8.02,,216.850006,223.690002,226.369995,,6.95,6.49,,,,,1.637,1.618,,1.637,1.618,
2025/12/01 00:00,2.3,2.32,2.07,,8.14,8,8.02,,217.089996,224.179993,227.110001,,6.96,6.51,,,,,1.636,1.621,,1.636,1.621,
2025/12/01 00:00,2.34,2.27,2.07,,8.13,7.99,8.02,,217.089996,223.690002,226.860001,,6.91,6.5,,,,,1.629,1.615,,1.629,1.615,
2025/12/01 00:00,2.32,2.27,2.08,,8.1,7.99,8.02,,217.089996,223.440002,227.350006,,6.95,6.5,,,,,1.634,1.617,,1.634,1.617,
2025/12/01 00:00,2.34,2.26,,,8.1,7.99,8.03,,216.850006,224.419998,,,6.9,6.52,,,,,1.629,,,1.629,,
2025/12/01 00:00,2.34,2.25,,,8.08,7.99,,7.99,216.850006,224.179993,,,6.92,,,,,,1.626,,1.596,1.626,,1.596
2025/12/01 00:00,2.34,2.26,,1.75,8.06,7.99,,7.99,216.850006,223.690002,,227.839996,6.97,,6.31,,,,1.63,,1.595,1.63,,1.595
2025/12/01 00:00,2.3,2.24,,1.75,8.03,7.99,,7.99,216.850006,224.179993,,227.839996,6.97,,6.28,,,,1.633,,1.592,1.633,,1.592
2025/12/01 00:00,2.32,2.25,,1.74,8.02,7.99,,7.99,216.850006,224.179993,,226.860001,7,,6.32,,,,1.631,,1.594,1.631,,1.594
2025/12/01 00:00,2.28,2.26,,1.75,8,7.98,,7.99,216.850006,224.179993,,227.589996,6.92,,6.32,,,,1.631,,1.59,1.631,,1.59
2025/12/01 00:00,2.31,2.25,,,7.99,7.98,8.03,,216.610001,224.179993,,,6.95,,6.32,,,,1.63,1.616,,1.63,1.616,
2025/12/01 00:00,2.27,2.26,2.07,,,7.98,8.02,,,223.929993,,,6.9,,,,,,1.631,1.614,,1.631,1.614,
2025/12/01 00:00,0.75,2.25,2.07,,,7.98,8.02,,,224.179993,227.350006,,6.97,6.52,,,,,1.634,1.613,,1.634,1.613,
2025/12/01 00:00,0.38,2.25,2.07,,,7.98,8.02,,,224.179993,227.350006,,6.91,6.53,,,,,1.628,1.614,,1.628,1.614,
2025/12/01 00:00,0.34,2.26,2.08,,,7.98,8.02,,,224.179993,227.589996,,6.9,6.48,,,,,1.623,1.615,,1.623,1.615,
2025/12/01 00:00,0.37,2.26,2.08,,,7.98,8.02,,,223.929993,227.589996,,6.95,6.54,,,,,1.632,1.615,,1.632,1.615,
2025/12/01 00:00,1.46,2.25,,,,7.98,8.03,,,224.179993,,,6.95,6.52,,,,,1.633,,,1.633,,
2025/12/01 00:00,2.68,2.26,,1.75,,7.98,,7.99,,224.179993,,227.839996,6.95,,,,,,1.619,,1.595,1.619,,1.595
2025/12/01 00:00,2.7,2.25,,1.75,,7.98,,7.99,,224.179993,,227.350006,6.94,,6.32,,,,1.629,,1.594,1.629,,1.594
2025/12/01 00:00,2.59,2.25,,1.75,,7.98,,7.99,,224.419998,,227.589996,6.95,,6.32,,,,1.624,,1.593,1.624,,1.593
2025/12/01 00:00,2.65,2.25,,1.75,8.69,7.98,,7.99,216.850006,224.419998,,227.839996,6.94,,6.33,,,,1.629,,1.593,1.629,,1.593
2025/12/01 00:00,2.65,2.25,,1.74,8.67,7.98,,7.99,217.089996,224.179993,,227.589996,6.92,,6.33,,,,1.637,,1.596,1.637,,1.596
2025/12/01 00:00,2.64,2.27,,,8.67,8,8.02,,217.089996,223.690002,,,6.93,,6.32,,,,1.633,1.617,,1.633,1.617,
2025/12/01 00:00,2.64,2.21,2.07,,8.66,7.99,8.02,,216.610001,224.179993,227.589996,,6.92,,,,,,1.629,1.614,,1.629,1.614,
2025/12/01 00:00,2.63,2.24,2.08,,8.65,7.99,8.02,,217.089996,224.179993,228.080002,,6.99,6.51,,,,,1.631,1.615,,1.631,1.615,
2025/12/01 00:00,2.63,2.28,2.08,,8.65,7.99,8.02,,216.610001,224.179993,227.589996,,6.95,6.49,,,,,1.633,1.614,,1.633,1.614,
2025/12/01 00:00,2.64,2.31,2.08,,8.65,7.99,8.02,,216.610001,223.929993,227.110001,,6.92,6.51,,,,,1.629,1.615,,1.629,1.615,
2025/12/01 00:00,2.6,2.32,2.08,,8.65,8,8.02,,216.850006,223.690002,227.110001,,6.9,6.45,,,,,1.631,1.612,,1.631,1.612,
2025/12/01 00:00,2.62,2.3,,,8.65,8,8.02,,216.610001,224.179993,,,6.9,6.48,,,,,1.636,,1.592,1.636,,1.592
2025/12/01 00:00,2.61,2.29,,1.77,8.64,8,,7.98,216.850006,223.690002,,,6.93,,,,,,1.646,,1.591,1.646,,1.591
2025/12/01 00:00,2.63,2.29,,1.76,8.64,8,,7.98,216.610001,223.690002,,226.619995,6.93,,,,,,1.628,,1.592,1.628,,1.592
2025/12/01 00:00,2.61,2.27,,1.77,8.63,7.99,,7.99,216.360001,223.690002,,226.619995,6.91,,6.27,,,,1.636,,1.592,1.636,,1.592
2025/12/01 00:00,2.57,2.26,,1.76,8.64,7.99,,7.99,216.610001,223.929993,,226.860001,6.92,,6.27,,,,1.621,,1.589,1.621,,1.589
2025/12/01 00:00,2.61,2.25,,1.76,8.62,8,,7.98,216.360001,223.690002,,226.860001,6.97,,6.29,,,,1.635,,1.595,1.635,,1.595
2025/12/01 00:00,2.63,2.24,,,8.62,7.99,8.02,,216.610001,223.690002,,,6.96,,6.24,,,,1.633,1.618,,1.633,1.618,
2025/12/01 00:00,2.63,2.25,2.08,,8.61,8,8.02,,216.610001,223.690002,,,6.92,,,,,,1.628,1.611,,1.628,1.611,
2025/12/01 00:00,2.64,2.25,2.07,,8.61,7.99,8.02,,216.610001,223.440002,225.889999,,6.95,6.47,,,,,1.634,1.616,,1.634,1.616,
2025/12/01 00:00,2.62,2.25,2.08,,8.6,7.99,8.02,,216.360001,223.690002,225.639999,,6.96,6.46,,,,,1.632,1.617,,1.632,1.617,
2025/12/01 00:00,2.61,2.26,2.08,,8.59,8,8.02,,216.360001,223.929993,226.369995,,6.96,6.47,,,,,1.63,1.616,,1.63,1.616,
2025/12/01 00:00,2.58,2.24,2.08,,8.58,8,8.02,,216.360001,224.419998,226.369995,,6.99,6.5,,,,,1.636,1.614,,1.636,1.614,
2025/12/01 00:00,2.6,2.25,,,8.59,8,,,216.360001,223.690002,,,6.94,6.46,,,,,1.629,,1.597,1.629,,1.597
2025/12/01 00:00,2.58,2.26,,1.77,8.58,8,,7.98,216.360001,223.929993,,,6.97,,,,,,1.633,,1.592,1.633,,1.592
2025/12/01 00:00,2.58,2.26,,1.75,8.58,8,,7.98,216.610001,223.929993,,226.860001,6.96,,,,,,1.633,,1.59,1.633,,1.59
2025/12/01 00:00,2.59,2.27,,1.76,8.57,8,,7.98,216.610001,223.929993,,226.369995,6.92,,6.27,,,,1.626,,1.591,1.626,,1.591
2025/12/01 00:00,2.6,2.24,,1.77,8.57,8,,7.98,216.360001,224.179993,,226.860001,6.95,,6.27,,,,1.639,,1.592,1.639,,1.592
2025/12/01 00:00,2.56,2.26,,1.76,8.56,8,,7.98,216.850006,223.690002,,226.369995,6.98,,6.26,,,,1.626,,1.589,1.626,,1.589
2025/12/01 00:00,2.59,2.26,,,8.56,8.01,,,216.610001,223.929993,,,6.94,,6.27,,,,1.634,1.616,,1.634,1.616,
2025/12/01 00:00,2.56,2.26,2.06,,8.55,8,8.02,,216.610001,223.690002,,,6.94,,,,,,1.633,1.616,,1.633,1.616,
2025/12/01 00:00,2.55,2.26,2.06,,8.55,8,8.01,,216.850006,223.690002,226.619995,,6.97,6.47,,,,,1.628,1.616,,1.628,1.616,
2025/12/01 00:00,2.54,2.25,2.06,,8.54,8,8.02,,216.610001,224.179993,226.369995,,6.97,6.51,,,,,1.629,1.614,,1.629,1.614,
2025/12/01 00:00,2.58,2.25,2.06,,8.54,8,8.02,,216.850006,223.929993,225.889999,,6.95,6.49,,,,,1.635,1.613,,1.635,1.613,
2025/12/01 00:00,2.59,2.27,2.06,,8.53,8,8.02,,216.360001,223.690002,225.889999,,6.94,6.5,,,,,1.631,1.617,,1.631,1.617,
2025/12/01 00:00,2.58,2.27,,,8.52,8,8.02,,216.610001,223.690002,,,6.97,6.48,,,,,1.624,,1.596,1.624,,1.596
2025/12/01 00:00,2.55,2.26,,1.77,8.52,8,,7.98,216.850006,223.690002,,,6.96,,,,,,1.633,,1.594,1.633,,1.594
2025/12/01 00:00,2.57,2.28,,1.76,8.51,8,,7.98,216.610001,223.690002,,226.860001,6.94,,,,,,1.636,,1.59,1.636,,1.59
2025/12/01 00:00,2.53,2.24,,1.76,8.51,8,,7.98,216.610001,224.179993,,226.369995,6.96,,6.27,,,,1.635,,1.594,1.635,,1.594
2025/12/01 00:00,2.55,2.27,,1.74,8.5,7.99,,7.99,216.610001,223.690002,,226.369995,6.95,,6.27,,,,1.63,,1.593,1.63,,1.593
2025/12/01 00:00,2.55,2.32,,1.75,8.49,8,,7.99,216.610001,224.179993,,226.860001,6.96,,6.24,,,,1.63,,1.593,1.63,,1.593
2025/12/01 00:00,2.53,2.32,,,8.48,8,,,216.360001,223.929993,,,6.95,,6.28,,,,1.633,1.615,,1.633,1.615,
2025/12/01 00:00,2.5,2.32,2.06,,8.47,8,8.02,,216.850006,223.440002,227.110001,,6.93,,,,,,1.631,1.609,,1.631,1.609,
2025/12/01 00:00,2.49,2.3,2.06,,8.46,8,8.01,,216.360001,224.419998,226.369995,,6.94,,,,,,1.624,1.615,,1.624,1.615,
2025/12/01 00:00,2.49,2.3,2.07,,8.45,8,8.02,,216.360001,223.929993,226.860001,,6.9,6.49,,,,,1.633,1.615,,1.633,1.615,
2025/12/01 00:00,2.45,2.29,2.07,,8.44,7.99,8.02,,216.610001,224.419998,227.110001,,6.93,6.48,,,,,1.628,1.61,,1.628,1.61,
2025/12/01 00:00,2.45,2.27,2.07,,8.43,7.99,8.02,,216.360001,224.179993,227.350006,,6.93,6.49,,,,,1.627,1.609,,1.627,1.609,
2025/12/01 00:00,2.41,2.25,,,8.43,8,8.03,,216.119995,224.179993,,,6.92,6.47,,,,,1.638,,1.593,1.638,,1.593
2025/12/01 00:00,2.42,2.25,,1.76,8.41,8.01,,7.99,216.850006,223.929993,,,6.94,6.46,,,,,1.638,,1.593,1.638,,1.593
2025/12/01 00:00,2.37,2.23,,1.75,8.4,8,,7.98,216.610001,224.419998,,227.589996,6.93,,6.32,,,,1.622,,1.593,1.622,,1.593
2025/12/01 00:00,2.32,2.24,,1.75,8.4,8,,7.99,216.610001,223.929993,,228.080002,6.96,,6.3,,,,1.639,,1.592,1.639,,1.592
2025/12/01 00:00,2.37,2.25,,1.75,8.38,8,,7.98,216.610001,224.419998,,227.350006,6.91,,6.33,,,,1.627,,1.588,1.627,,1.588
2025/12/01 00:00,2.36,2.26,,1.74,8.37,8,,7.99,216.360001,223.929993,,227.589996,6.98,,6.35,,,,1.637,,1.594,1.637,,1.594
2025/12/01 00:00,2.27,2.26,,1.74,8.36,8,,,216.610001,224.419998,,,6.92,,6.37,,,,1.63,1.61,,1.63,1.61,
2025/12/01 00:00,2.28,2.24,2.06,,8.35,8,8.03,,216.850006,224.179993,,,6.97,,,,,,1.634,1.61,,1.634,1.61,
2025/12/01 00:00,2.26,2.26,2.06,,8.34,8,8.03,,216.610001,224.179993,227.589996,,6.95,,,,,,1.63,1.61,,1.63,1.61,
2025/12/01 00:00,2.32,2.26,2.06,,8.34,8,8.03,,216.850006,223.929993,227.589996,,6.9,6.48,,,,,1.628,1.615,,1.628,1.615,
2025/12/01 00:00,2.28,2.27,2.07,,8.31,8,8.03,,216.610001,224.179993,227.839996,,6.92,6.48,,,,,1.632,1.609,,1.632,1.609,
2025/12/01 00:00,2.31,2.27,2.06,,8.29,8,8.03,,216.610001,224.179993,227.589996,,6.92,6.49,,,,,1.632,1.613,,1.632,1.613,
2025/12/01 00:00,2.27,2.25,,,8.28,8,8.03,,216.610001,224.179993,,,6.9,6.48,,,,,1.627,,1.594,1.627,,1.594
2025/12/01 00:00,2.37,2.27,,,8.27,8,,7.99,216.610001,224.179993,,,6.94,6.46,,,,,1.626,,1.591,1.626,,1.591
2025/12/01 00:00,2.31,2.28,,1.74,8.25,7.99,,7.99,216.610001,224.179993,,227.589996,6.93,,6.33,,,,1.628,,1.593,1.628,,1.593
2025/12/01 00:00,2.34,2.27,,1.74,8.24,7.99,,7.99,216.850006,224.419998,,228.080002,6.93,,6.33,,,,1.633,,1.591,1.633,,1.591
2025/12/01 00:00,2.33,2.28,,1.74,8.23,7.99,,7.99,216.610001,224.179993,,227.589996,6.93,,6.31,,,,1.622,,1.59,1.622,,1.59
2025/12/01 00:00,2.31,2.26,,1.75,8.21,7.99,,7.99,216.610001,224.179993,,228.080002,6.94,,6.35,,,,1.631,,1.592,1.631,,1.592
2025/12/01 00:00,2.32,2.27,,1.74,8.19,7.99,,,216.850006,224.419998,,,6.91,,6.37,,,,1.63,1.609,,1.63,1.609,
2025/12/01 00:00,2.32,2.27,2.07,,8.17,7.99,8.02,,216.850006,223.690002,228.080002,,6.92,,6.34,,,,1.63,1.611,,1.63,1.611,
2025/12/01 00:00,2.31,2.27,2.07,,8.16,7.99,8.02,,216.850006,223.929993,227.589996,,6.91,6.43,,,,,1.636,1.61,,1.636,1.61,
2025/12/01 00:00,2.35,2.28,2.08,,8.13,8,8.02,,216.610001,224.179993,228.080002,,6.94,6.46,,,,,1.63,1.61,,1.63,1.61,
2025/12/01 00:00,2.36,2.29,2.08,,8.11,7.98,8.02,,216.610001,223.929993,227.589996,,6.88,6.44,,,,,1.633,1.614,,1.633,1.614,
2025/12/01 00:00,2.37,2.32,2.08,,8.09,7.99,8.02,,216.610001,224.179993,227.350006,,6.85,6.42,,,,,1.63,1.617,,1.63,1.617,
2025/12/01 00:00,2.34,2.32,,,8.09,7.99,8.02,,216.610001,223.929993,,,6.87,6.43,,,,,1.63,,,1.63,,
2025/12/01 00:00,2.33,2.32,,1.76,8.07,7.99,,7.98,216.610001,224.419998,,,6.83,6.41,,,,,1.631,,1.59,1.631,,1.59
2025/12/01 00:00,2.35,2.32,,1.77,8.05,7.98,,7.98,216.610001,223.929993,,227.110001,6.85,,,,,,1.629,,1.59,1.629,,1.59
2025/12/01 00:00,2.32,2.29,,1.76,8.03,7.99,,7.97,216.610001,224.419998,,226.619995,6.87,,6.23,,,,1.629,,1.588,1.629,,1.588
2025/12/01 00:00,2.32,2.31,,1.77,8.01,7.98,,7.98,216.610001,223.929993,,226.619995,6.88,,6.21,,,,1.63,,1.592,1.63,,1.592
2025/12/01 00:00,2.32,2.31,,1.76,8,7.99,,7.98,216.360001,223.690002,,226.860001,6.88,,6.21,,,,1.624,,,1.624,,
2025/12/01 00:00,2.34,2.3,,1.76,7.99,7.99,,,216.360001,223.690002,,,6.88,,6.19,,,,1.632,1.615,,1.632,1.615,
2025/12/01 00:00,2.34,2.3,2.08,,,7.98,8.01,,,223.929993,,,6.9,,,,,,1.624,1.615,,1.624,1.615,
2025/12/01 00:00,0.92,2.29,2.08,,,7.98,8.02,,,223.929993,225.889999,,6.88,6.44,,,,,1.622,1.609,,1.622,1.609,
2025/12/01 00:00,0.4,2.28,2.08,,,7.98,8.01,,,223.929993,225.889999,,6.89,6.45,,,,,1.629,1.614,,1.629,1.614,
2025/12/01 00:00,0.34,2.29,2.08,,,7.98,8.01,,,223.929993,225.889999,,6.9,6.45,,,,,1.624,1.615,,1.624,1.615,
2025/12/01 00:00,0.32,2.29,2.08,,,7.98,8.01,,,223.690002,226.130005,,6.9,6.41,,,,,1.627,1.614,,1.627,1.614,
2025/12/01 00:00,1.26,2.28,2.08,,,7.97,8.01,,,223.690002,,,6.85,6.43,,,,,1.624,,,1.624,,
2025/12/01 00:00,2.47,2.28,,,,7.98,,7.97,,223.440002,,,6.86,,,,,,1.628,,1.589,1.628,,1.589
2025/12/01 00:00,2.75,2.28,,1.76,,7.97,,7.97,,224.419998,,226.369995,6.88,,6.3,,,,1.63,,1.592,1.63,,1.592
2025/12/01 00:00,2.63,2.28,,1.76,,7.97,,7.98,,223.690002,,226.619995,6.86,,6.21,,,,1.627,,1.593,1.627,,1.593
2025/12/01 00:00,2.63,2.28,,1.76,8.69,7.97,,7.98,216.610001,223.929993,,226.369995,6.91,,6.17,,,,1.622,,1.589,1.622,,1.589
2025/12/01 00:00,2.68,2.28,,1.76,8.67,7.97,,7.98,217.089996,223.690002,,226.130005,6.88,,6.19,,,,1.629,,,1.629,,
2025/12/01 00:00,2.66,2.29,,,8.66,7.99,,,216.850006,223.690002,,,6.87,,6.21,,,,1.628,1.615,,1.628,1.615,
2025/12/01 00:00,2.64,2.24,2.09,,8.65,7.99,8.01,,216.850006,224.179993,,,6.84,,6.19,,,,1.631,1.614,,1.631,1.614,
2025/12/01 00:00,2.65,2.25,2.09,,8.65,7.98,8.02,,216.850006,223.690002,225.889999,,6.88,6.44,,,,,1.633,1.617,,1.633,1.617,
2025/12/01 00:00,2.64,2.29,2.08,,8.64,7.98,8.02,,216.610001,223.929993,226.130005,,6.85,6.42,,,,,1.627,1.611,,1.627,1.611,
2025/12/01 00:00,2.65,2.29,2.09,,8.64,7.98,8.01,,216.360001,223.690002,225.889999,,6.87,6.45,,,,,1.63,1.613,,1.63,1.613,
2025/12/01 00:00,2.63,2.29,2.09,,8.64,7.99,8.02,,216.850006,223.929993,225.889999,,6.88,6.42,,,,,1.634,1.611,,1.634,1.611,
2025/12/01 00:00,2.64,2.28,2.08,,8.63,7.99,8.01,,216.610001,224.179993,,,6.91,6.44,,,,,1.631,,,1.631,,
2025/12/01 00:00,2.61,2.28,,,8.63,7.99,,7.98,216.610001,223.929993,,,6.91,,,,,,1.628,,1.592,1.628,,1.592
2025/12/01 00:00,2.63,2.29,,1.77,8.62,7.99,,7.97,216.850006,223.690002,,226.369995,6.89,,6.28,,,,1.627,,1.592,1.627,,1.592
2025/12/01 00:00,2.64,2.29,,1.77,8.61,7.99,,7.98,216.610001,223.690002,,226.619995,6.88,,6.27,,,,1.63,,1.588,1.63,,1.588
2025/12/01 00:00,2.63,2.29,,1.77,8.62,7.99,,7.97,216.610001,224.179993,,226.619995,6.86,,6.19,,,,1.63,,1.588,1.63,,1.588
2025/12/01 00:00,2.61,2.31,,1.76,8.61,7.99,,7.98,216.119995,224.419998,,225.889999,6.85,,6.16,,,,1.624,,,1.624,,
2025/12/01 00:00,2.6,2.31,,1.76,8.61,7.99,,7.98,216.119995,223.929993,,,6.87,,6.21,,,,1.625,1.612,,1.625,1.612,
2025/12/01 00:00,2.63,2.31,2.09,,8.6,7.99,8.01,,216.610001,224.179993,227.110001,,6.86,,6.26,,,,1.634,1.615,,1.634,1.615,
2025/12/01 00:00,2.65,2.29,2.08,,8.59,7.99,8.01,,216.360001,224.179993,227.350006,,6.86,6.49,,,,,1.631,1.612,,1.631,1.612,
2025/12/01 00:00,2.6,2.29,2.08,,8.6,7.99,8.01,,216.610001,224.179993,226.860001,,6.86,6.45,,,,,1.628,1.616,,1.628,1.616,
2025/12/01 00:00,2.63,2.28,2.08,,8.59,7.99,8.01,,216.610001,224.419998,226.860001,,6.87,6.45,,,,,1.629,1.611,,1.629,1.611,
2025/12/01 00:00,2.62,2.25,2.09,,8.58,7.99,8.01,,216.610001,224.419998,227.350006,,6.9,6.46,,,,,1.64,1.61,,1.64,1.61,
2025/12/01 00:00,2.6,2.27,2.08,,8.58,7.99,8.01,,216.360001,224.179993,,,6.86,6.44,,,,,1.635,,,1.635,,
2025/12/01 00:00,2.61,2.28,,,8.57,7.99,,7.99,216.610001,224.419998,,,6.89,6.45,,,,,1.631,,1.592,1.631,,1.592
2025/12/01 00:00,2.62,2.29,,1.76,8.57,7.99,,7.98,216.360001,224.179993,,227.839996,6.89,,6.31,,,,1.653,,1.593,1.653,,1.593
2025/12/01 00:00,2.73,2.31,,1.76,8.57,7.99,,7.98,216.360001,224.179993,,227.589996,6.84,,6.29,,,,1.64,,1.59,1.64,,1.59
2025/12/01 00:00,2.66,2.3,,1.75,8.55,7.99,,7.98,216.610001,224.179993,,227.110001,6.85,,6.29,,,,1.633,,1.591,1.633,,1.591
2025/12/01 00:00,2.65,2.33,,1.74,8.55,7.99,,7.98,216.119995,224.179993,,227.589996,6.86,,6.25,,,,1.633,,1.593,1.633,,1.593
2025/12/01 00:00,2.64,2.33,,1.74,8.55,7.99,,7.98,216.850006,224.419998,,,6.85,,6.26,,,,1.631,1.61,,1.631,1.61,
2025/12/01 00:00,2.6,2.34,2.06,,8.54,8,8.01,,216.360001,223.690002,,,6.81,,6.28,,,,1.623,1.611,,1.623,1.611,
2025/12/01 00:00,2.62,2.32,2.07,,8.53,8,8.01,,216.119995,224.419998,226.860001,,6.81,6.44,,,,,1.624,1.614,,1.624,1.614,
2025/12/01 00:00,2.62,2.32,2.08,,8.53,7.99,8.01,,216.119995,224.179993,226.619995,,6.82,6.41,,,,,1.631,1.612,,1.631,1.612,
2025/12/01 00:00,2.63,2.32,2.08,,8.52,7.98,8.01,,216.119995,224.179993,226.860001,,6.85,6.45,,,,,1.628,1.614,,1.628,1.614,
2025/12/01 00:00,2.61,2.32,2.06,,8.51,7.99,8.01,,216.119995,224.179993,226.860001,,6.77,6.41,,,,,1.629,1.613,,1.629,1.613,
2025/12/01 00:00,2.61,2.32,,,8.5,7.99,,,216.360001,223.690002,,,6.81,6.45,,,,,1.634,,,1.634,,
2025/12/01 00:00,2.6,2.3,,1.75,8.49,7.99,,7.98,216.360001,224.179993,,227.589996,6.78,6.41,,,,,1.635,,1.592,1.635,,1.592
2025/12/01 00:00,2.62,2.3,,1.75,8.48,7.99,,7.98,216.119995,224.179993,,227.589996,6.81,,6.29,,,,1.624,,1.589,1.624,,1.589
2025/12/01 00:00,2.59,2.31,,1.75,8.46,7.99,,7.98,216.119995,224.179993,,227.350006,6.83,,6.27,,,,1.628,,1.592,1.628,,1.592
2025/12/01 00:00,2.6,2.31,,1.74,8.45,7.99,,7.97,216.119995,224.179993,,227.110001,6.79,,6.25,,,,1.635,,1.591,1.635,,1.591
2025/12/01 00:00,2.57,2.3,,1.75,8.44,7.99,,7.97,216.119995,224.179993,,227.350006,6.8,,6.25,,,,1.637,,1.599,1.637,,1.599
2025/12/01 00:00,2.55,2.29,,1.75,8.43,7.99,,7.97,216.119995,223.929993,227.110001,,6.77,,6.24,,,,1.628,1.613,,1.628,1.613,
2025/12/01 00:00,2.57,2.28,2.08,,8.42,7.99,8,,215.869995,224.179993,227.589996,,6.82,,6.26,,,,1.624,1.612,,1.624,1.612,
2025/12/01 00:00,2.57,2.29,2.08,,8.41,7.98,8,,216.119995,223.929993,227.110001,,6.82,6.46,,,,,1.632,1.617,,1.632,1.617,
2025/12/01 00:00,2.59,2.3,2.08,,8.41,7.99,8,,216.119995,224.179993,226.619995,,6.78,6.4,,,,,1.633,1.605,,1.633,1.605,
2025/12/01 00:00,2.55,2.28,2.09,,8.39,7.98,7.99,,216.610001,224.419998,227.110001,,6.81,6.43,,,,,1.639,1.615,,1.639,1.615,
2025/12/01 00:00,2.52,2.31,2.09,,8.39,7.98,7.99,,216.119995,224.419998,227.110001,,6.81,6.4,,,,,1.629,1.615,,1.629,1.615,
2025/12/01 00:00,2.47,2.29,,,8.37,7.99,7.99,,216.119995,223.690002,,226.619995,6.75,6.39,,,,,1.642,,,1.642,,
2025/12/01 00:00,2.47,2.3,,1.77,8.36,7.98,,7.95,216.360001,223.690002,,228.080002,6.8,,,,,,1.631,,1.593,1.631,,1.593
2025/12/01 00:00,2.49,2.29,,1.76,8.34,7.98,,7.95,216.360001,223.690002,,226.860001,6.81,,6.24,,,,1.631,,1.59,1.631,,1.59
2025/12/01 00:00,2.54,2.28,,1.76,8.34,7.98,,7.95,216.360001,223.440002,,227.110001,6.8,,6.2,,,,1.636,,1.59,1.636,,1.59
2025/12/01 00:00,2.34,2.29,,1.76,8.33,7.97,,7.95,216.360001,224.179993,,226.619995,6.81,,6.16,,,,1.625,,1.591,1.625,,1.591
2025/12/01 00:00,2.31,2.27,,1.76,8.31,7.97,,7.95,216.119995,223.929993,,226.619995,6.79,,6.14,,,,1.638,,1.59,1.638,,1.59
2025/12/01 00:00,2.27,2.29,,1.77,8.3,7.97,,7.95,216.119995,224.179993,,226.860001,6.8,,6.18,,,,1.638,1.612,,1.638,1.612,
2025/12/01 00:00,2.33,2.3,2.04,,8.29,7.97,7.99,,216.119995,224.179993,226.619995,,6.84,,6.16,,,,1.631,1.616,,1.631,1.616,
2025/12/01 00:00,2.32,2.3,2.05,,8.28,7.97,7.99,,216.119995,224.179993,226.130005,,6.82,6.4,,,,,1.633,1.612,,1.633,1.612,
2025/12/01 00:00,2.25,2.31,2.04,,8.26,7.97,7.99,,216.610001,223.929993,226.619995,,6.85,6.39,,,,,1.628,1.613,,1.628,1.613,
2025/12/01 00:00,2.24,2.29,2.04,,8.25,7.97,7.99,,216.610001,224.419998,226.369995,,6.77,6.4,,,,,1.634,1.61,,1.634,1.61,
2025/12/01 00:00,2.27,2.32,2.06,,8.23,7.97,7.99,,216.119995,223.440002,225.889999,,6.82,6.35,,,,,1.627,1.614,,1.627,1.614,
2025/12/01 00:00,2.25,2.33,2.07,,8.21,7.97,7.99,,216.119995,223.929993,225.889999,,6.76,6.38,,,,,1.63,,,1.63,,
2025/12/01 00:00,2.26,2.32,,,8.2,7.97,,7.95,216.119995,224.179993,,,6.77,,,,,,1.627,,1.589,1.627,,1.589
2025/12/01 00:00,2.25,2.33,,,8.18,7.97,,7.94,215.869995,223.929993,,226.619995,6.77,,,,,,1.626,,1.59,1.626,,1.59
2025/12/01 00:00,2.22,2.3,,,8.15,7.97,,7.95,216.119995,223.690002,,226.860001,6.77,,6.13,,,,1.627,,1.587,1.627,,1.587
2025/12/01 00:00,2.26,2.31,,,8.13,7.97,,7.95,215.869995,223.929993,,226.369995,6.76,,6.1,,,,1.634,,1.62,1.634,,1.62
2025/12/01 00:00,2.31,2.32,,1.75,8.11,7.96,,7.94,215.869995,223.690002,,225.149994,6.79,,6.1,,,,1.635,,1.595,1.635,,1.595
2025/12/01 00:00,2.54,2.32,,1.74,8.08,7.96,,7.95,216.610001,224.179993,,225.149994,6.75,,6.13,,,,1.627,,,1.627,,
2025/12/01 00:00,2.55,2.26,2.06,,8.05,7.96,7.98,,216.610001,224.179993,,,6.77,,6.18,,,,1.634,1.617,,1.634,1.617,
2025/12/01 00:00,2.5,2.23,2.06,,8.05,7.96,7.97,,216.850006,224.660004,225.399994,,6.78,6.37,,,,,1.637,1.614,,1.637,1.614,
2025/12/01 00:00,2.55,2.21,2.06,,8.01,7.96,7.96,,217.089996,224.660004,225.639999,,6.75,6.33,,,,,1.639,1.616,,1.639,1.616,
2025/12/01 00:00,2.56,2.24,2.06,,7.98,7.96,7.96,,216.850006,224.419998,225.639999,,6.74,6.35,,,,,1.628,1.611,,1.628,1.611,
2025/12/01 00:00,2.55,2.24,2.06,,7.97,7.96,7.96,,216.850006,224.419998,225.639999,,6.79,6.35,,,,,1.634,1.618,,1.634,1.618,
2025/12/01 00:00,2.49,2.24,2.06,,7.94,7.95,,7.94,216.850006,224.660004,225.639999,,6.74,6.37,,,,,1.639,,,1.639,,
2025/12/01 00:00,2.53,2.25,,,7.89,7.95,,7.95,217.089996,224.419998,,,6.79,6.36,,,,,1.624,,1.598,1.624,,1.598
2025/12/01 00:00,2.5,2.23,,1.75,7.87,7.94,,7.94,216.850006,225.149994,,225.639999,6.74,,,,,,1.626,,1.59,1.626,,1.59
2025/12/01 00:00,2.54,2.25,,1.75,7.85,7.95,,7.94,216.850006,224.910004,,225.889999,6.77,,6.19,,,,1.635,,1.594,1.635,,1.594
2025/12/01 00:00,2.54,2.26,,1.75,7.84,7.94,,7.93,217.339996,225.149994,,225.639999,6.81,,6.21,,,,1.624,,1.596,1.624,,1.596
2025/12/01 00:00,2.53,2.26,,1.74,7.82,7.94,,7.93,217.339996,225.149994,,225.639999,6.77,,6.15,,,,1.637,,1.59,1.637,,1.59
2025/12/01 00:00,2.5,2.3,,1.74,,7.93,7.93,,,224.660004,,225.639999,6.74,,6.2,,,,1.628,,,1.628,,
2025/12/01 00:00,0.78,2.3,2.06,,,7.93,7.93,,,224.910004,,,6.77,,6.21,,,,1.628,1.612,,1.628,1.612,
2025/12/01 00:00,0.39,2.28,2.06,,,7.92,7.93,,,225.149994,226.130005,,6.81,6.33,,,,,1.624,1.616,,1.624,1.616,
2025/12/01 00:00,0.34,2.28,2.07,,,7.93,7.93,,,225.149994,226.369995,,6.78,6.35,,,,,1.641,1.61,,1.641,1.61,
2025/12/01 00:00,0.42,2.28,2.07,,,7.92,7.93,,,224.910004,226.130005,,6.8,6.39,,,,,1.625,1.613,,1.625,1.613,
2025/12/01 00:00,1.58,2.28,2.07,,,7.93,7.93,,,224.910004,226.369995,,6.77,6.36,,,,,1.634,1.613,,1.634,1.613,
2025/12/01 00:00,2.74,2.27,2.07,,,7.93,,,,225.149994,,,6.75,6.35,,,,,1.616,,,1.616,,
2025/12/01 00:00,2.67,2.28,,,,7.92,,7.91,,224.910004,,,6.79,6.33,,,,,1.617,,1.594,1.617,,1.594
2025/12/01 00:00,2.57,2.29,,1.75,,7.92,,7.91,,224.910004,,226.860001,6.75,,6.22,,,,1.632,,1.593,1.632,,1.593
2025/12/01 00:00,2.63,2.29,,1.75,8.67,7.91,,7.9,217.580002,225.149994,,226.860001,6.73,,6.22,,,,1.619,,1.592,1.619,,1.592
2025/12/01 00:00,2.63,2.29,,1.74,8.66,7.92,,7.91,217.580002,224.910004,,226.369995,6.74,,6.23,,,,1.635,,1.591,1.635,,1.591
2025/12/01 00:00,2.58,2.3,,1.75,8.66,7.92,,7.9,217.339996,224.660004,,226.860001,6.77,,6.2,,,,1.637,,1.593,1.637,,1.593
2025/12/01 00:00,2.58,2.25,,1.74,8.65,7.94,,7.9,217.339996,225.149994,,,6.77,,6.19,,,,1.628,,,1.628,,
2025/12/01 00:00,2.56,2.28,2.07,,8.64,7.93,7.92,,216.850006,224.419998,,,6.73,,6.25,,,,1.624,1.603,,1.624,1.603,
2025/12/01 00:00,2.57,2.3,2.07,,8.64,7.92,7.92,,217.089996,224.910004,226.619995,,6.8,6.35,,,,,1.634,1.612,,1.634,1.612,
2025/12/01 00:00,2.59,2.3,2.07,,8.64,7.92,7.92,,217.089996,224.910004,226.369995,,6.77,6.33,,,,,1.622,1.609,,1.622,1.609,
2025/12/01 00:00,2.51,2.3,2.07,,8.63,7.93,7.92,,217.089996,224.660004,226.130005,,6.77,6.35,,,,,1.638,1.608,,1.638,1.608,
2025/12/01 00:00,2.53,2.28,2.07,,8.62,7.93,7.92,,217.089996,224.660004,226.369995,,6.75,6.33,,,,,1.632,1.61,,1.632,1.61,
2025/12/01 00:00,2.53,2.28,2.08,,8.62,7.93,7.92,,216.850006,224.660004,226.130005,,6.79,6.35,,,,,1.632,,,1.632,,
2025/12/01 00:00,2.53,2.29,,,8.61,7.92,,7.9,216.850006,224.660004,,,6.75,6.37,,,,,1.62,,1.589,1.62,,1.589
2025/12/01 00:00,2.56,2.32,,1.75,8.61,7.93,,7.9,217.089996,224.660004,,226.619995,6.73,,6.22,,,,1.628,,1.588,1.628,,1.588
2025/12/01 00:00,2.55,2.32,,1.75,8.6,7.93,,7.9,217.089996,224.419998,,226.369995,6.75,,6.19,,,,1.622,,1.589,1.622,,1.589
2025/12/01 00:00,2.55,2.34,,1.75,8.6,7.93,,7.9,217.089996,224.660004,,226.619995,6.74,,6.2,,,,1.634,,1.59,1.634,,1.59
2025/12/01 00:00,2.54,2.32,,1.74,8.59,7.93,,7.9,217.089996,224.660004,,226.130005,6.75,,6.19,,,,1.625,,1.591,1.625,,1.591
2025/12/01 00:00,2.54,2.33,,1.75,8.59,7.93,,7.9,217.089996,224.419998,,226.860001,6.73,,6.17,,,,1.624,,,1.624,,
2025/12/01 00:00,2.53,2.33,2.07,,8.58,7.92,7.93,,216.850006,224.419998,,226.860001,6.71,,6.16,,,,1.63,1.609,,1.63,1.609,
2025/12/01 00:00,2.5,2.31,2.07,,8.58,7.92,7.93,,216.850006,224.419998,226.130005,,6.75,6.33,,,,,1.629,1.613,,1.629,1.613,
2025/12/01 00:00,2.51,2.29,2.08,,8.58,7.93,7.93,,216.850006,224.419998,226.369995,,6.73,6.3,,,,,1.627,1.609,,1.627,1.609,
2025/12/01 00:00,2.5,2.27,2.07,,8.56,7.93,7.92,,216.850006,224.419998,225.889999,,6.76,6.35,,,,,1.632,1.614,,1.632,1.614,
2025/12/01 00:00,2.52,2.27,2.08,,8.56,7.92,7.92,,217.089996,224.660004,226.369995,,6.76,6.32,,,,,1.626,1.607,,1.626,1.607,
2025/12/01 00:00,2.51,2.3,2.08,,8.56,7.92,7.92,,216.850006,224.660004,226.369995,,6.76,6.33,,,,,1.634,1.61,,1.634,1.61,
2025/12/01 00:00,2.5,2.3,,,8.55,7.92,,7.9,216.850006,224.419998,,,6.76,6.29,,,,,1.634,,1.585,1.634,,1.585
2025/12/01 00:00,2.52,2.3,,1.76,8.55,7.92,,7.89,216.610001,224.660004,,226.130005,6.72,,6.16,,,,1.625,,1.587,1.625,,1.587
2025/12/01 00:00,2.49,2.29,,1.77,8.54,7.93,,7.89,217.089996,224.910004,,226.369995,6.72,,6.15,,,,1.631,,1.583,1.631,,1.583
2025/12/01 00:00,2.52,2.28,,1.76,8.53,7.92,,7.89,216.850006,224.419998,,226.130005,6.76,,6.06,,,,1.637,,1.592,1.637,,1.592
2025/12/01 00:00,2.53,2.28,,1.76,8.52,7.93,,7.89,217.339996,224.660004,,226.369995,6.76,,6.12,,,,1.635,,1.59,1.635,,1.59
2025/12/01 00:00,2.5,2.26,,1.76,8.52,7.92,,7.89,216.360001,224.660004,,225.889999,6.75,,6.12,,,,1.632,,1.587,1.632,,1.587
2025/12/01 00:00,2.51,2.26,2.08,,8.51,7.93,7.92,,217.089996,224.660004,,,6.7,,6.14,,,,1.623,1.614,,1.623,1.614,
2025/12/01 00:00,2.51,2.24,2.08,,8.51,7.92,7.92,,216.850006,224.910004,225.639999,,6.76,6.31,,,,,1.63,1.61,,1.63,1.61,
2025/12/01 00:00,2.5,2.26,2.08,,8.5,7.92,7.92,,216.850006,224.660004,225.399994,,6.78,6.3,,,,,1.629,1.609,,1.629,1.609,
2025/12/01 00:00,2.51,2.26,2.08,,8.49,7.93,7.93,,217.089996,224.419998,225.399994,,6.75,6.3,,,,,1.634,1.611,,1.634,1.611,
2025/12/01 00:00,2.51,2.26,2.08,,8.49,7.92,7.93,,216.850006,224.660004,225.639999,,6.74,6.35,,,,,1.637,1.609,,1.637,1.609,
2025/12/01 00:00,2.47,2.26,2.08,,8.48,7.92,7.94,,216.850006,224.660004,225.399994,,6.74,6.3,,,,,1.629,1.613,,1.629,1.613,
2025/12/01 00:00,2.48,2.25,,1.77,8.46,7.92,,7.9,216.850006,224.660004,,,6.74,6.3,,,,,1.632,,,1.632,,
2025/12/01 00:00,2.48,2.27,,1.77,8.45,7.93,,7.9,216.850006,224.660004,,226.130005,6.79,,,,,,1.635,,1.59,1.635,,1.59
2025/12/01 00:00,2.45,2.27,,1.77,8.44,7.91,,7.9,216.850006,224.660004,,225.889999,6.8,,6.1,,,,1.632,,1.589,1.632,,1.589
2025/12/01 00:00,2.48,2.27,,1.76,8.43,7.92,,7.9,216.360001,224.179993,,226.369995,6.74,,6.12,,,,1.627,,1.588,1.627,,1.588
2025/12/01 00:00,2.49,2.27,,1.76,8.43,7.92,,7.9,216.610001,224.179993,,226.130005,6.76,,6.13,,,,1.636,,1.59,1.636,,1.59
2025/12/01 00:00,2.5,2.25,,1.76,8.42,7.92,,7.9,217.089996,224.419998,,226.369995,6.81,,6.15,,,,1.63,,1.586,1.63,,1.586
2025/12/01 00:00,2.47,2.26,2.08,,8.42,7.93,7.93,,216.850006,223.929993,,,6.78,,6.11,,,,1.628,1.61,,1.628,1.61,
2025/12/01 00:00,2.47,2.27,2.08,,8.4,7.92,7.94,,216.850006,224.179993,225.399994,,6.77,6.33,,,,,1.625,1.61,,1.625,1.61,
2025/12/01 00:00,2.49,2.27,2.08,,8.39,7.91,7.94,,216.850006,224.660004,225.639999,,6.81,6.33,,,,,1.633,1.61,,1.633,1.61,
2025/12/01 00:00,2.52,2.28,2.08,,8.39,7.92,7.94,,216.850006,224.179993,225.399994,,6.78,6.32,,,,,1.635,1.61,,1.635,1.61,
2025/12/01 00:00,2.51,2.29,2.08,,8.38,7.92,7.94,,216.610001,224.419998,225.399994,,6.76,6.3,,,,,1.623,1.608,,1.623,1.608,
2025/12/01 00:00,2.49,2.31,2.08,,8.37,7.91,7.94,,216.610001,224.419998,225.149994,,6.75,6.28,,,,,1.627,1.612,,1.627,1.612,
2025/12/01 00:00,2.48,2.33,,,8.36,7.92,,,216.360001,224.419998,,,6.77,6.29,,,,,1.642,,1.59,1.642,,1.59
2025/12/01 00:00,2.5,2.33,,1.77,8.35,7.92,,7.9,216.610001,224.179993,,226.130005,6.77,,,,,,1.637,,1.589,1.637,,1.589
2025/12/01 00:00,2.5,2.32,,1.77,8.34,7.92,,7.9,216.610001,224.179993,,226.130005,6.76,,6.11,,,,1.629,,1.591,1.629,,1.591
2025/12/01 00:00,2.48,2.31,,1.77,8.34,7.92,,7.9,216.360001,224.419998,,225.399994,6.79,,6.12,,,,1.631,,1.588,1.631,,1.588
2025/12/01 00:00,2.51,2.28,,1.76,8.32,7.91,,7.9,216.360001,224.179993,,225.889999,6.78,,6.11,,,,1.636,,1.591,1.636,,1.591
2025/12/01 00:00,2.51,2.29,,1.75,8.31,7.92,,7.9,216.610001,223.929993,,225.399994,6.76,,6.08,,,,1.635,,1.589,1.635,,1.589
2025/12/01 00:00,2.46,2.3,2.08,,8.29,7.92,7.94,,216.850006,224.179993,,,6.73,,6.1,,,,1.636,,,1.636,,
2025/12/01 00:00,2.51,2.31,2.08,,8.28,7.92,7.95,,216.850006,224.179993,225.639999,,6.74,6.3,,,,,1.625,1.616,,1.625,1.616,
2025/12/01 00:00,2.48,2.3,2.07,,8.26,7.92,7.95,,216.850006,224.179993,225.399994,,6.77,6.34,,,,,1.638,1.616,,1.638,1.616,
2025/12/01 00:00,2.48,2.27,2.07,,8.25,7.92,7.95,,216.360001,224.179993,225.889999,,6.79,6.32,,,,,1.629,1.613,,1.629,1.613,
2025/12/01 00:00,2.48,2.26,2.07,,8.23,7.92,7.94,,216.360001,224.419998,225.889999,,6.74,6.36,,,,,1.629,1.616,,1.629,1.616,
2025/12/01 00:00,2.45,2.27,2.07,,8.22,7.92,7.95,,216.610001,224.179993,225.889999,,6.77,6.34,,,,,1.633,1.617,,1.633,1.617,
2025/12/01 00:00,2.51,2.28,,,8.2,7.91,,7.9,216.610001,224.179993,,,6.76,,,,,,1.632,,1.591,1.632,,1.591
2025/12/01 00:00,2.49,2.28,,1.76,8.19,7.91,,7.91,216.610001,224.179993,,226.860001,6.74,,6.14,,,,1.631,,1.593,1.631,,1.593
2025/12/01 00:00,2.45,2.27,,1.75,8.17,7.91,,7.91,216.610001,224.179993,,226.130005,6.78,,6.18,,,,1.621,,1.591,1.621,,1.591
2025/12/01 00:00,2.48,2.28,,1.76,8.15,7.91,,7.91,216.610001,224.419998,,226.860001,6.81,,6.19,,,,1.628,,1.594,1.628,,1.594
2025/12/01 00:00,2.5,2.29,,1.75,8.14,7.91,,7.91,216.610001,224.179993,,225.889999,6.76,,6.2,,,,1.637,,1.591,1.637,,1.591
2025/12/01 00:00,2.47,2.28,,1.75,8.12,7.91,,7.91,216.610001,224.179993,,226.369995,6.75,,6.19,,,,1.632,,1.596,1.632,,1.596
2025/12/01 00:00,2.47,2.27,,,8.11,7.91,7.95,,217.089996,224.179993,,,6.76,,6.18,,,,1.633,1.613,,1.633,1.613,
2025/12/01 00:00,2.48,2.25,2.07,,8.09,7.91,7.95,,216.610001,224.179993,226.130005,,6.76,6.35,,,,,1.635,1.61,,1.635,1.61,
2025/12/01 00:00,2.45,2.24,2.07,,8.08,7.91,7.95,,216.850006,224.419998,225.889999,,6.76,6.39,,,,,1.631,1.608,,1.631,1.608,
2025/12/01 00:00,2.43,2.26,2.07,,8.05,7.9,7.95,,216.850006,224.419998,226.130005,,6.8,6.33,,,,,1.638,1.613,,1.638,1.613,
2025/12/01 00:00,2.46,2.26,2.07,,8.04,7.91,7.95,,216.850006,224.179993,225.889999,,6.79,6.35,,,,,1.639,1.61,,1.639,1.61,
2025/12/01 00:00,2.42,2.25,2.07,,8.03,7.91,7.95,,217.089996,224.179993,226.130005,,6.8,6.36,,,,,1.628,1.612,,1.628,1.612,
2025/12/01 00:00,2.45,2.26,,,8.01,7.91,,7.92,216.850006,224.419998,,,6.76,,,,,,1.634,,1.587,1.634,,1.587
2025/12/02 00:00,2.45,2.26,,1.75,8,7.91,,7.92,217.339996,224.419998,,226.619995,6.76,,6.21,,,,1.63,,1.59,1.63,,1.59
2025/12/02 00:00,2.39,2.27,,1.75,7.98,7.91,,7.92,216.850006,224.419998,,226.369995,6.77,,6.16,,,,1.627,,1.589,1.627,,1.589
2025/12/02 00:00,2.48,2.28,,1.75,7.97,7.9,,7.92,216.610001,224.179993,,226.369995,6.78,,6.21,,,,1.643,,1.592,1.643,,1.592
2025/12/02 00:00,2.45,2.27,,1.75,7.96,7.9,,7.92,217.089996,224.179993,,226.860001,6.74,,6.23,,,,1.633,,1.588,1.633,,1.588
2025/12/02 00:00,2.42,2.28,,1.75,7.95,7.9,,7.92,217.089996,224.419998,,226.369995,6.75,,6.2,,,,1.633,,1.587,1.633,,1.587
2025/12/02 00:00,2.42,2.26,2.07,,7.92,7.9,7.96,,217.089996,224.419998,,,6.74,,6.23,,,,1.636,1.61,,1.636,1.61,
2025/12/02 00:00,2.43,2.28,2.07,,7.91,7.9,7.96,,217.089996,224.179993,226.130005,,6.78,6.36,,,,,1.631,1.611,,1.631,1.611,
2025/12/02 00:00,2.44,2.28,2.06,,7.91,7.91,7.96,,216.850006,224.179993,225.889999,,6.76,6.37,,,,,1.631,1.609,,1.631,1.609,
2025/12/02 00:00,2.42,2.28,2.08,,7.9,7.9,7.96,,216.850006,224.179993,226.369995,,6.78,6.38,,,,,1.637,1.608,,1.637,1.608,
2025/12/02 00:00,2.21,2.28,2.08,,,7.9,7.96,,,224.910004,226.619995,,6.78,6.36,,,,,1.634,1.608,,1.634,1.608,
2025/12/02 00:00,0.59,2.29,2.08,,,7.9,7.95,,,224.179993,225.889999,,6.76,6.32,,,,,1.634,1.608,,1.634,1.608,
2025/12/02 00:00,0.36,2.32,,,,7.9,,7.92,,224.179993,,,6.76,,,,,,1.639,,1.587,1.639,,1.587
2025/12/02 00:00,0.32,2.33,,1.77,,7.9,,7.92,,224.419998,,226.369995,6.69,,,,,,1.623,,1.589,1.623,,1.589
2025/12/02 00:00,0.59,2.33,,1.77,,7.89,,7.92,,224.179993,,225.889999,6.72,,6.16,,,,1.633,,1.586,1.633,,1.586
2025/12/02 00:00,1.81,2.31,,1.76,,7.89,,7.92,,224.179993,,226.130005,6.74,,6.16,,,,1.629,,1.591,1.629,,1.591
2025/12/02 00:00,2.8,2.29,,1.76,,7.89,,7.92,,224.179993,,226.130005,6.75,,6.15,,,,1.632,,1.59,1.632,,1.59
2025/12/02 00:00,2.69,2.27,,1.76,,7.89,,7.92,,224.179993,,226.130005,6.76,,6.15,,,,1.64,,1.59,1.64,,1.59
2025/12/02 00:00,2.58,2.27,,,,7.89,7.96,,,224.179993,,,6.73,,6.13,,,,1.636,1.612,,1.636,1.612,
2025/12/02 00:00,2.65,2.26,2.07,,,7.89,7.96,,,223.929993,225.639999,,6.77,6.33,,,,,1.624,1.611,,1.624,1.611,
2025/12/02 00:00,2.61,2.26,2.08,,8.66,7.89,7.96,,217.339996,224.179993,225.639999,,6.73,6.33,,,,,1.639,1.61,,1.639,1.61,
2025/12/02 00:00,2.56,2.27,2.07,,8.66,7.92,7.96,,217.089996,224.419998,225.399994,,6.69,6.35,,,,,1.637,1.608,,1.637,1.608,
2025/12/02 00:00,2.58,2.21,2.08,,8.65,7.92,7.96,,216.850006,224.179993,225.639999,,6.75,6.34,,,,,1.626,1.608,,1.626,1.608,
2025/12/02 00:00,2.58,2.25,2.08,,8.65,7.92,7.96,,217.089996,224.419998,225.639999,,6.75,6.32,,,,,1.639,1.606,,1.639,1.606,
2025/12/02 00:00,2.58,2.27,,,8.64,7.91,,7.92,217.089996,223.929993,,,6.76,6.38,,,,,1.619,,1.586,1.619,,1.586
2025/12/02 00:00,2.59,2.29,,1.77,8.64,7.92,,7.92,216.850006,224.179993,,225.889999,6.76,,,,,,1.632,,1.585,1.632,,1.585
2025/12/02 00:00,2.56,2.32,,1.77,8.64,7.93,,7.92,216.850006,224.179993,,225.889999,6.75,,6.14,,,,1.628,,1.591,1.628,,1.591
2025/12/02 00:00,2.56,2.31,,1.77,8.64,7.92,,7.92,217.089996,224.179993,,225.889999,6.77,,6.15,,,,1.638,,1.585,1.638,,1.585
2025/12/02 00:00,2.56,2.32,,1.76,8.63,7.92,,7.93,217.089996,224.179993,,225.889999,6.74,,6.1,,,,1.63,,1.59,1.63,,1.59
2025/12/02 00:00,2.55,2.33,,1.77,8.63,7.92,,7.92,217.089996,224.419998,,225.639999,6.76,,6.08,,,,1.628,,1.589,1.628,,1.589
2025/12/02 00:00,2.57,2.32,2.07,,8.62,7.92,7.96,,216.610001,224.179993,,,6.75,,6.08,,,,1.631,1.614,,1.631,1.614,
2025/12/02 00:00,2.54,2.3,2.07,,8.62,7.92,7.96,,216.610001,224.179993,225.149994,,6.74,6.3,,,,,1.634,1.61,,1.634,1.61,
2025/12/02 00:00,2.5,2.29,2.07,,8.61,7.93,7.97,,216.850006,224.179993,225.149994,,6.76,6.32,,,,,1.638,1.612,,1.638,1.612,
2025/12/02 00:00,2.51,2.26,2.07,,8.61,7.92,7.97,,216.360001,224.419998,225.399994,,6.76,6.33,,,,,1.63,1.611,,1.63,1.611,
2025/12/02 00:00,2.54,2.27,2.07,,8.6,7.93,7.97,,216.610001,223.929993,225.149994,,6.76,6.35,,,,,1.636,1.611,,1.636,1.611,
2025/12/02 00:00,2.53,2.27,2.07,,8.6,7.92,7.97,,216.610001,224.179993,225.149994,,6.79,6.32,,,,,1.638,1.617,,1.638,1.617,
2025/12/02 00:00,2.55,2.27,,,8.59,7.92,,7.93,216.610001,224.179993,,,6.8,6.32,,,,,1.638,,1.587,1.638,,1.587
2025/12/02 00:00,2.52,2.27,,1.77,8.59,7.92,,7.93,216.610001,224.179993,,226.619995,6.76,,,,,,1.634,,1.585,1.634,,1.585
2025/12/02 00:00,2.51,2.24,,1.77,8.58,7.93,,7.94,216.610001,224.419998,,225.889999,6.77,,6.16,,,,1.626,,1.588,1.626,,1.588
2025/12/02 00:00,2.54,2.26,,1.77,8.57,7.93,,7.93,216.610001,224.179993,,225.889999,6.78,,6.11,,,,1.625,,1.582,1.625,,1.582
2025/12/02 00:00,2.54,2.26,,1.77,8.57,7.92,,7.94,216.360001,224.179993,,226.130005,6.8,,6.16,,,,1.641,,1.59,1.641,,1.59
2025/12/02 00:00,2.52,2.26,,1.76,8.56,7.93,,7.93,216.360001,224.179993,,225.639999,6.8,,6.11,,,,1.633,,1.589,1.633,,1.589
2025/12/02 00:00,2.49,2.27,2.07,,8.56,7.94,7.98,,216.610001,224.179993,,,6.77,,6.14,,,,1.634,1.614,,1.634,1.614,
2025/12/02 00:00,2.52,2.3,2.08,,8.55,7.93,7.97,,216.610001,224.179993,225.889999,,6.78,,,,,,1.639,1.611,,1.639,1.611,
2025/12/02 00:00,2.5,2.33,2.07,,8.54,7.92,7.97,,216.610001,223.690002,225.639999,,6.8,6.33,,,,,1.634,1.611,,1.634,1.611,
2025/12/02 00:00,2.53,2.34,2.07,,8.53,7.93,7.98,,216.850006,223.929993,225.639999,,6.75,6.32,,,,,1.634,1.611,,1.634,1.611,
2025/12/02 00:00,2.54,2.33,2.07,,8.53,7.93,7.97,,216.850006,224.179993,226.130005,,6.74,6.38,,,,,1.631,1.613,,1.631,1.613,
2025/12/02 00:00,2.52,2.32,2.07,,8.52,7.93,7.97,,216.610001,224.179993,226.130005,,6.73,6.35,,,,,1.629,1.611,,1.629,1.611,
2025/12/02 00:00,2.52,2.29,,,8.51,7.94,,,216.850006,224.179993,,,6.77,6.34,,,,,1.641,,1.588,1.641,,1.588
2025/12/02 00:00,2.53,2.28,,1.76,8.51,7.94,,7.94,216.850006,223.929993,,226.369995,6.81,,,,,,1.634,,1.589,1.634,,1.589
2025/12/02 00:00,2.49,2.27,,1.75,8.5,7.94,,7.94,216.850006,224.179993,,226.619995,6.76,,6.17,,,,1.632,,1.588,1.632,,1.588
2025/12/02 00:00,2.49,2.26,,1.75,8.49,7.94,,7.93,216.850006,224.179993,,226.619995,6.8,,6.22,,,,1.636,,1.587,1.636,,1.587
2025/12/02 00:00,2.5,2.26,,1.75,8.49,7.94,,7.94,216.610001,223.690002,,226.619995,6.81,,6.21,,,,1.632,,1.59,1.632,,1.59
2025/12/02 00:00,2.51,2.26,,1.75,8.48,7.94,,7.93,216.610001,224.179993,,226.369995,6.79,,6.22,,,,1.631,,1.594,1.631,,1.594
2025/12/02 00:00,2.5,2.25,2.06,,8.47,7.94,7.97,,216.850006,224.179993,,,6.79,,6.22,,,,1.638,1.609,,1.638,1.609,
2025/12/02 00:00,2.5,2.26,2.06,,8.47,7.94,7.97,,216.360001,224.419998,226.619995,,6.74,,,,,,1.645,1.607,,1.645,1.607,
2025/12/02 00:00,2.5,2.27,2.07,,8.45,7.94,7.98,,216.610001,224.419998,226.130005,,6.81,6.36,,,,,1.634,1.608,,1.634,1.608,
2025/12/02 00:00,2.48,2.27,2.06,,8.45,7.94,7.98,,216.610001,224.179993,226.130005,,6.82,6.38,,,,,1.64,1.613,,1.64,1.613,
2025/12/02 00:00,2.49,2.28,2.07,,8.43,7.94,7.98,,216.610001,224.419998,225.889999,,6.79,6.35,,,,,1.637,1.611,,1.637,1.611,
2025/12/02 00:00,2.51,2.26,2.06,,8.43,7.94,7.97,,216.850006,224.179993,226.130005,,6.75,6.34,,,,,1.639,1.606,,1.639,1.606,
2025/12/02 00:00,2.47,2.27,,,8.42,7.94,,7.95,216.610001,223.929993,,,6.8,6.36,,,,,1.632,,,1.632,,
2025/12/02 00:00,2.48,2.26,,1.75,8.4,7.94,,7.95,216.360001,224.179993,,226.369995,6.73,,6.21,,,,1.632,,1.59,1.632,,1.59
2025/12/02 00:00,2.5,2.28,,1.75,8.4,7.94,,7.95,216.610001,224.179993,,226.369995,6.82,,6.21,,,,1.636,,1.589,1.636,,1.589
2025/12/02 00:00,2.51,2.28,,1.75,8.38,7.94,,7.95,216.360001,224.179993,,226.369995,6.78,,6.23,,,,1.643,,1.59,1.643,,1.59
2025/12/02 00:00,2.5,2.26,,1.75,8.37,7.94,,7.95,216.610001,224.179993,,226.619995,6.8,,6.22,,,,1.634,,1.588,1.634,,1.588
2025/12/02 00:00,2.49,2.27,,1.75,8.36,7.94,,7.95,216.360001,224.179993,,226.369995,6.75,,6.2,,,,1.635,,,1.635,,
2025/12/02 00:00,2.47,2.28,2.06,,8.35,7.94,7.98,,216.610001,224.179993,,,6.82,,6.2,,,,1.628,,,1.628,,
2025/12/02 00:00,2.5,2.28,2.06,,8.33,7.94,7.98,,216.850006,224.179993,226.369995,,6.78,6.36,,,,,1.644,1.614,,1.644,1.614,
2025/12/02 00:00,2.48,2.27,2.06,,8.33,7.94,7.99,,216.610001,224.179993,226.130005,,6.79,6.36,,,,,1.639,1.612,,1.639,1.612,
2025/12/02 00:00,2.51,2.26,2.06,,8.32,7.94,7.98,,216.610001,224.419998,226.619995,,6.79,6.37,,,,,1.632,1.615,,1.632,1.615,
2025/12/02 00:00,2.49,2.27,2.07,,8.32,7.93,7.99,,216.360001,224.179993,226.369995,,6.79,6.33,,,,,1.639,1.61,,1.639,1.61,
2025/12/02 00:00,2.52,2.27,2.07,,8.3,7.94,7.98,,216.850006,224.910004,226.619995,,6.79,6.36,,,,,1.639,1.615,,1.639,1.615,
2025/12/02 00:00,2.52,2.28,,,8.29,7.94,,7.95,216.610001,224.179993,,,6.79,6.36,,,,,1.644,,1.587,1.644,,1.587
2025/12/02 00:00,2.49,2.32,,1.76,8.26,7.94,,7.95,216.610001,224.179993,,226.369995,6.76,,6.19,,,,1.634,,1.588,1.634,,1.588
2025/12/02 00:00,2.5,2.31,,1.76,8.25,7.93,,7.95,216.610001,224.179993,,225.889999,6.74,,6.2,,,,1.635,,1.586,1.635,,1.586
2025/12/02 00:00,2.47,2.29,,1.76,8.24,7.94,,7.95,216.610001,224.419998,,226.369995,6.78,,6.16,,,,1.644,,1.588,1.644,,1.588
2025/12/02 00:00,2.51,2.29,,1.76,8.23,7.94,,7.95,216.360001,223.929993,,226.130005,6.77,,6.16,,,,1.638,,1.587,1.638,,1.587
2025/12/02 00:00,2.5,2.28,,1.76,8.21,7.92,,7.95,216.610001,224.179993,,226.369995,6.76,,6.14,,,,1.636,,1.586,1.636,,1.586
2025/12/02 00:00,2.5,2.28,2.06,,8.18,7.93,7.98,,216.610001,224.179993,,,6.82,,6.13,,,,1.647,1.611,,1.647,1.611,
2025/12/02 00:00,2.49,2.26,2.06,,8.17,7.93,7.98,,216.610001,224.419998,225.639999,,6.78,6.35,,,,,1.633,1.609,,1.633,1.609,
2025/12/02 00:00,2.51,2.24,2.06,,8.16,7.93,7.98,,216.610001,224.179993,225.399994,,6.76,6.35,,,,,1.639,1.612,,1.639,1.612,
2025/12/02 00:00,2.52,2.25,2.07,,8.15,7.93,7.98,,216.610001,224.419998,225.639999,,6.79,6.34,,,,,1.635,1.611,,1.635,1.611,
2025/12/02 00:00,2.51,2.25,2.06,,8.14,7.93,7.99,,216.610001,224.179993,225.399994,,6.84,6.33,,,,,1.63,1.616,,1.63,1.616,
2025/12/02 00:00,2.51,2.24,2.07,,8.11,7.93,7.99,,216.850006,224.179993,225.399994,,6.8,6.36,,,,,1.634,1.611,,1.634,1.611,
2025/12/02 00:00,2.51,2.24,,,8.1,7.93,,7.95,216.610001,224.179993,,,6.78,6.37,,,,,1.633,,,1.633,,
2025/12/02 00:00,2.5,2.22,,1.76,8.08,7.93,,7.95,216.850006,224.419998,,225.639999,6.83,,,,,,1.63,,1.589,1.63,,1.589
2025/12/02 00:00,2.51,2.23,,1.76,8.06,7.93,,7.95,216.850006,224.179993,,225.889999,6.76,,6.2,,,,1.635,,1.589,1.635,,1.589
2025/12/02 00:00,2.47,2.24,,1.76,8.05,7.93,,7.95,216.850006,224.419998,,225.889999,6.81,,6.17,,,,1.631,,1.592,1.631,,1.592
2025/12/02 00:00,2.46,2.23,,1.76,8.02,7.93,,7.96,217.089996,224.419998,,226.130005,6.79,,6.14,,,,1.632,,1.585,1.632,,1.585
2025/12/02 00:00,2.49,2.24,,1.76,8,7.92,,7.95,217.089996,224.179993,,225.889999,6.81,,6.18,,,,1.642,,1.588,1.642,,1.588
2025/12/02 00:00,2.48,2.22,2.05,,8,7.92,7.99,,216.610001,224.179993,,,6.79,,6.14,,,,1.633,,,1.633,,
2025/12/02 00:00,2.49,2.24,2.06,,7.97,7.92,7.99,,217.089996,224.179993,225.639999,,6.82,6.37,,,,,1.631,1.614,,1.631,1.614,
2025/12/02 00:00,2.53,2.26,2.06,,7.97,7.92,7.99,,217.089996,224.179993,225.639999,,6.84,6.36,,,,,1.635,1.611,,1.635,1.611,
2025/12/02 00:00,2.46,2.26,2.05,,7.95,7.93,7.99,,217.089996,224.179993,225.639999,,6.8,6.32,,,,,1.631,1.616,,1.631,1.616,
2025/12/02 00:00,2.38,2.26,2.06,,,7.93,7.99,,,224.179993,225.639999,,6.79,6.36,,,,,1.637,1.613,,1.637,1.613,
2025/12/02 00:00,0.64,2.25,2.05,,,7.92,7.99,,,224.179993,225.889999,,6.84,6.38,,,,,1.639,1.615,,1.639,1.615,
2025/12/02 00:00,0.36,2.26,,,,7.92,,7.96,,224.179993,,,6.78,6.41,,,,,1.629,,,1.629,,
2025/12/02 00:00,0.33,2.25,,1.76,,7.92,,7.96,,224.179993,,226.130005,6.83,,,,,,1.636,,1.58,1.636,,1.58
2025/12/02 00:00,0.46,2.26,,1.76,,7.92,,7.95,,224.179993,,226.130005,6.82,,6.22,,,,1.635,,1.586,1.635,,1.586
2025/12/02 00:00,1.68,2.25,,1.76,,7.92,,7.96,,224.419998,,226.369995,6.79,,6.12,,,,1.626,,1.59,1.626,,1.59
2025/12/02 00:00,2.76,2.26,,1.75,,7.92,,7.96,,224.179993,,225.889999,6.85,,6.16,,,,1.632,,1.59,1.632,,1.59
2025/12/02 00:00,2.7,2.25,,1.75,,7.92,,7.96,,224.179993,,226.369995,6.82,,6.17,,,,1.63,,,1.63,,
2025/12/02 00:00,2.58,2.25,2.06,,,7.91,7.99,,,224.660004,,,6.78,,6.18,,,,1.633,1.612,,1.633,1.612,
2025/12/02 00:00,2.63,2.26,2.06,,,7.91,7.99,,,224.419998,225.639999,,6.82,6.38,,,,,1.638,1.618,,1.638,1.618,
2025/12/02 00:00,2.61,2.29,2.06,,8.67,7.92,7.99,,217.089996,224.419998,226.130005,,6.76,6.33,,,,,1.631,1.612,,1.631,1.612,
2025/12/02 00:00,2.57,2.32,2.06,,8.66,7.94,7.99,,216.850006,224.419998,226.130005,,6.74,6.35,,,,,1.637,1.611,,1.637,1.611,
2025/12/02 00:00,2.58,2.24,2.06,,8.66,7.94,7.99,,216.610001,223.929993,225.639999,,6.77,6.35,,,,,1.634,1.615,,1.634,1.615,
2025/12/02 00:00,2.56,2.27,2.07,,8.66,7.94,7.99,,216.610001,223.929993,225.889999,,6.78,6.35,,,,,1.638,1.616,,1.638,1.616,
2025/12/02 00:00,2.58,2.29,,,8.65,7.94,,7.96,216.850006,223.929993,,,6.81,6.36,,,,,1.641,,1.587,1.641,,1.587
2025/12/02 00:00,2.56,2.29,,1.75,8.65,7.94,,7.96,216.610001,224.179993,,226.369995,6.79,,6.23,,,,1.642,,1.591,1.642,,1.591
2025/12/02 00:00,2.53,2.28,,1.75,8.64,7.95,,7.96,216.610001,224.179993,,226.860001,6.78,,6.24,,,,1.644,,1.593,1.644,,1.593
2025/12/02 00:00,2.56,2.26,,1.75,8.64,7.95,,7.96,216.610001,224.419998,,226.369995,6.8,,6.21,,,,1.638,,1.59,1.638,,1.59
2025/12/02 00:00,2.55,2.27,,1.75,8.64,7.94,,7.96,216.850006,223.929993,,226.860001,6.8,,6.21,,,,1.637,,1.588,1.637,,1.588
2025/12/02 00:00,2.53,2.28,,1.75,8.63,7.94,,7.96,216.610001,223.929993,,226.369995,6.82,,6.25,,,,1.632,,1.593,1.632,,1.593
2025/12/02 00:00,2.52,2.28,2.05,,8.62,7.94,7.99,,216.610001,223.929993,,,6.81,,6.21,,,,1.64,1.614,,1.64,1.614,
2025/12/02 00:00,2.49,2.28,2.06,,8.62,7.94,7.99,,216.610001,224.179993,226.130005,,6.79,6.39,,,,,1.636,1.611,,1.636,1.611,
2025/12/02 00:00,2.53,2.27,2.05,,8.63,7.94,7.99,,216.610001,224.179993,225.889999,,6.76,6.36,,,,,1.638,1.611,,1.638,1.611,
2025/12/02 00:00,2.48,2.28,2.06,,8.62,7.95,7.99,,216.360001,224.179993,226.130005,,6.78,6.33,,,,,1.636,1.611,,1.636,1.611,
2025/12/02 00:00,2.53,2.29,2.06,,8.62,7.95,7.99,,216.610001,224.179993,225.889999,,6.78,6.37,,,,,1.642,1.607,,1.642,1.607,
2025/12/02 00:00,2.54,2.29,2.06,,8.61,7.95,7.99,,216.610001,224.179993,226.130005,,6.77,6.36,,,,,1.64,1.614,,1.64,1.614,
2025/12/02 00:00,2.49,2.3,,,8.6,7.95,,7.97,216.610001,224.179993,,,6.78,6.36,,,,,1.64,,1.591,1.64,,1.591
2025/12/02 00:00,2.5,2.27,,,8.6,7.95,,7.96,216.850006,224.179993,,226.860001,6.8,,6.23,,,,1.634,,1.588,1.634,,1.588
2025/12/02 00:00,2.5,2.28,,1.75,8.59,7.95,,7.97,216.610001,224.179993,,226.369995,6.78,,6.21,,,,1.637,,1.587,1.637,,1.587
2025/12/02 00:00,2.5,2.28,,1.75,8.58,7.95,,7.97,216.119995,224.419998,,226.619995,6.8,,6.23,,,,1.641,,1.583,1.641,,1.583
2025/12/02 00:00,2.51,2.27,,1.74,8.58,7.95,,7.97,216.610001,224.179993,,226.369995,6.78,,6.22,,,,1.643,,1.587,1.643,,1.587
2025/12/02 00:00,2.51,2.26,,1.75,8.58,7.95,,7.97,216.610001,224.179993,,226.860001,6.83,,6.22,,,,1.638,,1.592,1.638,,1.592
2025/12/02 00:00,2.5,2.26,,,8.57,7.96,7.99,,216.360001,224.179993,,,6.76,,6.24,,,,1.633,1.615,,1.633,1.615,
2025/12/02 00:00,2.49,2.24,2.05,,8.57,7.96,8,,216.360001,224.179993,225.889999,,6.81,,,,,,1.636,1.617,,1.636,1.617,
2025/12/02 00:00,2.51,2.26,2.06,,8.55,7.95,8,,216.360001,223.929993,226.369995,,6.82,6.41,,,,,1.636,1.606,,1.636,1.606,
2025/12/02 00:00,2.48,2.26,2.06,,8.55,7.96,8,,216.360001,224.179993,226.130005,,6.8,6.38,,,,,1.635,1.61,,1.635,1.61,
2025/12/02 00:00,2.5,2.27,2.06,,8.54,7.95,8,,216.360001,224.179993,225.889999,,6.78,6.37,,,,,1.643,1.609,,1.643,1.609,
2025/12/02 00:00,2.49,2.28,2.06,,8.54,7.95,7.99,,216.610001,224.179993,226.130005,,6.84,6.36,,,,,1.629,1.611,,1.629,1.611,
2025/12/02 00:00,2.49,2.25,,,8.53,7.96,,7.96,216.610001,224.660004,,,6.79,6.36,,,,,1.64,,1.59,1.64,,1.59
2025/12/02 00:00,2.5,2.29,,1.76,8.52,7.95,,7.96,216.610001,224.419998,,226.860001,6.82,,,,,,1.634,,1.595,1.634,,1.595
2025/12/02 00:00,2.49,2.32,,1.76,8.52,7.96,,7.96,216.610001,224.179993,,226.860001,6.76,,6.2,,,,1.645,,1.588,1.645,,1.588
2025/12/02 00:00,2.51,2.32,,1.76,8.51,7.95,,7.96,216.610001,223.929993,,226.130005,6.8,,6.15,,,,1.64,,1.585,1.64,,1.585
2025/12/02 00:00,2.49,2.32,,1.76,8.51,7.96,,7.96,216.850006,223.929993,,226.369995,6.76,,6.14,,,,1.635,,1.588,1.635,,1.588
2025/12/02 00:00,2.51,2.29,,1.76,8.5,7.96,,7.96,216.850006,224.179993,,225.889999,6.81,,6.09,,,,1.635,,1.589,1.635,,1.589
2025/12/02 00:00,2.51,2.3,,,8.49,7.96,7.99,,215.869995,224.419998,,,6.84,,6.16,,,,1.643,1.612,,1.643,1.612,
2025/12/02 00:00,2.5,2.28,2.06,,8.49,7.96,7.99,,216.360001,223.929993,225.639999,,6.78,,,,,,1.645,1.615,,1.645,1.615,
2025/12/02 00:00,2.49,2.26,2.06,,8.48,7.95,8,,216.850006,224.419998,225.639999,,6.81,6.35,,,,,1.637,1.613,,1.637,1.613,
2025/12/02 00:00,2.51,2.26,2.06,,8.48,7.96,8,,216.360001,224.179993,225.639999,,6.81,6.36,,,,,1.634,1.61,,1.634,1.61,
2025/12/02 00:00,2.5,2.23,2.06,,8.46,7.96,7.99,,216.360001,223.929993,225.399994,,6.79,6.36,,,,,1.641,1.618,,1.641,1.618,
2025/12/02 00:00,2.51,2.24,2.06,,8.45,7.95,8,,216.610001,224.179993,225.639999,,6.81,6.36,,,,,1.637,1.619,,1.637,1.619,
2025/12/02 00:00,2.51,2.24,,,8.44,7.95,,7.97,216.360001,224.179993,,,6.83,6.35,,,,,1.638,,1.592,1.638,,1.592
2025/12/02 00:00,2.51,2.25,,1.77,8.44,7.95,,7.97,216.610001,224.179993,,226.860001,6.83,,,,,,1.644,,1.585,1.644,,1.585
2025/12/02 00:00,2.51,2.25,,1.77,8.43,7.96,,7.97,216.610001,224.179993,,225.889999,6.85,,6.25,,,,1.632,,1.584,1.632,,1.584
2025/12/02 00:00,2.52,2.25,,1.76,8.42,7.96,,7.97,216.610001,224.179993,,226.369995,6.78,,6.17,,,,1.64,,1.591,1.64,,1.591
2025/12/02 00:00,2.48,2.25,,1.76,8.4,7.96,,7.96,216.610001,224.419998,,226.130005,6.85,,6.16,,,,1.632,,1.585,1.632,,1.585
2025/12/02 00:00,2.49,2.26,,1.76,8.4,7.96,,7.97,216.360001,224.179993,,226.130005,6.82,,6.16,,,,1.644,,1.589,1.644,,1.589
2025/12/02 00:00,2.48,2.27,,,8.39,7.96,8,,216.119995,224.179993,,,6.86,,6.13,,,,1.638,1.615,,1.638,1.615,
2025/12/02 00:00,2.52,2.27,2.06,,8.38,7.96,8,,216.610001,224.419998,,,6.81,6.32,,,,,1.647,1.614,,1.647,1.614,
2025/12/02 00:00,2.53,2.27,2.06,,8.36,7.96,8,,216.610001,223.929993,225.399994,,6.81,6.37,,,,,1.632,1.615,,1.632,1.615,
2025/12/02 00:00,2.5,2.26,2.06,,8.34,7.96,8,,216.850006,223.929993,225.639999,,6.81,6.38,,,,,1.633,1.617,,1.633,1.617,
2025/12/02 00:00,2.5,2.28,2.06,,8.34,7.96,8,,216.610001,224.179993,225.639999,,6.8,6.34,,,,,1.638,1.613,,1.638,1.613,
2025/12/02 00:00,2.5,2.28,2.06,,8.31,7.96,8,,216.850006,224.419998,225.639999,,6.8,6.33,,,,,1.641,1.618,,1.641,1.618,
2025/12/02 00:00,2.49,2.28,,,8.31,7.95,,7.97,216.610001,224.179993,,,6.85,6.36,,,,,1.627,,1.588,1.627,,1.588
2025/12/02 00:00,2.48,2.27,,1.77,8.3,7.96,,7.97,216.610001,224.179993,,226.369995,6.82,,6.2,,,,1.64,,1.591,1.64,,1.591
2025/12/02 00:00,2.51,2.25,,1.76,8.27,7.96,,7.97,216.610001,224.179993,,226.130005,6.81,,6.21,,,,1.635,,1.586,1.635,,1.586
2025/12/02 00:00,2.49,2.25,,1.77,8.27,7.96,,7.97,216.610001,223.929993,,226.369995,6.83,,6.15,,,,1.632,,1.588,1.632,,1.588
2025/12/02 00:00,2.5,2.27,,1.76,8.26,7.95,,7.97,216.360001,224.419998,,225.889999,6.82,,6.14,,,,1.638,,1.588,1.638,,1.588
2025/12/02 00:00,2.52,2.27,,1.77,8.24,7.96,,7.97,216.610001,224.419998,,226.130005,6.84,,6.14,,,,1.638,,1.586,1.638,,1.586
2025/12/02 00:00,2.51,2.26,,,8.22,7.95,8,,216.610001,224.419998,,,6.86,,6.19,,,,1.633,1.612,,1.633,1.612,
2025/12/02 00:00,2.5,2.24,2.06,,8.21,7.95,8,,216.360001,224.660004,225.639999,,6.82,6.34,,,,,1.64,1.611,,1.64,1.611,
2025/12/02 00:00,2.5,2.29,2.06,,8.19,7.96,8,,216.610001,224.179993,225.639999,,6.83,6.35,,,,,1.631,1.617,,1.631,1.617,
2025/12/02 00:00,2.48,2.32,2.05,,8.19,7.96,8,,216.850006,224.419998,226.130005,,6.78,6.35,,,,,1.639,1.611,,1.639,1.611,
2025/12/02 00:00,2.5,2.32,2.06,,8.17,7.95,8,,216.610001,224.419998,225.889999,,6.82,6.35,,,,,1.629,1.614,,1.629,1.614,
2025/12/02 00:00,2.49,2.3,2.06,,8.14,7.95,8,,216.610001,224.179993,225.889999,,6.85,6.37,,,,,1.643,1.617,,1.643,1.617,
2025/12/02 00:00,2.5,2.29,,1.76,8.13,7.95,,7.98,216.850006,224.910004,,,6.79,6.39,,,,,1.634,,1.596,1.634,,1.596
2025/12/02 00:00,2.5,2.27,,1.76,8.13,7.95,,7.97,216.610001,224.179993,,226.369995,6.84,,,,,,1.642,,1.592,1.642,,1.592
2025/12/02 00:00,2.46,2.28,,1.75,8.09,7.94,,7.98,216.850006,224.179993,,226.369995,6.82,,6.21,,,,1.635,,1.59,1.635,,1.59
2025/12/02 00:00,2.49,2.28,,1.75,8.09,7.95,,7.97,216.360001,224.179993,,226.369995,6.79,,6.22,,,,1.639,,1.59,1.639,,1.59
2025/12/02 00:00,2.45,2.28,,1.75,8.06,7.95,,7.97,216.610001,224.179993,,226.369995,6.8,,6.22,,,,1.646,,1.592,1.646,,1.592
2025/12/02 00:00,2.48,2.27,,1.75,8.05,7.95,,7.97,216.610001,224.419998,,226.369995,6.79,,6.22,,,,1.637,,1.587,1.637,,1.587
2025/12/02 00:00,2.49,2.27,,,8.04,7.95,8.01,,216.610001,224.179993,,,6.76,,6.2,,,,1.637,1.615,,1.637,1.615,
2025/12/02 00:00,2.48,2.28,2.06,,8.02,7.95,8,,216.610001,224.179993,226.130005,,6.8,6.37,,,,,1.624,1.61,,1.624,1.61,
2025/12/02 00:00,2.47,2.28,2.06,,8,7.94,8,,216.850006,224.179993,225.889999,,6.83,6.33,,,,,1.633,1.615,,1.633,1.615,
2025/12/02 00:00,2.49,2.29,2.06,,7.94,7.94,8,,216.360001,224.179993,226.130005,,6.77,6.37,,,,,1.637,1.613,,1.637,1.613,
2025/12/02 00:00,1.16,2.29,2.06,,,7.94,8,,,224.179993,226.130005,,6.77,6.35,,,,,1.639,1.611,,1.639,1.611,
2025/12/02 00:00,0.42,2.28,2.06,,,7.94,8,,,223.929993,226.369995,,6.8,6.38,,,,,1.637,1.616,,1.637,1.616,
2025/12/02 00:00,0.34,2.29,,,,7.94,,7.98,,224.179993,,,6.72,6.36,,,,,1.633,,1.59,1.633,,1.59
2025/12/02 00:00,0.32,2.29,,1.76,,7.94,,7.98,,224.179993,,226.619995,6.79,,6.25,,,,1.633,,1.585,1.633,,1.585
2025/12/02 00:00,1.12,2.28,,1.75,,7.94,,7.98,,224.179993,,226.619995,6.76,,6.22,,,,1.631,,1.59,1.631,,1.59
2025/12/02 00:00,2.32,2.26,,1.75,,7.94,,7.98,,224.419998,,226.130005,6.79,,6.23,,,,1.631,,1.586,1.631,,1.586
2025/12/02 00:00,2.74,2.26,,1.74,,7.93,,7.98,,224.179993,,226.369995,6.78,,6.2,,,,1.627,,1.592,1.627,,1.592
2025/12/02 00:00,2.61,2.24,,1.75,,7.94,,7.98,,223.929993,,227.110001,6.81,,6.24,,,,1.637,,1.588,1.637,,1.588
2025/12/02 00:00,2.59,2.24,,,,7.93,8.01,,,224.179993,,,6.78,,6.24,,,,1.632,1.609,,1.632,1.609,
2025/12/02 00:00,2.63,2.23,2.06,,,7.93,8.01,,,223.929993,225.889999,,6.8,6.36,,,,,1.627,1.616,,1.627,1.616,
2025/12/02 00:00,2.57,2.24,2.06,,8.65,7.95,8.01,,216.119995,223.690002,226.130005,,6.79,6.39,,,,,1.636,1.614,,1.636,1.614,
2025/12/02 00:00,2.56,2.21,2.06,,8.65,7.95,8,,216.360001,224.419998,226.619995,,6.79,6.35,,,,,1.632,1.614,,1.632,1.614,
2025/12/02 00:00,2.58,2.2,2.06,,8.65,7.95,8.01,,216.360001,224.179993,225.889999,,6.81,6.4,,,,,1.638,1.609,,1.638,1.609,
2025/12/02 00:00,2.58,2.24,2.06,,8.64,7.95,8.01,,216.360001,223.929993,225.889999,,6.81,6.34,,,,,1.63,1.612,,1.63,1.612,
2025/12/02 00:00,2.57,2.25,,,8.63,7.95,,7.98,216.119995,224.179993,,,6.82,6.35,,,,,1.628,,1.593,1.628,,1.593
2025/12/02 00:00,2.53,2.26,,,8.63,7.95,,7.98,216.360001,224.179993,,,6.85,,,,,,1.642,,1.594,1.642,,1.594
2025/12/02 00:00,2.55,2.29,,1.76,8.63,7.96,,7.97,216.119995,224.179993,,226.619995,6.79,,,,,,1.635,,1.591,1.635,,1.591
2025/12/02 00:00,2.56,2.29,,1.76,8.63,7.96,,7.97,216.360001,224.179993,,226.369995,6.76,,6.16,,,,1.633,,1.585,1.633,,1.585
2025/12/02 00:00,2.54,2.32,,1.76,8.62,7.96,,7.97,216.360001,224.179993,,226.369995,6.77,,6.1,,,,1.632,,1.583,1.632,,1.583
2025/12/02 00:00,2.53,2.32,,1.76,8.62,7.96,,7.98,216.119995,224.179993,,225.889999,6.78,,6.11,,,,1.63,,1.588,1.63,,1.588
2025/12/02 00:00,2.55,2.31,,,8.62,7.95,8.01,,216.360001,224.419998,,,6.79,,6.09,,,,1.634,1.613,,1.634,1.613,
2025/12/02 00:00,2.52,2.31,2.06,,8.61,7.96,8.01,,216.610001,223.929993,225.639999,,6.71,6.29,,,,,1.632,1.616,,1.632,1.616,
2025/12/02 00:00,2.53,2.28,2.06,,8.61,7.96,8,,215.869995,224.179993,225.639999,,6.77,6.33,,,,,1.631,1.612,,1.631,1.612,
2025/12/02 00:00,2.53,2.27,2.07,,8.6,7.96,8.01,,215.869995,224.419998,225.639999,,6.77,6.29,,,,,1.629,1.613,,1.629,1.613,
2025/12/02 00:00,2.54,2.25,2.06,,8.61,7.96,8.01,,215.869995,224.419998,225.639999,,6.78,6.31,,,,,1.631,1.622,,1.631,1.622,
2025/12/02 00:00,2.52,2.24,2.07,,8.59,7.96,8.01,,215.869995,223.929993,225.639999,,6.81,6.4,,,,,1.638,1.617,,1.638,1.617,
2025/12/02 00:00,2.53,2.23,,,8.59,7.97,,7.98,215.869995,224.419998,,,6.82,6.33,,,,,1.639,,1.591,1.639,,1.591
2025/12/02 00:00,2.52,2.21,,1.77,8.59,7.97,,7.98,216.360001,224.419998,,226.369995,6.8,,,,,,1.637,,1.583,1.637,,1.583
2025/12/02 00:00,2.53,2.23,,1.77,8.58,7.96,,7.98,215.630005,223.929993,,226.130005,6.81,,6.18,,,,1.643,,1.592,1.643,,1.592
2025/12/02 00:00,2.5,2.23,,1.77,8.58,7.96,,7.98,216.119995,224.179993,,226.130005,6.83,,6.13,,,,1.635,,1.587,1.635,,1.587
2025/12/02 00:00,2.5,2.22,,1.77,8.56,7.96,,7.98,216.119995,224.419998,,225.889999,6.79,,6.13,,,,1.631,,1.59,1.631,,1.59
2025/12/02 00:00,2.52,2.22,,1.77,8.56,7.97,,7.97,216.119995,224.179993,,226.369995,6.82,,6.12,,,,1.647,,1.589,1.647,,1.589
2025/12/02 00:00,2.48,2.21,,,8.55,7.96,8.01,,216.119995,224.419998,,,6.77,,6.11,,,,1.635,1.617,,1.635,1.617,
2025/12/02 00:00,2.49,2.23,2.06,,8.55,7.96,8.01,,216.119995,224.179993,225.639999,,6.84,6.38,,,,,1.637,1.614,,1.637,1.614,
2025/12/02 00:00,2.51,2.23,2.05,,8.54,7.96,8.01,,216.360001,224.179993,225.399994,,6.82,6.38,,,,,1.638,1.616,,1.638,1.616,
2025/12/02 00:00,2.5,2.23,2.06,,8.54,7.96,8.01,,216.360001,224.179993,225.399994,,6.79,6.35,,,,,1.637,1.61,,1.637,1.61,
2025/12/02 00:00,2.52,2.24,2.06,,8.53,7.97,8.01,,216.119995,224.179993,225.639999,,6.84,6.33,,,,,1.628,1.619,,1.628,1.619,
2025/12/02 00:00,2.5,2.21,2.05,,8.53,7.97,8,,216.360001,224.179993,225.399994,,6.85,6.34,,,,,1.643,1.617,,1.643,1.617,
2025/12/02 00:00,2.51,2.23,,,8.52,7.97,,,216.360001,224.179993,,,6.85,6.36,,,,,1.633,,1.594,1.633,,1.594
2025/12/02 00:00,2.53,2.24,,1.76,8.52,7.96,,7.98,216.360001,224.419998,,225.889999,6.87,,,,,,1.634,,1.589,1.634,,1.589
2025/12/02 00:00,2.52,2.23,,1.76,8.51,7.96,,7.98,216.610001,224.179993,,226.130005,6.83,,6.21,,,,1.638,,1.595,1.638,,1.595
2025/12/02 00:00,2.51,2.23,,1.76,8.5,7.97,,7.98,216.360001,224.419998,,225.889999,6.82,,6.17,,,,1.629,,1.593,1.629,,1.593
2025/12/02 00:00,2.52,2.24,,1.77,8.5,7.97,,7.98,216.360001,224.179993,,226.369995,6.83,,6.12,,,,1.64,,1.598,1.64,,1.598
2025/12/02 00:00,2.5,2.25,,1.76,8.49,7.97,,7.97,216.360001,224.179993,,225.889999,6.85,,6.18,,,,1.635,,1.588,1.635,,1.588
2025/12/02 00:00,2.51,2.26,,,8.49,7.97,8.01,,216.360001,224.179993,,,6.87,,6.15,,,,1.648,1.616,,1.648,1.616,
2025/12/02 00:00,2.51,2.24,2.06,,8.48,7.96,8,,216.360001,224.179993,225.889999,,6.82,6.35,,,,,1.633,1.608,,1.633,1.608,
2025/12/02 00:00,2.51,2.24,2.06,,8.46,7.97,8,,216.360001,224.419998,225.639999,,6.82,6.36,,,,,1.641,1.616,,1.641,1.616,
2025/12/02 00:00,2.5,2.26,2.06,,8.45,7.97,8,,216.119995,223.929993,225.639999,,6.84,6.37,,,,,1.638,1.614,,1.638,1.614,
2025/12/02 00:00,2.52,2.3,2.06,,8.45,7.97,8,,216.119995,224.179993,225.639999,,6.79,6.34,,,,,1.643,1.615,,1.643,1.615,
2025/12/02 00:00,2.48,2.31,2.06,,8.44,7.96,8,,216.360001,224.179993,226.130005,,6.78,6.36,,,,,1.648,1.611,,1.648,1.611,
2025/12/02 00:00,2.51,2.3,,,8.43,7.96,,,216.119995,224.419998,,,6.79,,,,,,1.636,,1.588,1.636,,1.588
2025/12/02 00:00,2.52,2.28,,1.76,8.42,7.96,,7.98,216.119995,224.419998,,226.860001,6.8,,,,,,1.634,,1.592,1.634,,1.592
2025/12/02 00:00,2.51,2.28,,1.75,8.41,7.97,,7.98,216.119995,224.179993,,226.369995,6.78,,6.18,,,,1.64,,1.593,1.64,,1.593
2025/12/02 00:00,2.5,2.24,,1.76,8.4,7.97,,7.98,216.119995,224.179993,,226.860001,6.82,,6.28,,,,1.638,,1.587,1.638,,1.587
2025/12/02 00:00,2.51,2.22,,1.75,8.4,7.97,,7.98,216.119995,224.179993,,226.369995,6.83,,6.21,,,,1.63,,1.591,1.63,,1.591
2025/12/02 00:00,2.47,2.23,,1.75,8.38,7.96,,7.98,216.119995,223.929993,,227.350006,6.83,,6.18,,,,1.634,,1.588,1.634,,1.588
2025/12/02 00:00,2.5,2.23,,,8.36,7.97,8.01,,216.119995,224.419998,,,6.81,,6.22,,,,1.646,1.613,,1.646,1.613,
2025/12/02 00:00,2.51,2.23,2.05,,8.35,7.97,8.01,,216.119995,224.179993,226.130005,,6.78,6.4,,,,,1.63,1.61,,1.63,1.61,
2025/12/02 00:00,2.51,2.21,2.05,,8.33,7.96,8.01,,216.119995,224.419998,225.889999,,6.79,6.39,,,,,1.631,1.61,,1.631,1.61,
2025/12/02 00:00,2.51,2.22,2.05,,8.34,7.96,8.01,,216.360001,224.179993,226.619995,,6.81,6.35,,,,,1.638,1.614,,1.638,1.614,
2025/12/02 00:00,2.5,2.23,2.05,,8.3,7.96,8.01,,216.119995,224.419998,225.889999,,6.83,6.38,,,,,1.641,1.611,,1.641,1.611,
2025/12/02 00:00,2.5,2.23,2.06,,8.3,7.96,8.01,,216.119995,224.179993,226.369995,,6.78,6.38,,,,,1.633,1.612,,1.633,1.612,
2025/12/02 00:00,2.5,2.24,,1.76,8.3,7.96,,,216.360001,224.179993,,,6.8,6.38,,,,,1.644,,1.588,1.644,,1.588
2025/12/02 00:00,2.52,2.22,,1.76,8.28,7.96,,7.98,216.119995,224.179993,,226.860001,6.82,,,,,,1.632,,1.588,1.632,,1.588
2025/12/02 00:00,2.52,2.24,,1.75,8.27,7.96,,7.98,216.119995,224.179993,,226.860001,6.86,,6.21,,,,1.633,,1.587,1.633,,1.587
2025/12/02 00:00,2.5,2.25,,1.75,8.25,7.97,,7.98,216.360001,224.179993,,226.130005,6.81,,6.21,,,,1.633,,1.581,1.633,,1.581
2025/12/02 00:00,2.5,2.24,,1.74,8.24,7.96,,7.98,216.360001,224.179993,,226.369995,6.8,,6.17,,,,1.64,,1.592,1.64,,1.592
2025/12/02 00:00,2.48,2.25,,1.75,8.22,7.96,,7.99,216.119995,224.179993,,226.619995,6.78,,6.22,,,,1.629,,1.585,1.629,,1.585
2025/12/02 00:00,2.51,2.23,,,8.2,7.97,8.01,,216.360001,224.179993,,,6.81,,6.18,,,,1.632,1.614,,1.632,1.614,
2025/12/02 00:00,2.48,2.24,2.05,,8.19,7.96,8,,216.360001,224.179993,,,6.78,6.42,,,,,1.632,1.61,,1.632,1.61,
2025/12/02 00:00,2.48,2.24,2.05,,8.17,7.96,8,,215.869995,224.419998,225.889999,,6.84,6.37,,,,,1.638,1.611,,1.638,1.611,
2025/12/02 00:00,2.5,2.25,2.05,,8.15,7.96,8.01,,216.610001,224.660004,226.130005,,6.8,6.39,,,,,1.644,1.607,,1.644,1.607,
2025/12/02 00:00,2.48,2.26,2.05,,8.14,7.96,8,,216.119995,224.179993,226.619995,,6.8,6.36,,,,,1.634,1.611,,1.634,1.611,
2025/12/02 00:00,2.49,2.24,2.05,,8.12,7.96,8,,216.360001,224.660004,226.130005,,6.8,6.36,,,,,1.636,1.611,,1.636,1.611,
2025/12/02 00:00,2.45,2.25,,1.77,8.11,7.96,,,216.360001,224.419998,,,6.8,6.36,,,,,1.637,,1.59,1.637,,1.59
2025/12/02 00:00,2.45,2.26,,1.75,8.09,7.95,,7.98,216.119995,224.179993,,,6.79,,,,,,1.644,,1.584,1.644,,1.584
2025/12/02 00:00,2.48,2.25,,1.77,8.06,7.95,,7.98,216.610001,224.179993,,226.619995,6.75,,6.23,,,,1.641,,1.585,1.641,,1.585
2025/12/02 00:00,2.49,2.29,,1.77,8.05,7.96,,7.98,216.360001,224.419998,,226.860001,6.78,,6.15,,,,1.642,,1.585,1.642,,1.585
2025/12/02 00:00,2.48,2.28,,1.76,8.04,7.95,,7.98,216.119995,223.929993,,226.369995,6.76,,6.18,,,,1.639,,1.584,1.639,,1.584
2025/12/02 00:00,2.49,2.28,,1.76,8.02,7.95,,7.98,215.869995,224.179993,,226.369995,6.77,,6.13,,,,1.645,,1.587,1.645,,1.587
2025/12/02 00:00,2.49,2.27,,,8.01,7.94,8.01,,216.119995,224.179993,,,6.75,,6.14,,,,1.638,1.616,,1.638,1.616,
2025/12/02 00:00,2.47,2.26,2.06,,8,7.94,8.01,,216.119995,224.419998,225.639999,,6.81,6.33,,,,,1.636,1.615,,1.636,1.615,
2025/12/02 00:00,2.49,2.25,2.06,,,7.94,8.01,,,224.419998,225.889999,,6.79,6.33,,,,,1.634,1.615,,1.634,1.615,
2025/12/02 00:00,1.1,2.23,2.06,,,7.94,8.01,,,224.179993,225.639999,,6.78,6.37,,,,,1.634,1.609,,1.634,1.609,
2025/12/02 00:00,0.41,2.22,2.06,,,7.95,8.01,,,224.179993,225.399994,,6.75,6.32,,,,,1.629,1.615,,1.629,1.615,
2025/12/02 00:00,0.34,2.22,2.05,,,7.94,8,,,224.179993,225.639999,,6.78,6.33,,,,,1.643,1.612,,1.643,1.612,
2025/12/02 00:00,0.31,2.22,,,,7.94,,,,223.929993,,,6.78,6.34,,,,,1.638,,1.593,1.638,,1.593
2025/12/02 00:00,1.18,2.22,,1.76,,7.94,,7.98,,224.179993,,226.369995,6.81,,,,,,1.641,,1.587,1.641,,1.587
2025/12/02 00:00,2.42,2.22,,1.76,,7.94,,7.98,,223.929993,,226.369995,6.8,,6.19,,,,1.638,,1.589,1.638,,1.589
2025/12/02 00:00,2.74,2.22,,1.76,,7.94,,7.98,,223.929993,,226.369995,6.79,,6.17,,,,1.635,,1.588,1.635,,1.588
2025/12/02 00:00,2.59,2.22,,1.76,,7.94,,7.98,,224.179993,,226.619995,6.79,,6.16,,,,1.627,,1.586,1.627,,1.586
2025/12/02 00:00,2.58,2.22,,1.76,,7.94,,7.98,,224.179993,,226.619995,6.8,,6.15,,,,1.638,,1.588,1.638,,1.588
2025/12/02 00:00,2.62,2.22,,,8.67,7.94,8.01,,216.360001,224.419998,,,6.76,,6.13,,,,1.639,1.617,,1.639,1.617,
2025/12/02 00:00,2.59,2.24,2.05,,8.67,7.96,8,,216.360001,223.690002,,,6.78,6.39,,,,,1.634,1.615,,1.634,1.615,
2025/12/02 00:00,2.56,2.2,2.05,,8.66,7.96,8,,216.119995,224.179993,225.399994,,6.76,6.38,,,,,1.637,1.605,,1.637,1.605,
2025/12/02 00:00,2.58,2.2,2.05,,8.66,7.95,8,,216.360001,224.419998,225.639999,,6.81,6.37,,,,,1.64,1.617,,1.64,1.617,
2025/12/02 00:00,2.59,2.23,2.05,,8.65,7.95,8,,216.360001,224.419998,225.399994,,6.81,6.32,,,,,1.648,1.612,,1.648,1.612,
2025/12/02 00:00,2.56,2.25,2.05,,8.66,7.95,8,,216.360001,224.179993,225.149994,,6.81,6.33,,,,,1.647,1.612,,1.647,1.612,
2025/12/02 00:00,2.52,2.25,,,8.65,7.96,,7.98,216.119995,224.419998,,,6.83,6.31,,,,,1.632,,1.59,1.632,,1.59
2025/12/02 00:00,2.54,2.25,,1.77,8.65,7.96,,7.98,215.869995,224.419998,,226.619995,6.83,,,,,,1.637,,1.591,1.637,,1.591
2025/12/02 00:00,2.53,2.24,,1.76,8.65,7.96,,7.98,215.630005,224.179993,,226.369995,6.77,,6.2,,,,1.633,,1.59,1.633,,1.59
2025/12/02 00:00,2.57,2.25,,1.76,8.65,7.96,,7.97,215.630005,224.419998,,226.369995,6.8,,6.14,,,,1.634,,1.588,1.634,,1.588
2025/12/02 00:00,2.56,2.26,,1.76,8.64,7.95,,7.98,215.630005,224.179993,,226.369995,6.8,,6.14,,,,1.641,,1.589,1.641,,1.589
2025/12/02 00:00,2.53,2.26,,1.76,8.63,7.95,,7.98,215.630005,224.179993,,226.369995,6.78,,6.16,,,,1.636,,1.586,1.636,,1.586
2025/12/02 00:00,2.54,2.27,,,8.64,7.96,8.01,,215.869995,224.419998,,,6.79,,6.17,,,,1.634,1.617,,1.634,1.617,
2025/12/02 00:00,2.51,2.23,2.05,,8.63,7.95,8,,216.119995,224.419998,225.639999,,6.78,6.32,,,,,1.637,1.617,,1.637,1.617,
2025/12/02 00:00,2.51,2.25,2.05,,8.63,7.95,8,,215.630005,224.179993,225.639999,,6.8,6.36,,,,,1.633,1.611,,1.633,1.611,
2025/12/02 00:00,2.5,2.26,2.05,,8.63,7.96,8,,215.869995,224.179993,225.399994,,6.84,6.37,,,,,1.629,1.613,,1.629,1.613,
2025/12/02 00:00,2.47,2.3,2.05,,8.62,7.95,8,,215.869995,224.419998,225.889999,,6.77,6.31,,,,,1.641,1.611,,1.641,1.611,
2025/12/02 00:00,2.47,2.31,2.05,,8.61,7.96,8,,215.630005,224.179993,225.639999,,6.8,6.32,,,,,1.639,1.613,,1.639,1.613,
2025/12/02 00:00,2.49,2.28,,1.76,8.61,7.96,,,215.630005,224.179993,,,6.75,6.35,,,,,1.633,,1.594,1.633,,1.594
2025/12/03 00:00,2.49,2.28,,1.76,8.59,7.96,,7.98,215.869995,224.179993,,226.860001,6.8,,,,,,1.639,,1.59,1.639,,1.59
2025/12/03 00:00,2.49,2.27,,1.76,8.59,7.95,,7.98,215.869995,224.179993,,226.860001,6.77,,6.19,,,,1.637,,1.59,1.637,,1.59
2025/12/03 00:00,2.49,2.26,,1.75,8.58,7.96,,7.98,215.630005,223.929993,,226.619995,6.78,,6.2,,,,1.639,,1.591,1.639,,1.591
2025/12/03 00:00,2.5,2.26,,1.75,8.58,7.97,,7.98,215.869995,224.179993,,226.860001,6.82,,6.23,,,,1.635,,1.589,1.635,,1.589
2025/12/03 00:00,2.51,2.24,,1.75,8.58,7.96,,7.98,215.869995,224.179993,,226.619995,6.78,,6.21,,,,1.644,,1.585,1.644,,1.585
2025/12/03 00:00,2.46,2.25,,,8.57,7.97,8,,215.869995,224.419998,,,6.76,,6.21,,,,1.643,1.621,,1.643,1.621,
2025/12/03 00:00,2.5,2.26,2.05,,8.57,7.96,8,,215.869995,224.419998,,,6.8,6.37,,,,,1.642,1.615,,1.642,1.615,
2025/12/03 00:00,2.49,2.25,2.05,,8.56,7.97,8,,216.119995,224.179993,225.889999,,6.8,6.35,,,,,1.641,1.614,,1.641,1.614,
2025/12/03 00:00,2.51,2.25,2.05,,8.56,7.96,8,,215.869995,224.179993,225.889999,,6.83,6.33,,,,,1.637,1.608,,1.637,1.608,
2025/12/03 00:00,2.48,2.25,2.05,,8.55,7.96,8,,215.869995,224.179993,226.130005,,6.83,6.35,,,,,1.63,1.612,,1.63,1.612,
2025/12/03 00:00,2.51,2.26,2.05,,8.55,7.97,8,,215.869995,224.179993,225.889999,,6.74,6.3,,,,,1.626,1.617,,1.626,1.617,
2025/12/03 00:00,2.51,2.27,,,8.54,7.97,,7.98,215.869995,224.179993,,,6.8,6.33,,,,,1.634,,1.592,1.634,,1.592
2025/12/03 00:00,2.46,2.27,,1.76,8.54,7.96,,7.97,215.869995,224.419998,,226.860001,6.79,,,,,,1.643,,1.594,1.643,,1.594
2025/12/03 00:00,2.48,2.27,,1.75,8.53,7.97,,7.97,215.630005,224.179993,,226.860001,6.73,,6.16,,,,1.639,,1.587,1.639,,1.587
2025/12/03 00:00,2.47,2.26,,1.75,8.52,7.96,,7.97,215.869995,224.179993,,226.369995,6.78,,6.15,,,,1.628,,1.588,1.628,,1.588
2025/12/03 00:00,2.48,2.27,,1.75,8.52,7.96,,7.98,215.869995,223.929993,,226.619995,6.75,,6.21,,,,1.634,,1.586,1.634,,1.586
2025/12/03 00:00,2.48,2.26,,1.75,8.51,7.97,,7.98,216.119995,224.179993,,226.619995,6.77,,6.21,,,,1.631,,1.593,1.631,,1.593
2025/12/03 00:00,2.5,2.25,,,8.51,7.97,8,,215.869995,224.419998,,,6.76,,6.21,,,,1.636,1.613,,1.636,1.613,
2025/12/03 00:00,2.47,2.24,2.05,,8.5,7.97,8,,215.869995,224.179993,226.369995,,6.76,6.36,,,,,1.64,1.613,,1.64,1.613,
2025/12/03 00:00,2.48,2.22,2.05,,8.49,7.96,8,,215.869995,224.179993,226.369995,,6.79,6.36,,,,,1.623,1.612,,1.623,1.612,
2025/12/03 00:00,2.51,2.24,2.05,,8.48,7.96,8,,216.360001,224.179993,226.369995,,6.81,6.32,,,,,1.639,1.614,,1.639,1.614,
2025/12/03 00:00,2.5,2.24,2.05,,8.47,7.96,8,,215.630005,224.179993,226.369995,,6.8,6.37,,,,,1.632,1.616,,1.632,1.616,
2025/12/03 00:00,2.5,2.24,2.05,,8.47,7.96,8,,215.869995,223.929993,226.130005,,6.76,6.39,,,,,1.631,1.621,,1.631,1.621,
2025/12/03 00:00,2.49,2.25,,1.76,8.45,7.96,,,215.869995,223.929993,,,6.81,6.36,,,,,1.641,,1.593,1.641,,1.593
2025/12/03 00:00,2.5,2.22,,1.76,8.44,7.96,,7.98,215.869995,224.179993,,,6.81,,,,,,1.64,,1.593,1.64,,1.593
2025/12/03 00:00,2.49,2.24,,1.76,8.44,7.96,,7.97,216.360001,224.419998,,227.589996,6.81,,,,,,1.647,,1.59,1.647,,1.59
2025/12/03 00:00,2.49,2.25,,1.76,8.43,7.96,,7.97,215.869995,224.179993,,226.619995,6.77,,6.19,,,,1.64,,1.59,1.64,,1.59
2025/12/03 00:00,2.48,2.28,,1.76,8.42,7.96,,7.97,215.869995,224.179993,,226.619995,6.77,,6.11,,,,1.635,,1.589,1.635,,1.589
2025/12/03 00:00,2.5,2.29,,1.77,8.4,7.96,,7.97,215.869995,223.929993,,227.350006,6.75,,6.11,,,,1.639,,1.588,1.639,,1.588
2025/12/03 00:00,2.49,2.28,,,8.4,7.96,8,,215.869995,224.179993,,,6.72,,6.09,,,,1.648,1.615,,1.648,1.615,
2025/12/03 00:00,2.5,2.27,2.06,,8.4,7.96,7.99,,215.630005,224.419998,226.619995,,6.75,,,,,,1.639,1.611,,1.639,1.611,
2025/12/03 00:00,2.5,2.28,2.06,,8.38,7.96,8,,215.630005,224.179993,226.369995,,6.76,6.32,,,,,1.635,1.611,,1.635,1.611,
2025/12/03 00:00,2.49,2.27,2.06,,8.37,7.96,8,,215.869995,224.179993,226.860001,,6.79,6.34,,,,,1.64,1.62,,1.64,1.62,
2025/12/03 00:00,2.5,2.25,2.07,,8.36,7.96,8,,215.869995,224.179993,226.860001,,6.77,6.3,,,,,1.63,1.612,,1.63,1.612,
2025/12/03 00:00,2.48,2.24,2.06,,8.34,7.96,8,,215.630005,224.179993,226.860001,,6.79,6.32,,,,,1.632,1.612,,1.632,1.612,
2025/12/03 00:00,2.49,2.21,,,8.34,7.96,,,215.869995,224.179993,,,6.79,6.34,,,,,1.628,,1.595,1.628,,1.595
2025/12/03 00:00,2.47,2.22,,1.77,8.32,7.96,,7.97,215.869995,224.179993,,,6.79,,,,,,1.637,,1.59,1.637,,1.59
2025/12/03 00:00,2.52,2.22,,1.76,8.31,7.96,,7.96,215.630005,224.179993,,227.839996,6.8,,6.14,,,,1.631,,1.589,1.631,,1.589
2025/12/03 00:00,2.47,2.22,,1.77,8.3,7.95,,7.97,215.630005,224.179993,,227.589996,6.79,,6.14,,,,1.645,,1.593,1.645,,1.593
2025/12/03 00:00,2.49,2.22,,1.78,8.27,7.96,,7.97,216.360001,223.440002,,227.839996,6.8,,6.13,,,,1.631,,1.588,1.631,,1.588
2025/12/03 00:00,2.48,2.21,,1.77,8.25,7.95,,7.97,215.630005,224.179993,,227.839996,6.81,,6.13,,,,1.637,,1.589,1.637,,1.589
2025/12/03 00:00,2.5,2.23,,,8.25,7.95,8,,215.869995,224.419998,227.110001,,6.79,,6.11,,,,1.63,1.619,,1.63,1.619,
2025/12/03 00:00,2.49,2.25,2.04,,8.22,7.95,7.99,,215.869995,224.179993,227.110001,,6.79,6.34,,,,,1.635,1.612,,1.635,1.612,
2025/12/03 00:00,2.5,2.24,2.07,,8.2,7.95,8,,216.360001,224.179993,227.589996,,6.81,6.28,,,,,1.629,1.609,,1.629,1.609,
2025/12/03 00:00,2.48,2.25,2.06,,8.19,7.95,8,,216.119995,223.929993,227.110001,,6.77,6.33,,,,,1.646,1.611,,1.646,1.611,
2025/12/03 00:00,2.47,2.26,2.05,,8.17,7.95,7.99,,216.119995,224.179993,227.110001,,6.81,6.3,,,,,1.637,1.611,,1.637,1.611,
2025/12/03 00:00,2.45,2.23,2.06,,8.15,7.94,8,,216.360001,224.419998,227.110001,,6.8,6.33,,,,,1.629,1.613,,1.629,1.613,
2025/12/03 00:00,2.47,2.24,,,8.14,7.94,,,216.360001,224.179993,,228.570007,6.77,6.31,,,,,1.638,,1.589,1.638,,1.589
2025/12/03 00:00,2.51,2.26,,,8.12,7.95,,7.97,216.360001,224.179993,,228.080002,6.81,,,,,,1.633,,1.594,1.633,,1.594
2025/12/03 00:00,2.51,2.25,,1.75,8.11,7.94,,7.97,216.360001,223.929993,,228.080002,6.8,,6.14,,,,1.64,,1.593,1.64,,1.593
2025/12/03 00:00,2.48,2.26,,1.75,8.08,7.94,,7.97,216.119995,223.929993,,228.330002,6.78,,6.15,,,,1.618,,1.583,1.618,,1.583
2025/12/03 00:00,2.49,2.23,,1.75,8.06,7.94,,7.96,215.869995,224.179993,,228.080002,6.8,,6.13,,,,1.627,,1.59,1.627,,1.59
2025/12/03 00:00,2.51,2.25,,1.76,8.04,7.94,,7.97,216.360001,224.179993,,228.330002,6.79,,6.13,,,,1.628,,1.589,1.628,,1.589
2025/12/03 00:00,2.49,2.26,,,8.03,7.94,8,,216.119995,224.179993,,,6.73,,6.1,,,,1.645,1.617,,1.645,1.617,
2025/12/03 00:00,2.48,2.26,2.06,,8.01,7.94,7.99,,216.119995,224.419998,227.110001,,6.77,6.28,,,,,1.624,1.614,,1.624,1.614,
2025/12/03 00:00,2.49,2.26,2.06,,7.99,7.94,7.99,,216.119995,224.179993,227.350006,,6.8,6.31,,,,,1.638,1.612,,1.638,1.612,
2025/12/03 00:00,2.45,2.25,2.06,,7.97,7.94,7.99,,216.360001,223.929993,226.860001,,6.79,6.34,,,,,1.629,1.611,,1.629,1.611,
2025/12/03 00:00,2.46,2.26,2.06,,7.95,7.93,7.99,,216.119995,224.179993,227.110001,,6.73,6.27,,,,,1.628,1.613,,1.628,1.613,
2025/12/03 00:00,2.45,2.3,2.05,,7.94,7.94,7.99,,216.360001,224.419998,227.350006,,6.73,6.28,,,,,1.639,1.61,,1.639,1.61,
2025/12/03 00:00,2.42,2.3,,1.75,7.93,7.93,,,216.360001,224.179993,,228.080002,6.75,6.28,,,,,1.635,,1.593,1.635,,1.593
2025/12/03 00:00,2.46,2.29,,1.75,,7.93,,7.97,,224.179993,,228.820007,6.74,,,,,,1.628,,1.588,1.628,,1.588
2025/12/03 00:00,0.76,2.27,,1.74,,7.92,,7.96,,224.419998,,228.820007,6.74,,6.17,,,,1.636,,1.596,1.636,,1.596
2025/12/03 00:00,0.37,2.26,,1.74,,7.93,,7.97,,224.179993,,228.820007,6.76,,6.19,,,,1.643,,1.589,1.643,,1.589
2025/12/03 00:00,0.33,2.25,,1.74,,7.93,,7.96,,224.179993,,229.300003,6.77,,6.18,,,,1.633,,1.587,1.633,,1.587
2025/12/03 00:00,0.34,2.24,,1.74,,7.93,,7.97,,224.179993,,229.300003,6.74,,6.16,,,,1.627,,1.587,1.627,,1.587
2025/12/03 00:00,1.44,2.24,,,,7.93,7.99,,,224.179993,,,6.74,,6.15,,,,1.622,1.616,,1.622,1.616,
2025/12/03 00:00,2.67,2.24,2.04,,,7.92,7.99,,,224.179993,228.570007,,6.78,,,,,,1.639,1.618,,1.639,1.618,
2025/12/03 00:00,2.72,2.24,2.05,,,7.93,7.99,,,223.929993,228.570007,,6.77,6.34,,,,,1.633,1.617,,1.633,1.617,
2025/12/03 00:00,2.58,2.25,2.05,,,7.92,7.98,,,224.179993,228.820007,,6.75,6.32,,,,,1.633,1.611,,1.633,1.611,
2025/12/03 00:00,2.63,2.24,2.06,,8.68,7.92,7.99,,216.360001,223.929993,228.330002,,6.74,6.36,,,,,1.631,1.613,,1.631,1.613,
2025/12/03 00:00,2.63,2.25,2.05,,8.67,7.92,7.98,,216.119995,223.929993,228.570007,,6.72,6.35,,,,,1.645,1.616,,1.645,1.616,
2025/12/03 00:00,2.59,2.28,,1.74,8.66,7.95,7.99,,216.360001,223.690002,,,6.7,6.34,,,,,1.622,,1.595,1.622,,1.595
2025/12/03 00:00,2.6,2.2,,1.76,8.66,7.95,,,216.360001,224.179993,,229.550003,6.75,,,,,,1.62,,1.588,1.62,,1.588
2025/12/03 00:00,2.6,2.21,,1.75,8.66,7.94,,7.96,216.119995,223.929993,,229.550003,6.76,,6.23,,,,1.627,,1.592,1.627,,1.592
2025/12/03 00:00,2.58,2.25,,1.75,8.65,7.94,,7.96,216.119995,224.179993,,229.059998,6.74,,6.18,,,,1.643,,1.589,1.643,,1.589
2025/12/03 00:00,2.58,2.27,,1.75,8.65,7.95,,7.96,215.630005,224.179993,,229.059998,6.75,,6.18,,,,1.635,,1.588,1.635,,1.588
2025/12/03 00:00,2.55,2.26,,1.76,8.64,7.95,,7.96,216.360001,223.690002,,228.820007,6.78,,6.12,,,,1.631,,1.584,1.631,,1.584
2025/12/03 00:00,2.53,2.23,,,8.64,7.95,7.99,,216.119995,224.419998,228.570007,,6.73,,6.2,,,,1.637,1.61,,1.637,1.61,
2025/12/03 00:00,2.54,2.23,2.04,,8.63,7.95,7.99,,215.869995,224.179993,228.820007,,6.73,6.3,,,,,1.634,1.613,,1.634,1.613,
2025/12/03 00:00,2.52,2.24,2.04,,8.62,7.95,7.99,,216.119995,223.929993,229.059998,,6.76,6.31,,,,,1.63,1.615,,1.63,1.615,
2025/12/03 00:00,2.53,2.25,2.04,,8.62,7.94,7.99,,215.869995,224.179993,228.820007,,6.74,6.35,,,,,1.633,1.611,,1.633,1.611,
2025/12/03 00:00,2.54,2.24,2.04,,8.62,7.94,7.98,,215.869995,224.179993,228.330002,,6.78,6.34,,,,,1.63,1.609,,1.63,1.609,
2025/12/03 00:00,2.51,2.25,2.05,,8.61,7.95,7.99,,215.630005,224.179993,228.330002,,6.73,6.34,,,,,1.63,1.61,,1.63,1.61,
2025/12/03 00:00,2.5,2.23,,1.73,8.6,7.95,7.99,,215.630005,224.179993,,,6.75,6.36,,,,,1.639,,1.596,1.639,,1.596
2025/12/03 00:00,2.5,2.24,,1.75,8.59,7.95,,7.96,215.869995,224.179993,,229.789993,6.73,,,,,,1.638,,1.589,1.638,,1.589
2025/12/03 00:00,2.52,2.25,,1.74,8.59,7.95,,7.96,215.869995,223.929993,,229.300003,6.75,,6.14,,,,1.623,,1.587,1.623,,1.587
2025/12/03 00:00,2.53,2.25,,1.75,8.59,7.95,,7.96,216.360001,224.419998,,229.789993,6.74,,6.16,,,,1.628,,1.587,1.628,,1.587
2025/12/03 00:00,2.52,2.27,,1.75,8.58,7.95,,7.96,215.869995,223.929993,,229.550003,6.7,,6.13,,,,1.645,,1.585,1.645,,1.585
2025/12/03 00:00,2.5,2.27,,1.75,8.58,7.95,,7.96,216.119995,224.419998,,229.300003,6.7,,6.1,,,,1.643,,1.586,1.643,,1.586
2025/12/03 00:00,2.54,2.28,,,8.57,7.95,7.99,,216.119995,224.179993,,,6.71,,6.07,,,,1.633,1.61,,1.633,1.61,
2025/12/03 00:00,2.51,2.29,2.05,,8.57,7.95,7.99,,215.869995,224.179993,227.839996,,6.72,,,,,,1.638,1.609,,1.638,1.609,
2025/12/03 00:00,2.53,2.28,2.05,,8.56,7.94,7.98,,215.869995,224.179993,227.350006,,6.77,6.28,,,,,1.641,1.61,,1.641,1.61,
2025/12/03 00:00,2.49,2.27,2.04,,8.55,7.96,7.98,,215.869995,223.690002,227.589996,,6.74,6.28,,,,,1.638,1.612,,1.638,1.612,
2025/12/03 00:00,2.52,2.24,2.03,,8.54,7.95,7.98,,216.119995,224.179993,227.110001,,6.73,6.27,,,,,1.638,1.611,,1.638,1.611,
2025/12/03 00:00,2.53,2.22,2.03,,8.54,7.95,,,215.630005,223.690002,227.350006,,6.73,6.3,,,,,1.639,1.608,,1.639,1.608,
2025/12/03 00:00,2.51,2.22,,,8.53,7.95,,,215.869995,223.929993,,,6.73,6.3,,,,,1.625,,1.593,1.625,,1.593
2025/12/03 00:00,2.53,2.21,,1.77,8.52,7.95,,7.95,215.869995,223.690002,,228.570007,6.76,,,,,,1.642,,1.59,1.642,,1.59
2025/12/03 00:00,2.52,2.21,,1.76,8.52,7.96,,7.95,215.869995,223.690002,,228.080002,6.76,,6.18,,,,1.638,,1.59,1.638,,1.59
2025/12/03 00:00,2.53,2.2,,1.77,8.52,7.95,,7.96,215.869995,224.179993,,228.330002,6.73,,6.12,,,,1.642,,1.589,1.642,,1.589
2025/12/03 00:00,2.5,2.2,,1.76,8.51,7.94,,7.96,216.119995,224.419998,,228.330002,6.74,,6.11,,,,1.627,,1.589,1.627,,1.589
2025/12/03 00:00,2.51,2.21,,1.76,8.5,7.95,,7.95,215.869995,224.179993,,228.330002,6.74,,6.09,,,,1.631,,1.587,1.631,,1.587
2025/12/03 00:00,2.5,2.23,,,8.5,7.95,7.99,,215.869995,223.929993,,,6.74,,6.12,,,,1.62,1.62,,1.62,1.62,
2025/12/03 00:00,2.51,2.23,2.05,,8.49,7.95,7.98,,215.630005,223.929993,227.589996,,6.79,6.29,,,,,1.638,1.61,,1.638,1.61,
2025/12/03 00:00,2.53,2.24,2.04,,8.48,7.95,7.98,,215.630005,224.179993,227.110001,,6.7,6.31,,,,,1.641,1.612,,1.641,1.612,
2025/12/03 00:00,2.52,2.22,2.03,,8.47,7.95,7.98,,215.630005,224.419998,226.860001,,6.8,6.24,,,,,1.631,1.613,,1.631,1.613,
2025/12/03 00:00,2.54,2.24,2.03,,8.46,7.95,7.98,,215.869995,224.179993,227.350006,,6.75,6.27,,,,,1.63,1.611,,1.63,1.611,
2025/12/03 00:00,2.5,2.24,2.03,,8.44,7.95,7.98,,215.869995,224.179993,227.110001,,6.78,6.27,,,,,1.629,1.612,,1.629,1.612,
2025/12/03 00:00,2.53,2.23,,1.77,8.44,7.94,,,215.869995,224.179993,,,6.76,6.31,,,,,1.633,,1.594,1.633,,1.594
2025/12/03 00:00,2.52,2.24,,1.76,8.42,7.95,,7.95,216.119995,224.179993,,228.570007,6.78,,6.21,,,,1.627,,1.587,1.627,,1.587
2025/12/03 00:00,2.5,2.21,,1.75,8.41,7.95,,7.95,215.869995,224.179993,,228.570007,6.79,,6.16,,,,1.627,,1.594,1.627,,1.594
2025/12/03 00:00,2.52,2.24,,1.75,8.41,7.95,,7.95,215.630005,224.179993,,227.839996,6.73,,6.15,,,,1.623,,1.588,1.623,,1.588
2025/12/03 00:00,2.54,2.25,,1.75,8.39,7.95,,7.95,215.869995,224.179993,,228.570007,6.74,,6.09,,,,1.632,,1.589,1.632,,1.589
2025/12/03 00:00,2.55,2.25,,1.75,8.38,7.95,,7.95,215.630005,224.179993,,227.839996,6.69,,6.09,,,,1.631,,1.585,1.631,,1.585
2025/12/03 00:00,2.52,2.26,,,8.35,7.95,7.99,,216.119995,223.929993,,,6.74,,6.11,,,,1.633,1.612,,1.633,1.612,
2025/12/03 00:00,2.53,2.23,2.03,,8.35,7.95,7.98,,215.869995,224.179993,227.589996,,6.76,6.23,,,,,1.635,1.613,,1.635,1.613,
2025/12/03 00:00,2.54,2.24,2.03,,8.33,7.95,7.97,,215.869995,223.929993,227.110001,,6.8,6.27,,,,,1.622,1.612,,1.622,1.612,
2025/12/03 00:00,2.54,2.25,2.03,,8.32,7.95,7.98,,215.630005,223.929993,226.860001,,6.76,6.27,,,,,1.628,1.61,,1.628,1.61,
2025/12/03 00:00,2.53,2.25,2.04,,8.31,7.94,7.97,,216.360001,224.179993,226.860001,,6.77,6.25,,,,,1.634,1.613,,1.634,1.613,
2025/12/03 00:00,2.53,2.27,2.04,,8.3,7.94,7.97,,215.869995,224.179993,226.860001,,6.78,6.28,,,,,1.634,1.615,,1.634,1.615,
2025/12/03 00:00,2.52,2.28,,,8.29,7.94,7.97,,216.119995,224.179993,,,6.72,6.26,,,,,1.624,,1.594,1.624,,1.594
2025/12/03 00:00,2.52,2.29,,1.75,8.28,7.94,,7.95,215.869995,223.929993,,228.820007,6.7,,6.23,,,,1.629,,1.593,1.629,,1.593
2025/12/03 00:00,2.53,2.27,,1.74,8.26,7.94,,7.94,215.869995,224.179993,,228.570007,6.72,,6.15,,,,1.63,,1.595,1.63,,1.595
2025/12/03 00:00,2.52,2.25,,1.74,8.26,7.95,,7.94,216.119995,224.179993,,228.820007,6.76,,6.16,,,,1.634,,1.588,1.634,,1.588
2025/12/03 00:00,2.5,2.25,,1.74,8.23,7.94,,7.95,215.869995,224.179993,,228.570007,6.74,,6.15,,,,1.621,,1.592,1.621,,1.592
2025/12/03 00:00,2.51,2.23,,1.74,8.21,7.94,,7.95,215.869995,224.179993,,229.059998,6.72,,6.14,,,,1.632,,1.591,1.632,,1.591
2025/12/03 00:00,2.51,2.24,,,8.18,7.95,7.98,,215.630005,224.179993,,,6.7,,6.18,,,,1.632,1.615,,1.632,1.615,
2025/12/03 00:00,2.51,2.26,2.04,,8.17,7.94,7.96,,215.630005,224.179993,228.080002,,6.71,6.24,,,,,1.64,1.613,,1.64,1.613,
2025/12/03 00:00,2.58,2.26,2.04,,8.14,7.94,7.95,,215.869995,224.179993,228.330002,,6.7,6.29,,,,,1.632,1.609,,1.632,1.609,
2025/12/03 00:00,2.58,2.27,2.05,,8.07,7.94,7.94,,216.119995,224.179993,228.330002,,6.66,6.28,,,,,1.637,1.611,,1.637,1.611,
2025/12/03 00:00,2.51,2.26,2.05,,8.05,7.93,7.92,,216.119995,224.179993,228.570007,,6.68,6.24,,,,,1.629,1.615,,1.629,1.615,
2025/12/03 00:00,2.6,2.27,2.05,,8,7.92,7.91,,215.630005,224.179993,227.350006,,6.74,6.25,,,,,1.625,1.617,,1.625,1.617,
2025/12/03 00:00,2.43,2.28,,,7.97,7.92,,,216.119995,224.179993,,,6.68,6.25,,,,,1.633,,1.597,1.633,,1.597
2025/12/03 00:00,2.51,2.28,,1.75,7.92,7.92,,,215.869995,224.179993,,227.110001,6.7,,6.23,,,,1.633,,1.593,1.633,,1.593
2025/12/03 00:00,2.58,2.29,,1.74,7.87,7.92,,7.88,216.119995,224.179993,,226.860001,6.65,,6.11,,,,1.629,,1.59,1.629,,1.59
2025/12/03 00:00,2.52,2.29,,1.75,,7.91,,7.87,,224.179993,,227.350006,6.68,,6.11,,,,1.629,,1.59,1.629,,1.59
2025/12/03 00:00,2.48,2.3,,1.74,,7.91,,7.87,,224.419998,,227.110001,6.68,,6.12,,,,1.631,,1.589,1.631,,1.589
2025/12/03 00:00,2.5,2.31,,1.75,,7.9,,7.87,,224.179993,,227.350006,6.62,,6.11,,,,1.626,,1.592,1.626,,1.592
2025/12/03 00:00,2.5,2.3,,,,7.9,,7.88,,224.179993,,,6.65,,6.09,,,,1.641,1.614,,1.641,1.614,
2025/12/03 00:00,2.55,2.29,2.04,,,7.9,7.86,,,223.929993,226.860001,,6.6,6.21,,,,,1.634,1.612,,1.634,1.612,
2025/12/03 00:00,1.15,2.29,2.04,,,7.89,7.85,,,223.929993,226.369995,,6.6,6.2,,,,,1.626,1.614,,1.626,1.614,
2025/12/03 00:00,0.42,2.28,2.05,,,7.89,7.84,,,224.179993,226.369995,,6.67,6.18,,,,,1.629,1.619,,1.629,1.619,
2025/12/03 00:00,0.34,2.3,2.05,,,7.88,7.84,,,224.179993,226.369995,,6.64,6.19,,,,,1.64,1.615,,1.64,1.615,
2025/12/03 00:00,0.32,2.29,2.06,,,7.88,7.83,,,224.179993,226.369995,,6.61,6.16,,,,,1.638,1.613,,1.638,1.613,
2025/12/03 00:00,1.32,2.29,,,,7.87,,7.87,,224.179993,,,6.58,,,,,,1.633,,1.598,1.633,,1.598
2025/12/03 00:00,2.53,2.29,,1.77,,7.87,,7.8,,223.929993,,228.080002,6.59,,6.11,,,,1.633,,1.592,1.633,,1.592
2025/12/03 00:00,2.75,2.28,,1.77,,7.86,,7.8,,224.179993,,227.110001,6.58,,6.03,,,,1.63,,1.591,1.63,,1.591
2025/12/03 00:00,2.6,2.28,,1.77,8.7,7.86,,7.8,215.630005,224.179993,,227.350006,6.59,,5.97,,,,1.627,,1.591,1.627,,1.591
2025/12/03 00:00,,,,,,,,,,,,,,,,,,,,,,,,
2025/12/03 00:00,,,,,,,,,,,,,,,,,,,,,,,,
2025/12/03 00:00,,,,,,,,,,,,,,,,,,,,,,,,
2025/12/03 00:00,,,,,,,,,,,,,,,,,,,,,,,,
2025/12/03 00:00,,,,,,,,,,,,,,,,,,,,,,,,
2025/12/03 00:00,,,,,,,,,,,,,,,,,,,,,,,,
2025/12/03 00:00,,,,,,,,,,,,,,,,,,,,,,,,
2025/12/03 00:00,,,,,,,,,,,,,,,,,,,,,,,,
2025/12/03 00:00,,,,,,,,,,,,,,,,,,,,,,,,
