{
  "model_name": "lstm-trc-rate/trial_41_76f063",
  "model_type": "LSTM",
  "model_format": "torch",
  "model_params": {
    "history_length": 226,
    "units": 270,
    "num_layers": 4,
    "dropout": 0.48514489214802786
  },
  "training_params": {
    "max_epochs": 500,
    "batch_size": 128,
    "learning_rate": 0.000680239076008639,
    "weight_decay": 0.000603502232901789,
    "checkpoint_interval": 10,
    "seed": 947
  },
  "data_csv": "data/time_aligned_data.csv",
  "timestamp_column": "Date, Time",
  "columns": [
    "TRC-DT",
    "TRC-RT",
    "TRC-PPL1",
    "TRC-PPL2",
    "pH-DT",
    "pH-RT",
    "pH-PPL1",
    "pH-PPL2",
    "cond-DT",
    "cond-PPL1",
    "cond-PPL2",
    "fDOM-RT",
    "fDOM-PPL1",
    "fDOM-PPL2",
    "DO-RT",
    "DO-PPL1",
    "DO-PPL2",
    "TOC-RT",
    "TOC-PPL1",
    "TOC-PPL2",
    "DOC-RT",
    "DOC-PPL1",
    "DOC-PPL2",
    "minutes_since_start"
  ],
  "feature_columns": [
    "TRC-DT",
    "TRC-RT",
    "pH-DT",
    "pH-RT",
    "cond-DT",
    "fDOM-RT",
    "DO-RT",
    "TOC-RT",
    "DOC-RT",
    "minutes_since_start"
  ],
  "target_columns": [
    "TRC-PPL1",
    "TRC-PPL2"
  ],
  "target_mode": "rate",
  "target_base_columns": [
    "TRC-RT",
    "TRC-RT"
  ],
  "split_boundaries": {
    "train_end": 7796,
    "val_end": 9466,
    "test_end": 11138
  },
  "dataset_sizes": {
    "train": 7571,
    "val": 1670,
    "test": 1672
  },
  "input_dim": 10,
  "sequence_length": 226,
  "training_history": {
    "epochs": [
      1,
      2,
      3,
      4,
      5,
      6,
      7,
      8,
      9,
      10,
      11,
      12,
      13,
      14,
      15,
      16,
      17,
      18,
      19,
      20,
      21,
      22,
      23,
      24,
      25,
      26,
      27,
      28,
      29,
      30,
      31,
      32,
      33,
      34,
      35,
      36,
      37,
      38,
      39,
      40,
      41,
      42,
      43,
      44,
      45,
      46,
      47,
      48,
      49,
      50,
      51,
      52,
      53,
      54,
      55,
      56,
      57,
      58,
      59,
      60,
      61,
      62,
      63,
      64,
      65,
      66,
      67,
      68,
      69,
      70,
      71,
      72,
      73,
      74,
      75,
      76,
      77,
      78,
      79,
      80
    ],
    "train_loss": [
      0.3218694526198801,
      0.07970809290612914,
      0.0482449318124728,
      0.044154204371118465,
      0.038076779060533195,
      0.04409087000663459,
      0.03195991595854471,
      0.03018485698413501,
      0.029062829910970762,
      0.026766481271879375,
      0.02792672670515592,
      0.02729916042316001,
      0.02675445230999769,
      0.026746041177246847,
      0.026093948381534577,
      0.02652913367954133,
      0.026922041602189657,
      0.02926297340748246,
      0.024902022779903093,
      0.025595974809156905,
      0.024569128804954918,
      0.02406075552598935,
      0.022319789439549993,
      0.02353412310639944,
      0.022330798894381478,
      0.02193961250361411,
      0.023711135571328264,
      0.021261687632224517,
      0.024337579234558687,
      0.023208902269481763,
      0.022464671476163867,
      0.02322476050479301,
      0.02238998785339421,
      0.02324034565949736,
      0.022202775460964243,
      0.021664388396860492,
      0.022612359436759544,
      0.02307565458632613,
      0.022826288480731347,
      0.027089436008459495,
      0.022176615999876987,
      0.02236670513026364,
      0.022979730769958417,
      0.020924943569998904,
      0.020918901585580775,
      0.02122010049863955,
      0.023079809809863575,
      0.020639166963415737,
      0.020648281760499022,
      0.01925085992011703,
      0.019984302890003948,
      0.0218266551011959,
      0.021368401062829445,
      0.020052662942956594,
      0.019135083700600963,
      0.019561581828783627,
      0.022226210825293843,
      0.019761402853223958,
      0.02046948110825232,
      0.019841565264519558,
      0.01979885740925757,
      0.029091085816938107,
      0.03317813592883086,
      0.02682997902781224,
      0.024290231018500745,
      0.024236950830703697,
      0.021373591936997782,
      0.021704574407481435,
      0.022946951169092043,
      0.01966957663451723,
      0.020397617375243687,
      0.020126297664752945,
      0.019168232666386856,
      0.01949875500963947,
      0.020645776527990732,
      0.01945377450513605,
      0.020458065729508066,
      0.02213444222877322,
      0.019088369405595555,
      0.018525009905704656
    ],
    "val_loss": [
      0.4079444662539545,
      0.22538417513499004,
      0.22010172526993438,
      0.24810692764327913,
      0.25172913374301203,
      0.26661218840205025,
      0.27573362082064506,
      0.2867682705382387,
      0.2778796146015921,
      0.2837315874899219,
      0.2815805523695346,
      0.2875441699684737,
      0.27691348541282607,
      0.2897151098993724,
      0.2882440351440521,
      0.2904468754808346,
      0.2872316152035833,
      0.2912503737889364,
      0.28954572149379526,
      0.300952695658107,
      0.31029489183140374,
      0.32612651350969324,
      0.30014620698140765,
      0.31253045818762865,
      0.30076459953171053,
      0.3130559637161072,
      0.31808094849843466,
      0.31670699062461627,
      0.32141495379145274,
      0.317563762921773,
      0.3254248900327854,
      0.3175173853685756,
      0.3349723988664364,
      0.32267415537805616,
      0.32786889675848496,
      0.33478777479982663,
      0.32448291721458206,
      0.33491462304920494,
      0.3507483907802376,
      0.3276058404031628,
      0.35312967414627533,
      0.3398910883657947,
      0.3281296597269481,
      0.3403812419868515,
      0.3341873807107617,
      0.34346900328904567,
      0.3492962156227249,
      0.3656010300813321,
      0.34400029182434083,
      0.34451864222566525,
      0.3454059665074605,
      0.3365254133761286,
      0.34662698471617553,
      0.3371103505174557,
      0.33978026427194746,
      0.34526761334813283,
      0.35477445511046996,
      0.3628300421252222,
      0.36519998219198807,
      0.3843203241953593,
      0.35684505351289303,
      0.33330594979360434,
      0.33823776930392147,
      0.3298354173134901,
      0.3410324767678084,
      0.3773308262853565,
      0.34244149031039484,
      0.3837869856885807,
      0.34169426535417935,
      0.373326600668673,
      0.3753207442289341,
      0.359422704274069,
      0.36169381213045404,
      0.3720770838731777,
      0.36830194738810645,
      0.3585824932166916,
      0.4224798755017583,
      0.3655518133483247,
      0.38215658293512766,
      0.38575982219444777
    ],
    "best_epoch": 3,
    "best_val_loss": 0.22010172526993438,
    "best_val_abs_mse": 0.3254960775375366,
    "test_loss": 4.2834924533606715,
    "test_abs_mse": 41.81957244873047,
    "tracker": {
      "initial_train_loss": 0.3218694526198801,
      "train_threshold": 0.10728981753996003,
      "best_tracking": true,
      "patience_active": true,
      "patience_best_train": null,
      "patience_best_val": 0.22010172526993438,
      "patience_no_improve_epochs": 77,
      "best_train_loss": Infinity,
      "forced_stop_due_to_threshold": false
    }
  },
  "model_files": {
    "best": "scripts/outputs/lstm-trc-rate/trial_41_76f063/best_model.pt",
    "last": "scripts/outputs/lstm-trc-rate/trial_41_76f063/last_model.pt"
  },
  "config_path": "/home/amoris/data-analysis-on-dbps/scripts/outputs/lstm-trc-rate/trial_41_76f063/config.yaml"
}