{
  "model_name": "mlp-trc-value/trial_28_4aca83",
  "model_type": "MLP",
  "model_format": "torch",
  "model_params": {
    "history_length": 1,
    "hidden_layers": [
      512,
      256,
      128
    ],
    "dropout": 0.2379161542681071,
    "mid_layer_count": 12,
    "mid_layer_size": 458
  },
  "training_params": {
    "max_epochs": 400,
    "batch_size": 351,
    "learning_rate": 0.0008348052053375993,
    "weight_decay": 0.0039054505805620407,
    "checkpoint_interval": 10,
    "seed": 42
  },
  "data_csv": "data/time_aligned_data.csv",
  "timestamp_column": "Date, Time",
  "columns": [
    "TRC-DT",
    "TRC-RT",
    "TRC-PPL1",
    "TRC-PPL2",
    "pH-DT",
    "pH-RT",
    "pH-PPL1",
    "pH-PPL2",
    "cond-DT",
    "cond-PPL1",
    "cond-PPL2",
    "fDOM-RT",
    "fDOM-PPL1",
    "fDOM-PPL2",
    "DO-RT",
    "DO-PPL1",
    "DO-PPL2",
    "TOC-RT",
    "TOC-PPL1",
    "TOC-PPL2",
    "DOC-RT",
    "DOC-PPL1",
    "DOC-PPL2",
    "minutes_since_start"
  ],
  "feature_columns": [
    "TRC-DT",
    "TRC-RT",
    "pH-DT",
    "pH-RT",
    "cond-DT",
    "fDOM-RT",
    "DO-RT",
    "TOC-RT",
    "DOC-RT",
    "minutes_since_start"
  ],
  "target_columns": [
    "TRC-PPL1",
    "TRC-PPL2"
  ],
  "split_boundaries": {
    "train_end": 7796,
    "val_end": 9466,
    "test_end": 11138
  },
  "dataset_sizes": {
    "train": 7796,
    "val": 1670,
    "test": 1672
  },
  "input_dim": 10,
  "sequence_length": null,
  "training_history": {
    "epochs": [
      1,
      2,
      3,
      4,
      5,
      6,
      7,
      8,
      9,
      10,
      11,
      12,
      13,
      14,
      15,
      16,
      17,
      18,
      19,
      20,
      21,
      22,
      23,
      24,
      25,
      26,
      27,
      28,
      29,
      30,
      31,
      32,
      33,
      34,
      35,
      36,
      37,
      38,
      39,
      40,
      41,
      42,
      43,
      44,
      45,
      46,
      47,
      48,
      49,
      50,
      51,
      52,
      53,
      54,
      55,
      56,
      57,
      58,
      59,
      60,
      61,
      62,
      63,
      64,
      65,
      66,
      67,
      68,
      69,
      70,
      71,
      72,
      73,
      74,
      75,
      76,
      77,
      78,
      79,
      80
    ],
    "train_loss": [
      0.42384482662897344,
      0.1475596992645877,
      0.10284385656419015,
      0.08859822425079567,
      0.08023990939666119,
      0.07496504511697559,
      0.07256205399172345,
      0.07065864287129484,
      0.06720010402840321,
      0.06760891771833749,
      0.06422494078296814,
      0.06246038064266961,
      0.06313963894903843,
      0.059767630811839945,
      0.059752102680370525,
      0.05923370328020321,
      0.05745293931981091,
      0.05713428260224287,
      0.058606543488372374,
      0.05605806342076191,
      0.0554605073975509,
      0.055477959530121274,
      0.05618899490774106,
      0.05496820765836551,
      0.05463582815400771,
      0.05369557288708046,
      0.0535102462923568,
      0.054395751902435056,
      0.054148164890771525,
      0.05422851619185959,
      0.05237962905051862,
      0.05213166369586847,
      0.05245825451912942,
      0.052568320618830565,
      0.05344549143804441,
      0.05134721163119366,
      0.05184799931578342,
      0.049890708671897085,
      0.05291031132724085,
      0.05253408800929081,
      0.056578634641280906,
      0.05141758150289675,
      0.05006063355227551,
      0.050118018583938856,
      0.050184621112951563,
      0.0520809194390371,
      0.050834562161171847,
      0.05133431655077169,
      0.05183075971255369,
      0.049140794292520475,
      0.0502709422524294,
      0.05070158707053463,
      0.05031828653629298,
      0.0503801089926996,
      0.050453823687687416,
      0.04993550395311118,
      0.04905613570145808,
      0.049808000824129874,
      0.05097575459138071,
      0.04912720128641549,
      0.05179097567837381,
      0.04973365446737083,
      0.04975756281951472,
      0.05105744793642219,
      0.04976529669228764,
      0.05161355043201874,
      0.049276841347564056,
      0.0519211458213333,
      0.04987768053276423,
      0.04859844545163348,
      0.050443384003156025,
      0.04938967009263735,
      0.04952328615014816,
      0.049190193192489545,
      0.048829582228820834,
      0.04964275216266108,
      0.04935913987452018,
      0.04866303890951173,
      0.04977267714749626,
      0.04849414531477923
    ],
    "val_loss": [
      0.26607218411957434,
      0.2501046372298709,
      0.22927823723879404,
      0.2511502149531584,
      0.24752416618859874,
      0.21258562118662688,
      0.2641710400447517,
      0.2554967130662617,
      0.2590707746250722,
      0.2805760574499201,
      0.29916861287379515,
      0.276229203313946,
      0.253955164135707,
      0.29250405708740573,
      0.2798932425231634,
      0.280593420354326,
      0.38802401398358766,
      0.31430211369461286,
      0.343063023733254,
      0.30900029746291346,
      0.2723950373733829,
      0.29723500974565564,
      0.29722081068680134,
      0.3195738968801891,
      0.3026315655135466,
      0.28943799717162183,
      0.296877071342827,
      0.2921751657913545,
      0.3658616785885777,
      0.3277992802521515,
      0.3323291564416029,
      0.27924063419532813,
      0.32136155218332113,
      0.35348219123563007,
      0.3059257516882823,
      0.38416055272595434,
      0.29336728720987093,
      0.30660692017391594,
      0.2815032629563869,
      0.28360679112597853,
      0.31528668220149364,
      0.27928552153313946,
      0.30894181135439586,
      0.32382094328498057,
      0.3627146038343896,
      0.2901324084764737,
      0.3205441538043722,
      0.3053906178101897,
      0.3101055706198701,
      0.326163361049787,
      0.33214890898768595,
      0.3327762096283768,
      0.29530975598797293,
      0.3114433137409969,
      0.30570036078730745,
      0.3344256613961237,
      0.3396111646756351,
      0.38944090254671737,
      0.3117997483567831,
      0.3299403982917349,
      0.34230239704072835,
      0.3503436295014477,
      0.39585200115859864,
      0.3021989473983824,
      0.3884792636332665,
      0.3205159166727416,
      0.32023200169874877,
      0.3237471534686531,
      0.36203390368243715,
      0.31237172317763645,
      0.3073513710001361,
      0.3354675746851874,
      0.2962498711332857,
      0.3102738089982175,
      0.35174320637510564,
      0.29562884384018934,
      0.3055340305617648,
      0.36201411856639526,
      0.31303596371104436,
      0.29594946404818645
    ],
    "best_epoch": 6,
    "best_val_loss": 0.21258562118662688,
    "test_loss": 4.856036505488118,
    "tracker": {
      "initial_train_loss": 0.42384482662897344,
      "train_threshold": 0.1412816088763245,
      "best_tracking": true,
      "patience_active": true,
      "patience_best_train": null,
      "patience_best_val": 0.21258562118662688,
      "patience_no_improve_epochs": 74,
      "best_train_loss": Infinity,
      "forced_stop_due_to_threshold": false
    }
  },
  "model_files": {
    "best": "scripts/outputs/mlp-trc-value/trial_28_4aca83/best_model.pt",
    "last": "scripts/outputs/mlp-trc-value/trial_28_4aca83/last_model.pt"
  },
  "config_path": "/home/amoris/data-analysis-on-dbps/scripts/outputs/mlp-trc-value/trial_28_4aca83/config.yaml"
}