{
  "model_name": "lstm-other-value/trial_46_98890f",
  "model_type": "LSTM",
  "model_format": "torch",
  "model_params": {
    "history_length": 199,
    "units": 302,
    "num_layers": 2,
    "dropout": 0.27749492305097445
  },
  "training_params": {
    "max_epochs": 500,
    "batch_size": 225,
    "learning_rate": 0.0005816306737569637,
    "weight_decay": 0.0007321078389330543,
    "checkpoint_interval": 10,
    "seed": 947
  },
  "data_csv": "data/time_aligned_data.csv",
  "timestamp_column": "Date, Time",
  "columns": [
    "TRC-DT",
    "TRC-RT",
    "TRC-PPL1",
    "TRC-PPL2",
    "pH-DT",
    "pH-RT",
    "pH-PPL1",
    "pH-PPL2",
    "cond-DT",
    "cond-PPL1",
    "cond-PPL2",
    "fDOM-RT",
    "fDOM-PPL1",
    "fDOM-PPL2",
    "DO-RT",
    "DO-PPL1",
    "DO-PPL2",
    "TOC-RT",
    "TOC-PPL1",
    "TOC-PPL2",
    "DOC-RT",
    "DOC-PPL1",
    "DOC-PPL2",
    "minutes_since_start"
  ],
  "feature_columns": [
    "TRC-DT",
    "TRC-RT",
    "pH-DT",
    "pH-RT",
    "cond-DT",
    "fDOM-RT",
    "DO-RT",
    "TOC-RT",
    "DOC-RT",
    "minutes_since_start"
  ],
  "target_columns": [
    "TOC-PPL1",
    "TOC-PPL2",
    "DOC-PPL1",
    "DOC-PPL2",
    "pH-PPL1",
    "pH-PPL2"
  ],
  "split_boundaries": {
    "train_end": 7796,
    "val_end": 9466,
    "test_end": 11138
  },
  "dataset_sizes": {
    "train": 7598,
    "val": 1670,
    "test": 1672
  },
  "input_dim": 10,
  "sequence_length": 199,
  "training_history": {
    "epochs": [
      1,
      2,
      3,
      4,
      5,
      6,
      7,
      8,
      9,
      10,
      11,
      12,
      13,
      14,
      15,
      16,
      17,
      18,
      19,
      20,
      21,
      22,
      23,
      24,
      25,
      26,
      27,
      28,
      29,
      30,
      31,
      32,
      33,
      34,
      35,
      36,
      37,
      38,
      39,
      40,
      41,
      42,
      43,
      44,
      45,
      46,
      47,
      48,
      49,
      50,
      51,
      52,
      53,
      54,
      55,
      56,
      57,
      58,
      59,
      60,
      61,
      62,
      63,
      64,
      65,
      66,
      67,
      68,
      69,
      70,
      71,
      72,
      73,
      74,
      75,
      76,
      77,
      78,
      79,
      80,
      81
    ],
    "train_loss": [
      0.48857370690472285,
      0.27188139538069594,
      0.2307742992712655,
      0.1993622674373113,
      0.17741834885330696,
      0.16415191754192765,
      0.14031201668689677,
      0.13259500088417772,
      0.11602062514680848,
      0.10952865964556312,
      0.12042077783045094,
      0.10892671933454035,
      0.11103086186870521,
      0.11419493230719195,
      0.0966526912390464,
      0.08777967349055661,
      0.08391218696394605,
      0.10300834510386163,
      0.08433997437110792,
      0.08389035721191077,
      0.08280935812330648,
      0.07822567331191582,
      0.08749839772744128,
      0.07357031650052835,
      0.07124431861187477,
      0.07006684205023889,
      0.06343581597044942,
      0.05683003653847926,
      0.05759668107815999,
      0.08538548647082614,
      0.09660863328629982,
      0.06365131027064973,
      0.057366061925782155,
      0.051520868171929184,
      0.04764646679019812,
      0.045851458475939,
      0.045882994207575876,
      0.050680137832903274,
      0.0503984721008297,
      0.04234481468908518,
      0.043126244834867176,
      0.040807174934477795,
      0.04225798251186273,
      0.038991647430507564,
      0.039202808165419226,
      0.03733512070240803,
      0.0731821213291174,
      0.07977538147490647,
      0.06128108150772623,
      0.0578761272251049,
      0.048140723704428824,
      0.0775549428404617,
      0.05311026766986463,
      0.057104605772473935,
      0.0646379490111589,
      0.05603361458947358,
      0.063647505438196,
      0.04903936855324352,
      0.044580505827452106,
      0.03915233014307859,
      0.03745711547261039,
      0.03629522939404082,
      0.037136065151721874,
      0.03657418011610964,
      0.035469206206198506,
      0.0340534367680228,
      0.035059447723869104,
      0.03551824665259424,
      0.037004022427573974,
      0.03423672176874972,
      0.03271917800415845,
      0.034047738706561165,
      0.034951791600928504,
      0.03203899895261937,
      0.0319114535996481,
      0.031059010111228923,
      0.03256828727278585,
      0.033561723051574566,
      0.031663703645899925,
      0.04422952232710286,
      0.03813839330827995
    ],
    "val_loss": [
      0.4974769389111839,
      0.5041399937413052,
      0.5240834965008104,
      0.6351927046825786,
      0.6996314598994697,
      0.6488996197631259,
      0.687927065941388,
      0.5997893782388307,
      0.7076552949711948,
      0.6828841169526477,
      0.654908440070238,
      0.6619191766008289,
      0.847717520764131,
      0.7245142049195167,
      0.7817739151462824,
      0.6835544898124513,
      0.6500784450930036,
      0.6835307919470492,
      0.6687930879924826,
      0.8347743259754009,
      0.7145592205806407,
      0.7231171532216186,
      0.6127983859913078,
      0.6519835403936352,
      0.7018599463794046,
      0.6398735080070481,
      0.6416394670834085,
      0.664281231267545,
      0.648380198967671,
      0.8103019898969256,
      0.5520276141291607,
      0.6336355395392029,
      0.6959212563351956,
      0.6844041368026219,
      0.7298908034663001,
      0.7475156144289199,
      0.7654194764034477,
      0.8511417926607018,
      0.8097058293705215,
      0.8376559244836875,
      0.7862633469397436,
      0.8091461063323621,
      0.7984831640106476,
      0.765107229976597,
      0.8627259454684343,
      0.8005867581702992,
      0.9022872021009108,
      0.7319365452506585,
      0.7757780097737283,
      0.7531831480874986,
      0.6544145815475972,
      0.6859667381483637,
      0.5925279475168553,
      0.6642161376640469,
      0.6914268288159084,
      0.7391696911372111,
      0.8001235416103266,
      0.8037273145899801,
      0.7642468872987581,
      0.7572851136416018,
      0.7467915126663482,
      0.7569375950954631,
      0.7734805409779806,
      0.7378136959083066,
      0.7533644807195949,
      0.7690570740821119,
      0.7493540646430261,
      0.810710982737427,
      0.696583619731629,
      0.6496568304336,
      0.7643938640099086,
      0.7759580286498555,
      0.7883683029941456,
      0.7791698268966046,
      0.7715631883122964,
      0.7351001393116877,
      0.7850511590699236,
      0.762978311248882,
      0.7608633950620354,
      0.7748557662892485,
      0.7295950734151337
    ],
    "best_epoch": 31,
    "best_val_loss": 0.5520276141291607,
    "test_loss": 0.460813607164975,
    "tracker": {
      "initial_train_loss": 0.48857370690472285,
      "train_threshold": 0.1628579023015743,
      "best_tracking": true,
      "patience_active": true,
      "patience_best_train": null,
      "patience_best_val": 0.5520276141291607,
      "patience_no_improve_epochs": 50,
      "best_train_loss": Infinity,
      "forced_stop_due_to_threshold": false
    }
  },
  "model_files": {
    "best": "scripts/outputs/lstm-other-value/trial_46_98890f/best_model.pt",
    "last": "scripts/outputs/lstm-other-value/trial_46_98890f/last_model.pt"
  },
  "config_path": "/home/amoris/data-analysis-on-dbps/scripts/outputs/lstm-other-value/trial_46_98890f/config.yaml"
}