{
  "model_name": "lstm-trc-value/trial_91_28df8e",
  "model_type": "LSTM",
  "model_format": "torch",
  "model_params": {
    "history_length": 149,
    "units": 153,
    "num_layers": 2,
    "dropout": 0.32656975168076063
  },
  "training_params": {
    "max_epochs": 500,
    "batch_size": 220,
    "learning_rate": 0.00021475081897806038,
    "weight_decay": 0.0006737642680104833,
    "checkpoint_interval": 10,
    "seed": 947
  },
  "data_csv": "data/time_aligned_data.csv",
  "timestamp_column": "Date, Time",
  "columns": [
    "TRC-DT",
    "TRC-RT",
    "TRC-PPL1",
    "TRC-PPL2",
    "pH-DT",
    "pH-RT",
    "pH-PPL1",
    "pH-PPL2",
    "cond-DT",
    "cond-PPL1",
    "cond-PPL2",
    "fDOM-RT",
    "fDOM-PPL1",
    "fDOM-PPL2",
    "DO-RT",
    "DO-PPL1",
    "DO-PPL2",
    "TOC-RT",
    "TOC-PPL1",
    "TOC-PPL2",
    "DOC-RT",
    "DOC-PPL1",
    "DOC-PPL2",
    "minutes_since_start"
  ],
  "feature_columns": [
    "TRC-DT",
    "TRC-RT",
    "pH-DT",
    "pH-RT",
    "cond-DT",
    "fDOM-RT",
    "DO-RT",
    "TOC-RT",
    "DOC-RT",
    "minutes_since_start"
  ],
  "target_columns": [
    "TRC-PPL1",
    "TRC-PPL2"
  ],
  "split_boundaries": {
    "train_end": 7796,
    "val_end": 9466,
    "test_end": 11138
  },
  "dataset_sizes": {
    "train": 7648,
    "val": 1670,
    "test": 1672
  },
  "input_dim": 10,
  "sequence_length": 149,
  "training_history": {
    "epochs": [
      1,
      2,
      3,
      4,
      5,
      6,
      7,
      8,
      9,
      10,
      11,
      12,
      13,
      14,
      15,
      16,
      17,
      18,
      19,
      20,
      21,
      22,
      23,
      24,
      25,
      26,
      27,
      28,
      29,
      30,
      31,
      32,
      33,
      34,
      35,
      36,
      37,
      38,
      39,
      40,
      41,
      42,
      43,
      44,
      45,
      46,
      47,
      48,
      49,
      50,
      51,
      52,
      53,
      54,
      55,
      56,
      57,
      58,
      59,
      60,
      61,
      62,
      63,
      64,
      65,
      66,
      67,
      68,
      69,
      70,
      71,
      72,
      73,
      74,
      75,
      76,
      77,
      78,
      79,
      80
    ],
    "train_loss": [
      0.8485812001460267,
      0.22835858590963246,
      0.1325968578769572,
      0.09324929925562447,
      0.0696989848107006,
      0.05392156169013311,
      0.04800876218700883,
      0.04520770714318216,
      0.04050270849098471,
      0.03902714229169376,
      0.036369656150279935,
      0.03452871386039706,
      0.03324627417634596,
      0.03307022740304564,
      0.030520627643351898,
      0.02894464655580568,
      0.02752808014527119,
      0.02662584756960835,
      0.02678087741335285,
      0.025730269608403473,
      0.025265220423116033,
      0.024663122658224224,
      0.024103993656129332,
      0.0249038101641547,
      0.025669098225769012,
      0.02454883059210078,
      0.023807898063454232,
      0.022891975625585686,
      0.022173354827904116,
      0.02183128404138789,
      0.02211537183492316,
      0.020852150868967363,
      0.020844074403555384,
      0.02066209883951274,
      0.020632819275500324,
      0.020296353549661434,
      0.019862294800104145,
      0.01944517404343699,
      0.0193690898210574,
      0.019571342371076845,
      0.018803678581561255,
      0.018965568102187004,
      0.019074323603193662,
      0.018761818073144393,
      0.01807606290873904,
      0.018026174128905063,
      0.01832479950640678,
      0.018452264207793268,
      0.01810843246466788,
      0.01875520707643883,
      0.019085094522661432,
      0.01933495899483125,
      0.01824601668724206,
      0.017804683048753496,
      0.01813518272656324,
      0.01796964090073941,
      0.01789931132298384,
      0.017856965111334767,
      0.01798332581943423,
      0.018620268447581818,
      0.017659987548510368,
      0.018826230696040093,
      0.018019283977512537,
      0.0179472182508145,
      0.0173696298103499,
      0.01772291262032051,
      0.017606479261912188,
      0.017828455285430266,
      0.018001230273329533,
      0.01928569069794656,
      0.01764836463985661,
      0.01738721461602288,
      0.017863818359070274,
      0.017332356829862557,
      0.01985435056057856,
      0.017890237168521936,
      0.01717803993400685,
      0.017874433777867876,
      0.01751974153149265,
      0.01754265575607358
    ],
    "val_loss": [
      0.6641883543151581,
      0.2861583382783536,
      0.2996193413249033,
      0.2713640928714575,
      0.2556824353551436,
      0.2514599793239268,
      0.24760555877478538,
      0.2455021260741228,
      0.24421608722406232,
      0.2392694949434546,
      0.23481039809966517,
      0.23375048372381463,
      0.2354516613849266,
      0.23752958791520068,
      0.24238188250246875,
      0.24486308047425248,
      0.24841150706132015,
      0.25322661568929333,
      0.25647207347308093,
      0.2672791398035552,
      0.2746647022619933,
      0.29961806131961816,
      0.31732953449120066,
      0.3815516971587064,
      0.3433172282299953,
      0.37686220540882587,
      0.3499678169226575,
      0.3989777751713099,
      0.3878894921860652,
      0.4150746773236883,
      0.37256221185455063,
      0.3810781596708084,
      0.3804284389058273,
      0.37058298441464316,
      0.3529283687204658,
      0.3472774732344879,
      0.34034403402380603,
      0.3469285312036197,
      0.33584075795854634,
      0.33125755799833884,
      0.3391109220237432,
      0.33291235925283974,
      0.33042755379469807,
      0.33242012845898816,
      0.3338767426858048,
      0.3534600059473943,
      0.3440955669847791,
      0.34025069203473135,
      0.3388336145146164,
      0.33918191271716963,
      0.3310153948555806,
      0.3297322145746854,
      0.3361987443696596,
      0.33484152860627203,
      0.35203080709109047,
      0.3506281406445774,
      0.35043121256424997,
      0.3564036613899077,
      0.34398171477421313,
      0.3513212292315717,
      0.35515204176842097,
      0.34202902462935736,
      0.3407503755729712,
      0.3441508247511473,
      0.3571413899297843,
      0.3480482226583415,
      0.34170269671671405,
      0.3480783857539028,
      0.36361033447131424,
      0.33212823880289843,
      0.33835950125744957,
      0.33682007538879705,
      0.3327360988377097,
      0.3353388377515499,
      0.36003627534398064,
      0.34409635955702045,
      0.3410750285103292,
      0.35823654370036667,
      0.3338847364226501,
      0.336311619438811
    ],
    "best_epoch": 12,
    "best_val_loss": 0.23375048372381463,
    "test_loss": 4.585965671037373,
    "tracker": {
      "initial_train_loss": 0.8485812001460267,
      "train_threshold": 0.2828604000486756,
      "best_tracking": true,
      "patience_active": true,
      "patience_best_train": null,
      "patience_best_val": 0.23375048372381463,
      "patience_no_improve_epochs": 68,
      "best_train_loss": Infinity,
      "forced_stop_due_to_threshold": false
    }
  },
  "model_files": {
    "best": "scripts/outputs/lstm-trc-value/trial_91_28df8e/best_model.pt",
    "last": "scripts/outputs/lstm-trc-value/trial_91_28df8e/last_model.pt"
  },
  "config_path": "/home/amoris/data-analysis-on-dbps/scripts/outputs/lstm-trc-value/trial_91_28df8e/config.yaml"
}