{
  "model_name": "lstm-trc-value/trial_42_b46946",
  "model_type": "LSTM",
  "model_format": "torch",
  "model_params": {
    "history_length": 99,
    "units": 293,
    "num_layers": 2,
    "dropout": 0.27588258063849824
  },
  "training_params": {
    "max_epochs": 500,
    "batch_size": 190,
    "learning_rate": 0.0009229527941900322,
    "weight_decay": 0.0030124743451456016,
    "checkpoint_interval": 10,
    "seed": 947
  },
  "data_csv": "data/time_aligned_data.csv",
  "timestamp_column": "Date, Time",
  "columns": [
    "TRC-DT",
    "TRC-RT",
    "TRC-PPL1",
    "TRC-PPL2",
    "pH-DT",
    "pH-RT",
    "pH-PPL1",
    "pH-PPL2",
    "cond-DT",
    "cond-PPL1",
    "cond-PPL2",
    "fDOM-RT",
    "fDOM-PPL1",
    "fDOM-PPL2",
    "DO-RT",
    "DO-PPL1",
    "DO-PPL2",
    "TOC-RT",
    "TOC-PPL1",
    "TOC-PPL2",
    "DOC-RT",
    "DOC-PPL1",
    "DOC-PPL2",
    "minutes_since_start"
  ],
  "feature_columns": [
    "TRC-DT",
    "TRC-RT",
    "pH-DT",
    "pH-RT",
    "cond-DT",
    "fDOM-RT",
    "DO-RT",
    "TOC-RT",
    "DOC-RT",
    "minutes_since_start"
  ],
  "target_columns": [
    "TRC-PPL1",
    "TRC-PPL2"
  ],
  "split_boundaries": {
    "train_end": 7796,
    "val_end": 9466,
    "test_end": 11138
  },
  "dataset_sizes": {
    "train": 7698,
    "val": 1670,
    "test": 1672
  },
  "input_dim": 10,
  "sequence_length": 99,
  "training_history": {
    "epochs": [
      1,
      2,
      3,
      4,
      5,
      6,
      7,
      8,
      9,
      10,
      11,
      12,
      13,
      14,
      15,
      16,
      17,
      18,
      19,
      20,
      21,
      22,
      23,
      24,
      25,
      26,
      27,
      28,
      29,
      30,
      31,
      32,
      33,
      34,
      35,
      36,
      37,
      38,
      39,
      40,
      41,
      42,
      43,
      44,
      45,
      46,
      47,
      48,
      49,
      50,
      51,
      52,
      53,
      54,
      55,
      56,
      57,
      58,
      59,
      60,
      61,
      62,
      63,
      64,
      65,
      66,
      67,
      68,
      69,
      70,
      71,
      72,
      73,
      74,
      75,
      76,
      77,
      78,
      79,
      80
    ],
    "train_loss": [
      0.3071069452020217,
      0.09344333091256649,
      0.06314149540267104,
      0.04574690979079601,
      0.04705532596471496,
      0.03846221081873803,
      0.04684503086900426,
      0.041352182114726695,
      0.036545094959660455,
      0.03497781024006442,
      0.03345274476677559,
      0.031279327946979525,
      0.031994857129206064,
      0.03153319597857886,
      0.02984676899707342,
      0.03844371082047792,
      0.03859616654024213,
      0.0340373065931421,
      0.03592145280604255,
      0.03481864898566473,
      0.031278838468127575,
      0.03050166092063892,
      0.02795809013181056,
      0.029479934850639416,
      0.028317490332728703,
      0.02666559903917529,
      0.027765727321508178,
      0.026700204202968692,
      0.026569362949007948,
      0.02829118010995217,
      0.02786245132791869,
      0.027557180481596284,
      0.02889946467785378,
      0.025925507594773942,
      0.025392180103029516,
      0.026187681249168888,
      0.02519419440594578,
      0.02550964429635805,
      0.023537355186463674,
      0.026417881181663463,
      0.024983486607303,
      0.029348925860861456,
      0.03417371586207121,
      0.026220904821934066,
      0.02546035343813537,
      0.0236174116077114,
      0.023646155222727745,
      0.023788124868279928,
      0.023115953817193183,
      0.022539041214858474,
      0.023288821261961697,
      0.023413848561624578,
      0.024250316595482994,
      0.02237987704187918,
      0.025157290778204385,
      0.022760862354397247,
      0.022809649945161006,
      0.023194747470526394,
      0.024105050379183424,
      0.022104551594159486,
      0.02300678323794647,
      0.02395712616680411,
      0.02367113862127631,
      0.0217242269931861,
      0.022574429814267015,
      0.02375106580040538,
      0.022579559501261486,
      0.02188192539122251,
      0.021638319669129262,
      0.02161197846566169,
      0.022022157038832275,
      0.02228981382742226,
      0.021157785035451068,
      0.02206214906095638,
      0.02346551751780352,
      0.023809010866583245,
      0.024227433825610024,
      0.023893420776861865,
      0.022181978531009533,
      0.02220112419979747
    ],
    "val_loss": [
      0.47315157883003084,
      0.19013767763079997,
      0.22325549543483886,
      0.27565516969802495,
      0.3875280284506832,
      0.31090657014823603,
      0.3481919460199372,
      0.406540706441431,
      0.48368015088988636,
      0.40470680913436197,
      0.39396229553633105,
      0.44824671774299557,
      0.3515532041738133,
      0.31246777491164424,
      0.3653783091527973,
      0.3394254455956335,
      0.34051746138912475,
      0.34776045052992727,
      0.3325478047310949,
      0.3264833349779159,
      0.32406995851479603,
      0.3662505115265261,
      0.37192143660462545,
      0.29656043088810885,
      0.31996296927288265,
      0.3351840704322575,
      0.3708641472423148,
      0.3326058880855402,
      0.34764342694850026,
      0.3757213885020353,
      0.30787703393774474,
      0.3165104341118814,
      0.34821733615980177,
      0.33553638476543796,
      0.35574305514821747,
      0.3010901155028336,
      0.31722624036678654,
      0.3476618731137878,
      0.35508914675541264,
      0.34897854986661925,
      0.38764625064984054,
      0.28147784446527857,
      0.30006813416313266,
      0.3206353676756342,
      0.3327421378901976,
      0.3653136675363172,
      0.358557592084754,
      0.35604066135149876,
      0.359927733869342,
      0.3644031210841533,
      0.3827699456966209,
      0.3773736614667013,
      0.36006534835714066,
      0.3485013647618408,
      0.3347443426975947,
      0.3502128040696868,
      0.3386528359581075,
      0.34634331978500604,
      0.3769982793775504,
      0.3830495781215008,
      0.3666040468403322,
      0.40907462739837386,
      0.36346018725928075,
      0.409475847688353,
      0.3685684285634114,
      0.3756577474271466,
      0.37899095892995416,
      0.3924094106065121,
      0.37372590290259816,
      0.4032240315580261,
      0.3984071790703578,
      0.4353003682802894,
      0.39794406666236365,
      0.428668903833824,
      0.3658439446976799,
      0.3579536454450941,
      0.42067315350258777,
      0.42042663642121647,
      0.42693350189727935,
      0.4649615312318602
    ],
    "best_epoch": 2,
    "best_val_loss": 0.19013767763079997,
    "test_loss": 4.28091223673387,
    "tracker": {
      "initial_train_loss": 0.3071069452020217,
      "train_threshold": 0.10236898173400723,
      "best_tracking": true,
      "patience_active": true,
      "patience_best_train": null,
      "patience_best_val": 0.19013767763079997,
      "patience_no_improve_epochs": 79,
      "best_train_loss": Infinity,
      "forced_stop_due_to_threshold": false
    }
  },
  "model_files": {
    "best": "scripts/outputs/lstm-trc-value/trial_42_b46946/best_model.pt",
    "last": "scripts/outputs/lstm-trc-value/trial_42_b46946/last_model.pt"
  },
  "config_path": "/home/amoris/data-analysis-on-dbps/scripts/outputs/lstm-trc-value/trial_42_b46946/config.yaml"
}