{
  "model_name": "gru-trc-rate/trial_29_d55cba",
  "model_type": "GRU",
  "model_format": "torch",
  "model_params": {
    "history_length": 93,
    "units": 92,
    "num_layers": 5,
    "dropout": 0.4605725926923322
  },
  "training_params": {
    "max_epochs": 500,
    "batch_size": 160,
    "learning_rate": 0.0011342461399602558,
    "weight_decay": 0.00705882068722712,
    "checkpoint_interval": 10,
    "seed": 947
  },
  "data_csv": "data/time_aligned_data.csv",
  "timestamp_column": "Date, Time",
  "columns": [
    "TRC-DT",
    "TRC-RT",
    "TRC-PPL1",
    "TRC-PPL2",
    "pH-DT",
    "pH-RT",
    "pH-PPL1",
    "pH-PPL2",
    "cond-DT",
    "cond-PPL1",
    "cond-PPL2",
    "fDOM-RT",
    "fDOM-PPL1",
    "fDOM-PPL2",
    "DO-RT",
    "DO-PPL1",
    "DO-PPL2",
    "TOC-RT",
    "TOC-PPL1",
    "TOC-PPL2",
    "DOC-RT",
    "DOC-PPL1",
    "DOC-PPL2",
    "minutes_since_start"
  ],
  "feature_columns": [
    "TRC-DT",
    "TRC-RT",
    "pH-DT",
    "pH-RT",
    "cond-DT",
    "fDOM-RT",
    "DO-RT",
    "TOC-RT",
    "DOC-RT",
    "minutes_since_start"
  ],
  "target_columns": [
    "TRC-PPL1",
    "TRC-PPL2"
  ],
  "target_mode": "rate",
  "target_base_columns": [
    "TRC-RT",
    "TRC-RT"
  ],
  "split_boundaries": {
    "train_end": 7796,
    "val_end": 9466,
    "test_end": 11138
  },
  "dataset_sizes": {
    "train": 7704,
    "val": 1670,
    "test": 1672
  },
  "input_dim": 10,
  "sequence_length": 93,
  "training_history": {
    "epochs": [
      1,
      2,
      3,
      4,
      5,
      6,
      7,
      8,
      9,
      10,
      11,
      12,
      13,
      14,
      15,
      16,
      17,
      18,
      19,
      20,
      21,
      22,
      23,
      24,
      25,
      26,
      27,
      28,
      29,
      30,
      31,
      32,
      33,
      34,
      35,
      36,
      37,
      38,
      39,
      40,
      41,
      42,
      43,
      44,
      45,
      46,
      47,
      48,
      49,
      50,
      51,
      52,
      53,
      54,
      55,
      56,
      57,
      58,
      59,
      60,
      61,
      62,
      63,
      64,
      65,
      66,
      67,
      68,
      69,
      70,
      71,
      72,
      73,
      74,
      75,
      76,
      77,
      78,
      79,
      80
    ],
    "train_loss": [
      0.34707287538831477,
      0.1661683587146573,
      0.11949827744086831,
      0.09762163571665221,
      0.08291598879040711,
      0.0760058932710412,
      0.07427709880802366,
      0.07035751089933381,
      0.06600104396541913,
      0.06781607424126607,
      0.060540830668135474,
      0.05868367303398787,
      0.06167472608054786,
      0.06254289948370845,
      0.05658777733551008,
      0.058876539850346396,
      0.06123671060193984,
      0.05441025931964535,
      0.06063594034295587,
      0.05609337829618192,
      0.05101396251752245,
      0.053481594849907846,
      0.05323133367739486,
      0.054586542404700664,
      0.05279133421671601,
      0.051320871885629955,
      0.051444537713272676,
      0.05585431425927955,
      0.049400568867212516,
      0.05672738024904968,
      0.051242179410418,
      0.05224790178076872,
      0.04905857644039027,
      0.04970011246987345,
      0.05049609437755088,
      0.04930281253030615,
      0.050134160166155635,
      0.051700620485521924,
      0.052884819227834605,
      0.04933843832861474,
      0.0506953387903214,
      0.05167440742037625,
      0.049545844786666016,
      0.048300035762081264,
      0.05268561574296788,
      0.04868107471665366,
      0.0529542130070931,
      0.053011339092056575,
      0.047488171073413715,
      0.05184270905742764,
      0.04707278686102677,
      0.05676399999194675,
      0.05419619571754123,
      0.04902623478141405,
      0.05102574389315716,
      0.046845678359981886,
      0.047010945506308806,
      0.051881772397339404,
      0.05020882073994861,
      0.0470504377497629,
      0.05171485058383035,
      0.050457229777814694,
      0.047214080681124954,
      0.046732735472923746,
      0.04998514083284703,
      0.046044337422986394,
      0.048129939939343176,
      0.052556672107393496,
      0.04765063684012041,
      0.04737566036258284,
      0.050687802659573955,
      0.04494332629695984,
      0.05136462343568495,
      0.05047632561201618,
      0.04667887124518244,
      0.04716435057785157,
      0.046345754873746405,
      0.051077950587215704,
      0.04857367882940257,
      0.04973471039366499
    ],
    "val_loss": [
      0.3584770628078255,
      0.35835945820380116,
      0.30551895445692323,
      0.29706353734353347,
      0.2941398024559021,
      0.30292080726452214,
      0.28367719393290447,
      0.27684706449508667,
      0.28095158702599077,
      0.30660528694084305,
      0.29619559235201626,
      0.2907789370970812,
      0.31101599139367747,
      0.2866886350922956,
      0.2932104761015155,
      0.3140669954037238,
      0.29779218699403864,
      0.29834552260929953,
      0.31409040539564487,
      0.3242065121313769,
      0.3272980094669822,
      0.3018790940324703,
      0.31924045978192084,
      0.327675215498416,
      0.3086363141408224,
      0.3057489716364238,
      0.29303854025766524,
      0.30603495329439995,
      0.29150691075239354,
      0.34727834084790626,
      0.28664729409589024,
      0.3375448259764803,
      0.30868517139000806,
      0.35801183035273754,
      0.2951476459731599,
      0.31416442865383126,
      0.2991655383281365,
      0.3656431793452737,
      0.2980914576324874,
      0.3099961412880949,
      0.2977871880559864,
      0.3072535156489846,
      0.3479857180646794,
      0.30215858271022045,
      0.3246155306250749,
      0.3451377267609099,
      0.32289745422180544,
      0.3638958088652103,
      0.3794547183784896,
      0.3313480108797907,
      0.3242126696124048,
      0.3015414608452848,
      0.33011898523319266,
      0.3415256424578364,
      0.36741836342269074,
      0.35398669014433903,
      0.43429767300268846,
      0.3247964803330199,
      0.3167737536801549,
      0.3687947845744516,
      0.3494334849054942,
      0.3393217603603523,
      0.32511997080134775,
      0.3822574422744934,
      0.3792804708023985,
      0.35194624398282903,
      0.3084970262950052,
      0.40706755158430086,
      0.31288027299378446,
      0.3745016873239757,
      0.3063540783470976,
      0.32889466014450897,
      0.30824038868178866,
      0.3618384207080224,
      0.3545194271795764,
      0.3185488328248441,
      0.3401168977429053,
      0.3451972264729574,
      0.32830533224665476,
      0.3475364082587693
    ],
    "best_epoch": 8,
    "best_val_loss": 0.27684706449508667,
    "best_val_abs_mse": 0.4875628352165222,
    "test_loss": 3.7121669655781613,
    "test_abs_mse": 35.83258819580078,
    "tracker": {
      "initial_train_loss": 0.34707287538831477,
      "train_threshold": 0.1156909584627716,
      "best_tracking": true,
      "patience_active": true,
      "patience_best_train": null,
      "patience_best_val": 0.27684706449508667,
      "patience_no_improve_epochs": 72,
      "best_train_loss": Infinity,
      "forced_stop_due_to_threshold": false
    }
  },
  "model_files": {
    "best": "scripts/outputs/gru-trc-rate/trial_29_d55cba/best_model.pt",
    "last": "scripts/outputs/gru-trc-rate/trial_29_d55cba/last_model.pt"
  },
  "config_path": "/home/amoris/data-analysis-on-dbps/scripts/outputs/gru-trc-rate/trial_29_d55cba/config.yaml"
}