{
  "model_name": "lstm-trc-value/trial_74_a3e912",
  "model_type": "LSTM",
  "model_format": "torch",
  "model_params": {
    "history_length": 115,
    "units": 360,
    "num_layers": 6,
    "dropout": 0.36139749306406166
  },
  "training_params": {
    "max_epochs": 500,
    "batch_size": 200,
    "learning_rate": 0.00024624374693849635,
    "weight_decay": 0.0005338009130295628,
    "checkpoint_interval": 10,
    "seed": 947
  },
  "data_csv": "data/time_aligned_data.csv",
  "timestamp_column": "Date, Time",
  "columns": [
    "TRC-DT",
    "TRC-RT",
    "TRC-PPL1",
    "TRC-PPL2",
    "pH-DT",
    "pH-RT",
    "pH-PPL1",
    "pH-PPL2",
    "cond-DT",
    "cond-PPL1",
    "cond-PPL2",
    "fDOM-RT",
    "fDOM-PPL1",
    "fDOM-PPL2",
    "DO-RT",
    "DO-PPL1",
    "DO-PPL2",
    "TOC-RT",
    "TOC-PPL1",
    "TOC-PPL2",
    "DOC-RT",
    "DOC-PPL1",
    "DOC-PPL2",
    "minutes_since_start"
  ],
  "feature_columns": [
    "TRC-DT",
    "TRC-RT",
    "pH-DT",
    "pH-RT",
    "cond-DT",
    "fDOM-RT",
    "DO-RT",
    "TOC-RT",
    "DOC-RT",
    "minutes_since_start"
  ],
  "target_columns": [
    "TRC-PPL1",
    "TRC-PPL2"
  ],
  "split_boundaries": {
    "train_end": 7796,
    "val_end": 9466,
    "test_end": 11138
  },
  "dataset_sizes": {
    "train": 7682,
    "val": 1670,
    "test": 1672
  },
  "input_dim": 10,
  "sequence_length": 115,
  "training_history": {
    "epochs": [
      1,
      2,
      3,
      4,
      5,
      6,
      7,
      8,
      9,
      10,
      11,
      12,
      13,
      14,
      15,
      16,
      17,
      18,
      19,
      20,
      21,
      22,
      23,
      24,
      25,
      26,
      27,
      28,
      29,
      30,
      31,
      32,
      33,
      34,
      35,
      36,
      37,
      38,
      39,
      40,
      41,
      42,
      43,
      44,
      45,
      46,
      47,
      48,
      49,
      50,
      51,
      52,
      53,
      54,
      55,
      56,
      57,
      58,
      59,
      60,
      61,
      62,
      63,
      64,
      65,
      66,
      67,
      68,
      69,
      70,
      71,
      72,
      73,
      74,
      75,
      76,
      77,
      78,
      79,
      80
    ],
    "train_loss": [
      0.9989077150278556,
      0.37816987605074426,
      0.1589479439466827,
      0.1302656171840015,
      0.1069947142009467,
      0.08242920585378201,
      0.07208503781973276,
      0.06532406585038375,
      0.06573263365863605,
      0.06873773585105898,
      0.06417764973916662,
      0.062960910813801,
      0.06112480779638889,
      0.0660422981499198,
      0.0643875453552288,
      0.056270229740010606,
      0.06872386269056062,
      0.06378936623357696,
      0.061871448927940845,
      0.061104007686016246,
      0.07754968506432207,
      0.06967568541839389,
      0.06260368702615558,
      0.05942102220899672,
      0.0603113152014964,
      0.058012950470037246,
      0.05965992099266287,
      0.06109154062038658,
      0.055049518034525506,
      0.05651010941074901,
      0.06739972053065148,
      0.056222672429953165,
      0.052866960145616496,
      0.0533617742997816,
      0.05196857019246354,
      0.05019630183313266,
      0.05103037135073742,
      0.0714307612225712,
      0.09987547249959738,
      0.10025790868343025,
      0.08490408593495356,
      0.07783510356334558,
      0.09910007426745567,
      0.08476191668135212,
      0.06770936678440365,
      0.07011481484195058,
      0.06914914220831445,
      0.05996024819850859,
      0.05960823566815531,
      0.05806526457718715,
      0.053130380157551026,
      0.05513339290777025,
      0.05907451779239968,
      0.0511631741266299,
      0.05211535590028924,
      0.04272003315895431,
      0.045775069860245404,
      0.06021982635085516,
      0.04875198299338252,
      0.046023496134467066,
      0.03980047367581071,
      0.03517556399304834,
      0.03346147639902425,
      0.036750799463467806,
      0.03600129933212611,
      0.034274583540331166,
      0.04220657365043099,
      0.03650182215664201,
      0.03251440536771023,
      0.03318463534260287,
      0.03293139522711425,
      0.03250862593284671,
      0.03413764764941536,
      0.030398713434985514,
      0.031486322865204336,
      0.030972498345153154,
      0.032522532173360395,
      0.029380981099230024,
      0.033793298120735775,
      0.02949350865340053
    ],
    "val_loss": [
      0.3340906212608257,
      0.289163300867923,
      0.3411655975673013,
      0.2180465104694138,
      0.16552898452845877,
      0.18811034156890685,
      0.22958281930692181,
      0.22852042794762972,
      0.22931723055725325,
      0.22273839831709147,
      0.24618322687770078,
      0.2458848763636486,
      0.25192932753327363,
      0.2590730426286509,
      0.2688245504737614,
      0.3057427744933231,
      0.26128380875030677,
      0.2600589258495919,
      0.2458965641385067,
      0.26303393558827703,
      0.2462552882240204,
      0.2754229453509439,
      0.3015750831294203,
      0.2733505359309876,
      0.3056397096750265,
      0.3314813208169566,
      0.3847545949284902,
      0.35399767493237994,
      0.34751991740243876,
      0.48601957437342513,
      0.3516750231742145,
      0.38637462793709987,
      0.3984569809483197,
      0.46928674839213935,
      0.4779766611977965,
      0.5777342676848709,
      0.6129561237053957,
      0.46149957635088595,
      0.5728052833123122,
      0.5911912968058786,
      0.49893308363988725,
      0.5620726811850142,
      0.3368148869740035,
      0.3019490817528285,
      0.29872801855295716,
      0.29467019742120526,
      0.3060664645658282,
      0.30143148001439557,
      0.3075052756303085,
      0.2990700544979044,
      0.29740756567188364,
      0.29626785499785474,
      0.2972795591204466,
      0.3053362342322658,
      0.35137333993069425,
      0.2907228206624528,
      0.2810103147775827,
      0.2764398233440822,
      0.458231945817699,
      0.27300796987946163,
      0.5149501698192008,
      0.5905295601058863,
      0.3613283588233108,
      0.3379629247648987,
      0.8537653893410803,
      0.8418733967456989,
      0.4900070148670745,
      0.5748103047737818,
      0.7657955670785047,
      0.7012163644689999,
      0.8640016563192099,
      0.8951798939776278,
      0.7778808329098239,
      0.8725195888452187,
      0.8168349318697067,
      0.8327397597050239,
      0.8360450167409674,
      0.7262986356805184,
      0.8812782450350459,
      0.7963657560730408
    ],
    "best_epoch": 5,
    "best_val_loss": 0.16552898452845877,
    "test_loss": 4.519183824507244,
    "tracker": {
      "initial_train_loss": 0.9989077150278556,
      "train_threshold": 0.33296923834261855,
      "best_tracking": true,
      "patience_active": true,
      "patience_best_train": null,
      "patience_best_val": 0.16552898452845877,
      "patience_no_improve_epochs": 75,
      "best_train_loss": Infinity,
      "forced_stop_due_to_threshold": false
    }
  },
  "model_files": {
    "best": "scripts/outputs/lstm-trc-value/trial_74_a3e912/best_model.pt",
    "last": "scripts/outputs/lstm-trc-value/trial_74_a3e912/last_model.pt"
  },
  "config_path": "/home/amoris/data-analysis-on-dbps/scripts/outputs/lstm-trc-value/trial_74_a3e912/config.yaml"
}