{
  "model_name": "gru-trc-rate/trial_61_9877f0",
  "model_type": "GRU",
  "model_format": "torch",
  "model_params": {
    "history_length": 122,
    "units": 178,
    "num_layers": 6,
    "dropout": 0.3359936134034754
  },
  "training_params": {
    "max_epochs": 500,
    "batch_size": 140,
    "learning_rate": 0.0003159866331306475,
    "weight_decay": 0.00017439021951072968,
    "checkpoint_interval": 10,
    "seed": 947
  },
  "data_csv": "data/time_aligned_data.csv",
  "timestamp_column": "Date, Time",
  "columns": [
    "TRC-DT",
    "TRC-RT",
    "TRC-PPL1",
    "TRC-PPL2",
    "pH-DT",
    "pH-RT",
    "pH-PPL1",
    "pH-PPL2",
    "cond-DT",
    "cond-PPL1",
    "cond-PPL2",
    "fDOM-RT",
    "fDOM-PPL1",
    "fDOM-PPL2",
    "DO-RT",
    "DO-PPL1",
    "DO-PPL2",
    "TOC-RT",
    "TOC-PPL1",
    "TOC-PPL2",
    "DOC-RT",
    "DOC-PPL1",
    "DOC-PPL2",
    "minutes_since_start"
  ],
  "feature_columns": [
    "TRC-DT",
    "TRC-RT",
    "pH-DT",
    "pH-RT",
    "cond-DT",
    "fDOM-RT",
    "DO-RT",
    "TOC-RT",
    "DOC-RT",
    "minutes_since_start"
  ],
  "target_columns": [
    "TRC-PPL1",
    "TRC-PPL2"
  ],
  "target_mode": "rate",
  "target_base_columns": [
    "TRC-RT",
    "TRC-RT"
  ],
  "split_boundaries": {
    "train_end": 7796,
    "val_end": 9466,
    "test_end": 11138
  },
  "dataset_sizes": {
    "train": 7675,
    "val": 1670,
    "test": 1672
  },
  "input_dim": 10,
  "sequence_length": 122,
  "training_history": {
    "epochs": [
      1,
      2,
      3,
      4,
      5,
      6,
      7,
      8,
      9,
      10,
      11,
      12,
      13,
      14,
      15,
      16,
      17,
      18,
      19,
      20,
      21,
      22,
      23,
      24,
      25,
      26,
      27,
      28,
      29,
      30,
      31,
      32,
      33,
      34,
      35,
      36,
      37,
      38,
      39,
      40,
      41,
      42,
      43,
      44,
      45,
      46,
      47,
      48,
      49,
      50,
      51,
      52,
      53,
      54,
      55,
      56,
      57,
      58,
      59,
      60,
      61,
      62,
      63,
      64,
      65,
      66,
      67,
      68,
      69,
      70,
      71,
      72,
      73,
      74,
      75,
      76,
      77,
      78,
      79,
      80
    ],
    "train_loss": [
      0.36220530102617965,
      0.14119405533863588,
      0.09097985444948417,
      0.06344683194830286,
      0.04848698898421825,
      0.04372749627849955,
      0.04046961175647931,
      0.039105711059481005,
      0.03473544260335279,
      0.03274160038060979,
      0.030353279818298374,
      0.029747564260656747,
      0.02845926110538675,
      0.026495186601088957,
      0.02613735637515298,
      0.025522133913073168,
      0.024037405873985555,
      0.02454323289909852,
      0.022984924573900258,
      0.023987671265724427,
      0.02214201237848605,
      0.022302611445225412,
      0.021175926736880592,
      0.021449428106315362,
      0.021299124948364903,
      0.021527649288699758,
      0.020277251732757115,
      0.019834340849120766,
      0.02009877553300671,
      0.01962853680191871,
      0.020587985222425057,
      0.01970601836856491,
      0.019715550736029683,
      0.019329868047118965,
      0.020120297497326467,
      0.019801749674912772,
      0.019040070225390626,
      0.019981015535490133,
      0.01863313210151289,
      0.018911477008452245,
      0.019066358207200172,
      0.019531133150869937,
      0.0185437603280288,
      0.018639593319026964,
      0.018248759011103975,
      0.01916990881294303,
      0.017963320298381272,
      0.018481209846243796,
      0.01812172823916235,
      0.018181470623816264,
      0.01801053964402466,
      0.017906204105054516,
      0.018394119595860035,
      0.0180986958734861,
      0.017901616857814866,
      0.018488265578832222,
      0.017288450878538215,
      0.0171412624382332,
      0.01788191919363671,
      0.01805241045569364,
      0.017691533393090052,
      0.018079678068720167,
      0.017313705105637883,
      0.017150580955226376,
      0.017288672922828298,
      0.017056501716229737,
      0.017377544694401153,
      0.01764252493552354,
      0.01723798762897715,
      0.016864848418422163,
      0.01754999530990077,
      0.0170791678700948,
      0.016869907351119706,
      0.016707324041266007,
      0.016236371692597673,
      0.016965455936832227,
      0.016780492694933175,
      0.017764797844356747,
      0.017807850259862815,
      0.016639121026043396
    ],
    "val_loss": [
      0.3286309351999603,
      0.339529022619039,
      0.19432355102129326,
      0.21397140430297681,
      0.20476943531079206,
      0.23438750588876045,
      0.4010910715483977,
      0.38771623785713477,
      0.5083056093600695,
      0.550585372161544,
      0.4651754714191674,
      0.5448709890737148,
      0.6242014386741344,
      0.48409474571932576,
      0.6864993720800577,
      0.6152971141977225,
      0.6313742706607915,
      0.7609623529150814,
      0.6377090775145742,
      0.6748941621916023,
      1.0015584330805047,
      0.5420512643581379,
      0.5915574421381166,
      0.5320905780274711,
      0.5727689125893002,
      0.6499940620590291,
      0.543139333741929,
      0.5529060041208467,
      0.556158839518617,
      0.7608814274078001,
      0.6259482283658253,
      0.5364269194064918,
      0.5882076042854857,
      0.8744582727239161,
      0.6481419343523637,
      0.6008302577754516,
      0.6526011735490874,
      0.5499390276472369,
      0.6654008759107597,
      0.6872840700838381,
      0.9221149232952359,
      0.7221278515895326,
      0.6167781450032831,
      0.7524849001295909,
      0.7621353567985003,
      0.6631675636964643,
      0.8137895067161072,
      0.7635767771611492,
      0.7308927626086923,
      0.7420253293242997,
      0.8016085805605628,
      0.677483182400465,
      0.7442012469836338,
      0.5662584406083929,
      0.6490593983340049,
      0.6334776257772645,
      0.7110691481007787,
      0.6795168796520747,
      0.8369293156899735,
      0.668295589995063,
      0.6880734242320418,
      0.6161551363654658,
      0.7916578937009602,
      0.895083431243718,
      0.8202999947804533,
      0.7239405325876025,
      0.6584652276140844,
      0.7400646433680357,
      0.7165068557519398,
      0.735980213993413,
      0.7500734298328261,
      0.7722940238939966,
      0.6340574802172755,
      0.8097012821852625,
      0.651719395405875,
      0.6485887715358756,
      0.6811973073569957,
      0.600091009015987,
      0.6678811360574411,
      0.716070949250531
    ],
    "best_epoch": 3,
    "best_val_loss": 0.19432355102129326,
    "best_val_abs_mse": 0.3686935603618622,
    "test_loss": 4.0824737018375306,
    "test_abs_mse": 40.75638198852539,
    "tracker": {
      "initial_train_loss": 0.36220530102617965,
      "train_threshold": 0.12073510034205988,
      "best_tracking": true,
      "patience_active": true,
      "patience_best_train": null,
      "patience_best_val": 0.19432355102129326,
      "patience_no_improve_epochs": 78,
      "best_train_loss": Infinity,
      "forced_stop_due_to_threshold": false
    }
  },
  "model_files": {
    "best": "scripts/outputs/gru-trc-rate/trial_61_9877f0/best_model.pt",
    "last": "scripts/outputs/gru-trc-rate/trial_61_9877f0/last_model.pt"
  },
  "config_path": "/home/amoris/data-analysis-on-dbps/scripts/outputs/gru-trc-rate/trial_61_9877f0/config.yaml"
}