{
  "model_name": "rnn-trc-value/trial_63_41b38e",
  "model_type": "RNN",
  "model_format": "torch",
  "model_params": {
    "history_length": 112,
    "units": 187,
    "num_layers": 4,
    "dropout": 0.24780330701773712
  },
  "training_params": {
    "max_epochs": 500,
    "batch_size": 153,
    "learning_rate": 0.0004091714451326597,
    "weight_decay": 0.00031224477905008956,
    "checkpoint_interval": 10,
    "seed": 947
  },
  "data_csv": "data/time_aligned_data.csv",
  "timestamp_column": "Date, Time",
  "columns": [
    "TRC-DT",
    "TRC-RT",
    "TRC-PPL1",
    "TRC-PPL2",
    "pH-DT",
    "pH-RT",
    "pH-PPL1",
    "pH-PPL2",
    "cond-DT",
    "cond-PPL1",
    "cond-PPL2",
    "fDOM-RT",
    "fDOM-PPL1",
    "fDOM-PPL2",
    "DO-RT",
    "DO-PPL1",
    "DO-PPL2",
    "TOC-RT",
    "TOC-PPL1",
    "TOC-PPL2",
    "DOC-RT",
    "DOC-PPL1",
    "DOC-PPL2",
    "minutes_since_start"
  ],
  "feature_columns": [
    "TRC-DT",
    "TRC-RT",
    "pH-DT",
    "pH-RT",
    "cond-DT",
    "fDOM-RT",
    "DO-RT",
    "TOC-RT",
    "DOC-RT",
    "minutes_since_start"
  ],
  "target_columns": [
    "TRC-PPL1",
    "TRC-PPL2"
  ],
  "split_boundaries": {
    "train_end": 7796,
    "val_end": 9466,
    "test_end": 11138
  },
  "dataset_sizes": {
    "train": 7685,
    "val": 1670,
    "test": 1672
  },
  "input_dim": 10,
  "sequence_length": 112,
  "training_history": {
    "epochs": [
      1,
      2,
      3,
      4,
      5,
      6,
      7,
      8,
      9,
      10,
      11,
      12,
      13,
      14,
      15,
      16,
      17,
      18,
      19,
      20,
      21,
      22,
      23,
      24,
      25,
      26,
      27,
      28,
      29,
      30,
      31,
      32,
      33,
      34,
      35,
      36,
      37,
      38,
      39,
      40,
      41,
      42,
      43,
      44,
      45,
      46,
      47,
      48,
      49,
      50,
      51,
      52,
      53,
      54,
      55,
      56,
      57,
      58,
      59,
      60,
      61,
      62,
      63,
      64,
      65,
      66,
      67,
      68,
      69,
      70,
      71,
      72,
      73,
      74,
      75,
      76,
      77,
      78,
      79,
      80,
      81,
      82,
      83,
      84,
      85,
      86,
      87,
      88,
      89,
      90,
      91,
      92,
      93,
      94,
      95,
      96,
      97,
      98,
      99,
      100,
      101,
      102,
      103,
      104,
      105,
      106,
      107,
      108,
      109,
      110,
      111,
      112,
      113,
      114,
      115,
      116,
      117,
      118,
      119,
      120,
      121,
      122,
      123,
      124,
      125,
      126,
      127,
      128,
      129,
      130,
      131,
      132,
      133
    ],
    "train_loss": [
      0.32660600364247,
      0.12973501363801895,
      0.0771747956516569,
      0.05515713335421462,
      0.04431606013286633,
      0.040915156872282574,
      0.04235866946145824,
      0.03473013385466228,
      0.03157986952531198,
      0.03032553107971562,
      0.030864099627415237,
      0.032774752433240295,
      0.02923624220079389,
      0.028752824186881253,
      0.029840657713404318,
      0.02863444347290847,
      0.024997461625485738,
      0.02612301982532055,
      0.02644955641653682,
      0.02687305192630944,
      0.025429025430549798,
      0.024919383091610906,
      0.027648993320254125,
      0.026007918068241126,
      0.02395124155216079,
      0.023262914381897055,
      0.026136060090821596,
      0.021903837242672097,
      0.02337472943798745,
      0.025075724449011128,
      0.02390041130079258,
      0.021503430914931197,
      0.020798773163167316,
      0.024820434043478407,
      0.022280287006766902,
      0.02065820156093069,
      0.020149390828942973,
      0.021303593140112438,
      0.02009943375035529,
      0.019572334558925382,
      0.0206022830424308,
      0.02117513075214008,
      0.02123382151824899,
      0.019865419887486184,
      0.023395418017501557,
      0.019474699008523954,
      0.019752462208755775,
      0.019422313277824753,
      0.030165122927359816,
      0.02050729498228394,
      0.021066785683260387,
      0.01903680782830591,
      0.019254204789243237,
      0.019396063766733695,
      0.019937430655677053,
      0.019153932232480003,
      0.01994419427674625,
      0.019407754376646987,
      0.018596702570637363,
      0.018962282882294408,
      0.01976905788913631,
      0.01963270894756508,
      0.020851131007026836,
      0.01943905149527723,
      0.019213653559673506,
      0.019537248980149715,
      0.020240280263504,
      0.02055436822045873,
      0.020113375105530934,
      0.01850831120619738,
      0.01853942235249471,
      0.018080396264689692,
      0.01781415394595209,
      0.019162593958881202,
      0.019339972035686694,
      0.02059365087173632,
      0.020991473285288647,
      0.01870565914058732,
      0.018097934866337397,
      0.018517041746975348,
      0.018641699681382094,
      0.018556769370969697,
      0.03283812212409353,
      0.03161616132472852,
      0.02090890956612361,
      0.01889148460241809,
      0.018460244517082624,
      0.01813824302410839,
      0.019559288801347854,
      0.018054880001736717,
      0.017929631835437474,
      0.01839621618448253,
      0.01835117074966954,
      0.017870228964212503,
      0.018027058474734067,
      0.01847654240582776,
      0.017955840708507333,
      0.01792724982858984,
      0.01885551852243786,
      0.018128401089748083,
      0.018747895953252127,
      0.01875384362958609,
      0.019759408626329727,
      0.018580688139643076,
      0.021821158802380364,
      0.019306899909785645,
      0.017993985239365462,
      0.01753143615555321,
      0.01782542654108947,
      0.01742855554838012,
      0.017407138707090798,
      0.018085841640282273,
      0.018526576942823,
      0.018043737922157067,
      0.018606619456044908,
      0.019529655801039006,
      0.022160579273616563,
      0.024570230952547057,
      0.02004691783966534,
      0.02081769361738152,
      0.01754112137989344,
      0.01950767232673503,
      0.01798811332482018,
      0.017619934478967356,
      0.017825496287515934,
      0.017496270445589324,
      0.01778666339487458,
      0.01839943618314291,
      0.0171620138692406,
      0.01736724481868837,
      0.017548238683950033,
      0.017734801680911225,
      0.01774955168790587
    ],