{
  "model_name": "lstm-trc-value/trial_64_ed2f00",
  "model_type": "LSTM",
  "model_format": "torch",
  "model_params": {
    "history_length": 69,
    "units": 343,
    "num_layers": 3,
    "dropout": 0.3443610314404477
  },
  "training_params": {
    "max_epochs": 500,
    "batch_size": 203,
    "learning_rate": 0.0005277596314915089,
    "weight_decay": 0.004324811988190595,
    "checkpoint_interval": 10,
    "seed": 947
  },
  "data_csv": "data/time_aligned_data.csv",
  "timestamp_column": "Date, Time",
  "columns": [
    "TRC-DT",
    "TRC-RT",
    "TRC-PPL1",
    "TRC-PPL2",
    "pH-DT",
    "pH-RT",
    "pH-PPL1",
    "pH-PPL2",
    "cond-DT",
    "cond-PPL1",
    "cond-PPL2",
    "fDOM-RT",
    "fDOM-PPL1",
    "fDOM-PPL2",
    "DO-RT",
    "DO-PPL1",
    "DO-PPL2",
    "TOC-RT",
    "TOC-PPL1",
    "TOC-PPL2",
    "DOC-RT",
    "DOC-PPL1",
    "DOC-PPL2",
    "minutes_since_start"
  ],
  "feature_columns": [
    "TRC-DT",
    "TRC-RT",
    "pH-DT",
    "pH-RT",
    "cond-DT",
    "fDOM-RT",
    "DO-RT",
    "TOC-RT",
    "DOC-RT",
    "minutes_since_start"
  ],
  "target_columns": [
    "TRC-PPL1",
    "TRC-PPL2"
  ],
  "split_boundaries": {
    "train_end": 7796,
    "val_end": 9466,
    "test_end": 11138
  },
  "dataset_sizes": {
    "train": 7728,
    "val": 1670,
    "test": 1672
  },
  "input_dim": 10,
  "sequence_length": 69,
  "training_history": {
    "epochs": [
      1,
      2,
      3,
      4,
      5,
      6,
      7,
      8,
      9,
      10,
      11,
      12,
      13,
      14,
      15,
      16,
      17,
      18,
      19,
      20,
      21,
      22,
      23,
      24,
      25,
      26,
      27,
      28,
      29,
      30,
      31,
      32,
      33,
      34,
      35,
      36,
      37,
      38,
      39,
      40,
      41,
      42,
      43,
      44,
      45,
      46,
      47,
      48,
      49,
      50,
      51,
      52,
      53,
      54,
      55,
      56,
      57,
      58,
      59,
      60,
      61,
      62,
      63,
      64,
      65,
      66,
      67,
      68,
      69,
      70,
      71,
      72,
      73,
      74,
      75,
      76,
      77,
      78,
      79,
      80
    ],
    "train_loss": [
      0.4779355308931807,
      0.13995217284241665,
      0.10188488542790645,
      0.08002412753463116,
      0.0644309335604202,
      0.05714346817019733,
      0.05626366024607442,
      0.05244496272390951,
      0.04753592992673857,
      0.048432823857697455,
      0.04798463359475136,
      0.04596753838890488,
      0.04639899956426867,
      0.04014558930867824,
      0.040728640874199896,
      0.03959391275555759,
      0.04146673861364632,
      0.04413080951401397,
      0.040248006190834705,
      0.042703488963129727,
      0.03637660829438086,
      0.035552366967380476,
      0.03944203285399177,
      0.04313674923606163,
      0.03529582802793416,
      0.03743509217367872,
      0.03349708179281889,
      0.034415353744196284,
      0.033592916702838156,
      0.03402710572371016,
      0.03408001904524323,
      0.032869876607024257,
      0.03392671206392402,
      0.031370750328093985,
      0.03217909185121349,
      0.03219688133896747,
      0.03478820065367103,
      0.03178433467553038,
      0.034989141315842666,
      0.03291728697629456,
      0.03240414231718666,
      0.03027337552824368,
      0.030420177049286987,
      0.03409752924757861,
      0.032820814253721874,
      0.029198075307236202,
      0.0343965313454712,
      0.031314500725652644,
      0.029645050644699106,
      0.03350927587598562,
      0.03164228748199462,
      0.03197683205666101,
      0.03145138986165757,
      0.030284661976823016,
      0.03225251086616376,
      0.03241173433733807,
      0.028933339273098154,
      0.03185209252304681,
      0.0302231859287544,
      0.028690202868597556,
      0.03484910512781716,
      0.03248026542385797,
      0.030000221866614902,
      0.028627244563287368,
      0.028611876237530098,
      0.028952785953204486,
      0.02960653178414087,
      0.03259178272286511,
      0.03285017116940108,
      0.030464691622857597,
      0.033035684508554965,
      0.03328413385357978,
      0.030482886996849076,
      0.031540333620690995,
      0.029748056738542906,
      0.031729193815988474,
      0.03200733773174115,
      0.03604920858861473,
      0.03090097986674611,
      0.028588453908383413
    ],
    "val_loss": [
      0.4676610546019263,
      0.30138510820082204,
      0.2616240702413335,
      0.22617871676108794,
      0.3130629736885518,
      0.2209070219920424,
      0.309771215627918,
      0.2425718443367831,
      0.2916586399546819,
      0.2746048764264334,
      0.26615162429115374,
      0.3107901236655826,
      0.2416741974406435,
      0.26590476660448276,
      0.25729656275807916,
      0.305664322920099,
      0.2855723035638918,
      0.2750280928770136,
      0.2834272812717332,
      0.2771581226825982,
      0.2812692566947666,
      0.30112243513548803,
      0.2912595389210089,
      0.28577582007887475,
      0.3088538091384365,
      0.3000849642584513,
      0.3045455875968237,
      0.3047301021588598,
      0.31736281029099295,
      0.31877859383152274,
      0.3132331250056981,
      0.35518681156242676,
      0.3390919732387194,
      0.32492542973423966,
      0.3302073542909797,
      0.3448019829874267,
      0.315067651988325,
      0.36616849741357527,
      0.3398317284893222,
      0.3713156953253253,
      0.34751385652800343,
      0.354185531815949,
      0.3776279500635441,
      0.32004545299771303,
      0.3689790270140696,
      0.3589473492750329,
      0.36817566214497394,
      0.3243194039877571,
      0.3876987406649365,
      0.3194789892319077,
      0.35599497273274344,
      0.3723764273845507,
      0.375822895575694,
      0.3226970439944082,
      0.33618665074449994,
      0.3532277421100054,
      0.43489365075787384,
      0.38698905005404155,
      0.36023786194220986,
      0.3748814853164786,
      0.39847156216284474,
      0.330963423969726,
      0.3439675060831412,
      0.3828304558624318,
      0.36474115395371964,
      0.3422363488271297,
      0.5336626619267875,
      0.3776930442146823,
      0.346685808826751,
      0.34756308945710074,
      0.4019994751834673,
      0.3351536505415054,
      0.3228682262231847,
      0.3627214879567127,
      0.4612347624984062,
      0.3198441417787425,
      0.34366060596650944,
      0.3266318377296992,
      0.3349584845536037,
      0.36929223009100753
    ],
    "best_epoch": 6,
    "best_val_loss": 0.2209070219920424,
    "test_loss": 4.8458969706411,
    "tracker": {
      "initial_train_loss": 0.4779355308931807,
      "train_threshold": 0.15931184363106024,
      "best_tracking": true,
      "patience_active": true,
      "patience_best_train": null,
      "patience_best_val": 0.2209070219920424,
      "patience_no_improve_epochs": 74,
      "best_train_loss": Infinity,
      "forced_stop_due_to_threshold": false
    }
  },
  "model_files": {
    "best": "scripts/outputs/lstm-trc-value/trial_64_ed2f00/best_model.pt",
    "last": "scripts/outputs/lstm-trc-value/trial_64_ed2f00/last_model.pt"
  },
  "config_path": "/home/amoris/data-analysis-on-dbps/scripts/outputs/lstm-trc-value/trial_64_ed2f00/config.yaml"
}