{
  "model_name": "mlp_with_history-trc-value/trial_62_511329",
  "model_type": "MLP_WITH_HISTORY",
  "model_format": "torch",
  "model_params": {
    "history_length": 43,
    "hidden_layers": [
      4096,
      3072,
      2048,
      1024,
      768,
      512,
      256,
      128
    ],
    "dropout": 0.1872524617493367,
    "mid_layer_count": 2,
    "mid_layer_size": 554
  },
  "training_params": {
    "max_epochs": 500,
    "batch_size": 419,
    "learning_rate": 0.0016863238242322929,
    "weight_decay": 0.0013038002315616055,
    "checkpoint_interval": 10,
    "seed": 77
  },
  "data_csv": "data/time_aligned_data.csv",
  "timestamp_column": "Date, Time",
  "columns": [
    "TRC-DT",
    "TRC-RT",
    "TRC-PPL1",
    "TRC-PPL2",
    "pH-DT",
    "pH-RT",
    "pH-PPL1",
    "pH-PPL2",
    "cond-DT",
    "cond-PPL1",
    "cond-PPL2",
    "fDOM-RT",
    "fDOM-PPL1",
    "fDOM-PPL2",
    "DO-RT",
    "DO-PPL1",
    "DO-PPL2",
    "TOC-RT",
    "TOC-PPL1",
    "TOC-PPL2",
    "DOC-RT",
    "DOC-PPL1",
    "DOC-PPL2",
    "minutes_since_start"
  ],
  "feature_columns": [
    "TRC-DT",
    "TRC-RT",
    "pH-DT",
    "pH-RT",
    "cond-DT",
    "fDOM-RT",
    "DO-RT",
    "TOC-RT",
    "DOC-RT",
    "minutes_since_start"
  ],
  "target_columns": [
    "TRC-PPL1",
    "TRC-PPL2"
  ],
  "split_boundaries": {
    "train_end": 7796,
    "val_end": 9466,
    "test_end": 11138
  },
  "dataset_sizes": {
    "train": 7754,
    "val": 1670,
    "test": 1672
  },
  "input_dim": 430,
  "sequence_length": null,
  "training_history": {
    "epochs": [
      1,
      2,
      3,
      4,
      5,
      6,
      7,
      8,
      9,
      10,
      11,
      12,
      13,
      14,
      15,
      16,
      17,
      18,
      19,
      20,
      21,
      22,
      23,
      24,
      25,
      26,
      27,
      28,
      29,
      30,
      31,
      32,
      33,
      34,
      35,
      36,
      37,
      38,
      39,
      40,
      41,
      42,
      43,
      44,
      45,
      46,
      47,
      48,
      49,
      50,
      51,
      52,
      53,
      54,
      55,
      56,
      57,
      58,
      59,
      60,
      61,
      62,
      63,
      64,
      65,
      66,
      67,
      68,
      69,
      70,
      71,
      72,
      73,
      74,
      75,
      76,
      77,
      78,
      79,
      80
    ],
    "train_loss": [
      0.9599239584370806,
      0.68818623916387,
      0.3077112942980158,
      0.1500016764586569,
      0.1333062312449719,
      0.12822949778800746,
      0.12646965565953114,
      0.13785977204331948,
      0.12430289058220857,
      0.11806285620669683,
      0.1232986655754083,
      0.11819884292963918,
      0.11602851378627896,
      0.11567204745391733,
      0.11679366284100733,
      0.11303635954814595,
      0.11012046487061732,
      0.10849441480884117,
      0.10990897721837008,
      0.1230017403570653,
      0.11148933891513498,
      0.11274889055884527,
      0.10670118467141926,
      0.10425773840075706,
      0.10572875925282826,
      0.10222355441231379,
      0.10409619799376241,
      0.10092353602203014,
      0.10716480137105298,
      0.10722607572130362,
      0.109499184340277,
      0.10521272291146605,
      0.10253733813355256,
      0.09753134284290513,
      0.10112903080544337,
      0.10307035679446842,
      0.10601735211810809,
      0.10814805997514927,
      0.1297373792153214,
      0.11540462174192205,
      0.10108986461853624,
      0.09674156460548788,
      0.09828755992368875,
      0.0966841050332159,
      0.10127666770647044,
      0.09806454421119773,
      0.11200826614614703,
      0.1486220705599892,
      0.11411771986144456,
      0.09872188803547431,
      0.097948499629262,
      0.09483832506011804,
      0.09675312122276741,
      0.09393816784327873,
      0.09554622395347005,
      0.09291071844087116,
      0.09244839526734033,
      0.09524875651177346,
      0.0979022361666756,
      0.09367945922314275,
      0.0965857359381075,
      0.10477481685869006,
      0.09448846888113244,
      0.09462354782664165,
      0.09355870160512743,
      0.09053536096329784,
      0.08835923664515892,
      0.09430610856941166,
      0.09424483742846451,
      0.6162672744694446,
      0.974783745582552,
      1.600129225257441,
      1.0252384543188275,
      1.0037271885764885,
      1.0011756275543884,
      1.0003673790470977,
      0.9954804839056609,
      0.9180778338256066,
      0.7662389502371283,
      0.6235437838801225
    ],
    "val_loss": [
      0.2793968049485883,
      0.32257080464930593,
      0.17073372088395014,
      0.21533126120795748,
      0.200137032807141,
      0.47436726217319863,
      0.21966408390083356,
      0.22784932110302464,
      0.22968826839800724,
      0.2399082583916223,
      0.27119265922908475,
      0.24204474205742338,
      0.29593479147035917,
      0.3436529685358355,
      0.401672560196303,
      0.6936273405607232,
      0.2789289661521416,
      0.5150600931690839,
      0.2955247104357549,
      0.26280892876696266,
      0.2828554267554494,
      0.26794043488934366,
      0.29902077787360565,
      0.4968377897058597,
      0.27974166849148485,
      0.29224726813036705,
      0.2831469721110638,
      0.3625846279327741,
      0.27018840025195817,
      0.272206704977699,
      0.2906604861216006,
      0.2755053153094239,
      0.30527406340453794,
      0.2743101392376298,
      0.3719487276954387,
      0.27722949020809934,
      0.2576987424251919,
      0.3993591930784151,
      0.3313391373542968,
      0.27914587191478935,
      0.30998401449558266,
      0.32485021025187777,
      0.2835312626330171,
      0.2804526763159536,
      0.26463962908454997,
      0.34827960815146836,
      0.47484327872802395,
      0.26264614170406037,
      0.24221676066963974,
      0.27467432905791583,
      0.3451899823637869,
      0.2975764409945664,
      0.31238415334262176,
      0.36119280967102974,
      0.25518583582636123,
      0.29470152719180565,
      0.2952219871447204,
      0.2718037172973513,
      0.3629399801654641,
      0.2840598606733148,
      0.27039823778263644,
      0.2642171669238342,
      0.2991020838334086,
      0.37437111449143484,
      0.2858074441050252,
      0.31136742339408147,
      0.3727659246611024,
      0.319178216689138,
      0.2658844861943654,
      4.5677706679898105,
      0.38770374413468167,
      0.386653292518176,
      0.38453089155836734,
      0.3772783429055157,
      0.3722680282360779,
      0.3683784889715339,
      0.366042573828094,
      0.6324278959167932,
      0.24495749480710058,
      0.3299280416688876
    ],
    "best_epoch": 3,
    "best_val_loss": 0.17073372088395014,
    "test_loss": 4.483027291996628,
    "tracker": {
      "initial_train_loss": 0.9599239584370806,
      "train_threshold": 0.3199746528123602,
      "best_tracking": true,
      "patience_active": true,
      "patience_best_train": null,
      "patience_best_val": 0.17073372088395014,
      "patience_no_improve_epochs": 78,
      "best_train_loss": Infinity,
      "forced_stop_due_to_threshold": false
    }
  },
  "model_files": {
    "best": "scripts/outputs/mlp_with_history-trc-value/trial_62_511329/best_model.pt",
    "last": "scripts/outputs/mlp_with_history-trc-value/trial_62_511329/last_model.pt"
  },
  "config_path": "/home/amoris/data-analysis-on-dbps/scripts/outputs/mlp_with_history-trc-value/trial_62_511329/config.yaml"
}