{
  "model_name": "gru-trc-value/trial_47_7a423a",
  "model_type": "GRU",
  "model_format": "torch",
  "model_params": {
    "history_length": 55,
    "units": 134,
    "num_layers": 6,
    "dropout": 0.3344235197800728
  },
  "training_params": {
    "max_epochs": 500,
    "batch_size": 268,
    "learning_rate": 0.0003165361371385696,
    "weight_decay": 0.00023298850197783083,
    "checkpoint_interval": 10,
    "seed": 947
  },
  "data_csv": "data/time_aligned_data.csv",
  "timestamp_column": "Date, Time",
  "columns": [
    "TRC-DT",
    "TRC-RT",
    "TRC-PPL1",
    "TRC-PPL2",
    "pH-DT",
    "pH-RT",
    "pH-PPL1",
    "pH-PPL2",
    "cond-DT",
    "cond-PPL1",
    "cond-PPL2",
    "fDOM-RT",
    "fDOM-PPL1",
    "fDOM-PPL2",
    "DO-RT",
    "DO-PPL1",
    "DO-PPL2",
    "TOC-RT",
    "TOC-PPL1",
    "TOC-PPL2",
    "DOC-RT",
    "DOC-PPL1",
    "DOC-PPL2",
    "minutes_since_start"
  ],
  "feature_columns": [
    "TRC-DT",
    "TRC-RT",
    "pH-DT",
    "pH-RT",
    "cond-DT",
    "fDOM-RT",
    "DO-RT",
    "TOC-RT",
    "DOC-RT",
    "minutes_since_start"
  ],
  "target_columns": [
    "TRC-PPL1",
    "TRC-PPL2"
  ],
  "split_boundaries": {
    "train_end": 7796,
    "val_end": 9466,
    "test_end": 11138
  },
  "dataset_sizes": {
    "train": 7742,
    "val": 1670,
    "test": 1672
  },
  "input_dim": 10,
  "sequence_length": 55,
  "training_history": {
    "epochs": [
      1,
      2,
      3,
      4,
      5,
      6,
      7,
      8,
      9,
      10,
      11,
      12,
      13,
      14,
      15,
      16,
      17,
      18,
      19,
      20,
      21,
      22,
      23,
      24,
      25,
      26,
      27,
      28,
      29,
      30,
      31,
      32,
      33,
      34,
      35,
      36,
      37,
      38,
      39,
      40,
      41,
      42,
      43,
      44,
      45,
      46,
      47,
      48,
      49,
      50,
      51,
      52,
      53,
      54,
      55,
      56,
      57,
      58,
      59,
      60,
      61,
      62,
      63,
      64,
      65,
      66,
      67,
      68,
      69,
      70,
      71,
      72,
      73,
      74,
      75,
      76,
      77,
      78,
      79,
      80
    ],
    "train_loss": [
      0.550948831522936,
      0.19475240795241558,
      0.14348062862878128,
      0.1172504312106418,
      0.08954314857113119,
      0.07141121387389303,
      0.06498725073389446,
      0.054875822537161216,
      0.05103220246988222,
      0.048580461991284435,
      0.04741022209423945,
      0.04426387407114665,
      0.04270578645221702,
      0.04163270774055624,
      0.03900479009503451,
      0.03726521442235055,
      0.03854123014957675,
      0.03627506564042883,
      0.03535020121358079,
      0.033314755174890257,
      0.032635795224859286,
      0.033450459954127945,
      0.03048719355638746,
      0.029941612015423218,
      0.03053516935479176,
      0.0299311357787785,
      0.029133001685015487,
      0.028492746869878263,
      0.027973647337879392,
      0.027457587529205747,
      0.027643868378723232,
      0.026345690445759382,
      0.02595706221107918,
      0.025548857956493403,
      0.02567437462300809,
      0.024974631958789555,
      0.02472468903199227,
      0.024186605167050935,
      0.024498837367970486,
      0.024423966465267184,
      0.022885868793054626,
      0.023255899254530015,
      0.022329489239767,
      0.021942293189621903,
      0.021569030045177302,
      0.02147129152592794,
      0.022011497229995947,
      0.022327026424944416,
      0.02164204568931512,
      0.02101514813639618,
      0.022558734937732423,
      0.021300156153998336,
      0.02085933040224114,
      0.020468343574254436,
      0.020287747231430706,
      0.02012190955624396,
      0.020212714448455724,
      0.02003204873015994,
      0.01966240044439741,
      0.020241102976981937,
      0.020069210697951874,
      0.019832366856608517,
      0.020714007353627138,
      0.020519726569743865,
      0.019486381436304292,
      0.019317281921568598,
      0.019271627726772902,
      0.019046787780766586,
      0.019259651085432573,
      0.0199878812317422,
      0.019697082825380373,
      0.019386382884670986,
      0.02007682713913582,
      0.018925114864643707,
      0.018552205533278108,
      0.018803441191144583,
      0.01856179246152057,
      0.019020524140119215,
      0.019471818851646266,
      0.01864967301383988
    ],
    "val_loss": [
      0.3207751086550558,
      0.33142031482950657,
      0.34821066840323145,
      0.2715284084131618,
      0.1823967584860539,
      0.2232650486652009,
      0.23749088650335096,
      0.18816063050738352,
      0.19696437587995017,
      0.16524676422694487,
      0.15926567689922755,
      0.18765198097614472,
      0.25837507258632225,
      0.17819569274158534,
      0.3083721311595625,
      0.3636002049296202,
      0.23354830511672767,
      0.37144972436620805,
      0.47387514771994005,
      0.5615083960448196,
      0.6688370124487106,
      0.49061376856651134,
      0.6238245474631915,
      0.6440845598405349,
      0.6370566036128356,
      0.7391910914398596,
      0.7911546609001959,
      0.7832425299831136,
      0.7945011640380243,
      1.1444510017906477,
      1.2486392658493832,
      1.154309562326013,
      1.780264345110355,
      1.5426738998534795,
      1.9012883100324047,
      1.266923562111612,
      1.778533741702398,
      1.8230711229680898,
      1.4269817326597112,
      1.6944546258913542,
      2.0184156605181935,
      1.995121519089102,
      2.1028073359526203,
      2.2750214524031755,
      2.302250905214491,
      2.774250038548144,
      2.498583257849702,
      1.049614232283331,
      1.522377053906996,
      1.5748028689961948,
      2.2249390127549984,
      2.092242903244531,
      2.3874863070419092,
      2.0889264692491043,
      2.5118720359654128,
      2.3534863381864066,
      2.2723915775022108,
      2.423575005555403,
      1.8588040507660655,
      2.3515736538314536,
      2.610447275643042,
      2.4299672831496792,
      2.4136872835457326,
      2.001675847235197,
      1.4681538571051496,
      1.8856331496806202,
      2.169483922524545,
      2.4120542721209413,
      2.0566946258132686,
      2.054147874318554,
      2.1522059383194247,
      2.7205480841596326,
      2.2773488452780746,
      2.207847317700793,
      2.107669879451483,
      2.083984992269449,
      1.7520950302615494,
      1.5552532594896362,
      2.15723815786089,
      1.9593089398911256
    ],
    "best_epoch": 11,
    "best_val_loss": 0.15926567689922755,
    "test_loss": 3.96521536157462,
    "tracker": {
      "initial_train_loss": 0.550948831522936,
      "train_threshold": 0.1836496105076453,
      "best_tracking": true,
      "patience_active": true,
      "patience_best_train": null,
      "patience_best_val": 0.15926567689922755,
      "patience_no_improve_epochs": 69,
      "best_train_loss": Infinity,
      "forced_stop_due_to_threshold": false
    }
  },
  "model_files": {
    "best": "scripts/outputs/gru-trc-value/trial_47_7a423a/best_model.pt",
    "last": "scripts/outputs/gru-trc-value/trial_47_7a423a/last_model.pt"
  },
  "config_path": "/home/amoris/data-analysis-on-dbps/scripts/outputs/gru-trc-value/trial_47_7a423a/config.yaml"
}