{
  "model_name": "lstm-other-value/trial_22_45c6e0",
  "model_type": "LSTM",
  "model_format": "torch",
  "model_params": {
    "history_length": 152,
    "units": 365,
    "num_layers": 3,
    "dropout": 0.4738014775394148
  },
  "training_params": {
    "max_epochs": 500,
    "batch_size": 184,
    "learning_rate": 0.0015573098993045091,
    "weight_decay": 0.0006123988436184485,
    "checkpoint_interval": 10,
    "seed": 947
  },
  "data_csv": "data/time_aligned_data.csv",
  "timestamp_column": "Date, Time",
  "columns": [
    "TRC-DT",
    "TRC-RT",
    "TRC-PPL1",
    "TRC-PPL2",
    "pH-DT",
    "pH-RT",
    "pH-PPL1",
    "pH-PPL2",
    "cond-DT",
    "cond-PPL1",
    "cond-PPL2",
    "fDOM-RT",
    "fDOM-PPL1",
    "fDOM-PPL2",
    "DO-RT",
    "DO-PPL1",
    "DO-PPL2",
    "TOC-RT",
    "TOC-PPL1",
    "TOC-PPL2",
    "DOC-RT",
    "DOC-PPL1",
    "DOC-PPL2",
    "minutes_since_start"
  ],
  "feature_columns": [
    "TRC-DT",
    "TRC-RT",
    "pH-DT",
    "pH-RT",
    "cond-DT",
    "fDOM-RT",
    "DO-RT",
    "TOC-RT",
    "DOC-RT",
    "minutes_since_start"
  ],
  "target_columns": [
    "TOC-PPL1",
    "TOC-PPL2",
    "DOC-PPL1",
    "DOC-PPL2",
    "pH-PPL1",
    "pH-PPL2"
  ],
  "split_boundaries": {
    "train_end": 7796,
    "val_end": 9466,
    "test_end": 11138
  },
  "dataset_sizes": {
    "train": 7645,
    "val": 1670,
    "test": 1672
  },
  "input_dim": 10,
  "sequence_length": 152,
  "training_history": {
    "epochs": [
      1,
      2,
      3,
      4,
      5,
      6,
      7,
      8,
      9,
      10,
      11,
      12,
      13,
      14,
      15,
      16,
      17,
      18,
      19,
      20,
      21,
      22,
      23,
      24,
      25,
      26,
      27,
      28,
      29,
      30,
      31,
      32,
      33,
      34,
      35,
      36,
      37,
      38,
      39,
      40,
      41,
      42,
      43,
      44,
      45,
      46,
      47,
      48,
      49,
      50,
      51,
      52,
      53,
      54,
      55,
      56,
      57,
      58,
      59,
      60,
      61,
      62,
      63,
      64,
      65,
      66,
      67,
      68,
      69,
      70,
      71,
      72,
      73,
      74,
      75,
      76,
      77,
      78,
      79,
      80
    ],
    "train_loss": [
      0.37336272143163735,
      0.22272827791731056,
      0.17984622076027063,
      0.20470883389210062,
      0.1668649188146005,
      0.15279715206398536,
      0.14663269840731505,
      0.1417504538004113,
      0.12170857109709297,
      0.12365347836300623,
      0.12048692933830114,
      0.11254191637779858,
      0.10979171579105547,
      0.11471376653158875,
      0.10126424610146983,
      0.10111375819669977,
      0.09452672296193318,
      0.08489297156418905,
      0.07882931483891215,
      0.07957376028253332,
      0.07482119074457996,
      0.06804671434550366,
      0.06650645194430223,
      0.09794207633984019,
      0.12833915601336465,
      0.09071341961563764,
      0.07300522415475412,
      0.06454171241450497,
      0.06000829118043866,
      0.05337375266741817,
      0.05161456582377049,
      0.059281895536761255,
      0.055834809950923825,
      0.05253505668973829,
      0.06583807869254568,
      0.094369015618038,
      0.14674808912861184,
      0.09540752012640764,
      0.0821815202386649,
      0.12159922175192225,
      0.10334020490405449,
      0.08245878268040575,
      0.07861876665152234,
      0.07166961002790359,
      0.057886479962117696,
      0.05410751479417768,
      0.05353246859236431,
      0.05623867225859429,
      0.09238734294808403,
      0.08049512595873864,
      0.06427161207945227,
      0.12813034995639924,
      0.09491361490821745,
      0.0855303270314705,
      0.07762380945596764,
      0.08996956667590562,
      0.07387948598617662,
      0.06436011149085683,
      0.05804853618213209,
      0.05552970847910413,
      0.050292306942554606,
      0.0460733818654105,
      0.05988896201694222,
      0.048881560757980384,
      0.04218389710242098,
      0.044623586093974,
      0.04901744909462701,
      0.056464898004455456,
      0.05553847638082473,
      0.07731144968456813,
      0.05951718595086008,
      0.046324883684506206,
      0.05397715196744377,
      0.0440428063648639,
      0.04010684683071078,
      0.03961717162191127,
      0.037791607501149724,
      0.08468723242640729,
      0.07362219342283363,
      0.04880643254249528
    ],
    "val_loss": [
      0.5080530594208997,
      0.5918503844452475,
      0.45439445954596924,
      0.678063282209956,
      0.5733103603659989,
      0.5709696350697272,
      0.5198251761719138,
      0.45683901192185405,
      0.5111469187779341,
      0.49321909329134545,
      0.5530104002552831,
      0.4455589769843096,
      0.5335103212359422,
      0.6231714713716221,
      0.6668651129314286,
      0.6782252424134466,
      0.6025713335254235,
      0.609785630817185,
      0.4530231837740915,
      0.7594319995291933,
      0.6582984796184266,
      0.5918085304206003,
      0.7119780927361129,
      0.5499551457559277,
      0.5904818566973338,
      0.9744514312572822,
      0.7460652534833211,
      0.7500282922190821,
      0.8020348750902507,
      0.8294660125663894,
      0.8779790444288426,
      0.724638449931573,
      0.8253527812615126,
      0.7529966496778819,
      0.7199570588722914,
      0.6023679459880212,
      0.6717010869594391,
      0.773012372298155,
      0.6934784679355736,
      0.6405901335313648,
      0.7190214296300969,
      0.6862948406242325,
      0.746701113620918,
      0.6981219302394432,
      0.7836689304448887,
      0.7931752293409702,
      0.7337954448011821,
      0.7461167475420558,
      0.6333219417911804,
      0.7201281450822682,
      0.7517005693412826,
      0.8152188695476441,
      0.709650481104137,
      0.744048992495337,
      0.7787525234822028,
      0.6524941008961843,
      0.7274510687339806,
      0.6732481820497684,
      0.6628922038449498,
      0.7140805188053382,
      0.7010513292101329,
      0.7209694194579552,
      0.5930371239513694,
      0.5895164058237019,
      0.6058421436898008,
      0.630140148058623,
      0.5502750888912977,
      0.46991241563579994,
      0.534471955592047,
      0.504532464143045,
      0.5179746464697901,
      0.6139144220751916,
      0.5814419637897057,
      0.5107702079647315,
      0.5377842957388141,
      0.5386831636200408,
      0.5307471651516988,
      0.6276472946127017,
      0.708338544397297,
      0.7378501282480663
    ],
    "best_epoch": 12,
    "best_val_loss": 0.4455589769843096,
    "test_loss": 0.4898139808023946,
    "tracker": {
      "initial_train_loss": 0.37336272143163735,
      "train_threshold": 0.12445424047721244,
      "best_tracking": true,
      "patience_active": true,
      "patience_best_train": null,
      "patience_best_val": 0.4455589769843096,
      "patience_no_improve_epochs": 68,
      "best_train_loss": Infinity,
      "forced_stop_due_to_threshold": false
    }
  },
  "model_files": {
    "best": "scripts/outputs/lstm-other-value/trial_22_45c6e0/best_model.pt",
    "last": "scripts/outputs/lstm-other-value/trial_22_45c6e0/last_model.pt"
  },
  "config_path": "/home/amoris/data-analysis-on-dbps/scripts/outputs/lstm-other-value/trial_22_45c6e0/config.yaml"
}