{
  "model_name": "lstm-trc-rate/trial_25_8a39a6",
  "model_type": "LSTM",
  "model_format": "torch",
  "model_params": {
    "history_length": 178,
    "units": 161,
    "num_layers": 8,
    "dropout": 0.465924204283173
  },
  "training_params": {
    "max_epochs": 500,
    "batch_size": 189,
    "learning_rate": 0.001101239641665977,
    "weight_decay": 0.009481045225628863,
    "checkpoint_interval": 10,
    "seed": 947
  },
  "data_csv": "data/time_aligned_data.csv",
  "timestamp_column": "Date, Time",
  "columns": [
    "TRC-DT",
    "TRC-RT",
    "TRC-PPL1",
    "TRC-PPL2",
    "pH-DT",
    "pH-RT",
    "pH-PPL1",
    "pH-PPL2",
    "cond-DT",
    "cond-PPL1",
    "cond-PPL2",
    "fDOM-RT",
    "fDOM-PPL1",
    "fDOM-PPL2",
    "DO-RT",
    "DO-PPL1",
    "DO-PPL2",
    "TOC-RT",
    "TOC-PPL1",
    "TOC-PPL2",
    "DOC-RT",
    "DOC-PPL1",
    "DOC-PPL2",
    "minutes_since_start"
  ],
  "feature_columns": [
    "TRC-DT",
    "TRC-RT",
    "pH-DT",
    "pH-RT",
    "cond-DT",
    "fDOM-RT",
    "DO-RT",
    "TOC-RT",
    "DOC-RT",
    "minutes_since_start"
  ],
  "target_columns": [
    "TRC-PPL1",
    "TRC-PPL2"
  ],
  "target_mode": "rate",
  "target_base_columns": [
    "TRC-RT",
    "TRC-RT"
  ],
  "split_boundaries": {
    "train_end": 7796,
    "val_end": 9466,
    "test_end": 11138
  },
  "dataset_sizes": {
    "train": 7619,
    "val": 1670,
    "test": 1672
  },
  "input_dim": 10,
  "sequence_length": 178,
  "training_history": {
    "epochs": [
      1,
      2,
      3,
      4,
      5,
      6,
      7,
      8,
      9,
      10,
      11,
      12,
      13,
      14,
      15,
      16,
      17,
      18,
      19,
      20,
      21,
      22,
      23,
      24,
      25,
      26,
      27,
      28,
      29,
      30,
      31,
      32,
      33,
      34,
      35,
      36,
      37,
      38,
      39,
      40,
      41,
      42,
      43,
      44,
      45,
      46,
      47,
      48,
      49,
      50
    ],
    "train_loss": [
      1.0033002875658263,
      1.002765086351503,
      1.0027133791148466,
      1.0027021096124786,
      1.0026470857164744,
      1.0027320400547333,
      1.0027366559607789,
      1.0027715813176403,
      1.0026276077572043,
      1.0026015647754125,
      1.0026118968678108,
      1.0026131672470537,
      1.0026062053087612,
      1.002597143212271,
      1.0025590245829181,
      1.0025954581430412,
      1.002617478933934,
      1.0026062337381192,
      1.0025309120080088,
      1.0025561210489253,
      1.00255137131993,
      1.0025579538037417,
      1.002751693784729,
      1.0025510094362633,
      1.0025706529257443,
      1.0026257938405538,
      1.0026183459511233,
      1.0025723866628433,
      1.002571968601075,
      1.002562669040431,
      1.0025877584965466,
      1.002568199192074,
      1.0025856295491253,
      1.0025390149930875,
      1.0025506678067537,
      1.00256197259939,
      1.002591436836159,
      1.0025648191103802,
      1.0025592549279976,
      1.0025521665909327,
      1.0025877209845013,
      1.0025464064149598,
      1.002606004934202,
      1.0025394640267404,
      1.0025467712948963,
      1.0025557848330418,
      1.0026011376857193,
      1.002645733194067,
      1.0025976280916362,
      1.0025562827301426
    ],
    "val_loss": [
      0.3412241234594655,
      0.35399058040699916,
      0.3473672636455583,
      0.34563791089339885,
      0.34805843106242357,
      0.3470450378173661,
      0.34916698730991275,
      0.34819273231718356,
      0.34507255548845506,
      0.34703726293351833,
      0.34879725951545254,
      0.3473978184141263,
      0.3478530680950352,
      0.3481306075536741,
      0.34699362571947945,
      0.3466333735288082,
      0.3468483014065705,
      0.34668288526242363,
      0.3486610061728847,
      0.34822313060125193,
      0.34772437489005975,
      0.34765223747420454,
      0.3484701785788743,
      0.34622962402770974,
      0.34695705945887967,
      0.34704096135934315,
      0.3461468819149597,
      0.34629585895085047,
      0.3461260602525073,
      0.34746310325216745,
      0.3477231760269511,
      0.3480519057390933,
      0.34892266286079754,
      0.34680928452509246,
      0.3469532584135761,
      0.3458742140318284,
      0.34739903390050647,
      0.34801357442256575,
      0.3471341803625315,
      0.34699049349762723,
      0.34694246712648225,
      0.3477653717722543,
      0.34654014187747845,
      0.34787578203988645,
      0.3479019306577787,
      0.3473456805025389,
      0.34632076554357294,
      0.3465028993004632,
      0.3454203874965806,
      0.3464838750995026
    ],
    "best_epoch": 50,
    "best_val_loss": 0.3464838750995026,
    "best_val_abs_mse": 0.27077892422676086,
    "test_loss": 5.640543243246215,
    "test_abs_mse": 52.942134857177734,
    "tracker": {
      "initial_train_loss": 1.0033002875658263,
      "train_threshold": 0.3344334291886088,
      "best_tracking": false,
      "patience_active": true,
      "patience_best_train": null,
      "patience_best_val": 0.3454203874965806,
      "patience_no_improve_epochs": 1,
      "best_train_loss": Infinity,
      "forced_stop_due_to_threshold": true
    }
  },
  "model_files": {
    "best": "scripts/outputs/lstm-trc-rate/trial_25_8a39a6/best_model.pt",
    "last": "scripts/outputs/lstm-trc-rate/trial_25_8a39a6/last_model.pt"
  },
  "config_path": "/home/amoris/data-analysis-on-dbps/scripts/outputs/lstm-trc-rate/trial_25_8a39a6/config.yaml"
}