{
  "model_name": "lstm-trc-value/trial_92_7179de",
  "model_type": "LSTM",
  "model_format": "torch",
  "model_params": {
    "history_length": 130,
    "units": 217,
    "num_layers": 4,
    "dropout": 0.30561308696844713
  },
  "training_params": {
    "max_epochs": 500,
    "batch_size": 233,
    "learning_rate": 0.00022552099254731668,
    "weight_decay": 0.0005497510463463464,
    "checkpoint_interval": 10,
    "seed": 947
  },
  "data_csv": "data/time_aligned_data.csv",
  "timestamp_column": "Date, Time",
  "columns": [
    "TRC-DT",
    "TRC-RT",
    "TRC-PPL1",
    "TRC-PPL2",
    "pH-DT",
    "pH-RT",
    "pH-PPL1",
    "pH-PPL2",
    "cond-DT",
    "cond-PPL1",
    "cond-PPL2",
    "fDOM-RT",
    "fDOM-PPL1",
    "fDOM-PPL2",
    "DO-RT",
    "DO-PPL1",
    "DO-PPL2",
    "TOC-RT",
    "TOC-PPL1",
    "TOC-PPL2",
    "DOC-RT",
    "DOC-PPL1",
    "DOC-PPL2",
    "minutes_since_start"
  ],
  "feature_columns": [
    "TRC-DT",
    "TRC-RT",
    "pH-DT",
    "pH-RT",
    "cond-DT",
    "fDOM-RT",
    "DO-RT",
    "TOC-RT",
    "DOC-RT",
    "minutes_since_start"
  ],
  "target_columns": [
    "TRC-PPL1",
    "TRC-PPL2"
  ],
  "split_boundaries": {
    "train_end": 7796,
    "val_end": 9466,
    "test_end": 11138
  },
  "dataset_sizes": {
    "train": 7667,
    "val": 1670,
    "test": 1672
  },
  "input_dim": 10,
  "sequence_length": 130,
  "training_history": {
    "epochs": [
      1,
      2,
      3,
      4,
      5,
      6,
      7,
      8,
      9,
      10,
      11,
      12,
      13,
      14,
      15,
      16,
      17,
      18,
      19,
      20,
      21,
      22,
      23,
      24,
      25,
      26,
      27,
      28,
      29,
      30,
      31,
      32,
      33,
      34,
      35,
      36,
      37,
      38,
      39,
      40,
      41,
      42,
      43,
      44,
      45,
      46,
      47,
      48,
      49,
      50,
      51,
      52,
      53,
      54,
      55,
      56,
      57,
      58,
      59,
      60,
      61,
      62,
      63,
      64,
      65,
      66,
      67,
      68,
      69,
      70,
      71,
      72,
      73,
      74,
      75,
      76,
      77,
      78,
      79,
      80
    ],
    "train_loss": [
      0.8358780816245984,
      0.22257557753495386,
      0.1331281104792326,
      0.10281931352756069,
      0.07666434067807625,
      0.05549758757355628,
      0.0462396980256126,
      0.04273403401884881,
      0.03845724065716301,
      0.03510416127586825,
      0.03457734909249212,
      0.03314770483043182,
      0.032359381471263146,
      0.03274859227162344,
      0.030225990114662395,
      0.03006563649272435,
      0.029420723421692274,
      0.029580823087864846,
      0.028514449333171266,
      0.029927033810274176,
      0.02908258613899158,
      0.028159116991364738,
      0.027040261662043694,
      0.026618931765856498,
      0.02645122742486137,
      0.026773485071685987,
      0.026099527760751248,
      0.025300688675499203,
      0.024919083858939168,
      0.02483385477593557,
      0.025866251732574397,
      0.024762149676204395,
      0.02357515825309249,
      0.022971723624204462,
      0.023138191628468942,
      0.02378256044756158,
      0.02284573730981667,
      0.023280894168540477,
      0.021766467270147027,
      0.020625123084349443,
      0.02106152182230897,
      0.022179289951869977,
      0.021954086371464867,
      0.021174825250070424,
      0.020262426442720673,
      0.019553158542784388,
      0.02033047683880042,
      0.021524894955852622,
      0.020918137185811002,
      0.020233515525161172,
      0.0199110590128462,
      0.01980467901936959,
      0.01904331527536659,
      0.01951352653686539,
      0.019643853141938256,
      0.019627352869880314,
      0.01930077282902088,
      0.018807671849499382,
      0.019663560428565898,
      0.01978915194138152,
      0.01887812471915888,
      0.01866133630302936,
      0.019130480157832627,
      0.019074841655739302,
      0.018600668055076434,
      0.019520780585683885,
      0.019694425539299797,
      0.019091288920030827,
      0.019146428394781357,
      0.018174236788529453,
      0.018202031600952646,
      0.018406024174765966,
      0.018324111260690435,
      0.018789281765174193,
      0.018710238350577408,
      0.01815451695388799,
      0.01818988500647631,
      0.0193890781274586,
      0.018892776446488155,
      0.018622828275183936
    ],
    "val_loss": [
      1.0110749978862124,
      0.4890239035588003,
      0.35853632353469284,
      0.2347445818701547,
      0.20651799359185966,
      0.22824553383101603,
      0.1981610087767065,
      0.21230972829514635,
      0.21558370848638034,
      0.21900306143714282,
      0.2296362644039139,
      0.24139985377805498,
      0.2547949394835773,
      0.26549731395848675,
      0.28381837928991116,
      0.30453201740600927,
      0.30785447328078175,
      0.3562964283732954,
      0.3534693156140382,
      0.4000996231084723,
      0.36059431834536754,
      0.39461576470737153,
      0.3948285828171644,
      0.37437914369103614,
      0.38734778783947765,
      0.40641856439701635,
      0.4363200739829126,
      0.44976092633640696,
      0.4221524630823803,
      0.4345136432490217,
      0.4686445713890884,
      0.4667293856634262,
      0.4838115293677606,
      0.535654338781616,
      0.5642642008307986,
      0.4790942826536958,
      0.5244872547552257,
      0.5433283909084554,
      0.5107978087565499,
      0.5043043993413449,
      0.5002412866209884,
      0.5089426970934707,
      0.44674285045395534,
      0.48882069149595536,
      0.4623406305686086,
      0.4541641893724125,
      0.4414076764493467,
      0.4549806721463889,
      0.45725398123108163,
      0.4287406031901162,
      0.4754193242750839,
      0.4660828899112558,
      0.46381992026159685,
      0.4502626014929153,
      0.45915886030649533,
      0.4434066847055972,
      0.44975448372567484,
      0.4335764484513484,
      0.448276517050575,
      0.45183687769657305,
      0.43363541456017485,
      0.4269724368413319,
      0.4231425246446879,
      0.4291492125644031,
      0.45353719977561585,
      0.42313808502439787,
      0.4548069286779194,
      0.44221318483263433,
      0.42735251304609867,
      0.4188113209116691,
      0.42894315971675034,
      0.4309273922737844,
      0.4380382190397132,
      0.41688707930978364,
      0.4157464435647526,
      0.41877209056882625,
      0.4267372426225575,
      0.41998385832962876,
      0.4668603288210527,
      0.42046812082122187
    ],
    "best_epoch": 7,
    "best_val_loss": 0.1981610087767065,
    "test_loss": 4.937041156599967,
    "tracker": {
      "initial_train_loss": 0.8358780816245984,
      "train_threshold": 0.27862602720819946,
      "best_tracking": true,
      "patience_active": true,
      "patience_best_train": null,
      "patience_best_val": 0.1981610087767065,
      "patience_no_improve_epochs": 73,
      "best_train_loss": Infinity,
      "forced_stop_due_to_threshold": false
    }
  },
  "model_files": {
    "best": "scripts/outputs/lstm-trc-value/trial_92_7179de/best_model.pt",
    "last": "scripts/outputs/lstm-trc-value/trial_92_7179de/last_model.pt"
  },
  "config_path": "/home/amoris/data-analysis-on-dbps/scripts/outputs/lstm-trc-value/trial_92_7179de/config.yaml"
}