{
  "model_name": "gru-other-value/trial_43_4e0aca",
  "model_type": "GRU",
  "model_format": "torch",
  "model_params": {
    "history_length": 57,
    "units": 312,
    "num_layers": 2,
    "dropout": 0.4980714997852934
  },
  "training_params": {
    "max_epochs": 500,
    "batch_size": 89,
    "learning_rate": 0.0010331423687058824,
    "weight_decay": 0.0006466355166374657,
    "checkpoint_interval": 10,
    "seed": 947
  },
  "data_csv": "data/time_aligned_data.csv",
  "timestamp_column": "Date, Time",
  "columns": [
    "TRC-DT",
    "TRC-RT",
    "TRC-PPL1",
    "TRC-PPL2",
    "pH-DT",
    "pH-RT",
    "pH-PPL1",
    "pH-PPL2",
    "cond-DT",
    "cond-PPL1",
    "cond-PPL2",
    "fDOM-RT",
    "fDOM-PPL1",
    "fDOM-PPL2",
    "DO-RT",
    "DO-PPL1",
    "DO-PPL2",
    "TOC-RT",
    "TOC-PPL1",
    "TOC-PPL2",
    "DOC-RT",
    "DOC-PPL1",
    "DOC-PPL2",
    "minutes_since_start"
  ],
  "feature_columns": [
    "TRC-DT",
    "TRC-RT",
    "pH-DT",
    "pH-RT",
    "cond-DT",
    "fDOM-RT",
    "DO-RT",
    "TOC-RT",
    "DOC-RT",
    "minutes_since_start"
  ],
  "target_columns": [
    "TOC-PPL1",
    "TOC-PPL2",
    "DOC-PPL1",
    "DOC-PPL2",
    "pH-PPL1",
    "pH-PPL2"
  ],
  "split_boundaries": {
    "train_end": 7796,
    "val_end": 9466,
    "test_end": 11138
  },
  "dataset_sizes": {
    "train": 7740,
    "val": 1670,
    "test": 1672
  },
  "input_dim": 10,
  "sequence_length": 57,
  "training_history": {
    "epochs": [
      1,
      2,
      3,
      4,
      5,
      6,
      7,
      8,
      9,
      10,
      11,
      12,
      13,
      14,
      15,
      16,
      17,
      18,
      19,
      20,
      21,
      22,
      23,
      24,
      25,
      26,
      27,
      28,
      29,
      30,
      31,
      32,
      33,
      34,
      35,
      36,
      37,
      38,
      39,
      40,
      41,
      42,
      43,
      44,
      45,
      46,
      47,
      48,
      49,
      50,
      51,
      52,
      53,
      54,
      55,
      56,
      57,
      58,
      59,
      60,
      61,
      62,
      63,
      64,
      65,
      66,
      67,
      68,
      69,
      70,
      71,
      72,
      73,
      74,
      75,
      76,
      77,
      78,
      79,
      80
    ],
    "train_loss": [
      0.29194161967020626,
      0.2166619295028137,
      0.18666912005872535,
      0.1622632667191269,
      0.1358285799535901,
      0.13126937755761375,
      0.12210216513745853,
      0.109809242305406,
      0.10680345703753852,
      0.109586836627711,
      0.09563485079899776,
      0.08790611706202421,
      0.09066332635164107,
      0.07743823824965368,
      0.10579739853990017,
      0.07066677599057594,
      0.06770124096298248,
      0.06263947043789296,
      0.06745037266151926,
      0.06161719747946552,
      0.07056144729535786,
      0.05581196879424174,
      0.053383762567503816,
      0.05676577557889066,
      0.054004356403202204,
      0.06316596181673366,
      0.054149653910339185,
      0.04962763830884637,
      0.05121052550724695,
      0.053044733034509406,
      0.048655664655127266,
      0.043610951089293,
      0.04791488815147131,
      0.056431605630778064,
      0.046049009462293886,
      0.04396901105889131,
      0.04812009669166511,
      0.0470461857483484,
      0.04362161822511167,
      0.04208835526790653,
      0.14340939513655518,
      0.08336180981720295,
      0.07037171850207163,
      0.05504549164036217,
      0.056840960211686074,
      0.046759184800781485,
      0.043234509724921495,
      0.042111654556055554,
      0.04355197513153541,
      0.04148921053928807,
      0.04489377935149873,
      0.04125874207983183,
      0.041836424363242794,
      0.06645639382630047,
      0.0388320571752578,
      0.038419362324595606,
      0.04183322539581925,
      0.03684582057233313,
      0.03741938529574632,
      0.03619566973087014,
      0.038497940285338296,
      0.03867720474322983,
      0.040576720897358594,
      0.04195785233943461,
      0.045812059898478114,
      0.03515459618865673,
      0.03603163523411797,
      0.03611254577984605,
      0.044067838158968656,
      0.03523427198932191,
      0.03874217058346638,
      0.03442022197660858,
      0.03492638180273024,
      0.03448306003137845,
      0.04436419927767774,
      0.03641626588153131,
      0.04198194010645267,
      0.033901984022944705,
      0.03455301466101939,
      0.034735141726311786
    ],
    "val_loss": [
      0.5153843540363683,
      0.600469969864377,
      0.8540696388456279,
      1.0095014784507408,
      0.6132993077178915,
      0.5749367983911388,
      0.3864071201332315,
      0.6953217260383382,
      0.4583402067110567,
      0.47268609471485284,
      0.4329889061431328,
      0.4730687705074956,
      0.3239541031777145,
      0.5290636756641423,
      0.42194637443401856,
      0.3935900279995567,
      0.4035374738342926,
      0.459968427724824,
      0.4543645879421049,
      0.4051344434546675,
      0.38067754391067754,
      0.5340740445198234,
      0.43028562468682935,
      0.4214294699762396,
      0.42031917167593263,
      0.45017628906640467,
      0.3744881884936623,
      0.40429502501191494,
      0.42488698691888127,
      0.5348913814872504,
      0.43152651607677966,
      0.4207370546428922,
      0.4530754887504492,
      0.460889577901292,
      0.4771786068594027,
      0.43491162420389895,
      0.4550846788563771,
      0.49763358973948185,
      0.4337673820376753,
      0.45493760173638426,
      0.3674363154449506,
      0.42075019780390277,
      0.4106617122018587,
      0.41756449689765174,
      0.6688737723351774,
      0.4105142228662254,
      0.4832583532718841,
      0.4274688528148,
      0.45008995970209204,
      0.47713817276372883,
      0.46469374618041304,
      0.44774356966693246,
      0.4486886166036129,
      0.45844122055851055,
      0.4530325641041387,
      0.4556152198932128,
      0.4286784692037248,
      0.45090140297473547,
      0.4554831385657102,
      0.4334838418769622,
      0.4121785641296538,
      0.42614546423543714,
      0.4143933602792774,
      0.4473823368861647,
      0.42759957136865145,
      0.43531069176015025,
      0.44958168232066187,
      0.44105136062570677,
      0.4056320158173581,
      0.42236462222958754,
      0.42809143947537787,
      0.4294730446608124,
      0.4215194481508639,
      0.46490429790612464,
      0.41266535659750064,
      0.4289612985299733,
      0.41774446639918283,
      0.4498846670869225,
      0.4481129823152177,
      0.4527144992735215
    ],
    "best_epoch": 13,
    "best_val_loss": 0.3239541031777145,
    "test_loss": 0.3649079735083372,
    "tracker": {
      "initial_train_loss": 0.29194161967020626,
      "train_threshold": 0.09731387322340208,
      "best_tracking": true,
      "patience_active": true,
      "patience_best_train": null,
      "patience_best_val": 0.3239541031777145,
      "patience_no_improve_epochs": 67,
      "best_train_loss": Infinity,
      "forced_stop_due_to_threshold": false
    }
  },
  "model_files": {
    "best": "scripts/outputs/gru-other-value/trial_43_4e0aca/best_model.pt",
    "last": "scripts/outputs/gru-other-value/trial_43_4e0aca/last_model.pt"
  },
  "config_path": "/home/amoris/data-analysis-on-dbps/scripts/outputs/gru-other-value/trial_43_4e0aca/config.yaml"
}