{
  "model_name": "gru-trc-rate/trial_43_7aa44d",
  "model_type": "GRU",
  "model_format": "torch",
  "model_params": {
    "history_length": 98,
    "units": 184,
    "num_layers": 6,
    "dropout": 0.4968509604098706
  },
  "training_params": {
    "max_epochs": 500,
    "batch_size": 310,
    "learning_rate": 0.0014891638021471575,
    "weight_decay": 0.0004769200217474947,
    "checkpoint_interval": 10,
    "seed": 947
  },
  "data_csv": "data/time_aligned_data.csv",
  "timestamp_column": "Date, Time",
  "columns": [
    "TRC-DT",
    "TRC-RT",
    "TRC-PPL1",
    "TRC-PPL2",
    "pH-DT",
    "pH-RT",
    "pH-PPL1",
    "pH-PPL2",
    "cond-DT",
    "cond-PPL1",
    "cond-PPL2",
    "fDOM-RT",
    "fDOM-PPL1",
    "fDOM-PPL2",
    "DO-RT",
    "DO-PPL1",
    "DO-PPL2",
    "TOC-RT",
    "TOC-PPL1",
    "TOC-PPL2",
    "DOC-RT",
    "DOC-PPL1",
    "DOC-PPL2",
    "minutes_since_start"
  ],
  "feature_columns": [
    "TRC-DT",
    "TRC-RT",
    "pH-DT",
    "pH-RT",
    "cond-DT",
    "fDOM-RT",
    "DO-RT",
    "TOC-RT",
    "DOC-RT",
    "minutes_since_start"
  ],
  "target_columns": [
    "TRC-PPL1",
    "TRC-PPL2"
  ],
  "target_mode": "rate",
  "target_base_columns": [
    "TRC-RT",
    "TRC-RT"
  ],
  "split_boundaries": {
    "train_end": 7796,
    "val_end": 9466,
    "test_end": 11138
  },
  "dataset_sizes": {
    "train": 7699,
    "val": 1670,
    "test": 1672
  },
  "input_dim": 10,
  "sequence_length": 98,
  "training_history": {
    "epochs": [
      1,
      2,
      3,
      4,
      5,
      6,
      7,
      8,
      9,
      10,
      11,
      12,
      13,
      14,
      15,
      16,
      17,
      18,
      19,
      20,
      21,
      22,
      23,
      24,
      25,
      26,
      27,
      28,
      29,
      30,
      31,
      32,
      33,
      34,
      35,
      36,
      37,
      38,
      39,
      40,
      41,
      42,
      43,
      44,
      45,
      46,
      47,
      48,
      49,
      50,
      51,
      52,
      53,
      54,
      55,
      56,
      57,
      58,
      59,
      60,
      61,
      62,
      63,
      64,
      65,
      66,
      67,
      68,
      69,
      70,
      71,
      72,
      73,
      74,
      75,
      76,
      77,
      78,
      79,
      80
    ],
    "train_loss": [
      0.4006997731823103,
      0.16175830077778164,
      0.09641503988931993,
      0.06591165205506105,
      0.05733788093634976,
      0.053889030611217754,
      0.04800125939987095,
      0.04346533039114679,
      0.04334833071309338,
      0.04215311082419923,
      0.03657925179355685,
      0.03656012867943298,
      0.041938924236078666,
      0.03821375232142959,
      0.03675492991989565,
      0.03337435954984542,
      0.030931749995030944,
      0.03978157680080547,
      0.0434948125355026,
      0.03586914850192529,
      0.030476549002319546,
      0.027203703209407484,
      0.029022831267034067,
      0.03399711745354569,
      0.028283070241358624,
      0.026062973757671342,
      0.026690438881870646,
      0.02525663927148102,
      0.026032469168224107,
      0.027825101527550775,
      0.027827575780303235,
      0.026082218719368354,
      0.02447207773653257,
      0.025353598674648706,
      0.026153236848221986,
      0.02799425402963211,
      0.025017104710517945,
      0.023492260968765277,
      0.023219377861386895,
      0.02350125279786107,
      0.022017986206297892,
      0.02258849311980478,
      0.024886838550088948,
      0.022898197632777968,
      0.02259351307114218,
      0.023035966150451982,
      0.0237728716399855,
      0.021648591462194198,
      0.03336200359175694,
      0.028509968673032064,
      0.022882343240973546,
      0.023239083331915864,
      0.02216987034052142,
      0.023991893632897526,
      0.021560511092486852,
      0.024211243461033156,
      0.024078952588391607,
      0.025567376147846786,
      0.07195904517091703,
      0.05546425210665473,
      0.032471115814004414,
      0.027258417250111685,
      0.029114568623438225,
      0.024197171734103306,
      0.022973321078233647,
      0.02428132080965219,
      0.023365310392427063,
      0.02294691583277893,
      0.022090345992960624,
      0.02789033503733853,
      0.028756185697377354,
      0.02279418574846678,
      0.023952312394444362,
      0.026075623637728914,
      0.022626753468736608,
      0.023375634986344505,
      0.02291948461097306,
      0.022995234096568194,
      0.022374459805194705,
      0.02209148996457959
    ],
    "val_loss": [
      0.2575687590741112,
      0.31386078778141274,
      0.42526215430862174,
      0.3333916737737056,
      0.3431764006793142,
      0.41316352572715925,
      0.4572964294361854,
      0.5675448342979311,
      0.6761233981051845,
      0.6983506613505814,
      0.6360370456324723,
      0.7424056932196289,
      0.5944777473941177,
      0.8428415576676409,
      0.8205903321950735,
      0.9317527181374099,
      1.0247344691417888,
      0.9634393044931446,
      0.7413238033340006,
      0.7800601743117064,
      0.7903922462980905,
      0.7402540095105856,
      0.8610554002002327,
      0.6955324122291839,
      0.6970387003691254,
      0.9464434146167275,
      0.7173784515279495,
      0.7279334298507896,
      0.8160554411525498,
      0.5807787117933085,
      0.6888132471435084,
      0.6140687816781912,
      0.61922412124758,
      0.5656088457002254,
      0.6374390943500097,
      0.5536251043131252,
      0.561309847668438,
      0.59538543851165,
      0.5491727484378987,
      0.5350868842469718,
      0.529297749528628,
      0.5838578917576881,
      0.44420716049383857,
      0.5544136914084414,
      0.4876893753197022,
      0.5805450113278307,
      0.5187329060570922,
      0.5913456142573299,
      0.45693926568962856,
      0.5511923536747515,
      0.45900398901033546,
      0.4478092088760016,
      0.47338943891673385,
      0.4599321984579999,
      0.47246569214377576,
      0.5023267531466341,
      0.5820756900364054,
      0.37277855952744354,
      0.3790350659767132,
      0.48161227958734165,
      0.37886588864340753,
      0.37068640016867016,
      0.4197715770475522,
      0.3947249672593114,
      0.39201717669824643,
      0.38878519702591224,
      0.3723701072444102,
      0.3857889214898655,
      0.3915886330769626,
      0.4244087693577041,
      0.36743860454214905,
      0.3935140036269576,
      0.3612559199288577,
      0.38480657256559697,
      0.36900141986901175,
      0.3887353448007635,
      0.38373570319287437,
      0.40076657964619333,
      0.39029777801768506,
      0.38372808293311184
    ],
    "best_epoch": 4,
    "best_val_loss": 0.3333916737737056,
    "best_val_abs_mse": 0.21346348524093628,
    "test_loss": 5.414739584238335,
    "test_abs_mse": 49.70132064819336,
    "tracker": {
      "initial_train_loss": 0.4006997731823103,
      "train_threshold": 0.1335665910607701,
      "best_tracking": true,
      "patience_active": true,
      "patience_best_train": null,
      "patience_best_val": 0.3333916737737056,
      "patience_no_improve_epochs": 76,
      "best_train_loss": Infinity,
      "forced_stop_due_to_threshold": false
    }
  },
  "model_files": {
    "best": "scripts/outputs/gru-trc-rate/trial_43_7aa44d/best_model.pt",
    "last": "scripts/outputs/gru-trc-rate/trial_43_7aa44d/last_model.pt"
  },
  "config_path": "/home/amoris/data-analysis-on-dbps/scripts/outputs/gru-trc-rate/trial_43_7aa44d/config.yaml"
}