{
  "model_name": "rnn-trc-value/trial_16_d6b674",
  "model_type": "RNN",
  "model_format": "torch",
  "model_params": {
    "history_length": 144,
    "units": 235,
    "num_layers": 7,
    "dropout": 0.289848534145641
  },
  "training_params": {
    "max_epochs": 500,
    "batch_size": 176,
    "learning_rate": 0.0007337376409979272,
    "weight_decay": 0.0001251279194092907,
    "checkpoint_interval": 10,
    "seed": 947
  },
  "data_csv": "data/time_aligned_data.csv",
  "timestamp_column": "Date, Time",
  "columns": [
    "TRC-DT",
    "TRC-RT",
    "TRC-PPL1",
    "TRC-PPL2",
    "pH-DT",
    "pH-RT",
    "pH-PPL1",
    "pH-PPL2",
    "cond-DT",
    "cond-PPL1",
    "cond-PPL2",
    "fDOM-RT",
    "fDOM-PPL1",
    "fDOM-PPL2",
    "DO-RT",
    "DO-PPL1",
    "DO-PPL2",
    "TOC-RT",
    "TOC-PPL1",
    "TOC-PPL2",
    "DOC-RT",
    "DOC-PPL1",
    "DOC-PPL2",
    "minutes_since_start"
  ],
  "feature_columns": [
    "TRC-DT",
    "TRC-RT",
    "pH-DT",
    "pH-RT",
    "cond-DT",
    "fDOM-RT",
    "DO-RT",
    "TOC-RT",
    "DOC-RT",
    "minutes_since_start"
  ],
  "target_columns": [
    "TRC-PPL1",
    "TRC-PPL2"
  ],
  "split_boundaries": {
    "train_end": 7796,
    "val_end": 9466,
    "test_end": 11138
  },
  "dataset_sizes": {
    "train": 7653,
    "val": 1670,
    "test": 1672
  },
  "input_dim": 10,
  "sequence_length": 144,
  "training_history": {
    "epochs": [
      1,
      2,
      3,
      4,
      5,
      6,
      7,
      8,
      9,
      10,
      11,
      12,
      13,
      14,
      15,
      16,
      17,
      18,
      19,
      20,
      21,
      22,
      23,
      24,
      25,
      26,
      27,
      28,
      29,
      30,
      31,
      32,
      33,
      34,
      35,
      36,
      37,
      38,
      39,
      40,
      41,
      42,
      43,
      44,
      45,
      46,
      47,
      48,
      49,
      50,
      51,
      52,
      53,
      54,
      55,
      56,
      57,
      58,
      59,
      60,
      61,
      62,
      63,
      64,
      65,
      66,
      67,
      68,
      69,
      70,
      71,
      72,
      73,
      74,
      75,
      76,
      77,
      78,
      79,
      80,
      81,
      82,
      83,
      84,
      85,
      86,
      87,
      88,
      89,
      90,
      91,
      92,
      93,
      94,
      95,
      96,
      97,
      98,
      99
    ],
    "train_loss": [
      0.38968795884337815,
      0.12207099783950953,
      0.08629716640221718,
      0.06615960735700636,
      0.05368702838290568,
      0.04727186285388652,
      0.0396708507077664,
      0.04123173983674898,
      0.034688049003211215,
      0.04209214998546666,
      0.03787041996557869,
      0.03482634209142189,
      0.033998758049834384,
      0.03213766433019179,
      0.033336412935317784,
      0.028462559671109444,
      0.026708952260885023,
      0.027706336289912942,
      0.0292788983916424,
      0.027801163610196047,
      0.027599267233939524,
      0.04604000794021862,
      0.033420617661627385,
      0.02498878690360707,
      0.027662982294080648,
      0.027396661985515148,
      0.029547520713727567,
      0.02789180937122009,
      0.02938093814702419,
      0.03176768864245177,
      0.024836612871413477,
      0.025611026710057265,
      0.0228572007617685,
      0.02385956050474457,
      0.022979239091680172,
      0.023405107977052506,
      0.02299650052559192,
      0.023182148772696958,
      0.024986268075806835,
      0.023069459112091156,
      0.02329918977073224,
      0.022571398435954206,
      0.021909778601335774,
      0.021927227055237492,
      0.021249622957191718,
      0.02113199688389062,
      0.027359611840204804,
      0.022355989394710684,
      0.02346436971014588,
      0.020022678336594192,
      0.022238119692632563,
      0.4539374670498857,
      0.9460972392464033,
      0.9526458714003035,
      0.9509371831325804,
      0.9538162907291733,
      0.9567305149088712,
      0.9514528781187296,
      0.9519379045329934,
      0.9491981801045232,
      0.9518356063576846,
      0.9572026307062902,
      0.9506690165396221,
      0.9494050002621465,
      0.9465437346185156,
      0.9475168070574453,
      0.9508263196849237,
      0.950131142231338,
      0.9495326850237635,
      0.947615479373097,
      0.9453011398749711,
      0.9454115624834661,
      0.9454485746235625,
      0.9468490759344735,
      0.9477424596659143,
      0.9473632360211887,
      0.9475444588616956,
      0.9493507298631293,
      0.9447935838629556,
      0.947896466556755,
      0.9460604869741467,
      0.9460740142221873,
      0.9424564694168208,
      0.9429640195330156,
      0.9426891279893499,
      0.9442894437975717,
      0.9433719526782124,
      0.9441699552392704,
      0.9459756106375775,
      0.943414837499701,
      0.9428280487288592,
      0.9474985113988806,
      0.9442659636097112,
      0.9399055972623308,
      0.9414241844713961,
      0.9430807693852298,
      0.9391020887446033,
      0.9391261855558711,
      0.9396494198558877
    ],
    "val_loss": [
      0.3704927622558114,
      0.30771725117089505,
      0.294219061321841,
      0.2955878242761075,
      0.29188543829375396,
      0.28399528861045836,
      0.31268406613858163,
      0.2867773845167217,
      0.28819764174387125,
      0.29900014816287035,
      0.28779369410640465,
      0.2791371367291776,
      0.279975504593221,
      0.2768530477663714,
      0.27831469204968323,
      0.2701253336882163,
      0.2749455633902264,
      0.27275458581433326,
      0.28480724783357747,
      0.28575918415706314,
      0.279112464814129,
      0.26269250497846547,
      0.2783125085745029,
      0.27420123513944133,
      0.2862628371058824,
      0.2623317139680514,
      0.2736324553896567,
      0.2784899794234487,
      0.2728971378710455,
      0.2728220432282922,
      0.2507783855863674,
      0.2682744352046601,
      0.2641729255279381,
      0.2608235843702705,
      0.29156529528652125,
      0.2735652805088523,
      0.2629891977160277,
      0.251145904381832,
      0.2953017382564659,
      0.26932615614579825,
      0.2810118439311753,
      0.27543146165902027,
      0.26801292960515277,
      0.2744330660490219,
      0.26486790954709766,
      0.2894019796819744,
      0.25209190617064514,
      0.28573921827855936,
      0.24255866329826994,
      0.2737800614562577,
      0.26153887974287937,
      0.6664678111047802,
      0.5891618108321093,
      0.7112793717555657,
      0.7087455381890257,
      0.4560712548430094,
      0.5773410185011562,
      0.7104075860120579,
      0.5134036299354302,
      0.4137370326918756,
      0.5079941785621072,
      0.519399959705547,
      0.5662427630967009,
      0.5599686908150862,
      0.5163952108628735,
      0.4698966867195632,
      0.6100598346330448,
      0.5641332749835032,
      0.47197591002115946,
      0.5838625034886206,
      0.5094494443453714,
      0.48430419860485785,
      0.6314505607782009,
      0.5212811712019457,
      0.533702684019854,
      0.5536548922875684,
      0.5346104770720362,
      0.5045024325033862,
      0.6107225378116448,
      0.6304693272727692,
      0.5177158526674716,
      0.5445306789018437,
      0.6027227258253954,
      0.5605093053358043,
      0.5753755461669967,
      0.6188290379004564,
      0.49566193233706995,
      0.5405359640806735,
      0.642853735164254,
      0.4977904249094204,
      0.5959334222142568,
      0.4343499649070694,
      0.5354345258838402,
      0.5908915707451141,
      0.42624451071916225,
      0.5639568761437239,
      0.573124440273125,
      0.5323335751444994,
      0.5025869671813028
    ],
    "best_epoch": 49,
    "best_val_loss": 0.24255866329826994,
    "test_loss": 5.134938911387795,
    "tracker": {
      "initial_train_loss": 0.38968795884337815,
      "train_threshold": 0.12989598628112606,
      "best_tracking": true,
      "patience_active": true,
      "patience_best_train": null,