{
  "model_name": "gru-trc-rate/trial_47_b6c72c",
  "model_type": "GRU",
  "model_format": "torch",
  "model_params": {
    "history_length": 102,
    "units": 147,
    "num_layers": 7,
    "dropout": 0.4784909763091584
  },
  "training_params": {
    "max_epochs": 500,
    "batch_size": 301,
    "learning_rate": 0.0008615472997532188,
    "weight_decay": 0.0012394709424068217,
    "checkpoint_interval": 10,
    "seed": 947
  },
  "data_csv": "data/time_aligned_data.csv",
  "timestamp_column": "Date, Time",
  "columns": [
    "TRC-DT",
    "TRC-RT",
    "TRC-PPL1",
    "TRC-PPL2",
    "pH-DT",
    "pH-RT",
    "pH-PPL1",
    "pH-PPL2",
    "cond-DT",
    "cond-PPL1",
    "cond-PPL2",
    "fDOM-RT",
    "fDOM-PPL1",
    "fDOM-PPL2",
    "DO-RT",
    "DO-PPL1",
    "DO-PPL2",
    "TOC-RT",
    "TOC-PPL1",
    "TOC-PPL2",
    "DOC-RT",
    "DOC-PPL1",
    "DOC-PPL2",
    "minutes_since_start"
  ],
  "feature_columns": [
    "TRC-DT",
    "TRC-RT",
    "pH-DT",
    "pH-RT",
    "cond-DT",
    "fDOM-RT",
    "DO-RT",
    "TOC-RT",
    "DOC-RT",
    "minutes_since_start"
  ],
  "target_columns": [
    "TRC-PPL1",
    "TRC-PPL2"
  ],
  "target_mode": "rate",
  "target_base_columns": [
    "TRC-RT",
    "TRC-RT"
  ],
  "split_boundaries": {
    "train_end": 7796,
    "val_end": 9466,
    "test_end": 11138
  },
  "dataset_sizes": {
    "train": 7695,
    "val": 1670,
    "test": 1672
  },
  "input_dim": 10,
  "sequence_length": 102,
  "training_history": {
    "epochs": [
      1,
      2,
      3,
      4,
      5,
      6,
      7,
      8,
      9,
      10,
      11,
      12,
      13,
      14,
      15,
      16,
      17,
      18,
      19,
      20,
      21,
      22,
      23,
      24,
      25,
      26,
      27,
      28,
      29,
      30,
      31,
      32,
      33,
      34,
      35,
      36,
      37,
      38,
      39,
      40,
      41,
      42,
      43,
      44,
      45,
      46,
      47,
      48,
      49,
      50,
      51,
      52,
      53,
      54,
      55,
      56,
      57,
      58,
      59,
      60,
      61,
      62,
      63,
      64,
      65,
      66,
      67,
      68,
      69,
      70,
      71,
      72,
      73,
      74,
      75,
      76,
      77,
      78,
      79,
      80
    ],
    "train_loss": [
      0.4392550885348137,
      0.16118341841389405,
      0.11556199056285786,
      0.09682535555182221,
      0.07963737769414264,
      0.06506766879118984,
      0.06011643847759239,
      0.057396646734760366,
      0.05771436360776618,
      0.05352319132263123,
      0.05455951153399342,
      0.050827778659911026,
      0.051948302445414006,
      0.04897739834662302,
      0.045660593215426974,
      0.04897325981778708,
      0.04584602600494866,
      0.048035034333985684,
      0.04238860915627396,
      0.04228146814676444,
      0.050763741014567654,
      0.043648647070124676,
      0.04293303972738296,
      0.04203484693301274,
      0.04241502267672227,
      0.039160418014215756,
      0.03790829749203023,
      0.04043074744312387,
      0.037553779411482455,
      0.038073309974489544,
      0.03652391195795883,
      0.041123536183626484,
      0.038569748171927716,
      0.0385330077602036,
      0.038368690128137414,
      0.03795330006825297,
      0.03667209295942034,
      0.040247612710875146,
      0.03472334276533808,
      0.033901937357001755,
      0.03630239135665,
      0.03423372550520748,
      0.04518279980352515,
      0.03532908293137192,
      0.03512987597997387,
      0.03517874023883741,
      0.03278770181722576,
      0.03281814680641119,
      0.032586499186180645,
      0.034846494610217424,
      0.033535899252880697,
      0.03586029082468921,
      0.033714851330847145,
      0.034564580622627177,
      0.03308357539707147,
      0.033936570598571386,
      0.034342994427646115,
      0.033099006375877635,
      0.03203113504199528,
      0.03924391097603989,
      0.03242162442521045,
      0.03414048895583554,
      0.03532490807381483,
      0.03845191970540185,
      0.03251367367131126,
      0.03295790752307636,
      0.03152189244327993,
      0.03024699988982521,
      0.031685364454539275,
      0.038940824116105145,
      0.037121421171568914,
      0.03385843802231368,
      0.03492361815419966,
      0.03058648658014684,
      0.029843164399469574,
      0.029835992625988947,
      0.036189439494823616,
      0.03134625362349726,
      0.02987553946034834,
      0.03322912453249571
    ],
    "val_loss": [
      0.35792460347453275,
      0.470031666291688,
      0.3169188087214967,
      0.28351935034026643,
      0.2638042056877278,
      0.2632468760102809,
      0.26616659794605063,
      0.27010883845968875,
      0.2819910771297124,
      0.25928856503151493,
      0.27418644923694474,
      0.2564313401540596,
      0.26449848045399804,
      0.2611008412634095,
      0.2777207790912982,
      0.2799484861111213,
      0.3147331979638802,
      0.29677690461634876,
      0.26683669191545356,
      0.2653394201279668,
      0.2735716002798098,
      0.30031503245435254,
      0.30701616190953884,
      0.29392867234987236,
      0.3026180609424939,
      0.3004710605825314,
      0.2906745209676509,
      0.31813073316867835,
      0.27864283314588184,
      0.29589001465209586,
      0.3165163296057346,
      0.3018093445276964,
      0.32241642947816207,
      0.29048149533413664,
      0.2848300935377082,
      0.268527776297338,
      0.2876252941564172,
      0.296267127362777,
      0.30283370060165843,
      0.3344149784424794,
      0.30113836122330967,
      0.30219045278956436,
      0.2957015697392607,
      0.2893043370460143,
      0.30796128605230305,
      0.3049999595469165,
      0.28958835164698477,
      0.2959537014454425,
      0.3029663475542636,
      0.31268991753012837,
      0.28114245588261033,
      0.2884237807890969,
      0.3107976839292103,
      0.3066553492277504,
      0.3109601536553777,
      0.3238706621737359,
      0.3071744518332228,
      0.2953597156531707,
      0.29212049356923847,
      0.32335298456318545,
      0.2897522175204968,
      0.302386878639415,
      0.28791531317805996,
      0.3002008280164735,
      0.32586231829743545,
      0.29401985879229037,
      0.29580595703672863,
      0.2984850596580766,
      0.3191170819538707,
      0.3177982032510959,
      0.296094330811795,
      0.3042809821977587,
      0.31754608567201803,
      0.2988112840377642,
      0.3168951214084814,
      0.3101033942773938,
      0.3049633236680024,
      0.3205505185342299,
      0.3080683122762663,
      0.31350308208430777
    ],
    "best_epoch": 12,
    "best_val_loss": 0.2564313401540596,
    "best_val_abs_mse": 0.4587579369544983,
    "test_loss": 4.139520526573989,
    "test_abs_mse": 40.34984588623047,
    "tracker": {
      "initial_train_loss": 0.4392550885348137,
      "train_threshold": 0.1464183628449379,
      "best_tracking": true,
      "patience_active": true,
      "patience_best_train": null,
      "patience_best_val": 0.2564313401540596,
      "patience_no_improve_epochs": 68,
      "best_train_loss": Infinity,
      "forced_stop_due_to_threshold": false
    }
  },
  "model_files": {
    "best": "scripts/outputs/gru-trc-rate/trial_47_b6c72c/best_model.pt",
    "last": "scripts/outputs/gru-trc-rate/trial_47_b6c72c/last_model.pt"
  },
  "config_path": "/home/amoris/data-analysis-on-dbps/scripts/outputs/gru-trc-rate/trial_47_b6c72c/config.yaml"
}