{
  "model_name": "gru-trc-rate/trial_1_0d1c85",
  "model_type": "GRU",
  "model_format": "torch",
  "model_params": {
    "history_length": 35,
    "units": 182,
    "num_layers": 9,
    "dropout": 0.4197914897893802
  },
  "training_params": {
    "max_epochs": 500,
    "batch_size": 247,
    "learning_rate": 0.00024817957685999766,
    "weight_decay": 0.0013471505788632007,
    "checkpoint_interval": 10,
    "seed": 947
  },
  "data_csv": "data/time_aligned_data.csv",
  "timestamp_column": "Date, Time",
  "columns": [
    "TRC-DT",
    "TRC-RT",
    "TRC-PPL1",
    "TRC-PPL2",
    "pH-DT",
    "pH-RT",
    "pH-PPL1",
    "pH-PPL2",
    "cond-DT",
    "cond-PPL1",
    "cond-PPL2",
    "fDOM-RT",
    "fDOM-PPL1",
    "fDOM-PPL2",
    "DO-RT",
    "DO-PPL1",
    "DO-PPL2",
    "TOC-RT",
    "TOC-PPL1",
    "TOC-PPL2",
    "DOC-RT",
    "DOC-PPL1",
    "DOC-PPL2",
    "minutes_since_start"
  ],
  "feature_columns": [
    "TRC-DT",
    "TRC-RT",
    "pH-DT",
    "pH-RT",
    "cond-DT",
    "fDOM-RT",
    "DO-RT",
    "TOC-RT",
    "DOC-RT",
    "minutes_since_start"
  ],
  "target_columns": [
    "TRC-PPL1",
    "TRC-PPL2"
  ],
  "target_mode": "rate",
  "target_base_columns": [
    "TRC-RT",
    "TRC-RT"
  ],
  "split_boundaries": {
    "train_end": 7796,
    "val_end": 9466,
    "test_end": 11138
  },
  "dataset_sizes": {
    "train": 7762,
    "val": 1670,
    "test": 1672
  },
  "input_dim": 10,
  "sequence_length": 35,
  "training_history": {
    "epochs": [
      1,
      2,
      3,
      4,
      5,
      6,
      7,
      8,
      9,
      10,
      11,
      12,
      13,
      14,
      15,
      16,
      17,
      18,
      19,
      20,
      21,
      22,
      23,
      24,
      25,
      26,
      27,
      28,
      29,
      30,
      31,
      32,
      33,
      34,
      35,
      36,
      37,
      38,
      39,
      40,
      41,
      42,
      43,
      44,
      45,
      46,
      47,
      48,
      49,
      50,
      51,
      52,
      53,
      54,
      55,
      56,
      57,
      58,
      59,
      60,
      61,
      62,
      63,
      64,
      65,
      66,
      67,
      68,
      69,
      70,
      71,
      72,
      73,
      74,
      75,
      76,
      77,
      78,
      79,
      80
    ],
    "train_loss": [
      0.6363249076215977,
      0.20639910923470176,
      0.16106979377496736,
      0.13488569952829754,
      0.11205584913131288,
      0.09242062170141999,
      0.07880815899892739,
      0.0709223231520044,
      0.06306971792017436,
      0.06239509606900457,
      0.05965412702460367,
      0.05637672876747682,
      0.05526492825841987,
      0.05337058162737587,
      0.054219389754748014,
      0.050847289130126226,
      0.05290148819968799,
      0.0500008851108332,
      0.04826989123025174,
      0.045650004375417864,
      0.04874308732609656,
      0.04505708626586885,
      0.04653560043128072,
      0.044778833367819335,
      0.04471429233760586,
      0.0439992041313381,
      0.04383162851763337,
      0.04178281188398961,
      0.042729538838750795,
      0.04398298714740916,
      0.04139700607214045,
      0.04038288756673236,
      0.0403410330375417,
      0.04035372552585507,
      0.04011525181226511,
      0.044110146991637865,
      0.038660994733529463,
      0.03920818946025047,
      0.0396884645852991,
      0.03916303124312379,
      0.03760505115113724,
      0.03964804334595273,
      0.036958908689316554,
      0.036164557162928566,
      0.03616617741152026,
      0.03771012790522235,
      0.03686900929176133,
      0.037190651932874776,
      0.03674203238966645,
      0.046729550584363615,
      0.035847047121158215,
      0.03673339207963603,
      0.036812199189917266,
      0.03647739931732739,
      0.03531625011469809,
      0.036106724142538724,
      0.03541691904166208,
      0.03665232883357865,
      0.03474682400349112,
      0.03440803975222982,
      0.035274285140392846,
      0.033959826855749636,
      0.03328707926762423,
      0.03375533232271011,
      0.03362171895009161,
      0.03384430353529511,
      0.03472993443812431,
      0.034051882686211996,
      0.035836219426683164,
      0.03338242271404902,
      0.03272284827819269,
      0.03262168751884117,
      0.034239451595311145,
      0.03455069279252592,
      0.03278694629498331,
      0.032163630390846444,
      0.032176417497789864,
      0.0338027518683182,
      0.032777098082130765,
      0.03242092441380623
    ],
    "val_loss": [
      0.2906930418473161,
      0.3558253732359338,
      0.3355498077805171,
      0.409800108629251,
      0.27853047247686075,
      0.24075359281397865,
      0.2061526890554114,
      0.2236854671048904,
      0.25130525821384914,
      0.21521029769928154,
      0.24890290119735423,
      0.22319111553004045,
      0.21872219841503454,
      0.26581334964690095,
      0.21746283940033997,
      0.24796948716669026,
      0.24120097244660296,
      0.23047824615980694,
      0.24467138550327924,
      0.2455793019250303,
      0.2435273107632013,
      0.25143792389663394,
      0.26335841433596824,
      0.26330215254586614,
      0.2543827003526117,
      0.2892421502486139,
      0.2592651333749116,
      0.25706268660724163,
      0.2531539723611699,
      0.26759264602431815,
      0.2920159360360421,
      0.28975319361793783,
      0.2827535221152409,
      0.3172825737560759,
      0.3121290304413634,
      0.2936019270876032,
      0.28786783577193936,
      0.31011986105429556,
      0.3079512700215428,
      0.2896215087907043,
      0.2726208557045745,
      0.29433231803471455,
      0.3196299272550348,
      0.3073707683101118,
      0.28226586463610215,
      0.29954526992347424,
      0.28804504818835125,
      0.2968371066058467,
      0.3466541465282619,
      0.287065021200719,
      0.32499661614594166,
      0.3197056250379025,
      0.3216526551339441,
      0.30390938364839304,
      0.3150606937148792,
      0.30676745037007297,
      0.2904512795714472,
      0.3204134122496415,
      0.30843457373271804,
      0.3009324194562292,
      0.3047244210086183,
      0.311282867787707,
      0.31992507411869703,
      0.3097244856778733,
      0.31090306645136573,
      0.32608005154632524,
      0.31965730060784225,
      0.2914224698057699,
      0.3336029743786879,
      0.318340458312702,
      0.30929262030445887,
      0.3406603630989076,
      0.32254487236816726,
      0.3241401019957876,
      0.32802140726122314,
      0.3182089050874828,
      0.3210133125068631,
      0.33472840192276027,
      0.32439967244305834,
      0.31388451694371455
    ],
    "best_epoch": 7,
    "best_val_loss": 0.2061526890554114,
    "best_val_abs_mse": 0.4053814113140106,
    "test_loss": 3.8611604544249447,
    "test_abs_mse": 37.84109115600586,
    "tracker": {
      "initial_train_loss": 0.6363249076215977,
      "train_threshold": 0.21210830254053256,
      "best_tracking": true,
      "patience_active": true,
      "patience_best_train": null,
      "patience_best_val": 0.2061526890554114,
      "patience_no_improve_epochs": 73,
      "best_train_loss": Infinity,
      "forced_stop_due_to_threshold": false
    }
  },
  "model_files": {
    "best": "scripts/outputs/gru-trc-rate/trial_1_0d1c85/best_model.pt",
    "last": "scripts/outputs/gru-trc-rate/trial_1_0d1c85/last_model.pt"
  },
  "config_path": "/home/amoris/data-analysis-on-dbps/scripts/outputs/gru-trc-rate/trial_1_0d1c85/config.yaml"
}