{
  "model_name": "mlp_with_history-trc-value/trial_49_ac0bc1",
  "model_type": "MLP_WITH_HISTORY",
  "model_format": "torch",
  "model_params": {
    "history_length": 81,
    "hidden_layers": [
      4096,
      3072,
      2048,
      1024,
      768,
      512,
      256,
      128
    ],
    "dropout": 0.29198354464909926,
    "mid_layer_count": 14,
    "mid_layer_size": 774
  },
  "training_params": {
    "max_epochs": 500,
    "batch_size": 407,
    "learning_rate": 0.0013893325508783306,
    "weight_decay": 0.002323779955851817,
    "checkpoint_interval": 10,
    "seed": 77
  },
  "data_csv": "data/time_aligned_data.csv",
  "timestamp_column": "Date, Time",
  "columns": [
    "TRC-DT",
    "TRC-RT",
    "TRC-PPL1",
    "TRC-PPL2",
    "pH-DT",
    "pH-RT",
    "pH-PPL1",
    "pH-PPL2",
    "cond-DT",
    "cond-PPL1",
    "cond-PPL2",
    "fDOM-RT",
    "fDOM-PPL1",
    "fDOM-PPL2",
    "DO-RT",
    "DO-PPL1",
    "DO-PPL2",
    "TOC-RT",
    "TOC-PPL1",
    "TOC-PPL2",
    "DOC-RT",
    "DOC-PPL1",
    "DOC-PPL2",
    "minutes_since_start"
  ],
  "feature_columns": [
    "TRC-DT",
    "TRC-RT",
    "pH-DT",
    "pH-RT",
    "cond-DT",
    "fDOM-RT",
    "DO-RT",
    "TOC-RT",
    "DOC-RT",
    "minutes_since_start"
  ],
  "target_columns": [
    "TRC-PPL1",
    "TRC-PPL2"
  ],
  "split_boundaries": {
    "train_end": 7796,
    "val_end": 9466,
    "test_end": 11138
  },
  "dataset_sizes": {
    "train": 7716,
    "val": 1670,
    "test": 1672
  },
  "input_dim": 810,
  "sequence_length": null,
  "training_history": {
    "epochs": [
      1,
      2,
      3,
      4,
      5,
      6,
      7,
      8,
      9,
      10,
      11,
      12,
      13,
      14,
      15,
      16,
      17,
      18,
      19,
      20,
      21,
      22,
      23,
      24,
      25,
      26,
      27,
      28,
      29,
      30,
      31,
      32,
      33,
      34,
      35,
      36,
      37,
      38,
      39,
      40,
      41,
      42,
      43,
      44,
      45,
      46,
      47,
      48,
      49,
      50,
      51,
      52,
      53,
      54,
      55,
      56,
      57,
      58,
      59,
      60,
      61,
      62,
      63,
      64,
      65,
      66,
      67,
      68,
      69,
      70,
      71,
      72,
      73,
      74,
      75,
      76,
      77,
      78,
      79,
      80
    ],
    "train_loss": [
      1.7468223976325716,
      0.5881938843405141,
      0.40847326102900716,
      0.38544182952526257,
      0.25548168291478285,
      0.19590777234440335,
      0.16916332342224982,
      0.15746667701316472,
      0.1442012997433937,
      0.13378787824778807,
      0.1412009675289418,
      0.14375357414914913,
      0.14335001305232337,
      0.13929230864162176,
      0.13767086058862782,
      0.14878107987715056,
      0.1416559708254009,
      0.12339682676798015,
      0.11677746255068565,
      0.11514128173738641,
      0.12039830009397477,
      0.10718876263150871,
      0.13239851705981018,
      0.10780542566522593,
      0.10495837792143912,
      0.10185635681884501,
      0.10260744736143164,
      0.09773449537365038,
      0.08334562399976454,
      0.0899648971347734,
      0.08369654026838427,
      0.09170975404303422,
      0.09145063631228828,
      0.08156424421602701,
      0.0830299417015615,
      0.07755853710218129,
      0.07857627535172236,
      0.08116736687032314,
      0.07742377072901013,
      0.0849970831261043,
      0.08013094371950429,
      0.08471639922584907,
      0.08125556363183918,
      0.0731128880294487,
      0.08005803983954027,
      0.08548722795836972,
      0.07764735882218296,
      0.06852955790502133,
      0.08030893961513225,
      0.07662657666671394,
      0.09169135884680685,
      0.07995752134529836,
      0.07426496813515034,
      0.07026612358056723,
      0.06683086072654304,
      0.07088188412360279,
      0.06899321904408848,
      0.06754438130512347,
      0.06678996789966796,
      0.07799159051409159,
      0.06713231135847239,
      0.06544690654879101,
      0.06527698329351012,
      0.07550371719496261,
      0.07244005500970958,
      0.07476963367488886,
      0.06874790474552296,
      0.06466441527453187,
      0.0688559437482514,
      0.0876273613784244,
      0.07223433899915763,
      0.06378283334037549,
      0.0665363964951559,
      0.06667387863199148,
      0.06541470617023062,
      0.06784983892273785,
      0.06500506566276415,
      0.06413112220317202,
      0.06950425989916205,
      0.07055601996488911
    ],
    "val_loss": [
      0.7719897709920734,
      0.5416845905477415,
      0.3079693371385425,
      0.4337997858975819,
      0.2548458760291963,
      0.26342279407903996,
      0.48393313271623706,
      0.29211351644515454,
      0.2720552521819126,
      0.26777099096355683,
      0.30230856337723977,
      0.2670611609018848,
      0.5168623312103178,
      0.26886884477324113,
      0.3736617334878552,
      0.29825444175320825,
      0.314606194396665,
      0.35462203577919277,
      0.4086865274804438,
      0.49703934213849243,
      0.3978601988672675,
      0.2818715167103592,
      0.41334925039621173,
      1.1214569720144043,
      0.5253194855470322,
      0.4086009424190946,
      0.3773768170508082,
      0.29110657478944807,
      0.7256015680462657,
      0.8184188454952872,
      0.4004959346157705,
      0.35558478379298647,
      0.39589885879241066,
      0.5583133824827696,
      0.5349449726211989,
      0.7371686096464891,
      0.8164609023353119,
      0.6483618297485891,
      0.5054240673880823,
      0.8779562439379132,
      0.4382923146654032,
      0.520908654873778,
      0.4060929450301264,
      0.3891147051095784,
      0.4352709005179698,
      0.39937304913953037,
      0.7811227900873936,
      0.732973436319721,
      0.748585210579955,
      0.9845024111295888,
      0.39935160973248723,
      0.3664253738970903,
      0.4802399271597227,
      0.8445437579945533,
      0.7165008162432712,
      0.5372281489793412,
      0.6093746228578562,
      0.5177573812835499,
      0.3946734786914762,
      0.627015825919807,
      0.7946448217608971,
      0.6298280252076819,
      0.802207109220549,
      0.4488922226582905,
      0.45970976102517214,
      0.5695974024068453,
      0.5236821234449298,
      0.8310088241952444,
      0.45361240125835656,
      0.5678927685976207,
      0.5393036710343764,
      0.7302149499470959,
      0.8755010407886462,
      0.683918618796739,
      0.820100873258121,
      0.5524059961142833,
      1.0042904512967892,
      0.738069542990384,
      0.4720711253449589,
      0.4903132423903503
    ],
    "best_epoch": 5,
    "best_val_loss": 0.2548458760291963,
    "test_loss": 4.80544564598485,
    "tracker": {
      "initial_train_loss": 1.7468223976325716,
      "train_threshold": 0.5822741325441906,
      "best_tracking": true,
      "patience_active": true,
      "patience_best_train": null,
      "patience_best_val": 0.2548458760291963,
      "patience_no_improve_epochs": 75,
      "best_train_loss": Infinity,
      "forced_stop_due_to_threshold": false
    }
  },
  "model_files": {
    "best": "scripts/outputs/mlp_with_history-trc-value/trial_49_ac0bc1/best_model.pt",
    "last": "scripts/outputs/mlp_with_history-trc-value/trial_49_ac0bc1/last_model.pt"
  },
  "config_path": "/home/amoris/data-analysis-on-dbps/scripts/outputs/mlp_with_history-trc-value/trial_49_ac0bc1/config.yaml"
}