{
  "model_name": "gru-other-value/trial_33_05cf34",
  "model_type": "GRU",
  "model_format": "torch",
  "model_params": {
    "history_length": 69,
    "units": 297,
    "num_layers": 3,
    "dropout": 0.39706466773249527
  },
  "training_params": {
    "max_epochs": 500,
    "batch_size": 237,
    "learning_rate": 0.0005657627751456825,
    "weight_decay": 0.0004968085981155127,
    "checkpoint_interval": 10,
    "seed": 947
  },
  "data_csv": "data/time_aligned_data.csv",
  "timestamp_column": "Date, Time",
  "columns": [
    "TRC-DT",
    "TRC-RT",
    "TRC-PPL1",
    "TRC-PPL2",
    "pH-DT",
    "pH-RT",
    "pH-PPL1",
    "pH-PPL2",
    "cond-DT",
    "cond-PPL1",
    "cond-PPL2",
    "fDOM-RT",
    "fDOM-PPL1",
    "fDOM-PPL2",
    "DO-RT",
    "DO-PPL1",
    "DO-PPL2",
    "TOC-RT",
    "TOC-PPL1",
    "TOC-PPL2",
    "DOC-RT",
    "DOC-PPL1",
    "DOC-PPL2",
    "minutes_since_start"
  ],
  "feature_columns": [
    "TRC-DT",
    "TRC-RT",
    "pH-DT",
    "pH-RT",
    "cond-DT",
    "fDOM-RT",
    "DO-RT",
    "TOC-RT",
    "DOC-RT",
    "minutes_since_start"
  ],
  "target_columns": [
    "TOC-PPL1",
    "TOC-PPL2",
    "DOC-PPL1",
    "DOC-PPL2",
    "pH-PPL1",
    "pH-PPL2"
  ],
  "split_boundaries": {
    "train_end": 7796,
    "val_end": 9466,
    "test_end": 11138
  },
  "dataset_sizes": {
    "train": 7728,
    "val": 1670,
    "test": 1672
  },
  "input_dim": 10,
  "sequence_length": 69,
  "training_history": {
    "epochs": [
      1,
      2,
      3,
      4,
      5,
      6,
      7,
      8,
      9,
      10,
      11,
      12,
      13,
      14,
      15,
      16,
      17,
      18,
      19,
      20,
      21,
      22,
      23,
      24,
      25,
      26,
      27,
      28,
      29,
      30,
      31,
      32,
      33,
      34,
      35,
      36,
      37,
      38,
      39,
      40,
      41,
      42,
      43,
      44,
      45,
      46,
      47,
      48,
      49,
      50,
      51,
      52,
      53,
      54,
      55,
      56,
      57,
      58,
      59,
      60,
      61,
      62,
      63,
      64,
      65,
      66,
      67,
      68,
      69,
      70,
      71,
      72,
      73,
      74,
      75,
      76,
      77,
      78,
      79,
      80,
      81
    ],
    "train_loss": [
      0.3833392233304355,
      0.24642451216252695,
      0.22484685735117574,
      0.21109832831953437,
      0.19918640114667807,
      0.1849645978383581,
      0.17060530987446723,
      0.1558505080970039,
      0.1413445562725852,
      0.15346349308105267,
      0.12361591154570628,
      0.11568929032011895,
      0.1267792002835907,
      0.16926955489835105,
      0.12441113504135738,
      0.10566507806851072,
      0.09876576968995125,
      0.09255775046008437,
      0.09034267092493843,
      0.08193832488082674,
      0.08505156518232009,
      0.08611741430207115,
      0.07158441273698016,
      0.06484818241055708,
      0.059919702283957085,
      0.05904545081108346,
      0.05928126455325147,
      0.09343656316046713,
      0.06491408435922834,
      0.058945008320733905,
      0.06195933608662175,
      0.06092795178363597,
      0.05063390080898028,
      0.04766636262850269,
      0.04952394994560005,
      0.06308527473325592,
      0.06661315204326919,
      0.04696058788805367,
      0.044619842267577876,
      0.04679328909068606,
      0.042050263297784586,
      0.04115185627904692,
      0.04002978036076016,
      0.04288464203847121,
      0.04605910950195715,
      0.040157195568223544,
      0.040671018730293704,
      0.04101005769103349,
      0.051206698947765444,
      0.03915643065109247,
      0.037618055098013296,
      0.03619096798371084,
      0.04064657683310718,
      0.04245106699176549,
      0.038986835084994384,
      0.037163500072469255,
      0.03464480175315663,
      0.03462338833549054,
      0.039296405666120214,
      0.0367553488760666,
      0.03493223952705052,
      0.03304523651731079,
      0.033903364370496056,
      0.0431629140233702,
      0.04751580834290395,
      0.035791870366394384,
      0.03751911353088499,
      0.03651778330528958,
      0.0333350648458538,
      0.034379790637566944,
      0.03250844018629272,
      0.03244417464441579,
      0.031145151941718893,
      0.03173056653966861,
      0.03249559658565067,
      0.032763393726691556,
      0.03634914490813679,
      0.0344745812103187,
      0.031050025607655924,
      0.03290754798235754,
      0.03167989900008839
    ],
    "val_loss": [
      0.44192693734061933,
      0.40801696213419564,
      0.4272723635692082,
      0.5543087218157545,
      0.6120711142119176,
      0.7856589652374832,
      0.8187945644209484,
      0.6557450525239557,
      0.7749698273792952,
      0.7440239936336429,
      0.8090294160707269,
      0.7174423245969647,
      0.5443443834157047,
      0.6952119917748217,
      0.6215293307504254,
      0.6045907042831361,
      0.5985898760889105,
      0.5195614900149985,
      0.49732626948706404,
      0.6072104033060417,
      0.5592834978760359,
      0.5405349924357351,
      0.5848356284602674,
      0.5618815952700055,
      0.5764307706834313,
      0.5140543567027874,
      0.6504836449366129,
      0.5820289887532503,
      0.5268327258393436,
      0.5285786467397998,
      0.46294134154826583,
      0.6175638921603471,
      0.556054137763149,
      0.6143617611445352,
      0.5996995338244353,
      0.8552590171867859,
      0.5790269343795891,
      0.6447475041368764,
      0.6413360591777071,
      0.6851854183538232,
      0.7110866137785826,
      0.7133921336092635,
      0.6973220324088,
      0.6726637738907408,
      0.6849798159506506,
      0.6830639102858698,
      0.7530578834389499,
      0.6493499886311457,
      0.7162362334614029,
      0.7816158209196822,
      0.7399963498472454,
      0.7377835403837844,
      0.7211030226267741,
      0.7345180928350209,
      0.723207400194899,
      0.7197523284279658,
      0.8014843652169862,
      0.7759199696386646,
      0.7105560654116247,
      0.7692824164907376,
      0.7964068690995256,
      0.8037138667113767,
      0.7128147707014026,
      0.6555752552554993,
      0.7437981929607734,
      0.7955020636677028,
      0.7185398888088272,
      0.7306287859728237,
      0.7969506600481308,
      0.8142932915758944,
      0.7485789451413526,
      0.7970531394203266,
      0.7522453247073168,
      0.7456980010171137,
      0.7862875894693557,
      0.6788831132436227,
      0.8185896405559814,
      0.7923348867607688,
      0.792577043978754,
      0.8155391660100686,
      0.6767777808233649
    ],
    "best_epoch": 31,
    "best_val_loss": 0.46294134154826583,
    "test_loss": 0.49084648879414255,
    "tracker": {
      "initial_train_loss": 0.3833392233304355,
      "train_threshold": 0.12777974111014517,
      "best_tracking": true,
      "patience_active": true,
      "patience_best_train": null,
      "patience_best_val": 0.46294134154826583,
      "patience_no_improve_epochs": 50,
      "best_train_loss": Infinity,
      "forced_stop_due_to_threshold": false
    }
  },
  "model_files": {
    "best": "scripts/outputs/gru-other-value/trial_33_05cf34/best_model.pt",
    "last": "scripts/outputs/gru-other-value/trial_33_05cf34/last_model.pt"
  },
  "config_path": "/home/amoris/data-analysis-on-dbps/scripts/outputs/gru-other-value/trial_33_05cf34/config.yaml"
}