{
  "model_name": "gru-trc-rate/trial_50_b589b2",
  "model_type": "GRU",
  "model_format": "torch",
  "model_params": {
    "history_length": 137,
    "units": 107,
    "num_layers": 7,
    "dropout": 0.3494496541759967
  },
  "training_params": {
    "max_epochs": 500,
    "batch_size": 103,
    "learning_rate": 0.0007670588196541491,
    "weight_decay": 0.0005362268257479619,
    "checkpoint_interval": 10,
    "seed": 947
  },
  "data_csv": "data/time_aligned_data.csv",
  "timestamp_column": "Date, Time",
  "columns": [
    "TRC-DT",
    "TRC-RT",
    "TRC-PPL1",
    "TRC-PPL2",
    "pH-DT",
    "pH-RT",
    "pH-PPL1",
    "pH-PPL2",
    "cond-DT",
    "cond-PPL1",
    "cond-PPL2",
    "fDOM-RT",
    "fDOM-PPL1",
    "fDOM-PPL2",
    "DO-RT",
    "DO-PPL1",
    "DO-PPL2",
    "TOC-RT",
    "TOC-PPL1",
    "TOC-PPL2",
    "DOC-RT",
    "DOC-PPL1",
    "DOC-PPL2",
    "minutes_since_start"
  ],
  "feature_columns": [
    "TRC-DT",
    "TRC-RT",
    "pH-DT",
    "pH-RT",
    "cond-DT",
    "fDOM-RT",
    "DO-RT",
    "TOC-RT",
    "DOC-RT",
    "minutes_since_start"
  ],
  "target_columns": [
    "TRC-PPL1",
    "TRC-PPL2"
  ],
  "target_mode": "rate",
  "target_base_columns": [
    "TRC-RT",
    "TRC-RT"
  ],
  "split_boundaries": {
    "train_end": 7796,
    "val_end": 9466,
    "test_end": 11138
  },
  "dataset_sizes": {
    "train": 7660,
    "val": 1670,
    "test": 1672
  },
  "input_dim": 10,
  "sequence_length": 137,
  "training_history": {
    "epochs": [
      1,
      2,
      3,
      4,
      5,
      6,
      7,
      8,
      9,
      10,
      11,
      12,
      13,
      14,
      15,
      16,
      17,
      18,
      19,
      20,
      21,
      22,
      23,
      24,
      25,
      26,
      27,
      28,
      29,
      30,
      31,
      32,
      33,
      34,
      35,
      36,
      37,
      38,
      39,
      40,
      41,
      42,
      43,
      44,
      45,
      46,
      47,
      48,
      49,
      50,
      51,
      52,
      53,
      54,
      55,
      56,
      57,
      58,
      59,
      60,
      61,
      62,
      63,
      64,
      65,
      66,
      67,
      68,
      69,
      70,
      71,
      72,
      73,
      74,
      75,
      76,
      77,
      78,
      79,
      80
    ],
    "train_loss": [
      0.26860597430784305,
      0.09450072561373676,
      0.06280574329080688,
      0.05907420094462972,
      0.04784937741298122,
      0.04703025298275773,
      0.04401782753442076,
      0.04454493417353527,
      0.041341038553078246,
      0.03663174359823332,
      0.038099822326376064,
      0.036677916943491984,
      0.03189843605654241,
      0.033859210638888665,
      0.03218785231500164,
      0.030525184232819406,
      0.02927345030943501,
      0.03007739007122834,
      0.03036270749319938,
      0.0277965965255239,
      0.027537297024136268,
      0.02660438868122336,
      0.025264098870691993,
      0.02588934881987133,
      0.027989735449214438,
      0.02547600704680535,
      0.02572806903037094,
      0.024249620720569055,
      0.02392329887873627,
      0.024295607519484376,
      0.025735054505312955,
      0.023349580709280216,
      0.023380427444523916,
      0.02635973351971093,
      0.023990085036992327,
      0.02309139605888771,
      0.023684259283529015,
      0.023817940855851063,
      0.028067639898314255,
      0.02192559023339097,
      0.022286908104334893,
      0.022883456018716875,
      0.0235478995421381,
      0.023456779565399526,
      0.024593617361009745,
      0.025534199461506257,
      0.022466570936756174,
      0.023583588453967796,
      0.021696404856447297,
      0.022142877110447882,
      0.024011772521832283,
      0.022976061485965513,
      0.02330043891909248,
      0.022779787075766618,
      0.02194738320826356,
      0.02270355929447917,
      0.02114556259682339,
      0.021387456806361987,
      0.022972048139418465,
      0.024076588230338872,
      0.02201340775377562,
      0.02396558802903146,
      0.023583682053831864,
      0.021352156241212828,
      0.022319811654542197,
      0.022538132581120605,
      0.021745365777225585,
      0.02298284433514619,
      0.022630005724504396,
      0.0235915448022982,
      0.022927267587556463,
      0.022578113211328577,
      0.02315890211077023,
      0.02229460548176661,
      0.022094459913904456,
      0.021769863853897346,
      0.02216559358271855,
      0.02218246231799065,
      0.02403700476094069,
      0.021775589783143437
    ],
    "val_loss": [
      0.39188580676288665,
      0.19799703405333494,
      0.24575508193386172,
      0.6097192329984761,
      0.569447520275985,
      0.37816629195418544,
      0.6022593492073214,
      0.9369209925303916,
      1.253761273557822,
      1.0872987458828145,
      1.3484481605812684,
      1.2834563359975102,
      1.351197726707794,
      1.2370091498031945,
      1.33295640539891,
      1.2057031226773818,
      0.8638087281421898,
      0.8926561105717531,
      0.5851270362801716,
      1.019734322897599,
      1.0251104456110451,
      1.4862733952991085,
      0.8970391531770457,
      1.994995050349769,
      0.5064835338546576,
      0.4393313556195733,
      1.3059984600628742,
      0.9829927238239767,
      0.6158194962944724,
      0.9959976014876348,
      1.0382710956405112,
      0.5620211076147542,
      0.3891355031554749,
      0.6721875826220313,
      0.5292561093233749,
      0.7549596789153572,
      1.573403391842089,
      0.5360859506077573,
      0.2545811618215399,
      0.7698762411887418,
      0.5433853512741402,
      0.7717256221072581,
      1.0942213189648744,
      1.1261482475292004,
      0.46726348197121104,
      0.7556244669638262,
      0.7595156551589688,
      0.5327345823188742,
      0.6595947116970302,
      0.8555368553367472,
      0.735800891343928,
      0.5627911067171815,
      0.5495373471021028,
      0.7491034109245785,
      0.68174287053327,
      0.5686188338045588,
      0.5686031550046302,
      0.960943101534988,
      0.918488439431269,
      0.467112403471179,
      0.5103528634706389,
      0.4532573545083939,
      0.644404658782268,
      0.7552346729389029,
      0.9827334948731754,
      0.7688445437253414,
      0.7486167347950939,
      0.6339135109463673,
      1.1889868070499714,
      1.1856487906811213,
      0.910460146423987,
      0.8664241759831498,
      0.6265262399616088,
      0.6077087909273223,
      0.6999360955426257,
      0.8248137853102769,
      1.0432144254713716,
      1.0443326429949102,
      0.9261349782827283,
      0.905216485305416
    ],
    "best_epoch": 3,
    "best_val_loss": 0.24575508193386172,
    "best_val_abs_mse": 0.5261890292167664,
    "test_loss": 3.59527124571458,
    "test_abs_mse": 37.12069320678711,
    "tracker": {
      "initial_train_loss": 0.26860597430784305,
      "train_threshold": 0.08953532476928101,
      "best_tracking": true,
      "patience_active": true,
      "patience_best_train": null,
      "patience_best_val": 0.24575508193386172,
      "patience_no_improve_epochs": 78,
      "best_train_loss": Infinity,
      "forced_stop_due_to_threshold": false
    }
  },
  "model_files": {
    "best": "scripts/outputs/gru-trc-rate/trial_50_b589b2/best_model.pt",
    "last": "scripts/outputs/gru-trc-rate/trial_50_b589b2/last_model.pt"
  },
  "config_path": "/home/amoris/data-analysis-on-dbps/scripts/outputs/gru-trc-rate/trial_50_b589b2/config.yaml"
}