{
  "model_name": "gru-other-value/trial_26_0cf2fb",
  "model_type": "GRU",
  "model_format": "torch",
  "model_params": {
    "history_length": 104,
    "units": 331,
    "num_layers": 2,
    "dropout": 0.31006140116432085
  },
  "training_params": {
    "max_epochs": 500,
    "batch_size": 257,
    "learning_rate": 0.0019545682174305586,
    "weight_decay": 0.0005024494169746323,
    "checkpoint_interval": 10,
    "seed": 947
  },
  "data_csv": "data/time_aligned_data.csv",
  "timestamp_column": "Date, Time",
  "columns": [
    "TRC-DT",
    "TRC-RT",
    "TRC-PPL1",
    "TRC-PPL2",
    "pH-DT",
    "pH-RT",
    "pH-PPL1",
    "pH-PPL2",
    "cond-DT",
    "cond-PPL1",
    "cond-PPL2",
    "fDOM-RT",
    "fDOM-PPL1",
    "fDOM-PPL2",
    "DO-RT",
    "DO-PPL1",
    "DO-PPL2",
    "TOC-RT",
    "TOC-PPL1",
    "TOC-PPL2",
    "DOC-RT",
    "DOC-PPL1",
    "DOC-PPL2",
    "minutes_since_start"
  ],
  "feature_columns": [
    "TRC-DT",
    "TRC-RT",
    "pH-DT",
    "pH-RT",
    "cond-DT",
    "fDOM-RT",
    "DO-RT",
    "TOC-RT",
    "DOC-RT",
    "minutes_since_start"
  ],
  "target_columns": [
    "TOC-PPL1",
    "TOC-PPL2",
    "DOC-PPL1",
    "DOC-PPL2",
    "pH-PPL1",
    "pH-PPL2"
  ],
  "split_boundaries": {
    "train_end": 7796,
    "val_end": 9466,
    "test_end": 11138
  },
  "dataset_sizes": {
    "train": 7693,
    "val": 1670,
    "test": 1672
  },
  "input_dim": 10,
  "sequence_length": 104,
  "training_history": {
    "epochs": [
      1,
      2,
      3,
      4,
      5,
      6,
      7,
      8,
      9,
      10,
      11,
      12,
      13,
      14,
      15,
      16,
      17,
      18,
      19,
      20,
      21,
      22,
      23,
      24,
      25,
      26,
      27,
      28,
      29,
      30,
      31,
      32,
      33,
      34,
      35,
      36,
      37,
      38,
      39,
      40,
      41,
      42,
      43,
      44,
      45,
      46,
      47,
      48,
      49,
      50,
      51,
      52,
      53,
      54,
      55,
      56,
      57,
      58,
      59,
      60,
      61,
      62,
      63,
      64,
      65,
      66,
      67,
      68,
      69,
      70,
      71,
      72,
      73,
      74,
      75,
      76,
      77,
      78,
      79,
      80
    ],
    "train_loss": [
      0.34877277140567475,
      0.22670829299792317,
      0.21529259644744145,
      0.18872943910459355,
      0.1724472787915444,
      0.1547278249010407,
      0.15835472987789212,
      0.14092822531842292,
      0.11976955549027075,
      0.11955654616378675,
      0.11431655076031069,
      0.09669785244937806,
      0.09633442161956565,
      0.08369568062164873,
      0.0815698501968607,
      0.07659648677357675,
      0.06987411373673932,
      0.06859182036495962,
      0.07868114506578114,
      0.06362871989224289,
      0.058695366633960334,
      0.06906892634501123,
      0.05888689504218445,
      0.07123292004986173,
      0.05436881513699326,
      0.04737459423462839,
      0.05421963643225027,
      0.05139821919859672,
      0.06004597557773752,
      0.04502745347268696,
      0.04293427255111662,
      0.04248567919533646,
      0.05095920434574397,
      0.04190979362256611,
      0.04218520442246383,
      0.05206530006285469,
      0.03969397307135698,
      0.03989865753185171,
      0.036630624322925014,
      0.03791478613964622,
      0.03434855633097012,
      0.037460036704361044,
      0.05503187938676255,
      0.04589964830215275,
      0.039840013952895534,
      0.03493880100033032,
      0.0328094605840699,
      0.03375173436087237,
      0.03686904021979819,
      0.05544882893260149,
      0.04150795188669373,
      0.032564945378539684,
      0.030620232874562198,
      0.03562543108980886,
      0.034077020575571215,
      0.03354849181120183,
      0.032903460109499606,
      0.03218809403328984,
      0.046296898747751836,
      0.03928605205056557,
      0.03153957611868243,
      0.03076409361796495,
      0.03141513701572377,
      0.031087761709749133,
      0.030953533624719073,
      0.030474867215085893,
      0.0331783461451422,
      0.03268661072539924,
      0.029746251910523956,
      0.03252598528488628,
      0.05505338950736632,
      0.042660666461397205,
      0.03298475106638886,
      0.030684947468999937,
      0.03420072313880914,
      0.03337636856265617,
      0.030901446312629137,
      0.03168693157952837,
      0.030287745702771082,
      0.02929401016992322
    ],
    "val_loss": [
      0.43100607418371534,
      0.46343032658813954,
      0.5645417103956559,
      0.6651316717445493,
      0.6523682418876066,
      0.8452757422795553,
      0.5829327707251389,
      0.6725020946232144,
      0.7458486317428287,
      0.5435196731351093,
      0.5698606635639054,
      0.5215650106127747,
      0.50105650618137,
      0.47281167212717545,
      0.5761299336920241,
      0.419674105781638,
      0.4313259595302408,
      0.4967308800020618,
      0.5456906619453858,
      0.4348716639205367,
      0.38776831608600243,
      0.38472260788618445,
      0.37554415997987733,
      0.351659377552792,
      0.42903652788100843,
      0.41275177824639986,
      0.3877265569603372,
      0.35107074674375044,
      0.36101283744245233,
      0.3725461644594541,
      0.37614054289495874,
      0.3924212109275207,
      0.4053522697465862,
      0.3591254348615686,
      0.37282683164952046,
      0.3915186312562691,
      0.4025609724268228,
      0.3720903066327115,
      0.4309014365166247,
      0.4000371770944424,
      0.4058605419929156,
      0.35272048211204793,
      0.3754092577331794,
      0.4105346047012749,
      0.3722221597672223,
      0.3959840320452245,
      0.3845051352938492,
      0.39314848550422465,
      0.3960759321015752,
      0.3720419964212143,
      0.36174432418482033,
      0.3911637813834373,
      0.3999267000905768,
      0.4001153942532168,
      0.396790451177223,
      0.3960754097311083,
      0.39428571137839447,
      0.3948038308920261,
      0.36483053399952586,
      0.39009212922014874,
      0.39116687803211325,
      0.40174243207463245,
      0.388205503846357,
      0.3872424912309932,
      0.3993600996757696,
      0.3852881531872435,
      0.43365175269856426,
      0.39358146506512237,
      0.4160756757873261,
      0.3804463854003809,
      0.3810251748088948,
      0.39428505694973254,
      0.3975457490828937,
      0.4073201864422438,
      0.4192911471970781,
      0.38086650264923444,
      0.3771854421781923,
      0.3972865940211062,
      0.4341143854899321,
      0.3849682972370507
    ],
    "best_epoch": 28,
    "best_val_loss": 0.35107074674375044,
    "test_loss": 0.4042627575838466,
    "tracker": {
      "initial_train_loss": 0.34877277140567475,
      "train_threshold": 0.11625759046855826,
      "best_tracking": true,
      "patience_active": true,
      "patience_best_train": null,
      "patience_best_val": 0.35107074674375044,
      "patience_no_improve_epochs": 52,
      "best_train_loss": Infinity,
      "forced_stop_due_to_threshold": false
    }
  },
  "model_files": {
    "best": "scripts/outputs/gru-other-value/trial_26_0cf2fb/best_model.pt",
    "last": "scripts/outputs/gru-other-value/trial_26_0cf2fb/last_model.pt"
  },
  "config_path": "/home/amoris/data-analysis-on-dbps/scripts/outputs/gru-other-value/trial_26_0cf2fb/config.yaml"
}