{
  "model_name": "lstm-trc-rate/trial_77_1ad69c",
  "model_type": "LSTM",
  "model_format": "torch",
  "model_params": {
    "history_length": 124,
    "units": 239,
    "num_layers": 5,
    "dropout": 0.3764227943199394
  },
  "training_params": {
    "max_epochs": 500,
    "batch_size": 188,
    "learning_rate": 0.00045284417761895957,
    "weight_decay": 0.00016087669980322991,
    "checkpoint_interval": 10,
    "seed": 947
  },
  "data_csv": "data/time_aligned_data.csv",
  "timestamp_column": "Date, Time",
  "columns": [
    "TRC-DT",
    "TRC-RT",
    "TRC-PPL1",
    "TRC-PPL2",
    "pH-DT",
    "pH-RT",
    "pH-PPL1",
    "pH-PPL2",
    "cond-DT",
    "cond-PPL1",
    "cond-PPL2",
    "fDOM-RT",
    "fDOM-PPL1",
    "fDOM-PPL2",
    "DO-RT",
    "DO-PPL1",
    "DO-PPL2",
    "TOC-RT",
    "TOC-PPL1",
    "TOC-PPL2",
    "DOC-RT",
    "DOC-PPL1",
    "DOC-PPL2",
    "minutes_since_start"
  ],
  "feature_columns": [
    "TRC-DT",
    "TRC-RT",
    "pH-DT",
    "pH-RT",
    "cond-DT",
    "fDOM-RT",
    "DO-RT",
    "TOC-RT",
    "DOC-RT",
    "minutes_since_start"
  ],
  "target_columns": [
    "TRC-PPL1",
    "TRC-PPL2"
  ],
  "target_mode": "rate",
  "target_base_columns": [
    "TRC-RT",
    "TRC-RT"
  ],
  "split_boundaries": {
    "train_end": 7796,
    "val_end": 9466,
    "test_end": 11138
  },
  "dataset_sizes": {
    "train": 7673,
    "val": 1670,
    "test": 1672
  },
  "input_dim": 10,
  "sequence_length": 124,
  "training_history": {
    "epochs": [
      1,
      2,
      3,
      4,
      5,
      6,
      7,
      8,
      9,
      10,
      11,
      12,
      13,
      14,
      15,
      16,
      17,
      18,
      19,
      20,
      21,
      22,
      23,
      24,
      25,
      26,
      27,
      28,
      29,
      30,
      31,
      32,
      33,
      34,
      35,
      36,
      37,
      38,
      39,
      40,
      41,
      42,
      43,
      44,
      45,
      46,
      47,
      48,
      49,
      50,
      51,
      52,
      53,
      54,
      55,
      56,
      57,
      58,
      59,
      60,
      61,
      62,
      63,
      64,
      65,
      66,
      67,
      68,
      69,
      70,
      71,
      72,
      73,
      74,
      75,
      76,
      77,
      78,
      79,
      80
    ],
    "train_loss": [
      0.5195133215260447,
      0.15029656552831866,
      0.09459912165694515,
      0.054346117023638355,
      0.04826607653611675,
      0.0412140897522884,
      0.037340147673955534,
      0.03513841822604561,
      0.032429547868518524,
      0.030568874299440767,
      0.02997624197416226,
      0.043059298062470566,
      0.03657765192072317,
      0.031950424724011724,
      0.032019086791670696,
      0.027199121205691842,
      0.026952233444911457,
      0.024396996036517595,
      0.02314797201444269,
      0.022323248297642203,
      0.022467533313878883,
      0.02164879465123929,
      0.020865554447838944,
      0.022087751718661116,
      0.021283887293702945,
      0.02052481896412096,
      0.019835002194795354,
      0.02128335543944956,
      0.019441730161347384,
      0.019902811696536613,
      0.019326856404506026,
      0.019292667935613655,
      0.01993023930220658,
      0.019587488990642637,
      0.020250436946872036,
      0.018942698402526666,
      0.018493142982520756,
      0.018716331345822856,
      0.01873342736037811,
      0.019446520102763213,
      0.020275451103583413,
      0.01877992600857994,
      0.018080686082730668,
      0.01880174024797909,
      0.01824642392694678,
      0.018697851981880783,
      0.018832419123697215,
      0.019923429142853187,
      0.018572188791717324,
      0.02000934362317311,
      0.019115496113669153,
      0.01781245161449445,
      0.017907180480982356,
      0.01871997027473555,
      0.01804796934237532,
      0.018058752186647858,
      0.017739163021034263,
      0.019315665382656423,
      0.018060800459084914,
      0.019488864080298526,
      0.01801396117233848,
      0.01821617198245988,
      0.017851993943595303,
      0.018581495945720942,
      0.018443407421422087,
      0.01842194642649742,
      0.018180118694078047,
      0.01805702162107627,
      0.018065638704256735,
      0.017620783315229396,
      0.017835688104963002,
      0.01879526816660976,
      0.018541537706868737,
      0.018347319403427077,
      0.01779137748001911,
      0.017242393629846586,
      0.018579146319729137,
      0.018361526711217727,
      0.01856274082460491,
      0.022002493732272765
    ],
    "val_loss": [
      0.3035401679976972,
      0.22348638380359032,
      0.20967576386864314,
      0.21513561011699145,
      0.2242054756039274,
      0.2419408677803899,
      0.2531858502569313,
      0.25544859886080207,
      0.26160443662080224,
      0.29598253156521365,
      0.2941051166571543,
      0.2929549255860066,
      0.3425060603522255,
      0.35909009009688914,
      0.3176059963772754,
      0.3296314761444123,
      0.2912777780237312,
      0.30734556080873854,
      0.281896291070891,
      0.28186170018897083,
      0.2811907644801868,
      0.27812414115328277,
      0.27156949921282464,
      0.2851996975432256,
      0.27529085133068576,
      0.2780166349903552,
      0.27739758554868355,
      0.2736592370726748,
      0.2741200852447641,
      0.27976588373948,
      0.2762655600682347,
      0.28255575172558517,
      0.2785180163374561,
      0.2808536223888754,
      0.27883586351743,
      0.28339906379937413,
      0.2882545176380409,
      0.2926970006864585,
      0.28629728447266684,
      0.28532640846100393,
      0.28075899667368676,
      0.2903289101928651,
      0.28755544481609396,
      0.2881702115926557,
      0.2902876081670116,
      0.28587652713417294,
      0.2894166769247926,
      0.2898917438072002,
      0.28748972096039865,
      0.28257491997259104,
      0.28608251258195516,
      0.28998464528850454,
      0.2888213664114832,
      0.2888098912503191,
      0.28564078248814195,
      0.28361577983655617,
      0.2857260542046167,
      0.2935637579572772,
      0.2980671672451639,
      0.28627351047750005,
      0.28833181914276707,
      0.289130844840568,
      0.28819703108179356,
      0.28322163486552093,
      0.2916603552233316,
      0.2890143702130118,
      0.2867820154362453,
      0.2892737868838681,
      0.2855462857839947,
      0.2895899330338318,
      0.2941625371664584,
      0.29670821483174487,
      0.2876681147087477,
      0.289535133201562,
      0.284769833725905,
      0.2944639288156689,
      0.2985529655646421,
      0.2845283534890877,
      0.29209041817191833,
      0.28620539238442205
    ],
    "best_epoch": 3,
    "best_val_loss": 0.20967576386864314,
    "best_val_abs_mse": 0.4253661632537842,
    "test_loss": 4.150306398788707,
    "test_abs_mse": 41.01938247680664,
    "tracker": {
      "initial_train_loss": 0.5195133215260447,
      "train_threshold": 0.17317110717534823,
      "best_tracking": true,
      "patience_active": true,
      "patience_best_train": null,
      "patience_best_val": 0.20967576386864314,
      "patience_no_improve_epochs": 77,
      "best_train_loss": Infinity,
      "forced_stop_due_to_threshold": false
    }
  },
  "model_files": {
    "best": "scripts/outputs/lstm-trc-rate/trial_77_1ad69c/best_model.pt",
    "last": "scripts/outputs/lstm-trc-rate/trial_77_1ad69c/last_model.pt"
  },
  "config_path": "/home/amoris/data-analysis-on-dbps/scripts/outputs/lstm-trc-rate/trial_77_1ad69c/config.yaml"
}