{
  "model_name": "mlp_with_history-trc-value/trial_54_7ef35b",
  "model_type": "MLP_WITH_HISTORY",
  "model_format": "torch",
  "model_params": {
    "history_length": 35,
    "hidden_layers": [
      4096,
      3072,
      2048,
      1024,
      768,
      512,
      256,
      128
    ],
    "dropout": 0.11652038445383606,
    "mid_layer_count": 2,
    "mid_layer_size": 509
  },
  "training_params": {
    "max_epochs": 500,
    "batch_size": 462,
    "learning_rate": 0.0019216051889310757,
    "weight_decay": 8.829849825544266e-06,
    "checkpoint_interval": 10,
    "seed": 77
  },
  "data_csv": "data/time_aligned_data.csv",
  "timestamp_column": "Date, Time",
  "columns": [
    "TRC-DT",
    "TRC-RT",
    "TRC-PPL1",
    "TRC-PPL2",
    "pH-DT",
    "pH-RT",
    "pH-PPL1",
    "pH-PPL2",
    "cond-DT",
    "cond-PPL1",
    "cond-PPL2",
    "fDOM-RT",
    "fDOM-PPL1",
    "fDOM-PPL2",
    "DO-RT",
    "DO-PPL1",
    "DO-PPL2",
    "TOC-RT",
    "TOC-PPL1",
    "TOC-PPL2",
    "DOC-RT",
    "DOC-PPL1",
    "DOC-PPL2",
    "minutes_since_start"
  ],
  "feature_columns": [
    "TRC-DT",
    "TRC-RT",
    "pH-DT",
    "pH-RT",
    "cond-DT",
    "fDOM-RT",
    "DO-RT",
    "TOC-RT",
    "DOC-RT",
    "minutes_since_start"
  ],
  "target_columns": [
    "TRC-PPL1",
    "TRC-PPL2"
  ],
  "split_boundaries": {
    "train_end": 7796,
    "val_end": 9466,
    "test_end": 11138
  },
  "dataset_sizes": {
    "train": 7762,
    "val": 1670,
    "test": 1672
  },
  "input_dim": 350,
  "sequence_length": null,
  "training_history": {
    "epochs": [
      1,
      2,
      3,
      4,
      5,
      6,
      7,
      8,
      9,
      10,
      11,
      12,
      13,
      14,
      15,
      16,
      17,
      18,
      19,
      20,
      21,
      22,
      23,
      24,
      25,
      26,
      27,
      28,
      29,
      30,
      31,
      32,
      33,
      34,
      35,
      36,
      37,
      38,
      39,
      40,
      41,
      42,
      43,
      44,
      45,
      46,
      47,
      48,
      49,
      50,
      51,
      52,
      53,
      54,
      55,
      56,
      57,
      58,
      59,
      60,
      61,
      62,
      63,
      64,
      65,
      66,
      67,
      68,
      69,
      70,
      71,
      72,
      73,
      74,
      75,
      76,
      77,
      78,
      79,
      80
    ],
    "train_loss": [
      0.9892888069459993,
      0.5526958779326053,
      0.16823301570865795,
      0.13544781334243217,
      0.11691901304501598,
      0.10446579623041126,
      0.09208284869993572,
      0.07646167005108238,
      0.0675443688671987,
      0.06104605674697578,
      0.054799362866381214,
      0.05374681052896541,
      0.055327210015732736,
      0.04995056204795377,
      0.04231486625775514,
      0.04279687169135861,
      0.04195202629714705,
      0.053128478055614936,
      0.04976409819976352,
      0.042988379885934735,
      0.04065438270131143,
      0.042073165710379064,
      0.0415109916916753,
      0.03715901244100576,
      0.03883395322517647,
      0.04698929772994255,
      0.040398100800418696,
      0.06341582174631039,
      0.04467460499772612,
      0.032982035361746785,
      0.031472471753589824,
      0.03180509134243979,
      0.03231698979739521,
      0.033152240693484714,
      0.03183320239359065,
      0.03234939704318232,
      0.031365675961128894,
      0.030022899571041168,
      0.031163866679440665,
      0.03068361735209934,
      0.03066097550416647,
      0.029981408060399475,
      0.02998012654661856,
      0.03180601223880899,
      0.03520675826864785,
      0.054522614650134575,
      0.031915338897126846,
      0.028730972911188264,
      0.02844557490058702,
      0.02821286622923433,
      0.027909934099334566,
      0.025761688813467333,
      0.026357791857125373,
      0.029609313958435596,
      0.026136394588699572,
      0.026897494978502037,
      0.027709947216510007,
      0.033564661589423055,
      0.031662480194381726,
      0.02614212067280885,
      0.02576141490768262,
      0.025670614473174234,
      0.025773610685023565,
      0.026583850130350497,
      0.028292036489327984,
      0.024694726026106575,
      0.0252819230688337,
      0.028651734204044724,
      0.0258778844761099,
      0.0252942602833816,
      0.025552632228112104,
      0.02455782286028016,
      0.02241084509603804,
      0.022061325293403867,
      0.02497548110450982,
      0.022049523305932107,
      0.02486394443572013,
      0.025736245815996133,
      0.022954083985369005,
      0.02300218479883975
    ],
    "val_loss": [
      0.28618657047341683,
      0.20855190539119128,
      0.19156930995380092,
      0.1632842670033078,
      0.17414946332127748,
      0.1993094388596312,
      0.20518333959186863,
      0.20171536430493445,
      0.19808129755010506,
      0.27852811794616505,
      0.2916743375584037,
      0.2533207647859336,
      0.4274537200766231,
      0.4668460296968857,
      0.4761548213303803,
      0.46612479276955127,
      0.502765831306666,
      0.4533537893082032,
      0.5136822018660828,
      0.422960433841287,
      0.48043937815386734,
      0.4437810814309263,
      0.4073912901681162,
      0.49356308035374047,
      0.46936522974314804,
      0.44761178111824806,
      0.48163790200463313,
      0.572551492789013,
      0.4910842770520977,
      0.44955821151951114,
      0.47064125230033954,
      0.4728753278600777,
      0.4305821255206348,
      0.44427245214224576,
      0.46377513644001084,
      0.4280334018750819,
      0.4339278090700596,
      0.4432638048255693,
      0.3597733443413309,
      0.39889722916626646,
      0.39552284918591646,
      0.5248498962444816,
      0.5190255577023515,
      0.42398439946913435,
      0.4774417567373571,
      0.3711816248868754,
      0.4153035716203872,
      0.5098782464772641,
      0.3152766621956033,
      0.3684624372105934,
      0.3197808755082106,
      0.34652019801610956,
      0.34254887903744946,
      0.39384037873255995,
      0.3420855177488334,
      0.3232282445280852,
      0.29885902460552977,
      0.32805744297356304,
      0.3253351000321661,
      0.3386503238565551,
      0.3078845833188402,
      0.3022243773553543,
      0.30378152639744527,
      0.30888726258438504,
      0.3224403618807029,
      0.34591539752206757,
      0.34026570199224765,
      0.42175007861352964,
      0.34546151324705093,
      0.392144120442207,
      0.4290484585715625,
      0.3382073521837146,
      0.31328210616986196,
      0.3544147545639091,
      0.31780712929760624,
      0.36660987235338033,
      0.3528877785752812,
      0.3806413766933594,
      0.3456877373382003,
      0.32074126926010954
    ],
    "best_epoch": 4,
    "best_val_loss": 0.1632842670033078,
    "test_loss": 4.384828846705587,
    "tracker": {
      "initial_train_loss": 0.9892888069459993,
      "train_threshold": 0.32976293564866643,
      "best_tracking": true,
      "patience_active": true,
      "patience_best_train": null,
      "patience_best_val": 0.1632842670033078,
      "patience_no_improve_epochs": 76,
      "best_train_loss": Infinity,
      "forced_stop_due_to_threshold": false
    }
  },
  "model_files": {
    "best": "scripts/outputs/mlp_with_history-trc-value/trial_54_7ef35b/best_model.pt",
    "last": "scripts/outputs/mlp_with_history-trc-value/trial_54_7ef35b/last_model.pt"
  },
  "config_path": "/home/amoris/data-analysis-on-dbps/scripts/outputs/mlp_with_history-trc-value/trial_54_7ef35b/config.yaml"
}