{
  "model_name": "lstm-other-value/trial_42_85f68d",
  "model_type": "LSTM",
  "model_format": "torch",
  "model_params": {
    "history_length": 234,
    "units": 344,
    "num_layers": 2,
    "dropout": 0.3455924425766321
  },
  "training_params": {
    "max_epochs": 500,
    "batch_size": 188,
    "learning_rate": 0.0012249209504800226,
    "weight_decay": 0.00034537161545131564,
    "checkpoint_interval": 10,
    "seed": 947
  },
  "data_csv": "data/time_aligned_data.csv",
  "timestamp_column": "Date, Time",
  "columns": [
    "TRC-DT",
    "TRC-RT",
    "TRC-PPL1",
    "TRC-PPL2",
    "pH-DT",
    "pH-RT",
    "pH-PPL1",
    "pH-PPL2",
    "cond-DT",
    "cond-PPL1",
    "cond-PPL2",
    "fDOM-RT",
    "fDOM-PPL1",
    "fDOM-PPL2",
    "DO-RT",
    "DO-PPL1",
    "DO-PPL2",
    "TOC-RT",
    "TOC-PPL1",
    "TOC-PPL2",
    "DOC-RT",
    "DOC-PPL1",
    "DOC-PPL2",
    "minutes_since_start"
  ],
  "feature_columns": [
    "TRC-DT",
    "TRC-RT",
    "pH-DT",
    "pH-RT",
    "cond-DT",
    "fDOM-RT",
    "DO-RT",
    "TOC-RT",
    "DOC-RT",
    "minutes_since_start"
  ],
  "target_columns": [
    "TOC-PPL1",
    "TOC-PPL2",
    "DOC-PPL1",
    "DOC-PPL2",
    "pH-PPL1",
    "pH-PPL2"
  ],
  "split_boundaries": {
    "train_end": 7796,
    "val_end": 9466,
    "test_end": 11138
  },
  "dataset_sizes": {
    "train": 7563,
    "val": 1670,
    "test": 1672
  },
  "input_dim": 10,
  "sequence_length": 234,
  "training_history": {
    "epochs": [
      1,
      2,
      3,
      4,
      5,
      6,
      7,
      8,
      9,
      10,
      11,
      12,
      13,
      14,
      15,
      16,
      17,
      18,
      19,
      20,
      21,
      22,
      23,
      24,
      25,
      26,
      27,
      28,
      29,
      30,
      31,
      32,
      33,
      34,
      35,
      36,
      37,
      38,
      39,
      40,
      41,
      42,
      43,
      44,
      45,
      46,
      47,
      48,
      49,
      50,
      51,
      52,
      53,
      54,
      55,
      56,
      57,
      58,
      59,
      60,
      61,
      62,
      63,
      64,
      65,
      66,
      67,
      68,
      69,
      70,
      71,
      72,
      73,
      74,
      75,
      76,
      77,
      78,
      79,
      80,
      81,
      82,
      83,
      84,
      85,
      86,
      87,
      88,
      89,
      90
    ],
    "train_loss": [
      0.3579738875293202,
      0.21578370576125203,
      0.18508844809542885,
      0.14931156670985737,
      0.12738861150287942,
      0.12717505212137817,
      0.12137404310294249,
      0.13173690691056367,
      0.12388722529888752,
      0.0971777112604086,
      0.08883094715978297,
      0.14808016599434387,
      0.12195959890170906,
      0.10817308202395753,
      0.12664667666391866,
      0.10318086161848951,
      0.10316541803276415,
      0.07872829141281718,
      0.07078166978472394,
      0.06383011797271865,
      0.07466206045578228,
      0.06696602175979881,
      0.06664727569664737,
      0.05046028883135951,
      0.1262284103452442,
      0.15457169446095767,
      0.12991987409556052,
      0.10106168762509445,
      0.08898952447196155,
      0.07887467721032115,
      0.06676116359839912,
      0.06596517863381827,
      0.05849008742361792,
      0.0521870757544638,
      0.05980701924146648,
      0.052246618864221196,
      0.05919294355112804,
      0.04422657023196685,
      0.04335753252609341,
      0.038355615751505784,
      0.06540600945142373,
      0.07623547390861894,
      0.05134586941706477,
      0.03926969256730334,
      0.03596903217046897,
      0.03230854911101916,
      0.03170315218954179,
      0.03285454805513333,
      0.031832414287761,
      0.033252960359366125,
      0.03183445816091936,
      0.030454324113342257,
      0.02964353012877861,
      0.03030139325071103,
      0.02982113193723042,
      0.028474574250543574,
      0.02838481919088566,
      0.042582801993260005,
      0.03715973218766751,
      0.03393296333716752,
      0.031077796574344587,
      0.03145008982946936,
      0.02813921946306661,
      0.026704935763589323,
      0.028795313100183625,
      0.028665455614572382,
      0.026550505210305747,
      0.027615183970036213,
      0.030374118972790867,
      0.0565342967102062,
      0.04131125968378655,
      0.03418988535978894,
      0.0312974999616772,
      0.027637202390209167,
      0.025857884687562793,
      0.028618809959784587,
      0.10663599059878243,
      0.09287972039277476,
      0.06736697257008405,
      0.05557309100696228,
      0.047448747182166656,
      0.04873059707534041,
      0.04599142525087474,
      0.047836259985693574,
      0.04141593523373778,
      0.03724266412594907,
      0.037055379318884404,
      0.040564745125234815,
      0.040826916306497686,
      0.11331454254947894
    ],
    "val_loss": [
      0.4397095493213859,
      0.7175895464634467,
      0.6563292475874553,
      0.6332818694457323,
      0.7285296822736363,
      0.7356232459138253,
      0.4570652512733094,
      0.6375376992953752,
      0.6467662465608048,
      0.5930759891778409,
      0.6883570150343957,
      0.6623685049796533,
      0.6354625441713961,
      0.6726790708339143,
      0.4086741068049105,
      0.43288100747291197,
      0.3656142375069464,
      0.43294267393871694,
      0.46221824106342063,
      0.5521290266585207,
      0.4744167913219886,
      0.5325653116503162,
      0.4339189736429089,
      0.4570060797972593,
      0.48057123117461176,
      0.5742066748841794,
      0.40335342111344824,
      0.39278280619018807,
      0.42474204292911255,
      0.4297458044069256,
      0.36564196874638516,
      0.38077713694579585,
      0.3612751501316796,
      0.3524497812201163,
      0.40461212739259184,
      0.3565192735837605,
      0.3657926631901792,
      0.3497614726334989,
      0.3645268673757593,
      0.3460894712966359,
      0.43617082502313714,
      0.5018841601774364,
      0.4236668401671027,
      0.4232647756259598,
      0.3917953434283148,
      0.3973957010371956,
      0.3954266350069446,
      0.3970580742744629,
      0.3913485234547518,
      0.40771057230983665,
      0.3827316145786268,
      0.358804619695969,
      0.4118713487765032,
      0.3562763365621338,
      0.36339881668190754,
      0.38011540083471174,
      0.3739980823087121,
      0.38953134597775463,
      0.39086938120290904,
      0.3796618814061502,
      0.40943697300142873,
      0.3990334431032935,
      0.4141741228317786,
      0.37212114041436933,
      0.39715430868599944,
      0.3869463030985016,
      0.4088447426250595,
      0.40370794910335256,
      0.38180444711696604,
      0.4076442380151349,
      0.3982660818064284,
      0.39245615010846874,
      0.38025180395848734,
      0.3927262953655449,
      0.4129423446997911,
      0.41429730869695813,
      0.3600469213938285,
      0.4445769938701641,
      0.4324288968376057,
      0.38014355455330034,
      0.3885058247043701,
      0.4236811094119877,
      0.4264571245915875,
      0.4197000853315799,
      0.41178163488111097,
      0.4164125690738598,
      0.4454992826470358,
      0.4275831022840774,
      0.5546758458999816,
      0.5392149246024515
    ],
    "best_epoch": 40,
    "best_val_loss": 0.3460894712966359,
    "test_loss": 0.4276804644525336,
    "tracker": {
      "initial_train_loss": 0.3579738875293202,
      "train_threshold": 0.11932462917644006,
      "best_tracking": true,
      "patience_active": true,
      "patience_best_train": null,
      "patience_best_val": 0.3460894712966359,
      "patience_no_improve_epochs": 50,
      "best_train_loss": Infinity,
      "forced_stop_due_to_threshold": false
    }
  },
  "model_files": {
    "best": "scripts/outputs/lstm-other-value/trial_42_85f68d/best_model.pt",
    "last": "scripts/outputs/lstm-other-value/trial_42_85f68d/last_model.pt"
  },