{
  "model_name": "gru-trc-rate/trial_26_fbb026",
  "model_type": "GRU",
  "model_format": "torch",
  "model_params": {
    "history_length": 102,
    "units": 195,
    "num_layers": 6,
    "dropout": 0.39386612744931665
  },
  "training_params": {
    "max_epochs": 500,
    "batch_size": 193,
    "learning_rate": 0.00020555729716610472,
    "weight_decay": 0.0002777324336539344,
    "checkpoint_interval": 10,
    "seed": 947
  },
  "data_csv": "data/time_aligned_data.csv",
  "timestamp_column": "Date, Time",
  "columns": [
    "TRC-DT",
    "TRC-RT",
    "TRC-PPL1",
    "TRC-PPL2",
    "pH-DT",
    "pH-RT",
    "pH-PPL1",
    "pH-PPL2",
    "cond-DT",
    "cond-PPL1",
    "cond-PPL2",
    "fDOM-RT",
    "fDOM-PPL1",
    "fDOM-PPL2",
    "DO-RT",
    "DO-PPL1",
    "DO-PPL2",
    "TOC-RT",
    "TOC-PPL1",
    "TOC-PPL2",
    "DOC-RT",
    "DOC-PPL1",
    "DOC-PPL2",
    "minutes_since_start"
  ],
  "feature_columns": [
    "TRC-DT",
    "TRC-RT",
    "pH-DT",
    "pH-RT",
    "cond-DT",
    "fDOM-RT",
    "DO-RT",
    "TOC-RT",
    "DOC-RT",
    "minutes_since_start"
  ],
  "target_columns": [
    "TRC-PPL1",
    "TRC-PPL2"
  ],
  "target_mode": "rate",
  "target_base_columns": [
    "TRC-RT",
    "TRC-RT"
  ],
  "split_boundaries": {
    "train_end": 7796,
    "val_end": 9466,
    "test_end": 11138
  },
  "dataset_sizes": {
    "train": 7695,
    "val": 1670,
    "test": 1672
  },
  "input_dim": 10,
  "sequence_length": 102,
  "training_history": {
    "epochs": [
      1,
      2,
      3,
      4,
      5,
      6,
      7,
      8,
      9,
      10,
      11,
      12,
      13,
      14,
      15,
      16,
      17,
      18,
      19,
      20,
      21,
      22,
      23,
      24,
      25,
      26,
      27,
      28,
      29,
      30,
      31,
      32,
      33,
      34,
      35,
      36,
      37,
      38,
      39,
      40,
      41,
      42,
      43,
      44,
      45,
      46,
      47,
      48,
      49,
      50,
      51,
      52,
      53,
      54,
      55,
      56,
      57,
      58,
      59,
      60,
      61,
      62,
      63,
      64,
      65,
      66,
      67,
      68,
      69,
      70,
      71,
      72,
      73,
      74,
      75,
      76,
      77,
      78,
      79,
      80
    ],
    "train_loss": [
      0.45982264614554486,
      0.17676647783216523,
      0.1384343821354467,
      0.10401410602415592,
      0.07440015646575178,
      0.06253676418895222,
      0.05596619656937629,
      0.05137333476491142,
      0.0449246580682845,
      0.041711601803032045,
      0.03885475567858509,
      0.036554936492903964,
      0.034891953800524726,
      0.033993698400218354,
      0.03278210788597295,
      0.03178159770440211,
      0.03122670874169037,
      0.032685416509397935,
      0.029832099495265607,
      0.031091927780084135,
      0.028754695618671593,
      0.029183334634288943,
      0.027615262742763685,
      0.02735200595786,
      0.02650175486546666,
      0.027187530630067853,
      0.027549708382147254,
      0.02555848792137226,
      0.025222596616433998,
      0.02602422984414979,
      0.025587114501475824,
      0.024079069993358838,
      0.02357687908451692,
      0.023949632564434917,
      0.023744621950844962,
      0.02485875131742686,
      0.023216978569961043,
      0.02295655613236221,
      0.022233440137339383,
      0.022947113037767777,
      0.022072123948671044,
      0.021980505155870248,
      0.023029669651627307,
      0.022651798657884144,
      0.0212924536968726,
      0.020815175154220367,
      0.023351749945298816,
      0.02050056474560495,
      0.021020285096781992,
      0.019727947356698573,
      0.019913460299750285,
      0.019542870900029097,
      0.019956113340465025,
      0.019688777909738202,
      0.019641635322954223,
      0.019043561122595025,
      0.019046342169564603,
      0.019669112441861605,
      0.01968422244345894,
      0.019804074297416433,
      0.01943680748241803,
      0.019913459140892112,
      0.02132385904701636,
      0.019234512023666488,
      0.019406834014529837,
      0.018546322767415205,
      0.018922395492971058,
      0.01815141135835179,
      0.01942231671435636,
      0.019315755594330533,
      0.018068070120412356,
      0.01849767311710363,
      0.018916764909848133,
      0.01877925797759557,
      0.018370039741338617,
      0.01777643715240221,
      0.017898248351113102,
      0.01854230040700076,
      0.018384741478592953,
      0.01892347215391003
    ],
    "val_loss": [
      0.48895305268421857,
      0.2933886788116244,
      0.2425958125400329,
      0.3679349982140664,
      0.2500839886082682,
      0.18029394804048324,
      0.18910874658359025,
      0.22711506151109043,
      0.22759490244559008,
      0.30140042773442355,
      0.2848730549115888,
      0.5388707121566474,
      0.36426815618900305,
      0.41189941897720633,
      0.48526228302699365,
      0.8417726169892414,
      0.49682695251181275,
      0.6320175357776399,
      0.4211209875983214,
      0.4193231636167554,
      0.5623491127925094,
      0.3956331434319476,
      0.5059588061344481,
      0.4690530086672324,
      0.4958468302270163,
      0.7414410111009182,
      0.5089540514336554,
      0.4386073237140022,
      0.5240003217491294,
      0.6138778237804413,
      0.42619371367004993,
      0.4671426662227172,
      0.4688606230129382,
      0.4745483486182586,
      0.44280826633539566,
      0.46577674070272795,
      0.4690626920619143,
      0.4724690047834448,
      0.4168132380019137,
      0.4631359856876874,
      0.46031640040504185,
      0.3977532275734904,
      0.4733648307744168,
      0.46923903276485773,
      0.4799836168076821,
      0.4283824559011145,
      0.40389886801158953,
      0.4276757770959667,
      0.4273892374686941,
      0.4323721404237572,
      0.4535728698908658,
      0.41845997114649075,
      0.46466343845101354,
      0.43484395762715866,
      0.4199297136978475,
      0.42685078103876045,
      0.4601891481546228,
      0.46859166331053853,
      0.42062202527405257,
      0.4401489976905063,
      0.41375810255235185,
      0.383123539091495,
      0.4319226338745591,
      0.42951822198905093,
      0.4210495726244446,
      0.421117931471658,
      0.408151392559493,
      0.4113298372538415,
      0.40128796876904493,
      0.41453777299134315,
      0.39105807271434695,
      0.3959928892742463,
      0.42676891120161836,
      0.44917416248225167,
      0.3999700604051262,
      0.4104773009240538,
      0.3864627548878243,
      0.41692605744935796,
      0.3818500384231081,
      0.3942287435308991
    ],
    "best_epoch": 6,
    "best_val_loss": 0.18029394804048324,
    "best_val_abs_mse": 0.2739900052547455,
    "test_loss": 4.76664429774695,
    "test_abs_mse": 45.488197326660156,
    "tracker": {
      "initial_train_loss": 0.45982264614554486,
      "train_threshold": 0.1532742153818483,
      "best_tracking": true,
      "patience_active": true,
      "patience_best_train": null,
      "patience_best_val": 0.18029394804048324,
      "patience_no_improve_epochs": 74,
      "best_train_loss": Infinity,
      "forced_stop_due_to_threshold": false
    }
  },
  "model_files": {
    "best": "scripts/outputs/gru-trc-rate/trial_26_fbb026/best_model.pt",
    "last": "scripts/outputs/gru-trc-rate/trial_26_fbb026/last_model.pt"
  },
  "config_path": "/home/amoris/data-analysis-on-dbps/scripts/outputs/gru-trc-rate/trial_26_fbb026/config.yaml"
}