{
  "model_name": "lstm-trc-value/trial_60_fbbc69",
  "model_type": "LSTM",
  "model_format": "torch",
  "model_params": {
    "history_length": 91,
    "units": 328,
    "num_layers": 3,
    "dropout": 0.31554011003262494
  },
  "training_params": {
    "max_epochs": 500,
    "batch_size": 252,
    "learning_rate": 0.0005942850018239912,
    "weight_decay": 0.00034859016389033503,
    "checkpoint_interval": 10,
    "seed": 947
  },
  "data_csv": "data/time_aligned_data.csv",
  "timestamp_column": "Date, Time",
  "columns": [
    "TRC-DT",
    "TRC-RT",
    "TRC-PPL1",
    "TRC-PPL2",
    "pH-DT",
    "pH-RT",
    "pH-PPL1",
    "pH-PPL2",
    "cond-DT",
    "cond-PPL1",
    "cond-PPL2",
    "fDOM-RT",
    "fDOM-PPL1",
    "fDOM-PPL2",
    "DO-RT",
    "DO-PPL1",
    "DO-PPL2",
    "TOC-RT",
    "TOC-PPL1",
    "TOC-PPL2",
    "DOC-RT",
    "DOC-PPL1",
    "DOC-PPL2",
    "minutes_since_start"
  ],
  "feature_columns": [
    "TRC-DT",
    "TRC-RT",
    "pH-DT",
    "pH-RT",
    "cond-DT",
    "fDOM-RT",
    "DO-RT",
    "TOC-RT",
    "DOC-RT",
    "minutes_since_start"
  ],
  "target_columns": [
    "TRC-PPL1",
    "TRC-PPL2"
  ],
  "split_boundaries": {
    "train_end": 7796,
    "val_end": 9466,
    "test_end": 11138
  },
  "dataset_sizes": {
    "train": 7706,
    "val": 1670,
    "test": 1672
  },
  "input_dim": 10,
  "sequence_length": 91,
  "training_history": {
    "epochs": [
      1,
      2,
      3,
      4,
      5,
      6,
      7,
      8,
      9,
      10,
      11,
      12,
      13,
      14,
      15,
      16,
      17,
      18,
      19,
      20,
      21,
      22,
      23,
      24,
      25,
      26,
      27,
      28,
      29,
      30,
      31,
      32,
      33,
      34,
      35,
      36,
      37,
      38,
      39,
      40,
      41,
      42,
      43,
      44,
      45,
      46,
      47,
      48,
      49,
      50,
      51,
      52,
      53,
      54,
      55,
      56,
      57,
      58,
      59,
      60,
      61,
      62,
      63,
      64,
      65,
      66,
      67,
      68,
      69,
      70,
      71,
      72,
      73,
      74,
      75,
      76,
      77,
      78,
      79,
      80
    ],
    "train_loss": [
      0.40022338695520554,
      0.11424147910246316,
      0.06745173484899149,
      0.046046886909264825,
      0.03760159073666786,
      0.03745835035983275,
      0.03233677518640807,
      0.029305617740513625,
      0.028261437778627753,
      0.029452160158398365,
      0.028289030514640094,
      0.026893447931829812,
      0.03524980955396322,
      0.026002248330005508,
      0.025387730500681382,
      0.04051830755948417,
      0.027294244502651485,
      0.025603362650371452,
      0.024303151195003033,
      0.023037230050640387,
      0.02398339448394696,
      0.02275409278900491,
      0.02290864716640021,
      0.022989780204348862,
      0.023344594970743843,
      0.021494256194739908,
      0.02050726658640714,
      0.022942280774859214,
      0.02211694489674323,
      0.020599814330061132,
      0.020603362091858295,
      0.020140852179700235,
      0.020006315521615498,
      0.020235355459530726,
      0.01974504301989199,
      0.019033947316584046,
      0.020241156894817095,
      0.019896348212721623,
      0.020378172634009446,
      0.020564851535509816,
      0.020190539092305046,
      0.01906030390207609,
      0.019194988465207816,
      0.01952639524045391,
      0.01935095381491561,
      0.022424933945582714,
      0.019941726186555174,
      0.01794216745162502,
      0.01864537562185871,
      0.020566617323111287,
      0.020469015199268543,
      0.018125926433027163,
      0.018455710702945806,
      0.01906192220811283,
      0.018989239191134162,
      0.018721836815108858,
      0.019041256524202826,
      0.01892029236042048,
      0.018650940061775766,
      0.019324148949762615,
      0.02027922589114323,
      0.018232713791145588,
      0.018293306403115387,
      0.019325385607398084,
      0.018609504506200775,
      0.01894901114011504,
      0.01884534365823601,
      0.018809863312284483,
      0.018144661143456933,
      0.019231058191628913,
      0.017999508397597137,
      0.018648318641802383,
      0.0195924888985933,
      0.017751734469800436,
      0.019090827313234148,
      0.01899809615583566,
      0.018005451219397613,
      0.017744837217119926,
      0.01747205935209765,
      0.021885252537632682
    ],
    "val_loss": [
      0.3413933612450868,
      0.2243421864009903,
      0.23983359705366775,
      0.23523011072399375,
      0.22471540001427343,
      0.24429104279079836,
      0.246052271654149,
      1.3569631643816382,
      0.9667345295409242,
      1.16396352723687,
      0.5730088563647099,
      1.4325352361905361,
      0.698654637490204,
      1.249932481919577,
      1.3709090890150941,
      0.35220260460398156,
      0.31219935569309903,
      0.4809705715113414,
      0.40025522191813606,
      0.6197407497037314,
      0.7729589266557536,
      0.5375770203189222,
      0.33741606677809877,
      0.29490792745958544,
      0.30251344094376365,
      0.3070308994301065,
      0.3255558584710795,
      0.3044685818344176,
      0.31589202469962085,
      0.3183433491848186,
      0.35843994930208084,
      0.32151157998753166,
      0.3265007800550875,
      0.3246484159218694,
      0.3369277421585814,
      0.3472627497986405,
      0.35541777533150004,
      0.3049859693530434,
      0.2973624373713653,
      0.3273656312398568,
      0.304748932620187,
      0.3247303072162374,
      0.3397879845947919,
      0.3516409301159982,
      0.3376797924766284,
      0.32658164715784754,
      0.3322226473448162,
      0.36744524248970484,
      0.3470442807201497,
      0.32965253146733353,
      0.36254108292970827,
      0.3345763930303608,
      0.3335292894772427,
      0.32632328070655553,
      0.31909234753090465,
      0.33216345335641306,
      0.34309521677965177,
      0.3258828493426303,
      0.3481671038457376,
      0.3316271755554362,
      0.33024430997268167,
      0.3182590047934812,
      0.3226306467356082,
      0.3063191391839952,
      0.3340135901140239,
      0.3229436570298886,
      0.371844342846178,
      0.3664339440757643,
      0.3297828293979882,
      0.3172243156475935,
      0.34546636518782486,
      0.31907541495329605,
      0.35581507653801026,
      0.3738021619617939,
      0.34569588532437107,
      0.3722978757883974,
      0.33070366300508647,
      0.3799044789668329,
      0.43075916768012645,
      0.30496430088303045
    ],
    "best_epoch": 2,
    "best_val_loss": 0.2243421864009903,
    "test_loss": 4.536350309278406,
    "tracker": {
      "initial_train_loss": 0.40022338695520554,
      "train_threshold": 0.1334077956517352,
      "best_tracking": true,
      "patience_active": true,
      "patience_best_train": null,
      "patience_best_val": 0.2243421864009903,
      "patience_no_improve_epochs": 79,
      "best_train_loss": Infinity,
      "forced_stop_due_to_threshold": false
    }
  },
  "model_files": {
    "best": "scripts/outputs/lstm-trc-value/trial_60_fbbc69/best_model.pt",
    "last": "scripts/outputs/lstm-trc-value/trial_60_fbbc69/last_model.pt"
  },
  "config_path": "/home/amoris/data-analysis-on-dbps/scripts/outputs/lstm-trc-value/trial_60_fbbc69/config.yaml"
}