{
  "model_name": "rnn-trc-value/trial_5_54ea15",
  "model_type": "RNN",
  "model_format": "torch",
  "model_params": {
    "history_length": 210,
    "units": 379,
    "num_layers": 3,
    "dropout": 0.36412118510933905
  },
  "training_params": {
    "max_epochs": 500,
    "batch_size": 207,
    "learning_rate": 0.00034140596543828653,
    "weight_decay": 0.0031796627723481817,
    "checkpoint_interval": 10,
    "seed": 947
  },
  "data_csv": "data/time_aligned_data.csv",
  "timestamp_column": "Date, Time",
  "columns": [
    "TRC-DT",
    "TRC-RT",
    "TRC-PPL1",
    "TRC-PPL2",
    "pH-DT",
    "pH-RT",
    "pH-PPL1",
    "pH-PPL2",
    "cond-DT",
    "cond-PPL1",
    "cond-PPL2",
    "fDOM-RT",
    "fDOM-PPL1",
    "fDOM-PPL2",
    "DO-RT",
    "DO-PPL1",
    "DO-PPL2",
    "TOC-RT",
    "TOC-PPL1",
    "TOC-PPL2",
    "DOC-RT",
    "DOC-PPL1",
    "DOC-PPL2",
    "minutes_since_start"
  ],
  "feature_columns": [
    "TRC-DT",
    "TRC-RT",
    "pH-DT",
    "pH-RT",
    "cond-DT",
    "fDOM-RT",
    "DO-RT",
    "TOC-RT",
    "DOC-RT",
    "minutes_since_start"
  ],
  "target_columns": [
    "TRC-PPL1",
    "TRC-PPL2"
  ],
  "split_boundaries": {
    "train_end": 7796,
    "val_end": 9466,
    "test_end": 11138
  },
  "dataset_sizes": {
    "train": 7587,
    "val": 1670,
    "test": 1672
  },
  "input_dim": 10,
  "sequence_length": 210,
  "training_history": {
    "epochs": [
      1,
      2,
      3,
      4,
      5,
      6,
      7,
      8,
      9,
      10,
      11,
      12,
      13,
      14,
      15,
      16,
      17,
      18,
      19,
      20,
      21,
      22,
      23,
      24,
      25,
      26,
      27,
      28,
      29,
      30,
      31,
      32,
      33,
      34,
      35,
      36,
      37,
      38,
      39,
      40,
      41,
      42,
      43,
      44,
      45,
      46,
      47,
      48,
      49,
      50,
      51,
      52,
      53,
      54,
      55,
      56,
      57,
      58,
      59,
      60,
      61,
      62,
      63,
      64,
      65,
      66,
      67,
      68,
      69,
      70,
      71,
      72,
      73,
      74,
      75,
      76,
      77,
      78,
      79,
      80
    ],
    "train_loss": [
      0.31899033478004934,
      0.20179458155185162,
      0.1282396874659002,
      0.06599685486101171,
      0.049937984617791566,
      0.049962865389786296,
      0.045382976271256294,
      0.04022028342702493,
      0.04109176193515318,
      0.0394059599952801,
      0.03562494223519788,
      0.03879018702399547,
      0.03701223424400511,
      0.032787218292200694,
      0.03543936980011059,
      0.0350323998405734,
      0.03362343793520582,
      0.03428211357457782,
      0.03269900546397037,
      0.03366843227425221,
      0.03549051793205993,
      0.03513189841587702,
      0.03185907609690056,
      0.03276581306138638,
      0.03129635984133288,
      0.031636095184872585,
      0.033983304654717585,
      0.02946704248914303,
      0.03155456610412855,
      0.03069739755406569,
      0.031087043815571924,
      0.0313568916061312,
      0.02930796394745509,
      0.03251443486019951,
      0.030792714451237505,
      0.037508538973872345,
      0.030725399916052536,
      0.03823584993618451,
      0.031904104904825155,
      0.029598250481369656,
      0.02885884575298319,
      0.02867518406480657,
      0.033897695000132066,
      0.029797547608437204,
      0.028020416639418223,
      0.029177360603428962,
      0.03033140320485526,
      0.03235465072952697,
      0.03257608365086333,
      0.02959094196778953,
      0.030989944574689385,
      0.0298207329955142,
      0.030314231786351044,
      0.03129263378653238,
      0.029525351890695335,
      0.028657201547197742,
      0.03458081125718136,
      0.029401231539454467,
      0.029986642484474718,
      0.028910318263590973,
      0.027801849164537124,
      0.028384795085408792,
      0.027296510254378705,
      0.027367948080509158,
      0.028452005261645905,
      0.029178011819967736,
      0.030251374351101555,
      0.025277542036517234,
      0.024955464266284786,
      0.027989062039824566,
      0.02978991675560726,
      0.03579538564329187,
      0.02972786758240856,
      0.02549645061409134,
      0.026825003953449524,
      0.029197031587874903,
      0.028121896280353605,
      0.027698657443373513,
      0.024730502315139572,
      0.030924637113672417
    ],
    "val_loss": [
      0.6345852610816856,
      0.5026692248724713,
      0.30757919612625045,
      0.28568420508753756,
      0.27838735503038603,
      0.2850224342152566,
      0.2787382370697524,
      0.2912871744584091,
      0.31362765903199863,
      0.3235100527154561,
      0.3152261872457976,
      0.32092113899189734,
      0.3348723709839814,
      0.3456060515370911,
      0.3510518306330917,
      0.3157723430845284,
      0.3673009141476568,
      0.3187581378665424,
      0.3393309832756926,
      0.3075850147006665,
      0.30825238486941525,
      0.33960714943171616,
      0.3225531078060855,
      0.3323851412418717,
      0.3605136154453733,
      0.32957156807474214,
      0.3305879626378506,
      0.3552067394474309,
      0.30563853081025766,
      0.3689965860773168,
      0.3436799979952727,
      0.36291833150752645,
      0.37227542363776417,
      0.3320099385009108,
      0.33778958921014013,
      0.3353249120375443,
      0.3345953673949677,
      0.3280784076726633,
      0.3367673389546707,
      0.3329681089895214,
      0.33025513081783486,
      0.31647273217534233,
      0.305229906461196,
      0.31569691055794497,
      0.35767135954389495,
      0.33635048699526193,
      0.34402328524961623,
      0.3431901885798859,
      0.3650327253495594,
      0.33710036826526335,
      0.3547268918799069,
      0.33306377081390093,
      0.3336822593227743,
      0.32215515548240636,
      0.3515184534646705,
      0.34409752609710137,
      0.31147390651421814,
      0.3342107892839495,
      0.3274707326197071,
      0.34184719393264035,
      0.31297430544087806,
      0.3271177630759999,
      0.323484236532878,
      0.3331737447786563,
      0.3231347577835985,
      0.31622785064475445,
      0.3096127666611068,
      0.31890003398105415,
      0.3191381704262988,
      0.345220755076337,
      0.31068605486147416,
      0.3230993712477074,
      0.302559346570717,
      0.3234408478882766,
      0.30805003635116857,
      0.3061337412318248,
      0.30679897529792466,
      0.2999033593935167,
      0.32009968377962084,
      0.29668148832875274
    ],
    "best_epoch": 5,
    "best_val_loss": 0.27838735503038603,
    "test_loss": 4.389170285260849,
    "tracker": {
      "initial_train_loss": 0.31899033478004934,
      "train_threshold": 0.10633011159334978,
      "best_tracking": true,
      "patience_active": true,
      "patience_best_train": null,
      "patience_best_val": 0.27838735503038603,
      "patience_no_improve_epochs": 75,
      "best_train_loss": Infinity,
      "forced_stop_due_to_threshold": false
    }
  },
  "model_files": {
    "best": "scripts/outputs/rnn-trc-value/trial_5_54ea15/best_model.pt",
    "last": "scripts/outputs/rnn-trc-value/trial_5_54ea15/last_model.pt"
  },
  "config_path": "/home/amoris/data-analysis-on-dbps/scripts/outputs/rnn-trc-value/trial_5_54ea15/config.yaml"
}