{
  "model_name": "gru-other-value/trial_15_279adb",
  "model_type": "GRU",
  "model_format": "torch",
  "model_params": {
    "history_length": 141,
    "units": 306,
    "num_layers": 3,
    "dropout": 0.27224419364805635
  },
  "training_params": {
    "max_epochs": 500,
    "batch_size": 193,
    "learning_rate": 0.0011458717499223893,
    "weight_decay": 0.0014150469761195694,
    "checkpoint_interval": 10,
    "seed": 947
  },
  "data_csv": "data/time_aligned_data.csv",
  "timestamp_column": "Date, Time",
  "columns": [
    "TRC-DT",
    "TRC-RT",
    "TRC-PPL1",
    "TRC-PPL2",
    "pH-DT",
    "pH-RT",
    "pH-PPL1",
    "pH-PPL2",
    "cond-DT",
    "cond-PPL1",
    "cond-PPL2",
    "fDOM-RT",
    "fDOM-PPL1",
    "fDOM-PPL2",
    "DO-RT",
    "DO-PPL1",
    "DO-PPL2",
    "TOC-RT",
    "TOC-PPL1",
    "TOC-PPL2",
    "DOC-RT",
    "DOC-PPL1",
    "DOC-PPL2",
    "minutes_since_start"
  ],
  "feature_columns": [
    "TRC-DT",
    "TRC-RT",
    "pH-DT",
    "pH-RT",
    "cond-DT",
    "fDOM-RT",
    "DO-RT",
    "TOC-RT",
    "DOC-RT",
    "minutes_since_start"
  ],
  "target_columns": [
    "TOC-PPL1",
    "TOC-PPL2",
    "DOC-PPL1",
    "DOC-PPL2",
    "pH-PPL1",
    "pH-PPL2"
  ],
  "split_boundaries": {
    "train_end": 7796,
    "val_end": 9466,
    "test_end": 11138
  },
  "dataset_sizes": {
    "train": 7656,
    "val": 1670,
    "test": 1672
  },
  "input_dim": 10,
  "sequence_length": 141,
  "training_history": {
    "epochs": [
      1,
      2,
      3,
      4,
      5,
      6,
      7,
      8,
      9,
      10,
      11,
      12,
      13,
      14,
      15,
      16,
      17,
      18,
      19,
      20,
      21,
      22,
      23,
      24,
      25,
      26,
      27,
      28,
      29,
      30,
      31,
      32,
      33,
      34,
      35,
      36,
      37,
      38,
      39,
      40,
      41,
      42,
      43,
      44,
      45,
      46,
      47,
      48,
      49,
      50,
      51,
      52,
      53,
      54,
      55,
      56,
      57,
      58,
      59,
      60,
      61,
      62,
      63,
      64,
      65,
      66,
      67,
      68,
      69,
      70,
      71,
      72,
      73,
      74,
      75,
      76,
      77,
      78,
      79,
      80,
      81,
      82,
      83
    ],
    "train_loss": [
      0.33125239096060316,
      0.23147642430474705,
      0.2193088939290809,
      0.2019090819033398,
      0.18492527581875912,
      0.16433245391081805,
      0.14168520397414203,
      0.13771431307262638,
      0.1324938071323335,
      0.13474284585413515,
      0.12368794507079425,
      0.12536552589670866,
      0.11596140906101826,
      0.11927580128276921,
      0.11014834389892429,
      0.1051714415618198,
      0.10099828564498647,
      0.10446527743246893,
      0.09793008172002893,
      0.09655939863825386,
      0.10639011464981886,
      0.09198259239551167,
      0.09799992107925401,
      0.09276000224929712,
      0.08425260424349251,
      0.08783869639860394,
      0.08505373230046333,
      0.0824836107874007,
      0.07592935393035972,
      0.08183763913524142,
      0.07533942898462917,
      0.08150825895614291,
      0.0764840123255308,
      0.06665816178979389,
      0.06781782239116924,
      0.07851080133121309,
      0.07733126787873629,
      0.06760169994747782,
      0.07407400880131555,
      0.07998534542670943,
      0.06349598151916792,
      0.06613868288890445,
      0.061308416853247207,
      0.061691026027677356,
      0.05849991308558292,
      0.05624565177878351,
      0.06147463374032543,
      0.05888745096164717,
      0.054718912924107556,
      0.06804305074207072,
      0.0641292125300982,
      0.0594163380510708,
      0.057098671114665836,
      0.05822518442162822,
      0.05569634545650898,
      0.06398502444749155,
      0.08459431646963973,
      0.055200140726681536,
      0.05678557521296722,
      0.05701325561115547,
      0.053318508950820194,
      0.057597444258930014,
      0.05465647821580308,
      0.0594586266609553,
      0.052372850083562086,
      0.05830645468377955,
      0.0506733530478371,
      0.04995867417776877,
      0.05353972946255699,
      0.06104385250714163,
      0.05950932300580488,
      0.05728843259793495,
      0.051537732118322216,
      0.050979229722312155,
      0.05214883049301873,
      0.05732969099036812,
      0.05046483702264734,
      0.05247359026550406,
      0.06284776820811903,
      0.05067020052335495,
      0.04962187044978406,
      0.04744527070435657,
      0.060790191371433724
    ],
    "val_loss": [
      0.3587504071925215,
      0.4107364746000238,
      0.5440786925529292,
      0.5290658054237594,
      0.6195988975420683,
      0.721242020497779,
      0.7312407546013058,
      0.718394885149723,
      0.708912063363248,
      0.7142960920885294,
      0.6080618114171628,
      0.4970475756702666,
      0.4697591778002456,
      0.6420707292274801,
      0.5563089993944068,
      0.46578975865940847,
      0.5623412090682698,
      0.5570091205621194,
      0.4049319413607706,
      0.42240601877520184,
      0.4629686014068698,
      0.40224015326378587,
      0.46102003522975715,
      0.4664777804589914,
      0.39928112449849434,
      0.4818089510509354,
      0.4158515735389944,
      0.4177173288817891,
      0.44703424667526864,
      0.34724526257215144,
      0.3934175187153017,
      0.3720849566473932,
      0.3363347851632241,
      0.39315740194863186,
      0.3625401934285364,
      0.3869603860788717,
      0.4048918998393113,
      0.40049251295224636,
      0.35165649989764847,
      0.4130181479239892,
      0.3954397781568016,
      0.3628833556068158,
      0.4016107536138532,
      0.4166904684178487,
      0.41449306278885484,
      0.40033379394761814,
      0.4352380903091973,
      0.41238261723589753,
      0.40677427349690193,
      0.4354686790597653,
      0.41136988359921706,
      0.3894822030099566,
      0.40081753797249164,
      0.403644756419573,
      0.4356795367098854,
      0.3784898060346078,
      0.4111958950646445,
      0.4182086636474033,
      0.43590465146535173,
      0.3932602321628682,
      0.4518426910578134,
      0.4161717300197321,
      0.4105995217884729,
      0.40160969618016373,
      0.44628006541978815,
      0.42010976478992823,
      0.4309879661454055,
      0.4247075177059916,
      0.47252238032346716,
      0.4045120924800456,
      0.4204917015518971,
      0.44563016557318724,
      0.41923703342051566,
      0.40038366613987675,
      0.46554708148904905,
      0.4481958268556052,
      0.44347901194395417,
      0.3843834177507255,
      0.42150462845306913,
      0.4344517495728538,
      0.43039651653634575,
      0.45389825483103713,
      0.4289929317633906
    ],
    "best_epoch": 33,
    "best_val_loss": 0.3363347851632241,
    "test_loss": 0.349401888330623,
    "tracker": {
      "initial_train_loss": 0.33125239096060316,
      "train_threshold": 0.11041746365353439,
      "best_tracking": true,
      "patience_active": true,
      "patience_best_train": null,
      "patience_best_val": 0.3363347851632241,
      "patience_no_improve_epochs": 50,
      "best_train_loss": Infinity,
      "forced_stop_due_to_threshold": false
    }
  },
  "model_files": {
    "best": "scripts/outputs/gru-other-value/trial_15_279adb/best_model.pt",
    "last": "scripts/outputs/gru-other-value/trial_15_279adb/last_model.pt"
  },
  "config_path": "/home/amoris/data-analysis-on-dbps/scripts/outputs/gru-other-value/trial_15_279adb/config.yaml"
}