{
  "model_name": "lstm-trc-value/trial_86_e4050e",
  "model_type": "LSTM",
  "model_format": "torch",
  "model_params": {
    "history_length": 86,
    "units": 383,
    "num_layers": 9,
    "dropout": 0.3211941367744339
  },
  "training_params": {
    "max_epochs": 500,
    "batch_size": 231,
    "learning_rate": 0.0002963206655852547,
    "weight_decay": 0.0004569983217097552,
    "checkpoint_interval": 10,
    "seed": 947
  },
  "data_csv": "data/time_aligned_data.csv",
  "timestamp_column": "Date, Time",
  "columns": [
    "TRC-DT",
    "TRC-RT",
    "TRC-PPL1",
    "TRC-PPL2",
    "pH-DT",
    "pH-RT",
    "pH-PPL1",
    "pH-PPL2",
    "cond-DT",
    "cond-PPL1",
    "cond-PPL2",
    "fDOM-RT",
    "fDOM-PPL1",
    "fDOM-PPL2",
    "DO-RT",
    "DO-PPL1",
    "DO-PPL2",
    "TOC-RT",
    "TOC-PPL1",
    "TOC-PPL2",
    "DOC-RT",
    "DOC-PPL1",
    "DOC-PPL2",
    "minutes_since_start"
  ],
  "feature_columns": [
    "TRC-DT",
    "TRC-RT",
    "pH-DT",
    "pH-RT",
    "cond-DT",
    "fDOM-RT",
    "DO-RT",
    "TOC-RT",
    "DOC-RT",
    "minutes_since_start"
  ],
  "target_columns": [
    "TRC-PPL1",
    "TRC-PPL2"
  ],
  "split_boundaries": {
    "train_end": 7796,
    "val_end": 9466,
    "test_end": 11138
  },
  "dataset_sizes": {
    "train": 7711,
    "val": 1670,
    "test": 1672
  },
  "input_dim": 10,
  "sequence_length": 86,
  "training_history": {
    "epochs": [
      1,
      2,
      3,
      4,
      5,
      6,
      7,
      8,
      9,
      10,
      11,
      12,
      13,
      14,
      15,
      16,
      17,
      18,
      19,
      20,
      21,
      22,
      23,
      24,
      25,
      26,
      27,
      28,
      29,
      30,
      31,
      32,
      33,
      34,
      35,
      36,
      37,
      38,
      39,
      40,
      41,
      42,
      43,
      44,
      45,
      46,
      47,
      48,
      49,
      50
    ],
    "train_loss": [
      1.0003343151401352,
      0.9995767423157685,
      0.9993875273284151,
      0.9994853566614605,
      0.9993758761083519,
      0.999505610931957,
      0.9995882287515213,
      0.9994525770828149,
      0.9994220884992461,
      0.9992760219179445,
      0.999512695977079,
      0.9995282418207503,
      0.9994692997993654,
      0.9994943981163852,
      0.9994251751865708,
      0.9996023595588184,
      0.9993440571763206,
      0.9994731547148864,
      0.9994696665252326,
      0.9992618042120069,
      0.9992973359777312,
      0.9994964868297931,
      0.9994218029751417,
      0.9993116923643757,
      0.9994959652678943,
      0.9992458116310979,
      0.9992896042944871,
      0.9992947580130737,
      0.9993122890060196,
      0.999292524666997,
      0.9993854156574407,
      0.9992859542114758,
      0.9992968920464183,
      0.9994240339404336,
      0.9994604974432441,
      0.999353065640372,
      0.9992953654532766,
      0.9992658150689238,
      0.9993498008193371,
      0.9993337863862259,
      0.9993060303482622,
      0.9992510479969237,
      0.999244884400497,
      0.9992491167554162,
      0.9993338028816626,
      0.9994613550358934,
      0.9995611340615277,
      0.999255976986443,
      0.9992803368350749,
      0.9992815941444647
    ],
    "val_loss": [
      0.3570385264690051,
      0.3546725945357613,
      0.35482661929762294,
      0.3539065239761404,
      0.3526555372323997,
      0.34883663804677434,
      0.35072410665898623,
      0.34867577221088425,
      0.3528490098784427,
      0.35226573448650494,
      0.3563750555192282,
      0.35635420038939236,
      0.35411009767990625,
      0.3558686713704806,
      0.3557665930938221,
      0.35141092544633473,
      0.3537990228747001,
      0.34906708904413764,
      0.35298536025255384,
      0.35227325427942646,
      0.3516352850386126,
      0.35265323870820914,
      0.35011812991234,
      0.3552540302142769,
      0.3512369566892614,
      0.3544954418868362,
      0.34998343613244104,
      0.35387188228750655,
      0.35223760752977723,
      0.3542600080527053,
      0.35394859453607463,
      0.35354789039733525,
      0.35221694496398914,
      0.3524394312683872,
      0.3524223179338935,
      0.3508660560038811,
      0.35154564937654725,
      0.3541093342764649,
      0.3526150969955736,
      0.35131306198319634,
      0.35244032094801614,
      0.3515965368331014,
      0.35217804938867064,
      0.3515697405790676,
      0.35059493375038675,
      0.3558611675516931,
      0.351552973841568,
      0.3528224337957576,
      0.35349110211887047,
      0.35271214464467443
    ],
    "best_epoch": 50,
    "best_val_loss": 0.35271214464467443,
    "test_loss": 5.683966418630199,
    "tracker": {
      "initial_train_loss": 1.0003343151401352,
      "train_threshold": 0.3334447717133784,
      "best_tracking": false,
      "patience_active": true,
      "patience_best_train": null,
      "patience_best_val": 0.35059493375038675,
      "patience_no_improve_epochs": 5,
      "best_train_loss": Infinity,
      "forced_stop_due_to_threshold": true
    }
  },
  "model_files": {
    "best": "scripts/outputs/lstm-trc-value/trial_86_e4050e/best_model.pt",
    "last": "scripts/outputs/lstm-trc-value/trial_86_e4050e/last_model.pt"
  },
  "config_path": "/home/amoris/data-analysis-on-dbps/scripts/outputs/lstm-trc-value/trial_86_e4050e/config.yaml"
}