{
  "model_name": "gru-trc-rate/trial_41_ae1f7a",
  "model_type": "GRU",
  "model_format": "torch",
  "model_params": {
    "history_length": 120,
    "units": 165,
    "num_layers": 6,
    "dropout": 0.4554674293282628
  },
  "training_params": {
    "max_epochs": 500,
    "batch_size": 330,
    "learning_rate": 0.0014165163096705317,
    "weight_decay": 0.00043303155641280337,
    "checkpoint_interval": 10,
    "seed": 947
  },
  "data_csv": "data/time_aligned_data.csv",
  "timestamp_column": "Date, Time",
  "columns": [
    "TRC-DT",
    "TRC-RT",
    "TRC-PPL1",
    "TRC-PPL2",
    "pH-DT",
    "pH-RT",
    "pH-PPL1",
    "pH-PPL2",
    "cond-DT",
    "cond-PPL1",
    "cond-PPL2",
    "fDOM-RT",
    "fDOM-PPL1",
    "fDOM-PPL2",
    "DO-RT",
    "DO-PPL1",
    "DO-PPL2",
    "TOC-RT",
    "TOC-PPL1",
    "TOC-PPL2",
    "DOC-RT",
    "DOC-PPL1",
    "DOC-PPL2",
    "minutes_since_start"
  ],
  "feature_columns": [
    "TRC-DT",
    "TRC-RT",
    "pH-DT",
    "pH-RT",
    "cond-DT",
    "fDOM-RT",
    "DO-RT",
    "TOC-RT",
    "DOC-RT",
    "minutes_since_start"
  ],
  "target_columns": [
    "TRC-PPL1",
    "TRC-PPL2"
  ],
  "target_mode": "rate",
  "target_base_columns": [
    "TRC-RT",
    "TRC-RT"
  ],
  "split_boundaries": {
    "train_end": 7796,
    "val_end": 9466,
    "test_end": 11138
  },
  "dataset_sizes": {
    "train": 7677,
    "val": 1670,
    "test": 1672
  },
  "input_dim": 10,
  "sequence_length": 120,
  "training_history": {
    "epochs": [
      1,
      2,
      3,
      4,
      5,
      6,
      7,
      8,
      9,
      10,
      11,
      12,
      13,
      14,
      15,
      16,
      17,
      18,
      19,
      20,
      21,
      22,
      23,
      24,
      25,
      26,
      27,
      28,
      29,
      30,
      31,
      32,
      33,
      34,
      35,
      36,
      37,
      38,
      39,
      40,
      41,
      42,
      43,
      44,
      45,
      46,
      47,
      48,
      49,
      50,
      51,
      52,
      53,
      54,
      55,
      56,
      57,
      58,
      59,
      60,
      61,
      62,
      63,
      64,
      65,
      66,
      67,
      68,
      69,
      70,
      71,
      72,
      73,
      74,
      75,
      76,
      77,
      78,
      79,
      80
    ],
    "train_loss": [
      0.3677259979710629,
      0.14596852824388887,
      0.1028976618410927,
      0.06611005325291062,
      0.05578644601202375,
      0.052148489832540376,
      0.05227754667296499,
      0.048461646281238085,
      0.04524940391329174,
      0.048802445041057234,
      0.043491872924992514,
      0.038934669890828597,
      0.03871886711240094,
      0.039032713050439795,
      0.037121529118443616,
      0.03565619405011103,
      0.03455478869067034,
      0.034026119466427016,
      0.03220238430180229,
      0.03241215293536246,
      0.03135904038252892,
      0.0310802078817146,
      0.029985080670016546,
      0.027589236424334022,
      0.03225461001558526,
      0.025906381552115276,
      0.023793736866508996,
      0.024745790362096058,
      0.02601778557238028,
      0.024277282624726372,
      0.022320493847574282,
      0.025280274011139386,
      0.026328788412245004,
      0.024558938248501527,
      0.021961484857750804,
      0.024018570030309716,
      0.022569142292199446,
      0.023539501271090876,
      0.023158155049766215,
      0.022146569992204157,
      0.026189384211892725,
      0.022773134028273384,
      0.2312542333305115,
      0.19374794978539242,
      0.06712738671582068,
      0.05284479711439145,
      0.04714094011979953,
      0.04132977481050713,
      0.04014567259863607,
      0.038859891936316907,
      0.039089047097051084,
      0.03895914651258423,
      0.03555159962540634,
      0.03347417822849383,
      0.03163085111000893,
      0.029775746074265315,
      0.03129963055995467,
      0.028770900774352622,
      0.0348318987243946,
      0.03019815592379857,
      0.028864153633538333,
      0.027526353431655215,
      0.026190869488337393,
      0.026926806760677467,
      0.025949697365060642,
      0.02570275816631159,
      0.028696513837752933,
      0.027273228076832887,
      0.028880066462166842,
      0.028126004287021708,
      0.027776982919860742,
      0.02412158707553472,
      0.024083388426303632,
      0.025941167106825005,
      0.02608240273573311,
      0.024421149115804213,
      0.02364696353534182,
      0.024913325399923202,
      0.023595818521869094,
      0.023882823875781705
    ],
    "val_loss": [
      0.3080316258226326,
      0.35163910914502455,
      0.23399150291245854,
      0.2591432227256769,
      0.23878900604155248,
      0.22856497680935675,
      0.27630874001515837,
      0.29993316691792654,
      0.26163017580252207,
      0.2574744996598024,
      0.23630019750245318,
      0.2707318405949784,
      0.26828849610097394,
      0.37179574051392295,
      0.3249333807585125,
      0.191907580852687,
      0.3345725285614322,
      0.5442100242226423,
      0.6067526057184099,
      0.2168352357195523,
      0.7242814200612421,
      0.5243319058177357,
      0.7570235754201512,
      0.5896026784565277,
      0.615622360170066,
      0.8016882678215018,
      0.6419895456735781,
      1.0018803519559298,
      1.2384762335234059,
      1.0616868354134752,
      1.1110900270858568,
      0.9298624275196455,
      0.9989003492909634,
      0.778914801754102,
      1.254808911574101,
      1.1547274599911388,
      1.5405349284633547,
      1.0264408093414263,
      2.134637011360087,
      2.4126582216627583,
      1.5786186418312038,
      1.9046004858916392,
      0.40967906529674986,
      0.6612333968103289,
      0.35863384037853,
      0.3006420266887028,
      0.30210240894627427,
      0.31360386075552354,
      0.30131485368944927,
      0.5024590581700117,
      0.5089339217405298,
      0.6584019925958382,
      0.8709280269477003,
      0.9853442430295452,
      0.8111169926576807,
      0.7228981833570375,
      0.7936038709619266,
      0.6682840072533149,
      1.009589779296678,
      0.7269550444680952,
      0.7766823168888599,
      0.9010201326744285,
      0.7721388182396481,
      0.6427397403843745,
      0.6467748926004429,
      0.6789710618734003,
      0.7557191916568551,
      0.5827007660653419,
      0.5977261246678358,
      0.6215391813325668,
      0.669506662285435,
      0.5893267165579482,
      0.5349895501631998,
      0.5036174438246889,
      0.540421075405118,
      0.5188949767968611,
      0.46737968744319713,
      0.48791913576647195,
      0.4660425318996171,
      0.5565244580680382
    ],
    "best_epoch": 16,
    "best_val_loss": 0.191907580852687,
    "best_val_abs_mse": 0.21888765692710876,
    "test_loss": 4.267417102267868,
    "test_abs_mse": 40.9411506652832,
    "tracker": {
      "initial_train_loss": 0.3677259979710629,
      "train_threshold": 0.12257533265702097,
      "best_tracking": true,
      "patience_active": true,
      "patience_best_train": null,
      "patience_best_val": 0.191907580852687,
      "patience_no_improve_epochs": 64,
      "best_train_loss": Infinity,
      "forced_stop_due_to_threshold": false
    }
  },
  "model_files": {
    "best": "scripts/outputs/gru-trc-rate/trial_41_ae1f7a/best_model.pt",
    "last": "scripts/outputs/gru-trc-rate/trial_41_ae1f7a/last_model.pt"
  },
  "config_path": "/home/amoris/data-analysis-on-dbps/scripts/outputs/gru-trc-rate/trial_41_ae1f7a/config.yaml"
}