{
  "model_name": "mlp-trc-value/trial_5_492db4",
  "model_type": "MLP",
  "model_format": "torch",
  "model_params": {
    "history_length": 1,
    "hidden_layers": [
      512,
      256,
      128
    ],
    "dropout": 0.16166308777052435,
    "mid_layer_count": 3,
    "mid_layer_size": 267
  },
  "training_params": {
    "max_epochs": 400,
    "batch_size": 380,
    "learning_rate": 0.0007156902205785533,
    "weight_decay": 0.007344326262799202,
    "checkpoint_interval": 10,
    "seed": 42
  },
  "data_csv": "data/time_aligned_data.csv",
  "timestamp_column": "Date, Time",
  "columns": [
    "TRC-DT",
    "TRC-RT",
    "TRC-PPL1",
    "TRC-PPL2",
    "pH-DT",
    "pH-RT",
    "pH-PPL1",
    "pH-PPL2",
    "cond-DT",
    "cond-PPL1",
    "cond-PPL2",
    "fDOM-RT",
    "fDOM-PPL1",
    "fDOM-PPL2",
    "DO-RT",
    "DO-PPL1",
    "DO-PPL2",
    "TOC-RT",
    "TOC-PPL1",
    "TOC-PPL2",
    "DOC-RT",
    "DOC-PPL1",
    "DOC-PPL2",
    "minutes_since_start"
  ],
  "feature_columns": [
    "TRC-DT",
    "TRC-RT",
    "pH-DT",
    "pH-RT",
    "cond-DT",
    "fDOM-RT",
    "DO-RT",
    "TOC-RT",
    "DOC-RT",
    "minutes_since_start"
  ],
  "target_columns": [
    "TRC-PPL1",
    "TRC-PPL2"
  ],
  "split_boundaries": {
    "train_end": 7796,
    "val_end": 9466,
    "test_end": 11138
  },
  "dataset_sizes": {
    "train": 7796,
    "val": 1670,
    "test": 1672
  },
  "input_dim": 10,
  "sequence_length": null,
  "training_history": {
    "epochs": [
      1,
      2,
      3,
      4,
      5,
      6,
      7,
      8,
      9,
      10,
      11,
      12,
      13,
      14,
      15,
      16,
      17,
      18,
      19,
      20,
      21,
      22,
      23,
      24,
      25,
      26,
      27,
      28,
      29,
      30,
      31,
      32,
      33,
      34,
      35,
      36,
      37,
      38,
      39,
      40,
      41,
      42,
      43,
      44,
      45,
      46,
      47,
      48,
      49,
      50,
      51,
      52,
      53,
      54,
      55,
      56,
      57,
      58,
      59,
      60,
      61,
      62,
      63,
      64,
      65,
      66,
      67,
      68,
      69,
      70,
      71,
      72,
      73,
      74,
      75,
      76,
      77,
      78,
      79,
      80
    ],
    "train_loss": [
      0.4577680038772772,
      0.14624306302290196,
      0.10556878327268279,
      0.0896659702207872,
      0.08046678996899606,
      0.0759587986323086,
      0.0697139494098138,
      0.06804513445209087,
      0.06539883688971469,
      0.06203221597002983,
      0.061569910169626395,
      0.061790903249402854,
      0.061406185425217794,
      0.06231133547683689,
      0.06253463293250369,
      0.05844670363447188,
      0.059032315559390876,
      0.05736576342594935,
      0.05635527086722784,
      0.05610757251544877,
      0.05617200896495608,
      0.05583253735843654,
      0.055290702609999964,
      0.054451181282365306,
      0.05386418389732744,
      0.05506632843266517,
      0.0553573505210381,
      0.05428428641339337,
      0.05299852305250085,
      0.05393750421614938,
      0.05317766682123942,
      0.053490500583701896,
      0.05313373069202918,
      0.05308397893931023,
      0.05285371246514961,
      0.05171526476679673,
      0.052255718134011045,
      0.05330993929135304,
      0.05341060381438134,
      0.05181521007751978,
      0.053589758177929624,
      0.0507947837311742,
      0.0525122340204717,
      0.051492367884007524,
      0.052118244619630064,
      0.05177215986974488,
      0.05224838299154012,
      0.05161681031954478,
      0.05166257960313769,
      0.05198589699957357,
      0.05141535006069782,
      0.05237794291321714,
      0.0507872237906571,
      0.05315493176638193,
      0.05240352269455125,
      0.05118325127316414,
      0.05170426947213308,
      0.05111268101180744,
      0.050209398238535964,
      0.05072763779526983,
      0.05078814922234167,
      0.05097751236836564,
      0.05009032844380882,
      0.051708749088799424,
      0.05102322531960572,
      0.05014956352220186,
      0.05229347057950197,
      0.05132727252521106,
      0.050950013670693794,
      0.05071622872196631,
      0.052049611952669994,
      0.051083150658548154,
      0.05138982490867208,
      0.04999448227700421,
      0.05254981759887833,
      0.050705508250129594,
      0.05040636086781983,
      0.050003714228728416,
      0.050211268550252354,
      0.050180163230649506
    ],
    "val_loss": [
      0.3254129314672447,
      0.30063733583438895,
      0.23668548567387873,
      0.2603770361956722,
      0.27244021243856337,
      0.31152335117141644,
      0.2274695493860873,
      0.2649936377556024,
      0.3215424314275116,
      0.30562577528243295,
      0.3183686210143709,
      0.3753921525653251,
      0.25914327365284906,
      0.3705775745346874,
      0.35036538630545494,
      0.29487196021451206,
      0.3208428662114158,
      0.38037937159042157,
      0.2860103478197923,
      0.3702433030539287,
      0.30325918013374964,
      0.3299153358814959,
      0.3513357597821487,
      0.3764307472386403,
      0.314241979538859,
      0.36623132679455295,
      0.3091010293159299,
      0.35189804553004084,
      0.40503784193250236,
      0.35087508549858,
      0.32945178038702755,
      0.3023738135656197,
      0.3388316207927858,
      0.3289085893172347,
      0.3365533355690405,
      0.3597691819785598,
      0.33426905900775317,
      0.3507911376208959,
      0.30136221486651255,
      0.3017637152559386,
      0.33180741388016116,
      0.2937282169025815,
      0.33272001049118843,
      0.336648678842062,
      0.3645083969626241,
      0.3315919856512975,
      0.3685988719814909,
      0.3110358355466477,
      0.291989071328126,
      0.3258746897656761,
      0.35168938204913797,
      0.3696474003756118,
      0.2849182627738236,
      0.3201760443563233,
      0.28342458329157916,
      0.31618164861184395,
      0.3028047303641271,
      0.35133236695727904,
      0.30365044331389984,
      0.34007250292304747,
      0.30463646374598236,
      0.2973201934270516,
      0.3559074116770379,
      0.30060722134605855,
      0.29647628162167744,
      0.2898149588284735,
      0.293126351306003,
      0.27698820398863916,
      0.3021287983450704,
      0.30735189039371685,
      0.3229814399992991,
      0.2802661944203034,
      0.29840626558679306,
      0.28382108648290894,
      0.2994874179095565,
      0.2988874545086644,
      0.26854606815976295,
      0.30041292202686837,
      0.30672152748632575,
      0.2721338125090756
    ],
    "best_epoch": 7,
    "best_val_loss": 0.2274695493860873,
    "test_loss": 5.180698546496305,
    "tracker": {
      "initial_train_loss": 0.4577680038772772,
      "train_threshold": 0.15258933462575905,
      "best_tracking": true,
      "patience_active": true,
      "patience_best_train": null,
      "patience_best_val": 0.2274695493860873,
      "patience_no_improve_epochs": 73,
      "best_train_loss": Infinity,
      "forced_stop_due_to_threshold": false
    }
  },
  "model_files": {
    "best": "scripts/outputs/mlp-trc-value/trial_5_492db4/best_model.pt",
    "last": "scripts/outputs/mlp-trc-value/trial_5_492db4/last_model.pt"
  },
  "config_path": "/home/amoris/data-analysis-on-dbps/scripts/outputs/mlp-trc-value/trial_5_492db4/config.yaml"
}