{
  "model_name": "lstm-trc-value/trial_15_2fc175",
  "model_type": "LSTM",
  "model_format": "torch",
  "model_params": {
    "history_length": 134,
    "units": 308,
    "num_layers": 4,
    "dropout": 0.31417195605482706
  },
  "training_params": {
    "max_epochs": 500,
    "batch_size": 218,
    "learning_rate": 0.0014995690641166327,
    "weight_decay": 0.00029755932185357263,
    "checkpoint_interval": 10,
    "seed": 947
  },
  "data_csv": "data/time_aligned_data.csv",
  "timestamp_column": "Date, Time",
  "columns": [
    "TRC-DT",
    "TRC-RT",
    "TRC-PPL1",
    "TRC-PPL2",
    "pH-DT",
    "pH-RT",
    "pH-PPL1",
    "pH-PPL2",
    "cond-DT",
    "cond-PPL1",
    "cond-PPL2",
    "fDOM-RT",
    "fDOM-PPL1",
    "fDOM-PPL2",
    "DO-RT",
    "DO-PPL1",
    "DO-PPL2",
    "TOC-RT",
    "TOC-PPL1",
    "TOC-PPL2",
    "DOC-RT",
    "DOC-PPL1",
    "DOC-PPL2",
    "minutes_since_start"
  ],
  "feature_columns": [
    "TRC-DT",
    "TRC-RT",
    "pH-DT",
    "pH-RT",
    "cond-DT",
    "fDOM-RT",
    "DO-RT",
    "TOC-RT",
    "DOC-RT",
    "minutes_since_start"
  ],
  "target_columns": [
    "TRC-PPL1",
    "TRC-PPL2"
  ],
  "split_boundaries": {
    "train_end": 7796,
    "val_end": 9466,
    "test_end": 11138
  },
  "dataset_sizes": {
    "train": 7663,
    "val": 1670,
    "test": 1672
  },
  "input_dim": 10,
  "sequence_length": 134,
  "training_history": {
    "epochs": [
      1,
      2,
      3,
      4,
      5,
      6,
      7,
      8,
      9,
      10,
      11,
      12,
      13,
      14,
      15,
      16,
      17,
      18,
      19,
      20,
      21,
      22,
      23,
      24,
      25,
      26,
      27,
      28,
      29,
      30,
      31,
      32,
      33,
      34,
      35,
      36,
      37,
      38,
      39,
      40,
      41,
      42,
      43,
      44,
      45,
      46,
      47,
      48,
      49,
      50,
      51,
      52,
      53,
      54,
      55,
      56,
      57,
      58,
      59,
      60,
      61,
      62,
      63,
      64,
      65,
      66,
      67,
      68,
      69,
      70,
      71,
      72,
      73,
      74,
      75,
      76,
      77,
      78,
      79,
      80
    ],
    "train_loss": [
      0.3436502028301866,
      0.08647356510140963,
      0.04984325677901215,
      0.04364553953502845,
      0.03762662789439091,
      0.03448586603479552,
      0.032664376475197925,
      0.028108879282844994,
      0.03365695756256899,
      0.0341469837632407,
      0.02762857123817575,
      0.02808837322113518,
      0.029834857583629328,
      0.030692453807652283,
      0.030863112694061598,
      0.032950120003954496,
      0.025233340835504787,
      0.02465224908826464,
      0.028188762965141896,
      0.025776430073375413,
      0.025548598684713732,
      0.023926214856921684,
      0.023359473526835612,
      0.021889319608862323,
      0.025219562609912007,
      0.029243546571720132,
      0.025126584322446632,
      0.025181188194500968,
      0.024894074728277586,
      0.025660418435342003,
      0.020822901774110798,
      0.0210225830985126,
      0.030885413195245123,
      0.03633667417862319,
      0.02298273535720731,
      0.020991846367047862,
      0.021127819006699394,
      0.02234083583764902,
      0.02195512624507308,
      0.021398742419622453,
      0.021413674360523022,
      0.020117352938183012,
      0.019909163881309595,
      0.019788427355331113,
      0.02028685440489825,
      0.01985253976872131,
      0.019017434918274147,
      0.020228486968262474,
      0.019476041122425104,
      0.020533118360780027,
      0.021337612319271466,
      0.019298021389558207,
      0.020735588580764696,
      0.018749609771393054,
      0.02045983253658191,
      0.019147827138444408,
      0.01938777207466807,
      0.019336778657423614,
      0.018983730573547925,
      0.019282935477203042,
      0.02099634025089854,
      0.01967459121743553,
      0.01871283165344845,
      0.019449529712153184,
      0.019149024111820227,
      0.01967646321202793,
      0.018584271703067593,
      0.02164514949728782,
      0.01919231005037296,
      0.01971444611902004,
      0.02116271078637137,
      0.020195535251159285,
      0.01783524132593173,
      0.021036065916557403,
      0.01885854848809409,
      0.021086849728979597,
      0.01930084151890249,
      0.01901599046333401,
      0.018664414666395703,
      0.01812940013136617
    ],
    "val_loss": [
      0.2854514893657433,
      0.22767863637672928,
      0.2499988763297568,
      0.24776269121842828,
      0.2775119973268516,
      0.26687468479047277,
      0.27273676899780414,
      0.26876004344956606,
      0.2695956648489137,
      0.2763997656321097,
      0.2696253815654688,
      0.28901131185898166,
      0.28885146138107703,
      0.2808479099038118,
      0.28843931294977665,
      0.29110851122992126,
      0.29417076995986663,
      0.2952521004585806,
      0.2844147997456575,
      0.2874751712792291,
      0.2907271026427339,
      0.29310791154509175,
      0.3052036416276308,
      0.3104005461168325,
      0.30102601002031815,
      0.30551729627221286,
      0.30142254296712534,
      0.29536489670772753,
      0.3041269945884179,
      0.3286344686801919,
      0.319570796963519,
      0.327247162812395,
      0.2954300701685116,
      0.30009996753386753,
      0.30033968770932296,
      0.3093582317322314,
      0.3219029600726452,
      0.31078868075134514,
      0.2960968536865747,
      0.29912185005085196,
      0.2966451338999821,
      0.2967333591693711,
      0.29541861183138307,
      0.3033208090053526,
      0.3003279158499783,
      0.306183553707903,
      0.29740917793514127,
      0.3031995111641413,
      0.3008478457520822,
      0.3253435555689349,
      0.30082910672544005,
      0.33746442908566154,
      0.3128412602168179,
      0.33635563110698485,
      0.3343855695207854,
      0.34464529576728087,
      0.36037553821629037,
      0.3300403809542963,
      0.34175033243874947,
      0.36542352314614607,
      0.3260110359148173,
      0.3295381515928193,
      0.32517830847935403,
      0.3232908443196448,
      0.3256411942803931,
      0.31159718551500115,
      0.32383678182513415,
      0.32275860165942927,
      0.3535356999893567,
      0.3279430841458236,
      0.33634702779441894,
      0.33212611454421886,
      0.33942075507369585,
      0.3340132227000184,
      0.3526664818453039,
      0.3596544195948068,
      0.3488935554924304,
      0.3735548916378778,
      0.3680596733967701,
      0.3247056633769395
    ],
    "best_epoch": 2,
    "best_val_loss": 0.22767863637672928,
    "test_loss": 4.180547183495389,
    "tracker": {
      "initial_train_loss": 0.3436502028301866,
      "train_threshold": 0.1145500676100622,
      "best_tracking": true,
      "patience_active": true,
      "patience_best_train": null,
      "patience_best_val": 0.22767863637672928,
      "patience_no_improve_epochs": 79,
      "best_train_loss": Infinity,
      "forced_stop_due_to_threshold": false
    }
  },
  "model_files": {
    "best": "scripts/outputs/lstm-trc-value/trial_15_2fc175/best_model.pt",
    "last": "scripts/outputs/lstm-trc-value/trial_15_2fc175/last_model.pt"
  },
  "config_path": "/home/amoris/data-analysis-on-dbps/scripts/outputs/lstm-trc-value/trial_15_2fc175/config.yaml"
}