{
  "model_name": "gru-trc-value/trial_42_910342",
  "model_type": "GRU",
  "model_format": "torch",
  "model_params": {
    "history_length": 82,
    "units": 163,
    "num_layers": 7,
    "dropout": 0.3305651267643351
  },
  "training_params": {
    "max_epochs": 500,
    "batch_size": 317,
    "learning_rate": 0.0002262335493947325,
    "weight_decay": 0.00023559735316653398,
    "checkpoint_interval": 10,
    "seed": 947
  },
  "data_csv": "data/time_aligned_data.csv",
  "timestamp_column": "Date, Time",
  "columns": [
    "TRC-DT",
    "TRC-RT",
    "TRC-PPL1",
    "TRC-PPL2",
    "pH-DT",
    "pH-RT",
    "pH-PPL1",
    "pH-PPL2",
    "cond-DT",
    "cond-PPL1",
    "cond-PPL2",
    "fDOM-RT",
    "fDOM-PPL1",
    "fDOM-PPL2",
    "DO-RT",
    "DO-PPL1",
    "DO-PPL2",
    "TOC-RT",
    "TOC-PPL1",
    "TOC-PPL2",
    "DOC-RT",
    "DOC-PPL1",
    "DOC-PPL2",
    "minutes_since_start"
  ],
  "feature_columns": [
    "TRC-DT",
    "TRC-RT",
    "pH-DT",
    "pH-RT",
    "cond-DT",
    "fDOM-RT",
    "DO-RT",
    "TOC-RT",
    "DOC-RT",
    "minutes_since_start"
  ],
  "target_columns": [
    "TRC-PPL1",
    "TRC-PPL2"
  ],
  "split_boundaries": {
    "train_end": 7796,
    "val_end": 9466,
    "test_end": 11138
  },
  "dataset_sizes": {
    "train": 7715,
    "val": 1670,
    "test": 1672
  },
  "input_dim": 10,
  "sequence_length": 82,
  "training_history": {
    "epochs": [
      1,
      2,
      3,
      4,
      5,
      6,
      7,
      8,
      9,
      10,
      11,
      12,
      13,
      14,
      15,
      16,
      17,
      18,
      19,
      20,
      21,
      22,
      23,
      24,
      25,
      26,
      27,
      28,
      29,
      30,
      31,
      32,
      33,
      34,
      35,
      36,
      37,
      38,
      39,
      40,
      41,
      42,
      43,
      44,
      45,
      46,
      47,
      48,
      49,
      50,
      51,
      52,
      53,
      54,
      55,
      56,
      57,
      58,
      59,
      60,
      61,
      62,
      63,
      64,
      65,
      66,
      67,
      68,
      69,
      70,
      71,
      72,
      73,
      74,
      75,
      76,
      77,
      78,
      79,
      80
    ],
    "train_loss": [
      0.6608659506867787,
      0.22920929247384247,
      0.16510123376790686,
      0.1442530036078825,
      0.12151174874504278,
      0.09821583754488654,
      0.08000859655753714,
      0.069190480547027,
      0.06027119438793469,
      0.055134685829581184,
      0.053367992882615005,
      0.051368056708972175,
      0.0487048177346732,
      0.04599773379613731,
      0.044245573189242354,
      0.04368461635898091,
      0.043132117366972325,
      0.041633243481215144,
      0.04140001172737031,
      0.04033746505355341,
      0.03909270358323201,
      0.03637861266770845,
      0.036127169087905815,
      0.03473586375237825,
      0.03353046776119641,
      0.0334064298314818,
      0.03246281295169775,
      0.03147633132933411,
      0.030593401912843647,
      0.030150280798449194,
      0.031073643607573316,
      0.02964731999857041,
      0.030173515057890198,
      0.028625031562832293,
      0.028930263464868416,
      0.0305852818770584,
      0.02922140746796896,
      0.027077484302275842,
      0.02668182461420515,
      0.026333851653331686,
      0.027351912867932142,
      0.02672138404480181,
      0.0283817177161584,
      0.025642713478253944,
      0.02552382197069295,
      0.026556478407926864,
      0.025555749071673843,
      0.024727379393293652,
      0.025325691927893162,
      0.026069059255047038,
      0.02556931740439564,
      0.02608305439159844,
      0.02459948097759458,
      0.02392649349242893,
      0.023923319972911517,
      0.025578022938238593,
      0.025450322547189926,
      0.024269638054811637,
      0.023133298055747462,
      0.024953610659833474,
      0.02669742264732361,
      0.0243998355791697,
      0.023316793455678924,
      0.024179060518142857,
      0.02404023850444108,
      0.02294319163252221,
      0.023637039445905582,
      0.023203374718497576,
      0.02202351425453895,
      0.02284950704512392,
      0.02316283450105209,
      0.022772559036614827,
      0.021582432806598082,
      0.022370494964181874,
      0.022133969852842068,
      0.021208461288577615,
      0.021134963541093076,
      0.02097670466084412,
      0.021144434048209343,
      0.02047098372022942
    ],
    "val_loss": [
      0.4332520284740154,
      0.3096652286807577,
      0.30047374601046484,
      0.3215171763149207,
      0.29385198741526664,
      0.2473806566107059,
      0.20300830946175638,
      0.2203878805353613,
      0.23240080308949876,
      0.23674963830473894,
      0.2620502241714272,
      0.3354135981599192,
      0.2053690294751864,
      0.3222616757305261,
      0.1922319926232278,
      0.22131772580484074,
      0.26891627925598693,
      0.20905745849905613,
      0.22132269873501298,
      0.21317591005768963,
      0.2132256612427042,
      0.22829202564578213,
      0.2326292019939708,
      0.23384771344815186,
      0.24999888796515451,
      0.23465226609705986,
      0.24830721217112806,
      0.254658907544827,
      0.2669922011229628,
      0.2788335091005007,
      0.26488803653659937,
      0.26113634602484587,
      0.27910484369554206,
      0.26980713137542595,
      0.2724905952298177,
      0.27987768237819216,
      0.27541196711004495,
      0.2841671520397959,
      0.28392915467503005,
      0.2817593065664886,
      0.2915035968702175,
      0.2852568145361757,
      0.28497664765148106,
      0.2902408278430115,
      0.2783412638360155,
      0.2859039773919179,
      0.29363649609180803,
      0.2925414389913935,
      0.2794504063092395,
      0.28372731215047264,
      0.2967487445279599,
      0.27983488324070405,
      0.28853295890915537,
      0.28535782590419234,
      0.2840309220003689,
      0.2905526484089519,
      0.29423488945683496,
      0.3175818407294636,
      0.29589952530707425,
      0.310227385025003,
      0.2845644291936459,
      0.31136777634079943,
      0.3409208786724035,
      0.30396604329949906,
      0.29090319185400615,
      0.30366333380765365,
      0.3784218115810149,
      0.3601238349898757,
      0.3063518083191471,
      0.3667869204309529,
      0.30846470915294155,
      0.2974049336070608,
      0.2914631405834131,
      0.2933119851214711,
      0.35232074238627614,
      0.290134504053764,
      0.30694788856666066,
      0.29130730287668233,
      0.27552888019646177,
      0.28907969764093616
    ],
    "best_epoch": 15,
    "best_val_loss": 0.1922319926232278,
    "test_loss": 4.039985582446367,
    "tracker": {
      "initial_train_loss": 0.6608659506867787,
      "train_threshold": 0.2202886502289262,
      "best_tracking": true,
      "patience_active": true,
      "patience_best_train": null,
      "patience_best_val": 0.1922319926232278,
      "patience_no_improve_epochs": 65,
      "best_train_loss": Infinity,
      "forced_stop_due_to_threshold": false
    }
  },
  "model_files": {
    "best": "scripts/outputs/gru-trc-value/trial_42_910342/best_model.pt",
    "last": "scripts/outputs/gru-trc-value/trial_42_910342/last_model.pt"
  },
  "config_path": "/home/amoris/data-analysis-on-dbps/scripts/outputs/gru-trc-value/trial_42_910342/config.yaml"
}