{
  "model_name": "gru-other-value/trial_9_4be9bb",
  "model_type": "GRU",
  "model_format": "torch",
  "model_params": {
    "history_length": 143,
    "units": 345,
    "num_layers": 4,
    "dropout": 0.38841794752743236
  },
  "training_params": {
    "max_epochs": 500,
    "batch_size": 281,
    "learning_rate": 0.0010817863912752604,
    "weight_decay": 0.0018760388385529745,
    "checkpoint_interval": 10,
    "seed": 947
  },
  "data_csv": "data/time_aligned_data.csv",
  "timestamp_column": "Date, Time",
  "columns": [
    "TRC-DT",
    "TRC-RT",
    "TRC-PPL1",
    "TRC-PPL2",
    "pH-DT",
    "pH-RT",
    "pH-PPL1",
    "pH-PPL2",
    "cond-DT",
    "cond-PPL1",
    "cond-PPL2",
    "fDOM-RT",
    "fDOM-PPL1",
    "fDOM-PPL2",
    "DO-RT",
    "DO-PPL1",
    "DO-PPL2",
    "TOC-RT",
    "TOC-PPL1",
    "TOC-PPL2",
    "DOC-RT",
    "DOC-PPL1",
    "DOC-PPL2",
    "minutes_since_start"
  ],
  "feature_columns": [
    "TRC-DT",
    "TRC-RT",
    "pH-DT",
    "pH-RT",
    "cond-DT",
    "fDOM-RT",
    "DO-RT",
    "TOC-RT",
    "DOC-RT",
    "minutes_since_start"
  ],
  "target_columns": [
    "TOC-PPL1",
    "TOC-PPL2",
    "DOC-PPL1",
    "DOC-PPL2",
    "pH-PPL1",
    "pH-PPL2"
  ],
  "split_boundaries": {
    "train_end": 7796,
    "val_end": 9466,
    "test_end": 11138
  },
  "dataset_sizes": {
    "train": 7654,
    "val": 1670,
    "test": 1672
  },
  "input_dim": 10,
  "sequence_length": 143,
  "training_history": {
    "epochs": [
      1,
      2,
      3,
      4,
      5,
      6,
      7,
      8,
      9,
      10,
      11,
      12,
      13,
      14,
      15,
      16,
      17,
      18,
      19,
      20,
      21,
      22,
      23,
      24,
      25,
      26,
      27,
      28,
      29,
      30,
      31,
      32,
      33,
      34,
      35,
      36,
      37,
      38,
      39,
      40,
      41,
      42,
      43,
      44,
      45,
      46,
      47,
      48,
      49,
      50,
      51,
      52,
      53,
      54,
      55,
      56,
      57,
      58,
      59,
      60,
      61,
      62,
      63,
      64,
      65,
      66,
      67,
      68,
      69,
      70,
      71,
      72,
      73,
      74,
      75,
      76,
      77,
      78,
      79,
      80
    ],
    "train_loss": [
      0.3720011520933195,
      0.24603368682620855,
      0.23181724922913063,
      0.22029235677539072,
      0.21012117173245284,
      0.1948572626453733,
      0.19056598377042444,
      0.17637915725118658,
      0.16637837146814044,
      0.15976444545959037,
      0.14857262343573202,
      0.1376426661952158,
      0.1396615643541932,
      0.13224793663177847,
      0.13462144279716717,
      0.135192992291743,
      0.12755812244620715,
      0.12170939343811826,
      0.13554386099932367,
      0.12254649731188211,
      0.11851678359090331,
      0.11954449176659838,
      0.11687283011054538,
      0.11685903178129335,
      0.11489416117460384,
      0.12249845559731892,
      0.10883434286118644,
      0.10913716264308543,
      0.1158365250862249,
      0.11030033818047727,
      0.10168656011201832,
      0.10817088393787974,
      0.10109355787960518,
      0.10822830164548558,
      0.10223688561443034,
      0.09911852771222109,
      0.09462743211826706,
      0.1007193502224641,
      0.09338640638507624,
      0.09463414955258308,
      0.08727595978106224,
      0.08250409355063429,
      0.08726853678922351,
      0.08859461374427059,
      0.0831926778389123,
      0.09027216354346568,
      0.0819848129062918,
      0.07932576969624157,
      0.0794929180012956,
      0.07986454173790153,
      0.07414726060353996,
      0.07475873611542304,
      0.0741877078709222,
      0.08190900825990034,
      0.07330440609492722,
      0.07884227624686246,
      0.07451103067963435,
      0.07613933358953738,
      0.07793544586197901,
      0.07335788160143944,
      0.07180599788330867,
      0.07334430799616327,
      0.06538284506900896,
      0.06451330363296842,
      0.06831195522639984,
      0.0703201928373834,
      0.06304905764020732,
      0.06317705209925478,
      0.06304741317714385,
      0.0744346034819436,
      0.06751820608401131,
      0.0666021900701716,
      0.06527636413466598,
      0.07057356020045835,
      0.06711943039676914,
      0.06804868533062598,
      0.06791315679415294,
      0.06925767414887035,
      0.06449342068641996,
      0.07992992828728357
    ],
    "val_loss": [
      0.4071747889061888,
      0.3637106176978814,
      0.4312284174704266,
      0.4531369689249707,
      0.3719768118894029,
      0.4314596599982884,
      0.3733487735786838,
      0.3511867197776983,
      0.3929288768839693,
      0.4694862885880256,
      0.5019724547595321,
      0.4525766837204288,
      0.3994782037408409,
      0.42307678738575494,
      0.4076500494189248,
      0.38156948704830185,
      0.40919122357746796,
      0.4526420895880211,
      0.42722363447000883,
      0.46836360181698544,
      0.3777420229897528,
      0.35947827622294426,
      0.3874384495892568,
      0.32694450142587017,
      0.34158174326409124,
      0.41747141629903617,
      0.3412661062832364,
      0.4037758626980696,
      0.5018741204085464,
      0.3895567638788395,
      0.39340928359302935,
      0.41045465869104075,
      0.3818485430614677,
      0.4534115514266277,
      0.3753424509869007,
      0.4300003440437203,
      0.42893007242394066,
      0.41016189632658473,
      0.5107673502253915,
      0.44186475092244004,
      0.4050607973720856,
      0.46316691500519563,
      0.49083676552344224,
      0.46146926520291914,
      0.6184906471632198,
      0.45609255632954443,
      0.48271977507068725,
      0.48131448284773054,
      0.48469881560809597,
      0.46619370410185373,
      0.4403548120827732,
      0.46417477759058606,
      0.48279630242885946,
      0.5197346596928414,
      0.5554733998850434,
      0.41496964738576,
      0.4510961037820685,
      0.506303130817449,
      0.4364303299945272,
      0.4714783839970649,
      0.5395155319821335,
      0.4768885073279906,
      0.4881506900498253,
      0.48888011307951934,
      0.4597745963734781,
      0.4765740033216819,
      0.5562874644013223,
      0.46507222086726546,
      0.4988219048047137,
      0.4771479854415991,
      0.48207509677834853,
      0.4812604473111872,
      0.4059237126595603,
      0.4810518825571694,
      0.46879462883500994,
      0.4809689438360894,
      0.4478083478164173,
      0.4647815283097907,
      0.4330447505066495,
      0.44120690370212773
    ],
    "best_epoch": 24,
    "best_val_loss": 0.32694450142587017,
    "test_loss": 0.34034962468205743,
    "tracker": {
      "initial_train_loss": 0.3720011520933195,
      "train_threshold": 0.12400038403110651,
      "best_tracking": true,
      "patience_active": true,
      "patience_best_train": null,
      "patience_best_val": 0.32694450142587017,
      "patience_no_improve_epochs": 56,
      "best_train_loss": Infinity,
      "forced_stop_due_to_threshold": false
    }
  },
  "model_files": {
    "best": "scripts/outputs/gru-other-value/trial_9_4be9bb/best_model.pt",
    "last": "scripts/outputs/gru-other-value/trial_9_4be9bb/last_model.pt"
  },
  "config_path": "/home/amoris/data-analysis-on-dbps/scripts/outputs/gru-other-value/trial_9_4be9bb/config.yaml"
}