{
  "model_name": "gru-trc-value/trial_26_dd75bc",
  "model_type": "GRU",
  "model_format": "torch",
  "model_params": {
    "history_length": 99,
    "units": 111,
    "num_layers": 5,
    "dropout": 0.2009100673815436
  },
  "training_params": {
    "max_epochs": 500,
    "batch_size": 249,
    "learning_rate": 0.00024792420701832404,
    "weight_decay": 0.0004868391282513373,
    "checkpoint_interval": 10,
    "seed": 947
  },
  "data_csv": "data/time_aligned_data.csv",
  "timestamp_column": "Date, Time",
  "columns": [
    "TRC-DT",
    "TRC-RT",
    "TRC-PPL1",
    "TRC-PPL2",
    "pH-DT",
    "pH-RT",
    "pH-PPL1",
    "pH-PPL2",
    "cond-DT",
    "cond-PPL1",
    "cond-PPL2",
    "fDOM-RT",
    "fDOM-PPL1",
    "fDOM-PPL2",
    "DO-RT",
    "DO-PPL1",
    "DO-PPL2",
    "TOC-RT",
    "TOC-PPL1",
    "TOC-PPL2",
    "DOC-RT",
    "DOC-PPL1",
    "DOC-PPL2",
    "minutes_since_start"
  ],
  "feature_columns": [
    "TRC-DT",
    "TRC-RT",
    "pH-DT",
    "pH-RT",
    "cond-DT",
    "fDOM-RT",
    "DO-RT",
    "TOC-RT",
    "DOC-RT",
    "minutes_since_start"
  ],
  "target_columns": [
    "TRC-PPL1",
    "TRC-PPL2"
  ],
  "split_boundaries": {
    "train_end": 7796,
    "val_end": 9466,
    "test_end": 11138
  },
  "dataset_sizes": {
    "train": 7698,
    "val": 1670,
    "test": 1672
  },
  "input_dim": 10,
  "sequence_length": 99,
  "training_history": {
    "epochs": [
      1,
      2,
      3,
      4,
      5,
      6,
      7,
      8,
      9,
      10,
      11,
      12,
      13,
      14,
      15,
      16,
      17,
      18,
      19,
      20,
      21,
      22,
      23,
      24,
      25,
      26,
      27,
      28,
      29,
      30,
      31,
      32,
      33,
      34,
      35,
      36,
      37,
      38,
      39,
      40,
      41,
      42,
      43,
      44,
      45,
      46,
      47,
      48,
      49,
      50,
      51,
      52,
      53,
      54,
      55,
      56,
      57,
      58,
      59,
      60,
      61,
      62,
      63,
      64,
      65,
      66,
      67,
      68,
      69,
      70,
      71,
      72,
      73,
      74,
      75,
      76,
      77,
      78,
      79,
      80
    ],
    "train_loss": [
      0.6663080674776879,
      0.21306707745451345,
      0.1550280127270744,
      0.1282175336024395,
      0.10497714256227528,
      0.08479174038370606,
      0.06949070278796152,
      0.06367425746135617,
      0.05656202320250467,
      0.054352794310030116,
      0.05050681789412177,
      0.04680862598736725,
      0.04483820562303902,
      0.04289783806113972,
      0.04048785041445693,
      0.039928750238807424,
      0.038125109265029246,
      0.036552600135746544,
      0.03493230680507533,
      0.03496121740533403,
      0.03360523946658764,
      0.03238897991823272,
      0.0319505658658368,
      0.03166610798243192,
      0.030411344806250656,
      0.03028446400722464,
      0.030663372310704536,
      0.029075986939458436,
      0.029561028698211013,
      0.028324859024447244,
      0.028884002852485175,
      0.028468270773040486,
      0.028439235339987955,
      0.027932424755913617,
      0.027878990387420633,
      0.02805815005147959,
      0.027643177962469245,
      0.026556421082179385,
      0.027405139588005407,
      0.0272876180415147,
      0.026525686936349907,
      0.02725823706383247,
      0.026438511824576492,
      0.02545115470215504,
      0.02603843850856727,
      0.026745682080666116,
      0.026314947737449097,
      0.02509785524699387,
      0.02534895036761545,
      0.025459354076264477,
      0.024803622949517108,
      0.024717869057769386,
      0.02575935934040919,
      0.02492309827067173,
      0.02432680359460117,
      0.02449408158825439,
      0.024334630959421188,
      0.023963224597199764,
      0.023612625909996795,
      0.024290134657728932,
      0.023763518862495968,
      0.024123062450069982,
      0.024506598263862815,
      0.023607699935842053,
      0.023201274940350607,
      0.0235885917249013,
      0.023382615678401452,
      0.02411610099312066,
      0.02461303933142501,
      0.02382082885475314,
      0.022955948412157045,
      0.022731430814779324,
      0.023457382831777666,
      0.02343209283186859,
      0.022277552384044032,
      0.022597469359676957,
      0.022365338467380914,
      0.021969078647282005,
      0.02272425033224693,
      0.022666083134141687
    ],
    "val_loss": [
      0.8861438470150896,
      0.3118033417974582,
      0.3039681917246052,
      0.3030607621692969,
      0.307661663999636,
      0.17884111887145185,
      0.20899923953065971,
      0.1882168322110069,
      0.18120886954941792,
      0.16727950448047615,
      0.178076567257682,
      0.16586408634742578,
      0.16866878707207247,
      0.18420686046118864,
      0.18010088993894482,
      0.1990496319255786,
      0.2394993918016553,
      0.24235203667225952,
      0.39522388052016855,
      0.23944531064480543,
      0.33224287263179075,
      0.36128867265104714,
      0.2641324270137413,
      0.27582917474879476,
      0.3216686084933445,
      0.25733759844129134,
      0.2693742067212919,
      0.3309719861758326,
      0.2947756756253228,
      0.2791067146389427,
      0.43866089720078216,
      0.37546760578957683,
      0.3338457975257746,
      0.5139049227254655,
      0.4765277073043817,
      0.42051338544951944,
      0.39579103024799134,
      0.5635142478099215,
      0.42075596416067934,
      0.3534846601494683,
      0.6535448554747119,
      0.40131286682706035,
      0.515132980297381,
      0.5795686404650172,
      0.5276657691191948,
      0.5975938643635569,
      0.5187854330841742,
      0.7638350737208646,
      0.6558602170751034,
      0.8088807288389988,
      0.8939750675558151,
      0.9422222439746211,
      0.9334653477480044,
      0.9173965809197572,
      0.857607080661385,
      0.7864967544200624,
      1.0587830558854217,
      0.8955745299263094,
      1.1745962975502104,
      1.1815500257157547,
      0.9969660039634226,
      1.3449787191265894,
      0.9506282206345907,
      1.1202908704514631,
      0.952585024156881,
      0.8702855818129763,
      1.1239082559285138,
      1.2541494152213106,
      1.1665079450290539,
      0.9816119254728456,
      1.157635025739179,
      1.2480112803263401,
      0.9470423489374047,
      1.2373266387764297,
      1.2542950096489962,
      1.193099378141948,
      1.1159156715564296,
      1.19863451822343,
      1.3107294718171665,
      1.2154126551660325
    ],
    "best_epoch": 12,
    "best_val_loss": 0.16586408634742578,
    "test_loss": 4.313956932088975,
    "tracker": {
      "initial_train_loss": 0.6663080674776879,
      "train_threshold": 0.2221026891592293,
      "best_tracking": true,
      "patience_active": true,
      "patience_best_train": null,
      "patience_best_val": 0.16586408634742578,
      "patience_no_improve_epochs": 68,
      "best_train_loss": Infinity,
      "forced_stop_due_to_threshold": false
    }
  },
  "model_files": {
    "best": "scripts/outputs/gru-trc-value/trial_26_dd75bc/best_model.pt",
    "last": "scripts/outputs/gru-trc-value/trial_26_dd75bc/last_model.pt"
  },
  "config_path": "/home/amoris/data-analysis-on-dbps/scripts/outputs/gru-trc-value/trial_26_dd75bc/config.yaml"
}