{
  "model_name": "lstm-trc-rate/trial_80_b82514",
  "model_type": "LSTM",
  "model_format": "torch",
  "model_params": {
    "history_length": 156,
    "units": 303,
    "num_layers": 4,
    "dropout": 0.2694084287511287
  },
  "training_params": {
    "max_epochs": 500,
    "batch_size": 243,
    "learning_rate": 0.0006507892641532871,
    "weight_decay": 0.00011858967498192276,
    "checkpoint_interval": 10,
    "seed": 947
  },
  "data_csv": "data/time_aligned_data.csv",
  "timestamp_column": "Date, Time",
  "columns": [
    "TRC-DT",
    "TRC-RT",
    "TRC-PPL1",
    "TRC-PPL2",
    "pH-DT",
    "pH-RT",
    "pH-PPL1",
    "pH-PPL2",
    "cond-DT",
    "cond-PPL1",
    "cond-PPL2",
    "fDOM-RT",
    "fDOM-PPL1",
    "fDOM-PPL2",
    "DO-RT",
    "DO-PPL1",
    "DO-PPL2",
    "TOC-RT",
    "TOC-PPL1",
    "TOC-PPL2",
    "DOC-RT",
    "DOC-PPL1",
    "DOC-PPL2",
    "minutes_since_start"
  ],
  "feature_columns": [
    "TRC-DT",
    "TRC-RT",
    "pH-DT",
    "pH-RT",
    "cond-DT",
    "fDOM-RT",
    "DO-RT",
    "TOC-RT",
    "DOC-RT",
    "minutes_since_start"
  ],
  "target_columns": [
    "TRC-PPL1",
    "TRC-PPL2"
  ],
  "target_mode": "rate",
  "target_base_columns": [
    "TRC-RT",
    "TRC-RT"
  ],
  "split_boundaries": {
    "train_end": 7796,
    "val_end": 9466,
    "test_end": 11138
  },
  "dataset_sizes": {
    "train": 7641,
    "val": 1670,
    "test": 1672
  },
  "input_dim": 10,
  "sequence_length": 156,
  "training_history": {
    "epochs": [
      1,
      2,
      3,
      4,
      5,
      6,
      7,
      8,
      9,
      10,
      11,
      12,
      13,
      14,
      15,
      16,
      17,
      18,
      19,
      20,
      21,
      22,
      23,
      24,
      25,
      26,
      27,
      28,
      29,
      30,
      31,
      32,
      33,
      34,
      35,
      36,
      37,
      38,
      39,
      40,
      41,
      42,
      43,
      44,
      45,
      46,
      47,
      48,
      49,
      50,
      51,
      52,
      53,
      54,
      55,
      56,
      57,
      58,
      59,
      60,
      61,
      62,
      63,
      64,
      65,
      66,
      67,
      68,
      69,
      70,
      71,
      72,
      73,
      74,
      75,
      76,
      77,
      78,
      79,
      80
    ],
    "train_loss": [
      0.4124025351272455,
      0.10257431246050676,
      0.05526613367741184,
      0.04500593391145076,
      0.035150831749550866,
      0.0330002170595811,
      0.03050604457358168,
      0.03127939224427454,
      0.030471993169283278,
      0.029071566007057265,
      0.02716584085707319,
      0.025548183770567286,
      0.026603781529323793,
      0.024018593481330484,
      0.029771169989827245,
      0.03419789698225028,
      0.025639545606850736,
      0.02251612972270684,
      0.02069243525447778,
      0.02460915752597706,
      0.022617978330161884,
      0.026756197964450074,
      0.020787976175388682,
      0.019704151753823243,
      0.018957748160082125,
      0.018644361394743826,
      0.01858984748750609,
      0.019460706033681392,
      0.018305148001325846,
      0.025947698020103122,
      0.029134424962761547,
      0.02219668980490403,
      0.01865161224449376,
      0.018069749862587494,
      0.01805670825310394,
      0.02052250665418356,
      0.0235793899165552,
      0.01906602808633036,
      0.017374198511901046,
      0.018816260189844735,
      0.018494658083276487,
      0.018204867632487007,
      0.017748912131617854,
      0.01821986843861455,
      0.017928234880704552,
      0.01799789625269364,
      0.01739124282733817,
      0.017543502981271,
      0.017171019836338796,
      0.017949052846105276,
      0.018296062715957104,
      0.018409326007793735,
      0.01739454252296539,
      0.018201435188838534,
      0.017091238170256675,
      0.017064310863693064,
      0.017034376783842755,
      0.016844409958923452,
      0.018301807712539767,
      0.017535048711373614,
      0.016588717666141978,
      0.01699384561223192,
      0.0164498657567341,
      0.01743254506822294,
      0.018324588873018858,
      0.017368175372376036,
      0.019232959447053423,
      0.018651528040427624,
      0.01694977200218203,
      0.016806178897382302,
      0.01760409528540954,
      0.01716656043348906,
      0.01649816300022307,
      0.017137006678792907,
      0.01670608872567491,
      0.01674069824230334,
      0.01664390740422499,
      0.01635382811509257,
      0.01671202126363878,
      0.03343989682308145
    ],
    "val_loss": [
      0.3783480127816072,
      0.17378231043854872,
      0.24796675158787274,
      0.5570500457915896,
      1.1140428773423066,
      0.8632831980435256,
      1.6286113225269372,
      1.13597228454794,
      0.8884215767021307,
      1.3373224698085182,
      1.2807552586337496,
      1.7574983996054727,
      0.9738763227545751,
      1.3535924809376993,
      1.2867122863603389,
      0.8979663714030367,
      0.840441678543603,
      0.8674513087557729,
      1.1302524354788446,
      0.821775882859006,
      0.767202843195887,
      0.822685896513794,
      0.3240608936889532,
      0.5991988389412621,
      0.335664551689507,
      0.32186192018230875,
      0.5030162947888146,
      0.42460885137029575,
      0.5510403285650703,
      0.9606299992572672,
      1.3302631112161332,
      0.9094439229308934,
      0.9061290451174903,
      0.8969467808843818,
      0.9704114146575242,
      1.0446663160501661,
      0.7439496062405987,
      0.9618259009765739,
      0.8420344469276909,
      0.6820400159504867,
      0.9059124600153394,
      0.9491112877085002,
      0.9155425414231099,
      0.9135510402960245,
      1.0058019026545082,
      1.0504762385174364,
      0.890345935041676,
      0.9876657333816151,
      0.9801609439128441,
      0.9603825743750719,
      0.8623860104879487,
      1.1431414687816432,
      1.0847829031072067,
      1.0893879028862554,
      0.9610777479100102,
      1.0729685301295744,
      1.1107016380340933,
      1.2687431577392323,
      0.9783735552501536,
      0.8308969278658133,
      1.001737657820661,
      0.9860140506189294,
      1.1226938891386289,
      0.9338952921397851,
      1.1641717011822823,
      1.3864740818727783,
      0.6891860894323466,
      0.34891082098607173,
      0.5288022602155448,
      0.6822675487305412,
      0.7129936505443679,
      0.7365796584580205,
      0.9111409041049059,
      0.8389472800580238,
      0.7774261373725391,
      0.8902027299482665,
      0.8870803697782005,
      0.8265909832779563,
      0.9553152005216051,
      0.2590412264745571
    ],
    "best_epoch": 2,
    "best_val_loss": 0.17378231043854872,
    "best_val_abs_mse": 0.35283151268959045,
    "test_loss": 4.092766879919614,
    "test_abs_mse": 40.741539001464844,
    "tracker": {
      "initial_train_loss": 0.4124025351272455,
      "train_threshold": 0.13746751170908184,
      "best_tracking": true,
      "patience_active": true,
      "patience_best_train": null,
      "patience_best_val": 0.17378231043854872,
      "patience_no_improve_epochs": 79,
      "best_train_loss": Infinity,
      "forced_stop_due_to_threshold": false
    }
  },
  "model_files": {
    "best": "scripts/outputs/lstm-trc-rate/trial_80_b82514/best_model.pt",
    "last": "scripts/outputs/lstm-trc-rate/trial_80_b82514/last_model.pt"
  },
  "config_path": "/home/amoris/data-analysis-on-dbps/scripts/outputs/lstm-trc-rate/trial_80_b82514/config.yaml"
}