{
  "model_name": "lstm-trc-value/trial_70_e1df22",
  "model_type": "LSTM",
  "model_format": "torch",
  "model_params": {
    "history_length": 123,
    "units": 375,
    "num_layers": 4,
    "dropout": 0.34761033963996546
  },
  "training_params": {
    "max_epochs": 500,
    "batch_size": 208,
    "learning_rate": 0.00024899591448019004,
    "weight_decay": 0.000970574361829421,
    "checkpoint_interval": 10,
    "seed": 947
  },
  "data_csv": "data/time_aligned_data.csv",
  "timestamp_column": "Date, Time",
  "columns": [
    "TRC-DT",
    "TRC-RT",
    "TRC-PPL1",
    "TRC-PPL2",
    "pH-DT",
    "pH-RT",
    "pH-PPL1",
    "pH-PPL2",
    "cond-DT",
    "cond-PPL1",
    "cond-PPL2",
    "fDOM-RT",
    "fDOM-PPL1",
    "fDOM-PPL2",
    "DO-RT",
    "DO-PPL1",
    "DO-PPL2",
    "TOC-RT",
    "TOC-PPL1",
    "TOC-PPL2",
    "DOC-RT",
    "DOC-PPL1",
    "DOC-PPL2",
    "minutes_since_start"
  ],
  "feature_columns": [
    "TRC-DT",
    "TRC-RT",
    "pH-DT",
    "pH-RT",
    "cond-DT",
    "fDOM-RT",
    "DO-RT",
    "TOC-RT",
    "DOC-RT",
    "minutes_since_start"
  ],
  "target_columns": [
    "TRC-PPL1",
    "TRC-PPL2"
  ],
  "split_boundaries": {
    "train_end": 7796,
    "val_end": 9466,
    "test_end": 11138
  },
  "dataset_sizes": {
    "train": 7674,
    "val": 1670,
    "test": 1672
  },
  "input_dim": 10,
  "sequence_length": 123,
  "training_history": {
    "epochs": [
      1,
      2,
      3,
      4,
      5,
      6,
      7,
      8,
      9,
      10,
      11,
      12,
      13,
      14,
      15,
      16,
      17,
      18,
      19,
      20,
      21,
      22,
      23,
      24,
      25,
      26,
      27,
      28,
      29,
      30,
      31,
      32,
      33,
      34,
      35,
      36,
      37,
      38,
      39,
      40,
      41,
      42,
      43,
      44,
      45,
      46,
      47,
      48,
      49,
      50,
      51,
      52,
      53,
      54,
      55,
      56,
      57,
      58,
      59,
      60,
      61,
      62,
      63,
      64,
      65,
      66,
      67,
      68,
      69,
      70,
      71,
      72,
      73,
      74,
      75,
      76,
      77,
      78,
      79,
      80
    ],
    "train_loss": [
      0.6138577617594188,
      0.17453739561620155,
      0.11890009025600635,
      0.08376687078316572,
      0.057197288943783266,
      0.048417292497440464,
      0.04150563747211145,
      0.04660631038087372,
      0.04280948817073631,
      0.040167442132889496,
      0.03677467921258945,
      0.03391956317376618,
      0.03236451521777985,
      0.03248698783978715,
      0.03173181049356803,
      0.03019639420482542,
      0.029532650278350604,
      0.02974644588859466,
      0.02877406710902011,
      0.029022212539539072,
      0.02925232311932563,
      0.028434945616540048,
      0.028128241667228344,
      0.03135640041915768,
      0.029679407596448326,
      0.027299199520799837,
      0.028361403073359194,
      0.026783112967122276,
      0.02613237657183031,
      0.026902335667523952,
      0.0277361776485577,
      0.02583926456699093,
      0.02627878917678744,
      0.026307356161067098,
      0.026333818394192687,
      0.025176026155225056,
      0.0271935983400055,
      0.02736792264951372,
      0.026574212204347466,
      0.027223315721017046,
      0.025593501909623582,
      0.024644314097121634,
      0.025595475947457674,
      0.02366886352297382,
      0.024914213684129008,
      0.02330965039135579,
      0.023374402640226735,
      0.023245646537965806,
      0.022977311883567365,
      0.02535538778246878,
      0.02367370019736997,
      0.022750800790045298,
      0.023086312212145108,
      0.023808231983593053,
      0.022202966172623857,
      0.02251828579411225,
      0.020675237953433744,
      0.021137714178216683,
      0.021538763231548567,
      0.02233943115052827,
      0.021714887321810875,
      0.021491309680803886,
      0.021776956851466234,
      0.02060162317049528,
      0.02085465770326448,
      0.02083610264297525,
      0.021499153083408287,
      0.021251294382279635,
      0.02172853806557788,
      0.021920731080007142,
      0.021310635146985675,
      0.01962267714102333,
      0.020319070120419502,
      0.021865016825697154,
      0.020636664894267485,
      0.022124737980762185,
      0.02077070871503489,
      0.019812471845209335,
      0.02042449692374395,
      0.019818507434432787
    ],
    "val_loss": [
      0.23477196461426283,
      0.33531338904432195,
      0.2149795852021543,
      0.25207391063610235,
      0.21076506483340693,
      0.2243226585273971,
      0.23040450108265448,
      0.2437395294269402,
      0.25194271297868853,
      0.26764563545138537,
      0.28999628055238436,
      0.3005484584919707,
      0.3298272032223776,
      0.33144658830708373,
      0.3545755036576779,
      0.40316293587584695,
      0.41848406118904047,
      0.43146787412509235,
      0.4475931097290473,
      0.4017416784149444,
      0.36460085357734545,
      0.3944094111819467,
      0.41874110216865995,
      0.3870856985717476,
      0.37729560757825475,
      0.4158190861076652,
      0.44129460218423855,
      0.4813143387704552,
      0.47464502380636636,
      0.4273551617732305,
      0.43808407540806754,
      0.42770811313997487,
      0.4441786727862444,
      0.5430087676662171,
      0.5338045944353778,
      0.8532886377887098,
      0.7641107387171534,
      0.7555972650736392,
      0.9178493384294167,
      1.0686308474776274,
      1.1016016493478935,
      0.7216909277581883,
      0.48631019039068396,
      0.46646784320919815,
      0.6433572182219899,
      0.6462875225229892,
      0.6889084863805486,
      0.6693867850446416,
      0.3839656306954915,
      0.4034313486364787,
      0.41909243298504884,
      0.5677577456849777,
      0.6575440254040107,
      0.8033707799311883,
      0.44555466060866855,
      0.4765143650020668,
      0.4345866403001511,
      0.3822729660365396,
      0.4000286164397965,
      0.3712462302988875,
      0.45928550266220186,
      0.3883706025020805,
      0.38462853533422164,
      0.42605723330003775,
      0.43603000062668396,
      0.4151899813356514,
      0.3782937192809796,
      0.37637145099882596,
      0.3776178912131372,
      0.39384916788803603,
      0.40313214734642805,
      0.37599044872258236,
      0.4497202755091433,
      0.4600827736055066,
      0.38286797920030036,
      0.4142730194116067,
      0.3740078916628204,
      0.3964786675518858,
      0.44507302925615255,
      0.49643274783017394
    ],
    "best_epoch": 5,
    "best_val_loss": 0.21076506483340693,
    "test_loss": 4.341421980606882,
    "tracker": {
      "initial_train_loss": 0.6138577617594188,
      "train_threshold": 0.20461925391980626,
      "best_tracking": true,
      "patience_active": true,
      "patience_best_train": null,
      "patience_best_val": 0.21076506483340693,
      "patience_no_improve_epochs": 75,
      "best_train_loss": Infinity,
      "forced_stop_due_to_threshold": false
    }
  },
  "model_files": {
    "best": "scripts/outputs/lstm-trc-value/trial_70_e1df22/best_model.pt",
    "last": "scripts/outputs/lstm-trc-value/trial_70_e1df22/last_model.pt"
  },
  "config_path": "/home/amoris/data-analysis-on-dbps/scripts/outputs/lstm-trc-value/trial_70_e1df22/config.yaml"
}