{
  "model_name": "rnn-other-value/trial_4_7800b4",
  "model_type": "RNN",
  "model_format": "torch",
  "model_params": {
    "history_length": 127,
    "units": 266,
    "num_layers": 4,
    "dropout": 0.4704276545098895
  },
  "training_params": {
    "max_epochs": 500,
    "batch_size": 86,
    "learning_rate": 0.00034248414024414333,
    "weight_decay": 0.0030272313988525352,
    "checkpoint_interval": 10,
    "seed": 947
  },
  "data_csv": "data/time_aligned_data.csv",
  "timestamp_column": "Date, Time",
  "columns": [
    "TRC-DT",
    "TRC-RT",
    "TRC-PPL1",
    "TRC-PPL2",
    "pH-DT",
    "pH-RT",
    "pH-PPL1",
    "pH-PPL2",
    "cond-DT",
    "cond-PPL1",
    "cond-PPL2",
    "fDOM-RT",
    "fDOM-PPL1",
    "fDOM-PPL2",
    "DO-RT",
    "DO-PPL1",
    "DO-PPL2",
    "TOC-RT",
    "TOC-PPL1",
    "TOC-PPL2",
    "DOC-RT",
    "DOC-PPL1",
    "DOC-PPL2",
    "minutes_since_start"
  ],
  "feature_columns": [
    "TRC-DT",
    "TRC-RT",
    "pH-DT",
    "pH-RT",
    "cond-DT",
    "fDOM-RT",
    "DO-RT",
    "TOC-RT",
    "DOC-RT",
    "minutes_since_start"
  ],
  "target_columns": [
    "TOC-PPL1",
    "TOC-PPL2",
    "DOC-PPL1",
    "DOC-PPL2",
    "pH-PPL1",
    "pH-PPL2"
  ],
  "split_boundaries": {
    "train_end": 7796,
    "val_end": 9466,
    "test_end": 11138
  },
  "dataset_sizes": {
    "train": 7670,
    "val": 1670,
    "test": 1672
  },
  "input_dim": 10,
  "sequence_length": 127,
  "training_history": {
    "epochs": [
      1,
      2,
      3,
      4,
      5,
      6,
      7,
      8,
      9,
      10,
      11,
      12,
      13,
      14,
      15,
      16,
      17,
      18,
      19,
      20,
      21,
      22,
      23,
      24,
      25,
      26,
      27,
      28,
      29,
      30,
      31,
      32,
      33,
      34,
      35,
      36,
      37,
      38,
      39,
      40,
      41,
      42,
      43,
      44,
      45,
      46,
      47,
      48,
      49,
      50,
      51,
      52,
      53,
      54,
      55,
      56,
      57,
      58,
      59,
      60,
      61,
      62,
      63,
      64,
      65,
      66,
      67,
      68,
      69,
      70,
      71,
      72,
      73,
      74,
      75,
      76,
      77,
      78,
      79,
      80,
      81,
      82,
      83,
      84,
      85,
      86,
      87,
      88,
      89,
      90,
      91,
      92,
      93
    ],
    "train_loss": [
      0.333134356424737,
      0.24741724557018652,
      0.23716316751970618,
      0.21771145274539658,
      0.19419030396381912,
      0.18102852753041776,
      0.17037012377338584,
      0.16520098146473725,
      0.1514982065834309,
      0.14715067609231505,
      0.2152771275777083,
      0.21632159670919296,
      0.17113797521459076,
      0.15360694394545263,
      0.15877887575924785,
      0.14699993561346186,
      0.1348167417723943,
      0.14149943941808274,
      0.13738474120644578,
      0.12851221403094903,
      0.17056022237262639,
      0.2513057404966367,
      0.20423047905872824,
      0.1815699158622513,
      0.1648279399476275,
      0.15960383877799283,
      0.14866401490402034,
      0.14643277327737722,
      0.1404357960027542,
      0.13835933048768648,
      0.12803032626695396,
      0.12679307914619495,
      0.12896536738068992,
      0.12832915351241633,
      0.13269833626500008,
      0.12376305375835886,
      0.1198563108601968,
      0.17773566127717105,
      0.13774234295823895,
      0.12159686124892091,
      0.11614086124778882,
      0.14530760241961385,
      0.33480675883367755,
      0.2723689902714676,
      0.21720532586086527,
      0.16613430565385806,
      0.16065240663997196,
      0.14816062973600944,
      0.13747565140158444,
      0.2412235649615876,
      0.1819648400823327,
      0.155085797569043,
      0.15285534630037814,
      0.13886888644802522,
      0.14473688408363286,
      0.1289692548061132,
      0.14423954834216887,
      0.13189312280234644,
      0.12949615530426842,
      0.14748412627129387,
      0.12207291665374068,
      0.1280120513721271,
      0.11782122554726208,
      0.1372336280470255,
      0.15519270932658866,
      0.11852865689658745,
      0.12053763032192667,
      0.11645216005216832,
      0.20562654749394396,
      0.17168068602933723,
      0.1577623756857397,
      0.14916275552385322,
      0.15123746457280204,
      0.13113846878145943,
      0.13205077181700156,
      0.12308837987841963,
      0.13156977739801928,
      0.12067417042546043,
      0.12266564125576417,
      0.11804469676574175,
      0.11896906272256856,
      0.11804708314687985,
      0.16147363332757117,
      0.13428715821428436,
      0.11842227153858896,
      0.11411491338906729,
      0.11939510182614743,
      0.10735819923170542,
      0.2897429001280817,
      0.26843513760137744,
      0.22194990110832521,
      0.2482812958909138,
      0.2003070807286005
    ],
    "val_loss": [
      0.36949125074162453,
      0.3950284455796916,
      0.3933917979414235,
      0.46605117039052313,
      0.5912143401667743,
      0.6645359058446156,
      0.7458775873758836,
      0.5663659028753549,
      0.5848691190475832,
      0.6633524411541973,
      0.4617377792245257,
      0.46159926371838517,
      0.5847962203407716,
      0.6231269766738314,
      0.5850203228210975,
      0.6552911819499767,
      0.7390837523260874,
      0.7039216500913311,
      0.6966242686494025,
      0.7308690619950523,
      0.6089989255377632,
      0.5627729368602444,
      0.544769671938555,
      0.5722359291896849,
      0.6098677247227309,
      0.6161426126198497,
      0.6286800315993989,
      0.6516459962208114,
      0.6674965339060315,
      0.6351490579143969,
      0.6456700761161165,
      0.6689566795385169,
      0.6943480357929261,
      0.7039941990089987,
      0.6769320893519652,
      0.7005775583673737,
      0.7043616120151417,
      0.5244746676372911,
      0.6408840072681447,
      0.6311266475853449,
      0.6816179808206901,
      0.5441480545315914,
      0.4662010641422814,
      0.5858396262064308,
      0.5860755998128189,
      0.5959631109442897,
      0.6316705508057229,
      0.5787823477458811,
      0.61587185283264,
      0.5423033258336747,
      0.5746908813001153,
      0.6064352445215165,
      0.6163679601145005,
      0.6061800848224206,
      0.5827240664623454,
      0.6608051214211002,
      0.6128130851123861,
      0.637938163799797,
      0.6519926971304203,
      0.6133061678734368,
      0.6893144509392584,
      0.6770140155079122,
      0.6510602450210178,
      0.6297853728611312,
      0.6383791694919506,
      0.62161308026867,
      0.6572808526144056,
      0.6914504432392692,
      0.5202011442469979,
      0.6582394882456628,
      0.627694407935271,
      0.6622155747236963,
      0.6676397768858664,
      0.5882799722477348,
      0.6412562993784507,
      0.6422901941452198,
      0.6425126059415811,
      0.6099447850249484,
      0.6588216236430013,
      0.6381930397120779,
      0.6249448665512536,
      0.642944487371666,
      0.562482939669472,
      0.5880129877678648,
      0.6276827257193491,
      0.6584458193200791,
      0.6512366697281421,
      0.6861489313715946,
      0.4723528900010857,
      0.5596844440225712,
      0.5849701438746052,
      0.5482887241208625,
      0.5339759593595288
    ],
    "best_epoch": 89,
    "best_val_loss": 0.4723528900010857,
    "test_loss": 0.5818163263990263,
    "tracker": {
      "initial_train_loss": 0.333134356424737,
      "train_threshold": 0.11104478547491232,
      "best_tracking": true,
      "patience_active": true,
      "patience_best_train": null,
      "patience_best_val": 0.4662010641422814,
      "patience_no_improve_epochs": 50,
      "best_train_loss": Infinity,
      "forced_stop_due_to_threshold": false
    }
  },
  "model_files": {
    "best": "scripts/outputs/rnn-other-value/trial_4_7800b4/best_model.pt",