{
  "model_name": "gru-trc-rate/trial_33_34721e",
  "model_type": "GRU",
  "model_format": "torch",
  "model_params": {
    "history_length": 118,
    "units": 168,
    "num_layers": 6,
    "dropout": 0.3598441820935509
  },
  "training_params": {
    "max_epochs": 500,
    "batch_size": 214,
    "learning_rate": 0.0004296086264315196,
    "weight_decay": 0.00012097937508855308,
    "checkpoint_interval": 10,
    "seed": 947
  },
  "data_csv": "data/time_aligned_data.csv",
  "timestamp_column": "Date, Time",
  "columns": [
    "TRC-DT",
    "TRC-RT",
    "TRC-PPL1",
    "TRC-PPL2",
    "pH-DT",
    "pH-RT",
    "pH-PPL1",
    "pH-PPL2",
    "cond-DT",
    "cond-PPL1",
    "cond-PPL2",
    "fDOM-RT",
    "fDOM-PPL1",
    "fDOM-PPL2",
    "DO-RT",
    "DO-PPL1",
    "DO-PPL2",
    "TOC-RT",
    "TOC-PPL1",
    "TOC-PPL2",
    "DOC-RT",
    "DOC-PPL1",
    "DOC-PPL2",
    "minutes_since_start"
  ],
  "feature_columns": [
    "TRC-DT",
    "TRC-RT",
    "pH-DT",
    "pH-RT",
    "cond-DT",
    "fDOM-RT",
    "DO-RT",
    "TOC-RT",
    "DOC-RT",
    "minutes_since_start"
  ],
  "target_columns": [
    "TRC-PPL1",
    "TRC-PPL2"
  ],
  "target_mode": "rate",
  "target_base_columns": [
    "TRC-RT",
    "TRC-RT"
  ],
  "split_boundaries": {
    "train_end": 7796,
    "val_end": 9466,
    "test_end": 11138
  },
  "dataset_sizes": {
    "train": 7679,
    "val": 1670,
    "test": 1672
  },
  "input_dim": 10,
  "sequence_length": 118,
  "training_history": {
    "epochs": [
      1,
      2,
      3,
      4,
      5,
      6,
      7,
      8,
      9,
      10,
      11,
      12,
      13,
      14,
      15,
      16,
      17,
      18,
      19,
      20,
      21,
      22,
      23,
      24,
      25,
      26,
      27,
      28,
      29,
      30,
      31,
      32,
      33,
      34,
      35,
      36,
      37,
      38,
      39,
      40,
      41,
      42,
      43,
      44,
      45,
      46,
      47,
      48,
      49,
      50,
      51,
      52,
      53,
      54,
      55,
      56,
      57,
      58,
      59,
      60,
      61,
      62,
      63,
      64,
      65,
      66,
      67,
      68,
      69,
      70,
      71,
      72,
      73,
      74,
      75,
      76,
      77,
      78,
      79,
      80
    ],
    "train_loss": [
      0.3933877185334419,
      0.15253428581761017,
      0.11017095967535395,
      0.064196390005345,
      0.04993568164086509,
      0.04392301046238201,
      0.04088000777872578,
      0.036288957234153305,
      0.033313942628049466,
      0.031115995931544252,
      0.030550541280283564,
      0.029817466796179942,
      0.02833798620231311,
      0.0276562947421385,
      0.02553072678167065,
      0.02651659513736729,
      0.02564177960996664,
      0.023311896325574285,
      0.023360368915640573,
      0.024036987473273017,
      0.022903822158427036,
      0.02262089008482146,
      0.023915172866610504,
      0.021525064496625942,
      0.021138854959363785,
      0.019992786435974824,
      0.020630127044598608,
      0.02053891677763068,
      0.019511354019396517,
      0.019203938098935072,
      0.01939484056680599,
      0.019598070091345624,
      0.02010571122022016,
      0.019745170490372103,
      0.01956132265820038,
      0.02023841673271787,
      0.019844365498672738,
      0.01925845413809216,
      0.018840941171285416,
      0.018577580174171906,
      0.018972328595884037,
      0.018665552819430293,
      0.01813829913327883,
      0.01805815872895033,
      0.01777295321604519,
      0.01787196300819037,
      0.01874319951690715,
      0.017885145971044337,
      0.018192573735881696,
      0.017907531286292296,
      0.017439782451864935,
      0.018086413368834993,
      0.018641821730569993,
      0.017519064071507082,
      0.017504734092061294,
      0.018516241868118365,
      0.01801705353717845,
      0.01769618529461102,
      0.01733107132387706,
      0.019265934792440032,
      0.017891846465240124,
      0.018444994837336744,
      0.017498093436341497,
      0.019827630665327424,
      0.017923833266762196,
      0.017818358471258837,
      0.017280128341678035,
      0.018569340032874287,
      0.01810989070497914,
      0.017302645891390595,
      0.017593068579001527,
      0.017111695365382835,
      0.01633052187515145,
      0.017217943702207937,
      0.017438673281486433,
      0.01755966080263158,
      0.017667326670873056,
      0.016474959918136887,
      0.016738298193720545,
      0.017088222473487208
    ],
    "val_loss": [
      0.38547176839170344,
      0.36317719375480434,
      0.2195755186730516,
      0.20063649458799535,
      0.23549638709533,
      0.24973332058794484,
      0.4509659191024696,
      0.5061876588484305,
      0.6805528251510002,
      0.6191688460816523,
      0.5771908588729754,
      0.7154008253271172,
      0.8332504617172979,
      0.8008907890226135,
      0.55579190656632,
      0.5444358952901142,
      0.5507384911670299,
      0.5311786321488148,
      0.6021308703381502,
      0.5207745722645593,
      0.5360890285786755,
      0.556964816567962,
      0.5191035021074161,
      0.510086146186658,
      0.5134918723344625,
      0.5677933930369194,
      0.6005316045224488,
      0.5099006450818684,
      0.5578161893468239,
      0.5820525715094127,
      0.5095752284510764,
      0.5919835621926064,
      0.5423669387056621,
      0.5903743173547847,
      0.5353486671887651,
      0.4647197957613511,
      0.5560543631142127,
      0.44111268854292923,
      0.5201669807161042,
      0.52064395452554,
      0.5071428746118873,
      0.5394325377921502,
      0.47604978779654306,
      0.4951896445948385,
      0.43255173050224066,
      0.48703899793773,
      0.48631508009742475,
      0.48494863710895986,
      0.409985752575501,
      0.476979767310316,
      0.44816545173748884,
      0.43854431865547233,
      0.44946476636889454,
      0.42650392627912365,
      0.4196929859387839,
      0.4685495309732453,
      0.47211391166254074,
      0.42028497091667383,
      0.41306679457158385,
      0.43547279560146573,
      0.4076190660947454,
      0.4298531096629397,
      0.4730741482830333,
      0.39871700545271,
      0.4195375658973248,
      0.3817165004948299,
      0.3978479322692948,
      0.4314306002801764,
      0.403077655113832,
      0.3957420989112583,
      0.38008685924202024,
      0.3668516998586362,
      0.41002631298305386,
      0.36212400170991166,
      0.40678586364461633,
      0.3374518377896019,
      0.35419504819605163,
      0.3667764720401007,
      0.3733593416004302,
      0.3673751716552202
    ],
    "best_epoch": 4,
    "best_val_loss": 0.20063649458799535,
    "best_val_abs_mse": 0.2533305585384369,
    "test_loss": 4.608918335163993,
    "test_abs_mse": 44.027320861816406,
    "tracker": {
      "initial_train_loss": 0.3933877185334419,
      "train_threshold": 0.1311292395111473,
      "best_tracking": true,
      "patience_active": true,
      "patience_best_train": null,
      "patience_best_val": 0.20063649458799535,
      "patience_no_improve_epochs": 76,
      "best_train_loss": Infinity,
      "forced_stop_due_to_threshold": false
    }
  },
  "model_files": {
    "best": "scripts/outputs/gru-trc-rate/trial_33_34721e/best_model.pt",
    "last": "scripts/outputs/gru-trc-rate/trial_33_34721e/last_model.pt"
  },
  "config_path": "/home/amoris/data-analysis-on-dbps/scripts/outputs/gru-trc-rate/trial_33_34721e/config.yaml"
}