{
  "model_name": "mlp-trc-value/trial_39_3fbeff",
  "model_type": "MLP",
  "model_format": "torch",
  "model_params": {
    "history_length": 1,
    "hidden_layers": [
      512,
      256,
      128
    ],
    "dropout": 0.1973237466297092,
    "mid_layer_count": 14,
    "mid_layer_size": 214
  },
  "training_params": {
    "max_epochs": 400,
    "batch_size": 203,
    "learning_rate": 0.0005061853444939554,
    "weight_decay": 0.0023191178087441076,
    "checkpoint_interval": 10,
    "seed": 42
  },
  "data_csv": "data/time_aligned_data.csv",
  "timestamp_column": "Date, Time",
  "columns": [
    "TRC-DT",
    "TRC-RT",
    "TRC-PPL1",
    "TRC-PPL2",
    "pH-DT",
    "pH-RT",
    "pH-PPL1",
    "pH-PPL2",
    "cond-DT",
    "cond-PPL1",
    "cond-PPL2",
    "fDOM-RT",
    "fDOM-PPL1",
    "fDOM-PPL2",
    "DO-RT",
    "DO-PPL1",
    "DO-PPL2",
    "TOC-RT",
    "TOC-PPL1",
    "TOC-PPL2",
    "DOC-RT",
    "DOC-PPL1",
    "DOC-PPL2",
    "minutes_since_start"
  ],
  "feature_columns": [
    "TRC-DT",
    "TRC-RT",
    "pH-DT",
    "pH-RT",
    "cond-DT",
    "fDOM-RT",
    "DO-RT",
    "TOC-RT",
    "DOC-RT",
    "minutes_since_start"
  ],
  "target_columns": [
    "TRC-PPL1",
    "TRC-PPL2"
  ],
  "split_boundaries": {
    "train_end": 7796,
    "val_end": 9466,
    "test_end": 11138
  },
  "dataset_sizes": {
    "train": 7796,
    "val": 1670,
    "test": 1672
  },
  "input_dim": 10,
  "sequence_length": null,
  "training_history": {
    "epochs": [
      1,
      2,
      3,
      4,
      5,
      6,
      7,
      8,
      9,
      10,
      11,
      12,
      13,
      14,
      15,
      16,
      17,
      18,
      19,
      20,
      21,
      22,
      23,
      24,
      25,
      26,
      27,
      28,
      29,
      30,
      31,
      32,
      33,
      34,
      35,
      36,
      37,
      38,
      39,
      40,
      41,
      42,
      43,
      44,
      45,
      46,
      47,
      48,
      49,
      50,
      51,
      52,
      53,
      54,
      55,
      56,
      57,
      58,
      59,
      60,
      61,
      62,
      63,
      64,
      65,
      66,
      67,
      68,
      69,
      70,
      71,
      72,
      73,
      74,
      75,
      76,
      77,
      78,
      79,
      80
    ],
    "train_loss": [
      0.38514972513703094,
      0.11832940009058959,
      0.08741256155182592,
      0.07428912580368793,
      0.06842400863424532,
      0.0680326075092906,
      0.06174048787129115,
      0.057733102047432684,
      0.058449257975621,
      0.05773850540181821,
      0.0569859170749126,
      0.0555212261717195,
      0.05465326095243611,
      0.05179636893108709,
      0.053674569291341234,
      0.05111739798432255,
      0.050695154850317184,
      0.050568548328849584,
      0.049862806205511125,
      0.0507813132271981,
      0.05005432781846998,
      0.04913091509693277,
      0.05051269276156494,
      0.04801840878059737,
      0.04825766520405531,
      0.048265654130673,
      0.047995325055579276,
      0.047815344608429455,
      0.04708974923185427,
      0.047179172921728914,
      0.04751207690452799,
      0.04645182442287028,
      0.04651703296841842,
      0.04616673823671579,
      0.04535243950073171,
      0.04539394515469525,
      0.045694811142533785,
      0.04539767408331597,
      0.044816422906956074,
      0.04582939671783523,
      0.04503582919655839,
      0.0448313995994142,
      0.043962838498540054,
      0.044391429367135464,
      0.04478866691577352,
      0.043691165776796194,
      0.044610825457584866,
      0.04381035836370496,
      0.044208769584260975,
      0.04462270934006659,
      0.044439351743802986,
      0.04437754489863726,
      0.043100998225622356,
      0.044581364470415996,
      0.043796519297779585,
      0.043258201555487985,
      0.0437126391566812,
      0.04281817228098965,
      0.04272799978004993,
      0.04397054501126337,
      0.04364204393788645,
      0.0439503198009789,
      0.04343575028021208,
      0.04497500210990885,
      0.04228847680432773,
      0.043109990116887334,
      0.042887890104083996,
      0.04262392652560773,
      0.04307559162775879,
      0.04254254200789655,
      0.042538963849362406,
      0.0419448174375194,
      0.0435840852502227,
      0.042927314447532436,
      0.04316740683645484,
      0.04130145059941502,
      0.04168453544145092,
      0.04279747270449056,
      0.04152783785319255,
      0.041407392033423106
    ],
    "val_loss": [
      0.30830943566150293,
      0.19130785570753192,
      0.21132853759040018,
      0.24531225175513122,
      0.263865056942903,
      0.2703498835625227,
      0.24058378755399387,
      0.2351221655389506,
      0.2647428825575702,
      0.3131666889592648,
      0.2759031573176652,
      0.2829048302102678,
      0.2497205553810575,
      0.32355029464303375,
      0.294122012842915,
      0.26838236504128415,
      0.32340793638841475,
      0.29738541225384096,
      0.284141300335348,
      0.2764370986121054,
      0.2827894072790078,
      0.285096188681479,
      0.2879237748481735,
      0.3033509913040046,
      0.3090304289894279,
      0.29658376983963625,
      0.2871679829444714,
      0.28276346974342526,
      0.32782508991212544,
      0.30458193132040384,
      0.280932216625103,
      0.29440386436188115,
      0.3101639463928734,
      0.3408859190213198,
      0.32126302308665067,
      0.31686382926442846,
      0.3075203265381341,
      0.31174687502939186,
      0.29046338439813096,
      0.2894380564416597,
      0.27933038062231985,
      0.29171171033766097,
      0.3211967053059154,
      0.30663625776856956,
      0.3270411756781939,
      0.3087030972181234,
      0.31556552144737837,
      0.2800227223956835,
      0.2938176327446353,
      0.30398058114896814,
      0.3290029898386248,
      0.31084042273707196,
      0.29126359408018654,
      0.34977148329604885,
      0.2940685607972527,
      0.2888469899775918,
      0.36799132520121014,
      0.33188114634151766,
      0.33765343940498943,
      0.3510245328958698,
      0.3546391956876227,
      0.4580207068919243,
      0.3898362036225592,
      0.37536927578290424,
      0.36023142449446244,
      0.35286181207054745,
      0.33682980145143715,
      0.3572886154568659,
      0.3852898287815516,
      0.32442492712289095,
      0.3642372655821685,
      0.36827360050652375,
      0.32801364044140197,
      0.33098773420704697,
      0.3518845073588772,
      0.3558863443874581,
      0.3257445168441641,
      0.33055266063593464,
      0.3662784077729026,
      0.33579584195719153
    ],
    "best_epoch": 2,
    "best_val_loss": 0.19130785570753192,
    "test_loss": 5.019771747683224,
    "tracker": {
      "initial_train_loss": 0.38514972513703094,
      "train_threshold": 0.12838324171234364,
      "best_tracking": true,
      "patience_active": true,
      "patience_best_train": null,
      "patience_best_val": 0.19130785570753192,
      "patience_no_improve_epochs": 79,
      "best_train_loss": Infinity,
      "forced_stop_due_to_threshold": false
    }
  },
  "model_files": {
    "best": "scripts/outputs/mlp-trc-value/trial_39_3fbeff/best_model.pt",
    "last": "scripts/outputs/mlp-trc-value/trial_39_3fbeff/last_model.pt"
  },
  "config_path": "/home/amoris/data-analysis-on-dbps/scripts/outputs/mlp-trc-value/trial_39_3fbeff/config.yaml"
}