{
  "model_name": "rnn-trc-value/trial_1_368cb5",
  "model_type": "RNN",
  "model_format": "torch",
  "model_params": {
    "history_length": 158,
    "units": 114,
    "num_layers": 6,
    "dropout": 0.20132974945020138
  },
  "training_params": {
    "max_epochs": 500,
    "batch_size": 140,
    "learning_rate": 0.00078030007652275,
    "weight_decay": 0.00013208897065205077,
    "checkpoint_interval": 10,
    "seed": 947
  },
  "data_csv": "data/time_aligned_data.csv",
  "timestamp_column": "Date, Time",
  "columns": [
    "TRC-DT",
    "TRC-RT",
    "TRC-PPL1",
    "TRC-PPL2",
    "pH-DT",
    "pH-RT",
    "pH-PPL1",
    "pH-PPL2",
    "cond-DT",
    "cond-PPL1",
    "cond-PPL2",
    "fDOM-RT",
    "fDOM-PPL1",
    "fDOM-PPL2",
    "DO-RT",
    "DO-PPL1",
    "DO-PPL2",
    "TOC-RT",
    "TOC-PPL1",
    "TOC-PPL2",
    "DOC-RT",
    "DOC-PPL1",
    "DOC-PPL2",
    "minutes_since_start"
  ],
  "feature_columns": [
    "TRC-DT",
    "TRC-RT",
    "pH-DT",
    "pH-RT",
    "cond-DT",
    "fDOM-RT",
    "DO-RT",
    "TOC-RT",
    "DOC-RT",
    "minutes_since_start"
  ],
  "target_columns": [
    "TRC-PPL1",
    "TRC-PPL2"
  ],
  "split_boundaries": {
    "train_end": 7796,
    "val_end": 9466,
    "test_end": 11138
  },
  "dataset_sizes": {
    "train": 7639,
    "val": 1670,
    "test": 1672
  },
  "input_dim": 10,
  "sequence_length": 158,
  "training_history": {
    "epochs": [
      1,
      2,
      3,
      4,
      5,
      6,
      7,
      8,
      9,
      10,
      11,
      12,
      13,
      14,
      15,
      16,
      17,
      18,
      19,
      20,
      21,
      22,
      23,
      24,
      25,
      26,
      27,
      28,
      29,
      30,
      31,
      32,
      33,
      34,
      35,
      36,
      37,
      38,
      39,
      40,
      41,
      42,
      43,
      44,
      45,
      46,
      47,
      48,
      49,
      50,
      51,
      52,
      53,
      54,
      55,
      56,
      57,
      58,
      59,
      60,
      61,
      62,
      63,
      64,
      65,
      66,
      67,
      68,
      69,
      70,
      71,
      72,
      73,
      74,
      75,
      76,
      77,
      78,
      79,
      80,
      81,
      82,
      83,
      84,
      85,
      86
    ],
    "train_loss": [
      0.26576598506898275,
      0.10460794385459694,
      0.07102465896624235,
      0.054225540800757206,
      0.04447136180957413,
      0.038870990987599385,
      0.03598899448599892,
      0.04005953587766233,
      0.030023177703597467,
      0.03298637314817484,
      0.030727498516165345,
      0.033669915927337764,
      0.030434664698237912,
      0.02862754507527479,
      0.027655892936303862,
      0.027240478257254976,
      0.025042033657609115,
      0.025100334014317834,
      0.025378889176862405,
      0.024877528870549715,
      0.025830176140172332,
      0.024923308781371455,
      0.02190535494772173,
      0.023496680544931425,
      0.023961487660577808,
      0.022351588303349313,
      0.0252042697599451,
      0.022661292703832252,
      0.021148581543991213,
      0.023581743431278182,
      0.022758970718617714,
      0.02191632659624253,
      0.021706647005423248,
      0.02135569224357683,
      0.02113711412243583,
      0.021809350490464733,
      0.02130451252983181,
      0.02247719334796635,
      0.02145112155556156,
      0.022867333768895118,
      0.02264216946203143,
      0.024578859887910864,
      0.022384856906193434,
      0.02060758261835915,
      0.021186548642524484,
      0.022185826702632274,
      0.02172337700350112,
      0.022620135144819326,
      0.02031123904541324,
      0.01950253551553519,
      0.019398328351128286,
      0.019241232203085833,
      0.02004149451482193,
      0.019081170535360483,
      0.018307722271652314,
      0.021844641552387786,
      0.14450751777847082,
      0.384058289868714,
      0.22922905643840846,
      0.09290025585518409,
      0.07038606660415449,
      0.06497389904443686,
      0.059922269747267845,
      0.061589387686937044,
      0.0610811560468253,
      0.0654300972897355,
      0.06092640150219908,
      0.055448602978639974,
      0.05563554002330758,
      0.0535332965678586,
      0.0545061210109186,
      0.05222448040424631,
      0.05328421527452768,
      0.057242221459268446,
      0.05691419851163136,
      0.047563178594245976,
      0.045320586102052356,
      0.042078050247235425,
      0.2353778989808318,
      0.16969005179500404,
      0.5798661923600454,
      0.44092861559943763,
      0.26160228314247097,
      0.18819475338001465,
      0.10625415786638483,
      0.07979231528105857
    ],
    "val_loss": [
      0.3234261442087368,
      0.31801232579582467,
      0.30349647657510764,
      0.3029699372852634,
      0.3364275568081233,
      0.3335334429528542,
      0.28932639318490455,
      0.2884427172962777,
      0.28838027331108107,
      0.2864737464951541,
      0.2863684794726129,
      0.2883576122140456,
      0.28299896200438457,
      0.2874733950429691,
      0.2920989175131935,
      0.2898725187573247,
      0.2834964602694897,
      0.2968360666341767,
      0.2762416080978816,
      0.27388573375469194,
      0.27913230550503304,
      0.27617025382058347,
      0.27665559278276863,
      0.27005617521301717,
      0.27285804682059916,
      0.2798542260543672,
      0.27978693078199546,
      0.28350999594448567,
      0.28713635589458986,
      0.27122540439585013,
      0.27558798126564055,
      0.2649480041094169,
      0.2729361910529122,
      0.27961581184746265,
      0.2713300513471672,
      0.2605344514379244,
      0.27793648894764705,
      0.276732255063371,
      0.2649966421241532,
      0.271884443227224,
      0.2747427971286331,
      0.2658652706729795,
      0.28502154417202147,
      0.28395273784052827,
      0.27283978776749734,
      0.2621826191772958,
      0.2641819214035651,
      0.26670489491459853,
      0.27016983883912693,
      0.2843812588758454,
      0.26700248227951057,
      0.26495827886158835,
      0.2686335779503434,
      0.272138573073163,
      0.27551266281101516,
      0.267365967866011,
      0.7867516727147702,
      0.36417005367264776,
      0.3016038925392542,
      0.29632628117938953,
      0.3102943654991909,
      0.2998499617114395,
      0.3040038541316272,
      0.2983785878398461,
      0.3023646004096477,
      0.2931904250499374,
      0.29793841068348487,
      0.29427801074828214,
      0.30055675758216194,
      0.301777782889005,
      0.3123405055550044,
      0.30312614475270944,
      0.3019264908340163,
      0.308860336502869,
      0.3092314999572888,
      0.3153342236792613,
      0.31482875951660605,
      0.3175224170624139,
      0.3355684821566422,
      0.3135799106188163,
      0.380581253258411,
      0.288544242164332,
      0.30441251883428255,
      0.29947106435359594,
      0.2975788697109608,
      0.2919315346209946
    ],
    "best_epoch": 36,
    "best_val_loss": 0.2605344514379244,
    "test_loss": 4.6496266420378065,
    "tracker": {
      "initial_train_loss": 0.26576598506898275,
      "train_threshold": 0.08858866168966091,
      "best_tracking": true,
      "patience_active": true,
      "patience_best_train": null,
      "patience_best_val": 0.2605344514379244,
      "patience_no_improve_epochs": 50,
      "best_train_loss": Infinity,
      "forced_stop_due_to_threshold": false
    }
  },
  "model_files": {
    "best": "scripts/outputs/rnn-trc-value/trial_1_368cb5/best_model.pt",
    "last": "scripts/outputs/rnn-trc-value/trial_1_368cb5/last_model.pt"
  },
  "config_path": "/home/amoris/data-analysis-on-dbps/scripts/outputs/rnn-trc-value/trial_1_368cb5/config.yaml"
}