{
  "model_name": "gru-trc-value/trial_6_7ff873",
  "model_type": "GRU",
  "model_format": "torch",
  "model_params": {
    "history_length": 123,
    "units": 216,
    "num_layers": 7,
    "dropout": 0.4318641387768764
  },
  "training_params": {
    "max_epochs": 500,
    "batch_size": 186,
    "learning_rate": 0.00053206688538631,
    "weight_decay": 0.00020967355067527104,
    "checkpoint_interval": 10,
    "seed": 947
  },
  "data_csv": "data/time_aligned_data.csv",
  "timestamp_column": "Date, Time",
  "columns": [
    "TRC-DT",
    "TRC-RT",
    "TRC-PPL1",
    "TRC-PPL2",
    "pH-DT",
    "pH-RT",
    "pH-PPL1",
    "pH-PPL2",
    "cond-DT",
    "cond-PPL1",
    "cond-PPL2",
    "fDOM-RT",
    "fDOM-PPL1",
    "fDOM-PPL2",
    "DO-RT",
    "DO-PPL1",
    "DO-PPL2",
    "TOC-RT",
    "TOC-PPL1",
    "TOC-PPL2",
    "DOC-RT",
    "DOC-PPL1",
    "DOC-PPL2",
    "minutes_since_start"
  ],
  "feature_columns": [
    "TRC-DT",
    "TRC-RT",
    "pH-DT",
    "pH-RT",
    "cond-DT",
    "fDOM-RT",
    "DO-RT",
    "TOC-RT",
    "DOC-RT",
    "minutes_since_start"
  ],
  "target_columns": [
    "TRC-PPL1",
    "TRC-PPL2"
  ],
  "split_boundaries": {
    "train_end": 7796,
    "val_end": 9466,
    "test_end": 11138
  },
  "dataset_sizes": {
    "train": 7674,
    "val": 1670,
    "test": 1672
  },
  "input_dim": 10,
  "sequence_length": 123,
  "training_history": {
    "epochs": [
      1,
      2,
      3,
      4,
      5,
      6,
      7,
      8,
      9,
      10,
      11,
      12,
      13,
      14,
      15,
      16,
      17,
      18,
      19,
      20,
      21,
      22,
      23,
      24,
      25,
      26,
      27,
      28,
      29,
      30,
      31,
      32,
      33,
      34,
      35,
      36,
      37,
      38,
      39,
      40,
      41,
      42,
      43,
      44,
      45,
      46,
      47,
      48,
      49,
      50,
      51,
      52,
      53,
      54,
      55,
      56,
      57,
      58,
      59,
      60,
      61,
      62,
      63,
      64,
      65,
      66,
      67,
      68,
      69,
      70,
      71,
      72,
      73,
      74,
      75,
      76,
      77,
      78,
      79,
      80
    ],
    "train_loss": [
      0.3266971963308489,
      0.13498109007622694,
      0.07411902450590137,
      0.058803177828244436,
      0.05429513809839853,
      0.04430911151446151,
      0.0422134867274407,
      0.038731554198348964,
      0.03740808935551973,
      0.0374288845055848,
      0.03137620872700699,
      0.02911783969634161,
      0.033602864394857136,
      0.027866813204920415,
      0.02813429513871903,
      0.027425981759500746,
      0.024713275606064615,
      0.02413175166078477,
      0.023523853443696965,
      0.023283293504235893,
      0.021783197672922597,
      0.02302913684354246,
      0.020932843486332075,
      0.02240791436986731,
      0.02131340138183104,
      0.033299241678103324,
      0.023455309118723105,
      0.021363597261290515,
      0.020629858526752927,
      0.02101750010690063,
      0.020343692360141483,
      0.019835368723574328,
      0.020310057598028546,
      0.02070541712480937,
      0.020513921795504646,
      0.020379325446321032,
      0.020688531866429653,
      0.0193510121834101,
      0.0219656441745183,
      0.02113102031675072,
      0.020129880739013322,
      0.019544712094512882,
      0.019612696948020696,
      0.021528018060328908,
      0.01990683678394887,
      0.01857713021722457,
      0.018378836930706875,
      0.020516904359326595,
      0.02227099776920441,
      0.019276402497473314,
      0.018918703931316068,
      0.02024217546743467,
      0.018608109804891207,
      0.017932645059784143,
      0.019611861354338646,
      0.019026863187015568,
      0.0182398726480654,
      0.02287479200377839,
      0.019218139307452562,
      0.01901357420272339,
      0.018298725878631957,
      0.01888954105617317,
      0.020220129658192094,
      0.020582104612948654,
      0.019237510903656156,
      0.02283191240659862,
      0.019817904784017192,
      0.017281955944707703,
      0.018467724479099938,
      0.01748401389702677,
      0.018138905787626405,
      0.018010235551025273,
      0.019400008052639937,
      0.017991750117353482,
      0.01812966847377214,
      0.018427707878923724,
      0.018192052386083624,
      0.0190628056368551,
      0.018567708130136563,
      0.018437350886794532
    ],
    "val_loss": [
      0.3367281575581271,
      0.21807806602941301,
      0.40947528994547394,
      0.270446882811849,
      0.32278083657879314,
      0.8656093943150279,
      1.4495954014583976,
      1.8825419396920475,
      2.8522778623162988,
      2.5714646951501776,
      2.7208301306953153,
      2.195622924728665,
      1.9403451297989862,
      2.994136318307883,
      3.786207361160192,
      4.491349353596657,
      4.0670854597235335,
      3.5372852456583055,
      3.869530540945644,
      3.5439328655243636,
      3.3568216639855306,
      3.9045975012180514,
      4.44733797055697,
      3.94826345676612,
      4.194096849484001,
      4.586771977472002,
      4.220630222168601,
      4.47304080192245,
      4.261021840755276,
      3.8404585884159017,
      4.473342766224624,
      4.864853374452559,
      4.412164847655389,
      4.433616558373153,
      4.934209615473976,
      4.51205756065999,
      4.333759433936751,
      4.013739266164021,
      3.6394904637519647,
      4.034372439295678,
      3.715319645371355,
      4.63779706610311,
      4.252172760944256,
      3.965400205001592,
      4.5746824099788235,
      4.534345571040928,
      4.796130155310213,
      4.123024680336078,
      3.725194263835242,
      3.7585197863598427,
      3.7773659323213877,
      3.993244243792431,
      3.5245167232692958,
      4.273999860639611,
      3.683331094113385,
      3.508489216794957,
      3.605789159010806,
      2.195473827305668,
      3.3458282088225118,
      3.3994110020223314,
      3.91434675128517,
      3.655847199341494,
      2.9906791823018275,
      3.2020715715687076,
      1.912037712021056,
      3.182592265939195,
      2.9799790872852068,
      2.5286026163506294,
      3.5555309468646072,
      3.1672744117387217,
      3.369238194653731,
      3.1560487149673664,
      3.043381594023305,
      3.234137201333742,
      3.3120445772001665,
      2.3105164618660767,
      2.166957752136681,
      2.263646367848098,
      2.9383831684617046,
      2.3346853783209167
    ],
    "best_epoch": 4,
    "best_val_loss": 0.270446882811849,
    "test_loss": 4.09139843306473,
    "tracker": {
      "initial_train_loss": 0.3266971963308489,
      "train_threshold": 0.10889906544361631,
      "best_tracking": true,
      "patience_active": true,
      "patience_best_train": null,
      "patience_best_val": 0.270446882811849,
      "patience_no_improve_epochs": 76,
      "best_train_loss": Infinity,
      "forced_stop_due_to_threshold": false
    }
  },
  "model_files": {
    "best": "scripts/outputs/gru-trc-value/trial_6_7ff873/best_model.pt",
    "last": "scripts/outputs/gru-trc-value/trial_6_7ff873/last_model.pt"
  },
  "config_path": "/home/amoris/data-analysis-on-dbps/scripts/outputs/gru-trc-value/trial_6_7ff873/config.yaml"
}