{
  "model_name": "rnn-trc-value/trial_27_d2a5d2",
  "model_type": "RNN",
  "model_format": "torch",
  "model_params": {
    "history_length": 182,
    "units": 267,
    "num_layers": 5,
    "dropout": 0.25519276759818105
  },
  "training_params": {
    "max_epochs": 500,
    "batch_size": 187,
    "learning_rate": 0.0009332958013766203,
    "weight_decay": 0.00027409344618833096,
    "checkpoint_interval": 10,
    "seed": 947
  },
  "data_csv": "data/time_aligned_data.csv",
  "timestamp_column": "Date, Time",
  "columns": [
    "TRC-DT",
    "TRC-RT",
    "TRC-PPL1",
    "TRC-PPL2",
    "pH-DT",
    "pH-RT",
    "pH-PPL1",
    "pH-PPL2",
    "cond-DT",
    "cond-PPL1",
    "cond-PPL2",
    "fDOM-RT",
    "fDOM-PPL1",
    "fDOM-PPL2",
    "DO-RT",
    "DO-PPL1",
    "DO-PPL2",
    "TOC-RT",
    "TOC-PPL1",
    "TOC-PPL2",
    "DOC-RT",
    "DOC-PPL1",
    "DOC-PPL2",
    "minutes_since_start"
  ],
  "feature_columns": [
    "TRC-DT",
    "TRC-RT",
    "pH-DT",
    "pH-RT",
    "cond-DT",
    "fDOM-RT",
    "DO-RT",
    "TOC-RT",
    "DOC-RT",
    "minutes_since_start"
  ],
  "target_columns": [
    "TRC-PPL1",
    "TRC-PPL2"
  ],
  "split_boundaries": {
    "train_end": 7796,
    "val_end": 9466,
    "test_end": 11138
  },
  "dataset_sizes": {
    "train": 7615,
    "val": 1670,
    "test": 1672
  },
  "input_dim": 10,
  "sequence_length": 182,
  "training_history": {
    "epochs": [
      1,
      2,
      3,
      4,
      5,
      6,
      7,
      8,
      9,
      10,
      11,
      12,
      13,
      14,
      15,
      16,
      17,
      18,
      19,
      20,
      21,
      22,
      23,
      24,
      25,
      26,
      27,
      28,
      29,
      30,
      31,
      32,
      33,
      34,
      35,
      36,
      37,
      38,
      39,
      40,
      41,
      42,
      43,
      44,
      45,
      46,
      47,
      48,
      49,
      50,
      51,
      52,
      53,
      54,
      55,
      56,
      57,
      58,
      59,
      60,
      61,
      62,
      63,
      64,
      65,
      66,
      67,
      68,
      69,
      70,
      71,
      72,
      73,
      74,
      75,
      76,
      77,
      78,
      79,
      80
    ],
    "train_loss": [
      0.36058267808751066,
      0.1258747044415045,
      0.07893139831061358,
      0.0585330408621758,
      0.04872782632943368,
      0.04453127907267426,
      0.03689233599669708,
      0.046137629781781805,
      0.0386188453438833,
      0.03129947315424544,
      0.03777281201309424,
      0.028446519073252997,
      0.027288078741755678,
      0.02941849034056997,
      0.03245515271003749,
      0.028288355265950107,
      0.02705670856453053,
      0.025889092269680725,
      0.028137532576615297,
      0.16765852147690066,
      1.0099584836867477,
      1.013429814851057,
      0.6280303124800687,
      0.38312065480808954,
      0.32060086846116803,
      0.31232737734649657,
      0.2910520707101158,
      0.26835476762553384,
      0.2659396032401002,
      0.26566950231692704,
      0.26661884616216547,
      0.2637313191466479,
      0.26345421148810194,
      0.2627846720163085,
      0.274299105134984,
      0.2638856653136324,
      0.2608383938523397,
      0.26068559718891265,
      0.25935389615561094,
      0.25668439485489813,
      0.2563702785823976,
      0.26079177398941505,
      0.25508924241490216,
      0.25535558043188433,
      0.2555889696450274,
      0.25767062571944177,
      0.2554410125441404,
      0.2587428249090969,
      0.25402694535701587,
      0.2534564407890906,
      0.3573163155811207,
      1.1552307464304679,
      0.7657099397575393,
      0.6952070734333381,
      0.6833848698391228,
      0.6767926334004142,
      0.672081980662994,
      0.6711480536589244,
      0.6721813138346882,
      0.6700779414928358,
      0.6700602883699296,
      0.6705516767126122,
      0.6719394613744707,
      0.671588699612583,
      0.6733782588261488,
      0.6719129461914947,
      0.672584247549975,
      0.6739417322552369,
      0.673089848720002,
      0.6764277701697221,
      0.6717233275514015,
      0.6805434053772308,
      0.6733621271010378,
      0.6746695566670486,
      0.6742385507021307,
      0.6734444657126619,
      0.6772208004583282,
      0.6792583609010856,
      0.6756704534736027,
      0.674173294261186
    ],
    "val_loss": [
      0.32497255827584665,
      0.2780776240433494,
      0.28173090532801287,
      0.2887880117392647,
      0.28131784569182083,
      0.3235987562797741,
      0.3621825683728128,
      0.31399554109011224,
      0.2847177156185854,
      0.32029947535898873,
      0.31224535567808653,
      0.3282281264138525,
      0.3275462590124525,
      0.3004219579058671,
      0.3127451522721948,
      0.3097322992846637,
      0.31208200366487227,
      0.29240805838301687,
      0.32725462767178426,
      0.4221779587606113,
      0.3723438071488531,
      0.5383990896966108,
      0.5140021645648037,
      0.598214960653714,
      0.6201344718833169,
      0.6279559307714958,
      0.6295916409192684,
      0.645497386831188,
      0.6454048416237096,
      0.6625569907134164,
      0.6369637260559254,
      0.5889543948516607,
      0.5859431772375714,
      0.6851885738933158,
      0.5645158965274424,
      0.5569225376806484,
      0.5543249301389306,
      0.545000444634812,
      0.5673159244977786,
      0.5883182456906506,
      0.5786931736651295,
      0.6186277435746735,
      0.5755790330826522,
      0.6040733000497797,
      0.5797729438985001,
      0.5386800232572023,
      0.5406778667122125,
      0.5266552413428972,
      0.6058189475406965,
      0.553769173533349,
      1.0682352794189296,
      0.6716218792794351,
      0.6474694275581641,
      0.7510323305486026,
      0.7463750563517302,
      0.6857605486929773,
      0.7205111063481447,
      0.7077381019954553,
      0.8051215044663338,
      0.7301775595519,
      0.7808668640559305,
      0.8199515525720077,
      0.7865060063134768,
      0.912383573060621,
      0.783981701156158,
      0.8370100425790526,
      0.7998782658202206,
      0.7463339205005926,
      0.8297029391734186,
      0.8043440693732864,
      0.6808789560604773,
      0.7506203221792946,
      0.8229798223488702,
      0.9172522754101696,
      0.7765739499451871,
      0.834361144806632,
      0.6055721770325107,
      0.6979008149645642,
      0.7209769738246937,
      0.795912278675569
    ],
    "best_epoch": 5,
    "best_val_loss": 0.28131784569182083,
    "test_loss": 4.475110527716185,
    "tracker": {
      "initial_train_loss": 0.36058267808751066,
      "train_threshold": 0.12019422602917022,
      "best_tracking": true,
      "patience_active": true,
      "patience_best_train": null,
      "patience_best_val": 0.28131784569182083,
      "patience_no_improve_epochs": 75,
      "best_train_loss": Infinity,
      "forced_stop_due_to_threshold": false
    }
  },
  "model_files": {
    "best": "scripts/outputs/rnn-trc-value/trial_27_d2a5d2/best_model.pt",
    "last": "scripts/outputs/rnn-trc-value/trial_27_d2a5d2/last_model.pt"
  },
  "config_path": "/home/amoris/data-analysis-on-dbps/scripts/outputs/rnn-trc-value/trial_27_d2a5d2/config.yaml"
}