{
  "model_name": "lstm-trc-value/trial_25_6289e9",
  "model_type": "LSTM",
  "model_format": "torch",
  "model_params": {
    "history_length": 83,
    "units": 258,
    "num_layers": 5,
    "dropout": 0.3275962402558418
  },
  "training_params": {
    "max_epochs": 500,
    "batch_size": 174,
    "learning_rate": 0.0016437900361492958,
    "weight_decay": 0.0010510302465042754,
    "checkpoint_interval": 10,
    "seed": 947
  },
  "data_csv": "data/time_aligned_data.csv",
  "timestamp_column": "Date, Time",
  "columns": [
    "TRC-DT",
    "TRC-RT",
    "TRC-PPL1",
    "TRC-PPL2",
    "pH-DT",
    "pH-RT",
    "pH-PPL1",
    "pH-PPL2",
    "cond-DT",
    "cond-PPL1",
    "cond-PPL2",
    "fDOM-RT",
    "fDOM-PPL1",
    "fDOM-PPL2",
    "DO-RT",
    "DO-PPL1",
    "DO-PPL2",
    "TOC-RT",
    "TOC-PPL1",
    "TOC-PPL2",
    "DOC-RT",
    "DOC-PPL1",
    "DOC-PPL2",
    "minutes_since_start"
  ],
  "feature_columns": [
    "TRC-DT",
    "TRC-RT",
    "pH-DT",
    "pH-RT",
    "cond-DT",
    "fDOM-RT",
    "DO-RT",
    "TOC-RT",
    "DOC-RT",
    "minutes_since_start"
  ],
  "target_columns": [
    "TRC-PPL1",
    "TRC-PPL2"
  ],
  "split_boundaries": {
    "train_end": 7796,
    "val_end": 9466,
    "test_end": 11138
  },
  "dataset_sizes": {
    "train": 7714,
    "val": 1670,
    "test": 1672
  },
  "input_dim": 10,
  "sequence_length": 83,
  "training_history": {
    "epochs": [
      1,
      2,
      3,
      4,
      5,
      6,
      7,
      8,
      9,
      10,
      11,
      12,
      13,
      14,
      15,
      16,
      17,
      18,
      19,
      20,
      21,
      22,
      23,
      24,
      25,
      26,
      27,
      28,
      29,
      30,
      31,
      32,
      33,
      34,
      35,
      36,
      37,
      38,
      39,
      40,
      41,
      42,
      43,
      44,
      45,
      46,
      47,
      48,
      49,
      50,
      51,
      52,
      53,
      54,
      55,
      56,
      57,
      58,
      59,
      60,
      61,
      62,
      63,
      64,
      65,
      66,
      67,
      68,
      69,
      70,
      71,
      72,
      73,
      74,
      75,
      76,
      77,
      78,
      79,
      80,
      81,
      82,
      83,
      84,
      85,
      86,
      87,
      88,
      89,
      90,
      91,
      92,
      93,
      94,
      95,
      96,
      97
    ],
    "train_loss": [
      0.44210782624725115,
      0.11854162918669837,
      0.08735573888385206,
      0.0855109822705276,
      0.07285315969160625,
      0.09088498429584324,
      0.07233706735690734,
      0.06510171935634505,
      0.08157837281661823,
      0.06902549872384932,
      0.07080653741171486,
      0.0648392743073908,
      0.07100512658743034,
      0.09754999138806995,
      0.07038996830806696,
      0.06529293256930839,
      0.06579272485429183,
      0.07588812680844974,
      0.06653442141368873,
      0.07144687380781747,
      0.060454995224350376,
      0.058369766836775874,
      0.05944255590999037,
      0.056127996036880894,
      0.06236141976109125,
      0.05693990370272694,
      0.05876606685998745,
      0.060390030391010124,
      0.055475716079984395,
      0.05740234852397352,
      0.06077370100787708,
      0.05899415204399511,
      0.06232715638956629,
      0.06383520854931128,
      0.05952262360238491,
      0.05641045418560953,
      0.057151983695146735,
      0.05850280840930186,
      0.052956521819184595,
      0.05353011933148356,
      0.05396636275756628,
      0.056542841731605675,
      0.0608778813279661,
      0.06455078477362045,
      0.06429346827299971,
      0.06257600452106699,
      0.057042362966707776,
      0.053480904017175944,
      0.10548208547489983,
      0.08109236183695327,
      0.06498477762018827,
      0.06543384388761413,
      0.06441198003695424,
      0.05322764427366113,
      0.08304906919374502,
      0.07684469279041864,
      0.06810357155544418,
      0.06467486144904804,
      0.062274370370502756,
      0.0709809395659687,
      0.060884866023198106,
      0.05218346512183211,
      0.06466990558052421,
      0.08258530542366486,
      0.05569420029458247,
      0.14008088958890816,
      0.14553009290108107,
      0.06728793829119295,
      0.08551083984119552,
      0.07570251612398858,
      0.04371164327389315,
      0.046332735848382,
      0.04136316366213605,
      0.04658926180318782,
      0.0426487227467666,
      0.040243044887718404,
      0.04099396873909728,
      0.036368140754731076,
      0.03691880439961315,
      0.041084142485843564,
      0.03872471281740451,
      0.03697500680398224,
      0.033901066848434004,
      0.03369841210656148,
      0.03398293944397815,
      0.053610101230162424,
      0.03483405499193901,
      0.030621008905477094,
      0.03232333478622867,
      0.03338618236208769,
      0.030783243211252347,
      0.029779272826206415,
      0.03300451316443601,
      0.03609875354327654,
      0.02774665296021709,
      0.03029559566674376,
      0.02754520278956209
    ],
    "val_loss": [
      0.3431879885450095,
      0.25639600666786383,
      0.25238428411191094,
      0.2729827755805618,
      0.2709995944989834,
      0.2482887511147175,
      0.24088145883720435,
      0.29050637233310833,
      0.2615328784295899,
      0.2841909726312061,
      0.2631782573497224,
      0.32501871417427136,
      0.30163041354564135,
      0.9305036817794431,
      0.3878612325978493,
      0.24806936139653543,
      0.25142705705529916,
      0.24553207446804304,
      0.26629223905860666,
      0.24227768990272533,
      0.27055823042721094,
      0.2529487406199207,
      0.2728917844058154,
      0.27904445620889434,
      0.25051308235900843,
      0.29203705902986543,
      0.3825930215440646,
      0.2797438784162263,
      0.2906361006111085,
      0.36906499232717616,
      0.26576746044133953,
      0.2805950600140823,
      0.49267708975040986,
      0.35232356402376097,
      0.24514245480566682,
      0.3013264033274201,
      0.25408053359764066,
      0.243131575867266,
      0.24141989881228543,
      0.2616645160571722,
      0.2426905346398582,
      0.24326380389982355,
      0.2591326946403809,
      0.2591870782528809,
      0.24806983713618297,
      0.22372807637526246,
      0.21874830844159612,
      0.22648899540260523,
      0.30846408983904444,
      0.22596058601480043,
      0.24550811291900937,
      0.25953464284539224,
      0.25653042009401467,
      0.23413304611148233,
      0.24246085356407893,
      0.2404940162099407,
      0.2527956477985411,
      0.2727955340580669,
      0.2898277610629619,
      0.25901426244638637,
      0.24865662696921897,
      0.23291724403862824,
      0.24175910600600486,
      0.25090390094472265,
      0.24563653370265118,
      0.23734094412874676,
      0.4419639947528611,
      0.3095509391880321,
      0.4799053871524548,
      0.24060939353650915,
      0.25195130228460905,
      0.2970350547643479,
      0.27068509255162254,
      0.2692634291991502,
      0.2816505352492461,
      0.29156086817383764,
      0.48813791059537565,
      0.3433011374430742,
      0.2596273654904551,
      0.29382789809546783,
      0.26401307585085937,
      0.3150018829428507,
      0.29847761681247614,
      0.2775575364287385,
      0.29293510422199787,
      0.2853198127029185,
      0.2658457311149129,
      0.2660217130746313,
      0.2956948727101623,
      0.284873441365843,
      0.27459103820878944,
      0.28676594217603435,
      0.31248487509831696,
      0.28131506506598997,
      0.30597350282851093,
      0.2925339378728838,
      0.2980310844781691
    ],
    "best_epoch": 47,
    "best_val_loss": 0.21874830844159612,
    "test_loss": 4.004117951723948,
    "tracker": {
      "initial_train_loss": 0.44210782624725115,
      "train_threshold": 0.14736927541575037,
      "best_tracking": true,
      "patience_active": true,
      "patience_best_train": null,
      "patience_best_val": 0.21874830844159612,