{
  "model_name": "mlp_with_history-trc-value/trial_24_273262",
  "model_type": "MLP_WITH_HISTORY",
  "model_format": "torch",
  "model_params": {
    "history_length": 49,
    "hidden_layers": [
      4096,
      3072,
      2048,
      1024,
      768,
      512,
      256,
      128
    ],
    "dropout": 0.31060208059535993,
    "mid_layer_count": 4,
    "mid_layer_size": 894
  },
  "training_params": {
    "max_epochs": 500,
    "batch_size": 463,
    "learning_rate": 0.001497084877923256,
    "weight_decay": 0.000765204218987583,
    "checkpoint_interval": 10,
    "seed": 77
  },
  "data_csv": "data/time_aligned_data.csv",
  "timestamp_column": "Date, Time",
  "columns": [
    "TRC-DT",
    "TRC-RT",
    "TRC-PPL1",
    "TRC-PPL2",
    "pH-DT",
    "pH-RT",
    "pH-PPL1",
    "pH-PPL2",
    "cond-DT",
    "cond-PPL1",
    "cond-PPL2",
    "fDOM-RT",
    "fDOM-PPL1",
    "fDOM-PPL2",
    "DO-RT",
    "DO-PPL1",
    "DO-PPL2",
    "TOC-RT",
    "TOC-PPL1",
    "TOC-PPL2",
    "DOC-RT",
    "DOC-PPL1",
    "DOC-PPL2",
    "minutes_since_start"
  ],
  "feature_columns": [
    "TRC-DT",
    "TRC-RT",
    "pH-DT",
    "pH-RT",
    "cond-DT",
    "fDOM-RT",
    "DO-RT",
    "TOC-RT",
    "DOC-RT",
    "minutes_since_start"
  ],
  "target_columns": [
    "TRC-PPL1",
    "TRC-PPL2"
  ],
  "split_boundaries": {
    "train_end": 7796,
    "val_end": 9466,
    "test_end": 11138
  },
  "dataset_sizes": {
    "train": 7748,
    "val": 1670,
    "test": 1672
  },
  "input_dim": 490,
  "sequence_length": null,
  "training_history": {
    "epochs": [
      1,
      2,
      3,
      4,
      5,
      6,
      7,
      8,
      9,
      10,
      11,
      12,
      13,
      14,
      15,
      16,
      17,
      18,
      19,
      20,
      21,
      22,
      23,
      24,
      25,
      26,
      27,
      28,
      29,
      30,
      31,
      32,
      33,
      34,
      35,
      36,
      37,
      38,
      39,
      40,
      41,
      42,
      43,
      44,
      45,
      46,
      47,
      48,
      49,
      50,
      51,
      52,
      53,
      54,
      55,
      56,
      57,
      58,
      59,
      60,
      61,
      62,
      63,
      64,
      65,
      66,
      67,
      68,
      69,
      70,
      71,
      72,
      73,
      74,
      75,
      76,
      77,
      78,
      79,
      80
    ],
    "train_loss": [
      1.80096483564463,
      0.5038123338660692,
      0.25979057160553765,
      0.1903144976448231,
      0.1884600405644281,
      0.16949705063727447,
      0.16171067109197823,
      0.149291282654324,
      0.14817657994724728,
      0.17401264575596131,
      0.14854651951088263,
      0.13230858731074435,
      0.12016811266745343,
      0.1309662086107356,
      0.12839582026443286,
      0.10254029191888112,
      0.11218345825784928,
      0.09360676868946115,
      0.09340858608138088,
      0.0915524938601037,
      0.13386616450347388,
      0.10037410813039982,
      0.08750589342598424,
      0.0858774550824542,
      0.09205043612545184,
      0.07866184197454706,
      0.08135651912257483,
      0.08024471561449917,
      0.08620351520268402,
      0.07700701779890258,
      0.07496966888178977,
      0.08065521341561502,
      0.07485584104476928,
      0.07135093804914264,
      0.0695351808022748,
      0.07061051043778442,
      0.08693323230248755,
      0.07667901485756416,
      0.07241628223632991,
      0.06852851186676559,
      0.0640739107919904,
      0.07071463770012404,
      0.08079193161139875,
      0.07265641772374319,
      0.06722375931853893,
      0.07226236559264074,
      0.06621593024022011,
      0.06479756635597873,
      0.06457474398790682,
      0.06771993615881386,
      0.06514864809095675,
      0.06861355620646482,
      0.06427883001108821,
      0.0672633574114873,
      0.06938119223134599,
      0.06302008909117056,
      0.06326668451082924,
      0.06338460578174014,
      0.06275054070258115,
      0.05880747138098013,
      0.059678250503046926,
      0.059827921911112476,
      0.06319985129650746,
      0.0596558073954825,
      0.05748732295945079,
      0.06402067026718643,
      0.06644127119830667,
      0.06614371790576132,
      0.06053316017981113,
      0.0594129411664262,
      0.05774665125835616,
      0.05411338784275639,
      0.05750782028413736,
      0.054321758445231155,
      0.055083216012205026,
      0.05463029924735896,
      0.05652572274511939,
      0.05738255048144722,
      0.058754699221039534,
      0.05314087291249585
    ],
    "val_loss": [
      1.8920038810390198,
      0.5584296545939531,
      0.17395226204555905,
      0.17765185319244148,
      0.28480924177401795,
      0.26991948763990475,
      0.7426752447903513,
      0.38572044325267485,
      0.2702798631689149,
      0.25187696509598617,
      0.22765951151485572,
      0.23303239723210206,
      0.34124519913540985,
      0.2787861413294505,
      0.4110437687229878,
      0.2781893392690195,
      0.2680213812850193,
      0.27782386117308083,
      0.5300689625157835,
      0.29352891345670123,
      0.2942032169483736,
      0.3612594108772046,
      0.294561214144983,
      0.5482849947706668,
      0.4201244014053198,
      0.32461758042925487,
      0.2807164334920709,
      0.28778954589750594,
      0.4556526028177517,
      0.4115819052073681,
      0.3183091674479628,
      0.5505927788707132,
      0.35519960441007586,
      0.46616867473627815,
      0.5471187723856308,
      0.4461852764911548,
      0.35230905634802795,
      0.3673396710841777,
      0.4982247955338684,
      0.48633826551010867,
      0.33555510437707164,
      0.3015472527883367,
      0.3516150617525874,
      0.4185855450030572,
      0.37882977537922335,
      0.470139867661822,
      0.4345065711958412,
      0.5017830083715523,
      0.5549342469273213,
      0.40877489263782957,
      0.43108946089883765,
      0.5960782550933386,
      0.532711766784018,
      0.4682434503212125,
      0.38864237510983995,
      0.502460009180857,
      0.544893722115698,
      0.35139415227992093,
      0.5452000486815047,
      0.4346494384611884,
      0.4874739930635976,
      0.7066142136420676,
      0.49460802557850314,
      0.5915293430307222,
      0.5776854184829814,
      0.4388948125987799,
      0.355687659517109,
      0.5937865651987805,
      0.49509684807303067,
      0.5082424490037792,
      0.5482937494939762,
      0.5286896548618725,
      0.4913400477924925,
      0.6301101726150798,
      0.5768126006455657,
      0.4761783000070624,
      0.3799397676190484,
      0.4550696011677295,
      0.45002591568017436,
      0.5983565048387129
    ],
    "best_epoch": 3,
    "best_val_loss": 0.17395226204555905,
    "test_loss": 4.314474071255711,
    "tracker": {
      "initial_train_loss": 1.80096483564463,
      "train_threshold": 0.6003216118815433,
      "best_tracking": true,
      "patience_active": true,
      "patience_best_train": null,
      "patience_best_val": 0.17395226204555905,
      "patience_no_improve_epochs": 77,
      "best_train_loss": Infinity,
      "forced_stop_due_to_threshold": false
    }
  },
  "model_files": {
    "best": "scripts/outputs/mlp_with_history-trc-value/trial_24_273262/best_model.pt",
    "last": "scripts/outputs/mlp_with_history-trc-value/trial_24_273262/last_model.pt"
  },
  "config_path": "/home/amoris/data-analysis-on-dbps/scripts/outputs/mlp_with_history-trc-value/trial_24_273262/config.yaml"
}