{
  "model_name": "gru-trc-rate/trial_10_40ea40",
  "model_type": "GRU",
  "model_format": "torch",
  "model_params": {
    "history_length": 124,
    "units": 74,
    "num_layers": 7,
    "dropout": 0.4983338359521394
  },
  "training_params": {
    "max_epochs": 500,
    "batch_size": 358,
    "learning_rate": 0.00045006229572285976,
    "weight_decay": 0.000495403580017541,
    "checkpoint_interval": 10,
    "seed": 947
  },
  "data_csv": "data/time_aligned_data.csv",
  "timestamp_column": "Date, Time",
  "columns": [
    "TRC-DT",
    "TRC-RT",
    "TRC-PPL1",
    "TRC-PPL2",
    "pH-DT",
    "pH-RT",
    "pH-PPL1",
    "pH-PPL2",
    "cond-DT",
    "cond-PPL1",
    "cond-PPL2",
    "fDOM-RT",
    "fDOM-PPL1",
    "fDOM-PPL2",
    "DO-RT",
    "DO-PPL1",
    "DO-PPL2",
    "TOC-RT",
    "TOC-PPL1",
    "TOC-PPL2",
    "DOC-RT",
    "DOC-PPL1",
    "DOC-PPL2",
    "minutes_since_start"
  ],
  "feature_columns": [
    "TRC-DT",
    "TRC-RT",
    "pH-DT",
    "pH-RT",
    "cond-DT",
    "fDOM-RT",
    "DO-RT",
    "TOC-RT",
    "DOC-RT",
    "minutes_since_start"
  ],
  "target_columns": [
    "TRC-PPL1",
    "TRC-PPL2"
  ],
  "target_mode": "rate",
  "target_base_columns": [
    "TRC-RT",
    "TRC-RT"
  ],
  "split_boundaries": {
    "train_end": 7796,
    "val_end": 9466,
    "test_end": 11138
  },
  "dataset_sizes": {
    "train": 7673,
    "val": 1670,
    "test": 1672
  },
  "input_dim": 10,
  "sequence_length": 124,
  "training_history": {
    "epochs": [
      1,
      2,
      3,
      4,
      5,
      6,
      7,
      8,
      9,
      10,
      11,
      12,
      13,
      14,
      15,
      16,
      17,
      18,
      19,
      20,
      21,
      22,
      23,
      24,
      25,
      26,
      27,
      28,
      29,
      30,
      31,
      32,
      33,
      34,
      35,
      36,
      37,
      38,
      39,
      40,
      41,
      42,
      43,
      44,
      45,
      46,
      47,
      48,
      49,
      50,
      51,
      52,
      53,
      54,
      55,
      56,
      57,
      58,
      59,
      60,
      61,
      62,
      63,
      64,
      65,
      66,
      67,
      68,
      69,
      70,
      71,
      72,
      73,
      74,
      75,
      76,
      77,
      78,
      79,
      80
    ],
    "train_loss": [
      0.7122116958894584,
      0.27260921453110604,
      0.1775809478689076,
      0.14687526966926406,
      0.12176903218873769,
      0.10797666534868847,
      0.09662435619092805,
      0.08616305184880121,
      0.07473554243425277,
      0.06811306793298526,
      0.06245800658961435,
      0.06040830089408789,
      0.05706582593025292,
      0.052492306714230066,
      0.050754124748998895,
      0.04837337501563601,
      0.04900148188653801,
      0.04631678111123927,
      0.04520360698369263,
      0.04297874686191077,
      0.04198454954356409,
      0.04235439135882482,
      0.04118398256880526,
      0.03978259357416566,
      0.03946269739399316,
      0.0391001925149137,
      0.038421335465653565,
      0.03748264926414469,
      0.03848451726351244,
      0.03952254444723892,
      0.03670238898128803,
      0.03668034414020493,
      0.03629727566596055,
      0.034352064931833896,
      0.03379728424253721,
      0.033546448025789814,
      0.03382777967526062,
      0.03398307999839967,
      0.03305404299692195,
      0.031837781718629256,
      0.032474814383872605,
      0.03441196834362891,
      0.042271404725335714,
      0.03708675803530951,
      0.03281113305868901,
      0.031206453272947337,
      0.031054525854250264,
      0.03149106629555988,
      0.03272655931146417,
      0.030127525817038227,
      0.029223814250790403,
      0.029137533080625624,
      0.02952865932015883,
      0.029850223028728178,
      0.029301201860837577,
      0.029121207097363443,
      0.02863240894209363,
      0.02841037732488202,
      0.027812650640602298,
      0.029226892131466793,
      0.028558118807031265,
      0.02804781172692069,
      0.028116845019296673,
      0.02808126675786258,
      0.027646652255224294,
      0.026845991452962886,
      0.026836855378291776,
      0.02683979800490719,
      0.02700104927902666,
      0.026463020334881304,
      0.027011431554820553,
      0.02741784049266245,
      0.025853707666658024,
      0.025426557147747983,
      0.02602065695945169,
      0.027689966198484666,
      0.029341393474586065,
      0.02710668208308408,
      0.025762518708846972,
      0.025819563773318312
    ],
    "val_loss": [
      1.0906519146022682,
      0.4002670553629984,
      0.35571509324861855,
      0.3490558826637839,
      0.31117866583570036,
      0.2872109209795198,
      0.24981940033550035,
      0.22616660267471553,
      0.26321920926520925,
      0.22939845676015236,
      0.22102374074880235,
      0.20896797388524352,
      0.44820748345402184,
      0.39664999505806114,
      0.3718874107131701,
      0.4248068271639818,
      0.6317256870473217,
      0.768386348546622,
      1.132951084774233,
      1.0536454885394988,
      1.3509562386456364,
      1.7735674438942335,
      1.5730739520516939,
      2.0234227403373777,
      1.7986164242386105,
      2.034549589303439,
      2.609038002896095,
      2.873204353630186,
      3.303489884546774,
      3.1959398910314025,
      2.6535723231732846,
      2.6340171757750883,
      3.1505276317412623,
      3.4857919926638017,
      3.2024269336087263,
      3.4295613853874323,
      2.8370280100646132,
      3.4749776622760082,
      3.7616365783496533,
      4.1718181830144925,
      3.538419815773022,
      4.509265623727958,
      4.3834186779034,
      3.9524640776060833,
      4.137463879063279,
      4.325398952679006,
      4.001927218291752,
      4.724819842288772,
      4.895665227407646,
      4.623308553546667,
      4.615229889636714,
      4.842127753838808,
      4.473980400175927,
      4.594607473329869,
      4.485768387923965,
      4.78586984644393,
      5.153905180221546,
      4.982347789228319,
      5.059274613205901,
      4.837115637543137,
      5.16195144098319,
      5.210589477794613,
      5.183009369698113,
      5.068811885825174,
      5.013076152962571,
      5.00802535894299,
      5.298352656821291,
      5.296700048518038,
      5.240812004765797,
      5.228996437870546,
      5.381219397547716,
      4.969194265196245,
      5.270748326858271,
      5.4121026167121835,
      5.403754930512723,
      5.421594423379102,
      4.897730182392333,
      5.344552497103988,
      5.362423227049277,
      5.686128054139857
    ],
    "best_epoch": 12,
    "best_val_loss": 0.20896797388524352,
    "best_val_abs_mse": 0.36345309019088745,
    "test_loss": 4.2156600845202306,
    "test_abs_mse": 41.01042938232422,
    "tracker": {
      "initial_train_loss": 0.7122116958894584,
      "train_threshold": 0.23740389862981948,
      "best_tracking": true,
      "patience_active": true,
      "patience_best_train": null,
      "patience_best_val": 0.20896797388524352,
      "patience_no_improve_epochs": 68,
      "best_train_loss": Infinity,
      "forced_stop_due_to_threshold": false
    }
  },
  "model_files": {
    "best": "scripts/outputs/gru-trc-rate/trial_10_40ea40/best_model.pt",
    "last": "scripts/outputs/gru-trc-rate/trial_10_40ea40/last_model.pt"
  },
  "config_path": "/home/amoris/data-analysis-on-dbps/scripts/outputs/gru-trc-rate/trial_10_40ea40/config.yaml"
}