{
  "model_name": "rnn-trc-rate/trial_0_232731",
  "model_type": "RNN",
  "model_format": "torch",
  "model_params": {
    "history_length": 112,
    "units": 304,
    "num_layers": 4,
    "dropout": 0.3083142215711635
  },
  "training_params": {
    "max_epochs": 500,
    "batch_size": 209,
    "learning_rate": 0.000548817633314108,
    "weight_decay": 0.0005783102987069893,
    "checkpoint_interval": 10,
    "seed": 947
  },
  "data_csv": "data/time_aligned_data.csv",
  "timestamp_column": "Date, Time",
  "columns": [
    "TRC-DT",
    "TRC-RT",
    "TRC-PPL1",
    "TRC-PPL2",
    "pH-DT",
    "pH-RT",
    "pH-PPL1",
    "pH-PPL2",
    "cond-DT",
    "cond-PPL1",
    "cond-PPL2",
    "fDOM-RT",
    "fDOM-PPL1",
    "fDOM-PPL2",
    "DO-RT",
    "DO-PPL1",
    "DO-PPL2",
    "TOC-RT",
    "TOC-PPL1",
    "TOC-PPL2",
    "DOC-RT",
    "DOC-PPL1",
    "DOC-PPL2",
    "minutes_since_start"
  ],
  "feature_columns": [
    "TRC-DT",
    "TRC-RT",
    "pH-DT",
    "pH-RT",
    "cond-DT",
    "fDOM-RT",
    "DO-RT",
    "TOC-RT",
    "DOC-RT",
    "minutes_since_start"
  ],
  "target_columns": [
    "TRC-PPL1",
    "TRC-PPL2"
  ],
  "target_mode": "rate",
  "target_base_columns": [
    "TRC-RT",
    "TRC-RT"
  ],
  "split_boundaries": {
    "train_end": 7796,
    "val_end": 9466,
    "test_end": 11138
  },
  "dataset_sizes": {
    "train": 7685,
    "val": 1670,
    "test": 1672
  },
  "input_dim": 10,
  "sequence_length": 112,
  "training_history": {
    "epochs": [
      1,
      2,
      3,
      4,
      5,
      6,
      7,
      8,
      9,
      10,
      11,
      12,
      13,
      14,
      15,
      16,
      17,
      18,
      19,
      20,
      21,
      22,
      23,
      24,
      25,
      26,
      27,
      28,
      29,
      30,
      31,
      32,
      33,
      34,
      35,
      36,
      37,
      38,
      39,
      40,
      41,
      42,
      43,
      44,
      45,
      46,
      47,
      48,
      49,
      50,
      51,
      52,
      53,
      54,
      55,
      56,
      57,
      58,
      59,
      60,
      61,
      62,
      63,
      64,
      65,
      66,
      67,
      68,
      69,
      70,
      71,
      72,
      73,
      74,
      75,
      76,
      77,
      78,
      79,
      80
    ],
    "train_loss": [
      0.2988568526297013,
      0.1227515133910933,
      0.06956165069853554,
      0.04608594670251894,
      0.04082368978783343,
      0.03966149886974322,
      0.03674783477718441,
      0.031847853069093685,
      0.030551357887001803,
      0.03439316138620298,
      0.031875818857296616,
      0.030426134368817994,
      0.030480437500616832,
      0.025997705351156544,
      0.02566722085773363,
      0.026119964142743844,
      0.02919037373846781,
      0.027941007948515086,
      0.026275044751869214,
      0.028021358639467205,
      0.02430431796898296,
      0.02526180783920499,
      0.02625714221759593,
      0.02553592612948717,
      0.02284678393900976,
      0.02310956859126173,
      0.023910223629880666,
      0.03383757523567008,
      0.04893166702979947,
      0.027108763357795284,
      0.024349994815173442,
      0.02574313501685024,
      0.02416568089448638,
      0.024404958996948438,
      0.024339198894076482,
      0.023669966322381386,
      0.021695323283108473,
      0.023113348029393924,
      0.02154459257912504,
      0.021870725692074718,
      0.02396648176833648,
      0.023937211946748492,
      0.02465836071447459,
      0.022310270406620876,
      0.021405370814135575,
      0.028045478457355933,
      0.02611934821604325,
      0.023582437702817583,
      0.020880464874280687,
      0.019608816310094406,
      0.0208741932031235,
      0.023661731060402844,
      0.024333658938283414,
      0.021331211203005147,
      0.03151919626732034,
      0.0295857768840288,
      0.02235853274582498,
      0.021549552792008233,
      0.02071516282793447,
      0.022002114077076248,
      0.02191952548717514,
      0.027114326163893716,
      0.4047348530423781,
      0.5232628305449296,
      0.8113333602694621,
      0.7091470527392979,
      0.5713012720558189,
      0.5424922505678413,
      0.5634894990385858,
      0.5718752515533176,
      0.5712881787574051,
      0.5677240290692974,
      0.42318279888619054,
      0.18178113192882178,
      0.13414405183448525,
      0.1278529925166436,
      0.12647484106120152,
      0.12177356205439521,
      0.11790531236356004,
      0.11826789004700325
    ],
    "val_loss": [
      0.3909475570734211,
      0.26600402118917,
      0.31783478026038514,
      0.29423700014831955,
      0.3029066568340905,
      0.3278030854053126,
      0.30424320818689055,
      0.3078246125036817,
      0.28494103112798963,
      0.26456000274103025,
      0.2865188035533992,
      0.28002547855282617,
      0.2778567225153664,
      0.2787681736777018,
      0.28387158765697373,
      0.29318742149002003,
      0.28310570560931086,
      0.27315583567017926,
      0.2798031280096063,
      0.2769593330602089,
      0.2809005368456334,
      0.28498770591139255,
      0.2835834584539076,
      0.28856812570087925,
      0.2879013746675706,
      0.2832427619482407,
      0.2877112244406414,
      0.27427564560586287,
      0.29823222830445467,
      0.2895899657673108,
      0.2979071551498896,
      0.2876474181234747,
      0.29277752578972344,
      0.304618823344256,
      0.28380448021396193,
      0.31666971119288023,
      0.28226415283286466,
      0.29926088712774884,
      0.29108550268710554,
      0.31599659428424287,
      0.29223539249938046,
      0.30588474250259157,
      0.28712249839354953,
      0.286269073808443,
      0.3019868401420152,
      0.27318563531013484,
      0.33475616220496374,
      0.30796357814200265,
      0.34211840878079036,
      0.3011942026645927,
      0.30852811179809764,
      0.2760327709347991,
      0.31865025567682737,
      0.30787838241252713,
      0.2726983482341567,
      0.30568867856023196,
      0.31484210457831263,
      0.3158217646705801,
      0.30498260156011686,
      0.3699750550202802,
      0.28948840164763484,
      0.3052754390337867,
      0.30506996916395107,
      0.9807479559482929,
      0.30274030748241676,
      0.4288897812054186,
      0.4400978538648276,
      0.5835222191216346,
      0.546424753981793,
      0.5526942809184868,
      0.5722810667521225,
      0.4905058690486197,
      0.3030952870355038,
      0.3144669025935634,
      0.2971227987106153,
      0.29326140647252164,
      0.2752538471053282,
      0.2770492395107261,
      0.2956339477711987,
      0.2682539790980295
    ],
    "best_epoch": 10,
    "best_val_loss": 0.26456000274103025,
    "best_val_abs_mse": 0.3236819803714752,
    "test_loss": 5.003707408905029,
    "test_abs_mse": 48.753089904785156,
    "tracker": {
      "initial_train_loss": 0.2988568526297013,
      "train_threshold": 0.0996189508765671,
      "best_tracking": true,
      "patience_active": true,
      "patience_best_train": null,
      "patience_best_val": 0.26456000274103025,
      "patience_no_improve_epochs": 70,
      "best_train_loss": Infinity,
      "forced_stop_due_to_threshold": false
    }
  },
  "model_files": {
    "best": "scripts/outputs/rnn-trc-rate/trial_0_232731/best_model.pt",
    "last": "scripts/outputs/rnn-trc-rate/trial_0_232731/last_model.pt"
  },
  "config_path": "/home/amoris/data-analysis-on-dbps/scripts/outputs/rnn-trc-rate/trial_0_232731/config.yaml"
}