{
  "model_name": "rnn-trc-value/trial_46_991e75",
  "model_type": "RNN",
  "model_format": "torch",
  "model_params": {
    "history_length": 109,
    "units": 231,
    "num_layers": 4,
    "dropout": 0.21644635091968492
  },
  "training_params": {
    "max_epochs": 500,
    "batch_size": 130,
    "learning_rate": 0.0006705214648864616,
    "weight_decay": 0.00016213067667315023,
    "checkpoint_interval": 10,
    "seed": 947
  },
  "data_csv": "data/time_aligned_data.csv",
  "timestamp_column": "Date, Time",
  "columns": [
    "TRC-DT",
    "TRC-RT",
    "TRC-PPL1",
    "TRC-PPL2",
    "pH-DT",
    "pH-RT",
    "pH-PPL1",
    "pH-PPL2",
    "cond-DT",
    "cond-PPL1",
    "cond-PPL2",
    "fDOM-RT",
    "fDOM-PPL1",
    "fDOM-PPL2",
    "DO-RT",
    "DO-PPL1",
    "DO-PPL2",
    "TOC-RT",
    "TOC-PPL1",
    "TOC-PPL2",
    "DOC-RT",
    "DOC-PPL1",
    "DOC-PPL2",
    "minutes_since_start"
  ],
  "feature_columns": [
    "TRC-DT",
    "TRC-RT",
    "pH-DT",
    "pH-RT",
    "cond-DT",
    "fDOM-RT",
    "DO-RT",
    "TOC-RT",
    "DOC-RT",
    "minutes_since_start"
  ],
  "target_columns": [
    "TRC-PPL1",
    "TRC-PPL2"
  ],
  "split_boundaries": {
    "train_end": 7796,
    "val_end": 9466,
    "test_end": 11138
  },
  "dataset_sizes": {
    "train": 7688,
    "val": 1670,
    "test": 1672
  },
  "input_dim": 10,
  "sequence_length": 109,
  "training_history": {
    "epochs": [
      1,
      2,
      3,
      4,
      5,
      6,
      7,
      8,
      9,
      10,
      11,
      12,
      13,
      14,
      15,
      16,
      17,
      18,
      19,
      20,
      21,
      22,
      23,
      24,
      25,
      26,
      27,
      28,
      29,
      30,
      31,
      32,
      33,
      34,
      35,
      36,
      37,
      38,
      39,
      40,
      41,
      42,
      43,
      44,
      45,
      46,
      47,
      48,
      49,
      50,
      51,
      52,
      53,
      54,
      55,
      56,
      57,
      58,
      59,
      60,
      61,
      62,
      63,
      64,
      65,
      66,
      67,
      68,
      69,
      70,
      71,
      72,
      73,
      74,
      75,
      76,
      77,
      78,
      79,
      80
    ],
    "train_loss": [
      0.2593042722764608,
      0.08697494536804948,
      0.052604220853100896,
      0.04461711274584005,
      0.03696120222671874,
      0.035756249056351795,
      0.03567562389122584,
      0.03018710694181792,
      0.02903823041077025,
      0.03116995927031684,
      0.025766491626838025,
      0.029442116388959983,
      0.028769321223133623,
      0.025761900190070162,
      0.02641228545344707,
      0.024184039595723926,
      0.024401852799992345,
      0.026396783829533903,
      0.026418584954230023,
      0.02353269366923483,
      0.02232408382940522,
      0.021695496183001164,
      0.021255622172832847,
      0.02035736109509979,
      0.03616197388105552,
      0.9070166767759948,
      0.9593914484258249,
      0.4996444640388474,
      0.21049573432564983,
      0.48591974295838564,
      0.7062628458600014,
      0.2621484211414401,
      0.209702850818541,
      0.1755697211070407,
      0.14126609143307753,
      0.1273734359057091,
      0.1319269552772611,
      0.1106979362298342,
      0.13953765473957488,
      0.09357181475589849,
      0.09295333466423786,
      0.08781575775365118,
      0.08429912456314193,
      0.0820264531915831,
      0.07423084980006737,
      0.07728139704246458,
      0.10867936319005787,
      0.06760630145393753,
      0.08135314752579387,
      0.05920710086989198,
      0.0615909161166318,
      0.07700128849056956,
      0.06978067471069146,
      0.06141542009408436,
      0.05755158621841086,
      0.0696281532172606,
      0.054230829664001105,
      0.06420108596876682,
      0.06638838745010135,
      0.051061721177506146,
      0.06899667592694,
      0.047372450060661764,
      0.05229040024594697,
      0.04483089233243704,
      0.04464203087539333,
      0.0469190860341587,
      0.10688939826944834,
      0.051777717902574155,
      0.04667124220215629,
      0.04521136508932828,
      0.042569660331615855,
      0.0708137209925502,
      0.04639529187811789,
      0.05216866745986626,
      0.042815754132424784,
      0.046357134655583165,
      0.04044377118054463,
      0.04090852848700908,
      0.04836225632091637,
      0.04310752793179358
    ],
    "val_loss": [
      0.28204718169694887,
      0.28537696912260113,
      0.2859881890681154,
      0.27194909627610697,
      0.32288691076912923,
      0.34122721930062344,
      0.31481653846755714,
      0.3085638883852673,
      0.28686035235975677,
      0.3017366708083424,
      0.3099497550775013,
      0.29012563077364856,
      0.3320739868202966,
      0.3033649579337436,
      0.30017723394055923,
      0.30129816876110915,
      0.30170137631500554,
      0.2817507687799945,
      0.28202475910772107,
      0.29651927256477095,
      0.2950187311758717,
      0.2877666392659177,
      0.2889980930321945,
      0.2730975119051284,
      0.352642215364529,
      0.4020415868855522,
      0.30814755346603734,
      0.4228477130036154,
      0.46330274690589507,
      0.5145699372905457,
      0.3163911657530569,
      0.577889942748104,
      0.6103948999397055,
      0.5852948311426326,
      0.29434662053506533,
      0.30785181861883865,
      0.3480704250316063,
      0.33332054256768284,
      0.40879162831488486,
      0.4979213631438638,
      0.4650267701662943,
      0.6053725367490046,
      0.5465953413642453,
      1.1662017720009752,
      1.0922206128741097,
      1.1647007222214858,
      1.3305943664051816,
      1.7704370418440796,
      1.5203703862062827,
      1.7562277942762046,
      1.8337677706055298,
      1.6450709324040098,
      1.6156547780477715,
      2.1213108365184175,
      2.287158289444661,
      2.267286424731423,
      2.1843872987358512,
      2.435245306013587,
      2.3945100172060334,
      2.5524135568140154,
      2.1603028195391514,
      2.6539090536646324,
      2.617384721307519,
      2.9899201241438975,
      3.0353748431864256,
      3.3730703387967127,
      2.9078643741364965,
      2.976450803505625,
      3.340768057250691,
      3.0831844012983547,
      3.345675021655367,
      3.197517407790362,
      3.412081477215547,
      3.0827440586677213,
      3.1671900030917035,
      3.1080883523215075,
      3.328047167978244,
      3.1466908359866657,
      3.402763927188105,
      3.0120685061852552
    ],
    "best_epoch": 4,
    "best_val_loss": 0.27194909627610697,
    "test_loss": 4.299514685521285,
    "tracker": {
      "initial_train_loss": 0.2593042722764608,
      "train_threshold": 0.08643475742548694,
      "best_tracking": true,
      "patience_active": true,
      "patience_best_train": null,
      "patience_best_val": 0.27194909627610697,
      "patience_no_improve_epochs": 76,
      "best_train_loss": Infinity,
      "forced_stop_due_to_threshold": false
    }
  },
  "model_files": {
    "best": "scripts/outputs/rnn-trc-value/trial_46_991e75/best_model.pt",
    "last": "scripts/outputs/rnn-trc-value/trial_46_991e75/last_model.pt"
  },
  "config_path": "/home/amoris/data-analysis-on-dbps/scripts/outputs/rnn-trc-value/trial_46_991e75/config.yaml"
}