{
  "model_name": "lstm-trc-rate/trial_47_8edba3",
  "model_type": "LSTM",
  "model_format": "torch",
  "model_params": {
    "history_length": 196,
    "units": 228,
    "num_layers": 13,
    "dropout": 0.22885182437725182
  },
  "training_params": {
    "max_epochs": 500,
    "batch_size": 168,
    "learning_rate": 0.0016776242668983114,
    "weight_decay": 0.0012268594124897605,
    "checkpoint_interval": 10,
    "seed": 947
  },
  "data_csv": "data/time_aligned_data.csv",
  "timestamp_column": "Date, Time",
  "columns": [
    "TRC-DT",
    "TRC-RT",
    "TRC-PPL1",
    "TRC-PPL2",
    "pH-DT",
    "pH-RT",
    "pH-PPL1",
    "pH-PPL2",
    "cond-DT",
    "cond-PPL1",
    "cond-PPL2",
    "fDOM-RT",
    "fDOM-PPL1",
    "fDOM-PPL2",
    "DO-RT",
    "DO-PPL1",
    "DO-PPL2",
    "TOC-RT",
    "TOC-PPL1",
    "TOC-PPL2",
    "DOC-RT",
    "DOC-PPL1",
    "DOC-PPL2",
    "minutes_since_start"
  ],
  "feature_columns": [
    "TRC-DT",
    "TRC-RT",
    "pH-DT",
    "pH-RT",
    "cond-DT",
    "fDOM-RT",
    "DO-RT",
    "TOC-RT",
    "DOC-RT",
    "minutes_since_start"
  ],
  "target_columns": [
    "TRC-PPL1",
    "TRC-PPL2"
  ],
  "target_mode": "rate",
  "target_base_columns": [
    "TRC-RT",
    "TRC-RT"
  ],
  "split_boundaries": {
    "train_end": 7796,
    "val_end": 9466,
    "test_end": 11138
  },
  "dataset_sizes": {
    "train": 7601,
    "val": 1670,
    "test": 1672
  },
  "input_dim": 10,
  "sequence_length": 196,
  "training_history": {
    "epochs": [
      1,
      2,
      3,
      4,
      5,
      6,
      7,
      8,
      9,
      10,
      11,
      12,
      13,
      14,
      15,
      16,
      17,
      18,
      19,
      20,
      21,
      22,
      23,
      24,
      25,
      26,
      27,
      28,
      29,
      30,
      31,
      32,
      33,
      34,
      35,
      36,
      37,
      38,
      39,
      40,
      41,
      42,
      43,
      44,
      45,
      46,
      47,
      48,
      49,
      50
    ],
    "train_loss": [
      1.0054018144512817,
      1.0040819120554527,
      1.0039296350640978,
      1.0039519990232333,
      1.0040535279879867,
      1.0039541965690886,
      1.004021861508965,
      1.003785313038336,
      1.0037165492118276,
      1.0037644206183691,
      1.0040428718913936,
      1.0038873277170346,
      1.0037023666234035,
      1.0037330589456286,
      1.0038402962254906,
      1.0037291704110607,
      1.0040317239329746,
      1.0037943652673327,
      1.00366722559587,
      1.003720256078088,
      1.003697987560096,
      1.0037545460867985,
      1.0037858253904839,
      1.0037946484776143,
      1.003795905436925,
      1.0037490835065608,
      1.0037667787148754,
      1.0036809727041804,
      1.0037060100425939,
      1.0037050759803305,
      1.003707147792615,
      1.0036976878822768,
      1.0036754990671672,
      1.0037252624761648,
      1.0037888044935201,
      1.0036858322039794,
      1.0037720076913286,
      1.0037211027918262,
      1.0038204204328844,
      1.003712734789021,
      1.003713091240637,
      1.003710193087311,
      1.0036874675480978,
      1.0038462213239707,
      1.0037318127451091,
      1.0037903736459788,
      1.003717715717306,
      1.0036558104398894,
      1.0036704658034787,
      1.0036750263155267
    ],
    "val_loss": [
      0.3458031416296245,
      0.35455789353676187,
      0.34954858836299646,
      0.3484733216419905,
      0.35083543626134267,
      0.3443051785944465,
      0.34471807026577567,
      0.34539724575902175,
      0.34517254986448914,
      0.3438372528660083,
      0.3454436486709618,
      0.3455411047635678,
      0.3438512014057822,
      0.34587352431105994,
      0.3457168010715953,
      0.3434547488025563,
      0.3460508517162529,
      0.3453207417697964,
      0.3453218398515336,
      0.3462115394854974,
      0.34682625658854754,
      0.3458514241401307,
      0.3448945796418333,
      0.34442795538259835,
      0.34446262836813213,
      0.34693881376774727,
      0.3462378736741529,
      0.34665922990102255,
      0.3469022702314183,
      0.3449017979606183,
      0.34589936924194864,
      0.3478186671069996,
      0.3464129215764428,
      0.34654884536466196,
      0.34589359092855165,
      0.3455147814429449,
      0.34338546300719597,
      0.3482383738199394,
      0.3450641943309122,
      0.3449412378900779,
      0.34550447003570145,
      0.34653376223084453,
      0.3463468524331818,
      0.34681381927635857,
      0.3459767195814384,
      0.34704770560036163,
      0.3462015560822573,
      0.3445481812168738,
      0.34610289661827204,
      0.3450309133279823
    ],
    "best_epoch": 50,
    "best_val_loss": 0.3450309133279823,
    "best_val_abs_mse": 0.27150118350982666,
    "test_loss": 5.627483975373957,
    "test_abs_mse": 52.83531188964844,
    "tracker": {
      "initial_train_loss": 1.0054018144512817,
      "train_threshold": 0.33513393815042725,
      "best_tracking": false,
      "patience_active": true,
      "patience_best_train": null,
      "patience_best_val": 0.34338546300719597,
      "patience_no_improve_epochs": 13,
      "best_train_loss": Infinity,
      "forced_stop_due_to_threshold": true
    }
  },
  "model_files": {
    "best": "scripts/outputs/lstm-trc-rate/trial_47_8edba3/best_model.pt",
    "last": "scripts/outputs/lstm-trc-rate/trial_47_8edba3/last_model.pt"
  },
  "config_path": "/home/amoris/data-analysis-on-dbps/scripts/outputs/lstm-trc-rate/trial_47_8edba3/config.yaml"
}