{
  "model_name": "lstm-trc-value/trial_85_b3a69f",
  "model_type": "LSTM",
  "model_format": "torch",
  "model_params": {
    "history_length": 139,
    "units": 357,
    "num_layers": 2,
    "dropout": 0.34404756050620566
  },
  "training_params": {
    "max_epochs": 500,
    "batch_size": 214,
    "learning_rate": 0.0002631703244088738,
    "weight_decay": 0.00024760569259050223,
    "checkpoint_interval": 10,
    "seed": 947
  },
  "data_csv": "data/time_aligned_data.csv",
  "timestamp_column": "Date, Time",
  "columns": [
    "TRC-DT",
    "TRC-RT",
    "TRC-PPL1",
    "TRC-PPL2",
    "pH-DT",
    "pH-RT",
    "pH-PPL1",
    "pH-PPL2",
    "cond-DT",
    "cond-PPL1",
    "cond-PPL2",
    "fDOM-RT",
    "fDOM-PPL1",
    "fDOM-PPL2",
    "DO-RT",
    "DO-PPL1",
    "DO-PPL2",
    "TOC-RT",
    "TOC-PPL1",
    "TOC-PPL2",
    "DOC-RT",
    "DOC-PPL1",
    "DOC-PPL2",
    "minutes_since_start"
  ],
  "feature_columns": [
    "TRC-DT",
    "TRC-RT",
    "pH-DT",
    "pH-RT",
    "cond-DT",
    "fDOM-RT",
    "DO-RT",
    "TOC-RT",
    "DOC-RT",
    "minutes_since_start"
  ],
  "target_columns": [
    "TRC-PPL1",
    "TRC-PPL2"
  ],
  "split_boundaries": {
    "train_end": 7796,
    "val_end": 9466,
    "test_end": 11138
  },
  "dataset_sizes": {
    "train": 7658,
    "val": 1670,
    "test": 1672
  },
  "input_dim": 10,
  "sequence_length": 139,
  "training_history": {
    "epochs": [
      1,
      2,
      3,
      4,
      5,
      6,
      7,
      8,
      9,
      10,
      11,
      12,
      13,
      14,
      15,
      16,
      17,
      18,
      19,
      20,
      21,
      22,
      23,
      24,
      25,
      26,
      27,
      28,
      29,
      30,
      31,
      32,
      33,
      34,
      35,
      36,
      37,
      38,
      39,
      40,
      41,
      42,
      43,
      44,
      45,
      46,
      47,
      48,
      49,
      50,
      51,
      52,
      53,
      54,
      55,
      56,
      57,
      58,
      59,
      60,
      61,
      62,
      63,
      64,
      65,
      66,
      67,
      68,
      69,
      70,
      71,
      72,
      73,
      74,
      75,
      76,
      77,
      78,
      79,
      80
    ],
    "train_loss": [
      0.506180766276231,
      0.1319059659467879,
      0.08241679472812288,
      0.04831645118408771,
      0.04011217028887193,
      0.034600530730375084,
      0.03214048224139631,
      0.02920953542301536,
      0.028017580130721982,
      0.02718708742839,
      0.026608933352924382,
      0.02515227701996552,
      0.025559955978263573,
      0.02530763363069204,
      0.023292250206441534,
      0.021797241747659502,
      0.020747225990893015,
      0.020081904643091435,
      0.02017410111765103,
      0.019343464504455534,
      0.01939894102239428,
      0.018560275296320893,
      0.019295819479262868,
      0.02147087153240933,
      0.022954755260096608,
      0.0199055649018118,
      0.018838615213868884,
      0.01893464190660195,
      0.018315224854538757,
      0.017903083887463936,
      0.019091280207882415,
      0.018682550084352743,
      0.01768286436913911,
      0.017530902554946288,
      0.017713116704697676,
      0.01754052039857523,
      0.017400577604297824,
      0.017605425213500333,
      0.018585208023137727,
      0.017270266644162417,
      0.018141209797534315,
      0.018552326080655657,
      0.01771058116621878,
      0.017617030955314028,
      0.017544955321893846,
      0.017242484929107692,
      0.01722485754448219,
      0.01700826126208432,
      0.01736930452436053,
      0.016923090728565557,
      0.017539434814784306,
      0.017848947963252426,
      0.016814837261905993,
      0.0243865924532975,
      0.0355397570254629,
      0.023412647306117418,
      0.021241329197831924,
      0.01876639503329899,
      0.01863796080733348,
      0.018630238806161922,
      0.017771668809269777,
      0.01779385480653231,
      0.018613994577118813,
      0.017581819560545157,
      0.01774840354924298,
      0.01728555208379021,
      0.01745472688589816,
      0.017222483262719357,
      0.01774992851492287,
      0.018738564715805112,
      0.017380912150466728,
      0.017049822693150203,
      0.01729218731737691,
      0.017092294911237385,
      0.016612894899732576,
      0.01706092734620477,
      0.017650406181347233,
      0.017274321536062887,
      0.016759749616504293,
      0.016980530675884932
    ],
    "val_loss": [
      0.40940275246690133,
      0.32461101871407677,
      0.18627566662644912,
      0.2040618920241466,
      0.20612682026035772,
      0.21650075258430607,
      0.22406146849120806,
      0.24977241977603135,
      0.42393580063240616,
      0.4342385589072626,
      0.5626824764724442,
      0.782336130912254,
      0.7603194611247428,
      0.6359886385321974,
      0.6694492810612132,
      0.547121816193183,
      0.5392254758760066,
      0.45220651717153854,
      0.49932315504390323,
      0.46182777993381025,
      0.50886537671803,
      0.4655388737576986,
      0.5387248173802198,
      0.4380649476774974,
      0.5098196658099483,
      0.4113052020395944,
      0.4401510404010197,
      0.42620152737833783,
      0.431629677589782,
      0.4377023678183734,
      0.40847957482014946,
      0.43515174960617176,
      0.4281767433854991,
      0.3955138488377104,
      0.4049510157884595,
      0.4138021857371766,
      0.3951834076000545,
      0.43210887801861336,
      0.4025280781536402,
      0.42504969393377173,
      0.3878006482106483,
      0.4134785627600497,
      0.3969739492424948,
      0.3976358885268965,
      0.39869202014928806,
      0.4233632433646453,
      0.4016397748677852,
      0.38804617645274736,
      0.39986390248833303,
      0.38591273070764753,
      0.4073458739584256,
      0.38618331781315235,
      0.372804863398482,
      0.42220905335720427,
      0.37388598646321697,
      0.4217135717545798,
      0.38149212977352615,
      0.3763814038212249,
      0.35132505598137836,
      0.3741941264133432,
      0.381373483013964,
      0.39162336448263263,
      0.3636028702476781,
      0.3648023207833667,
      0.36125799152487054,
      0.3560057619664662,
      0.3657889808567163,
      0.41405799997423937,
      0.38474900810616813,
      0.37724966493150786,
      0.37479983952543333,
      0.3775162051270108,
      0.37376174490430397,
      0.3756386770392785,
      0.35998413281258707,
      0.3755508054783958,
      0.3688306794685875,
      0.3783273729088599,
      0.39497075581220453,
      0.3816398116219008
    ],
    "best_epoch": 3,
    "best_val_loss": 0.18627566662644912,
    "test_loss": 4.763559533648514,
    "tracker": {
      "initial_train_loss": 0.506180766276231,
      "train_threshold": 0.168726922092077,
      "best_tracking": true,
      "patience_active": true,
      "patience_best_train": null,
      "patience_best_val": 0.18627566662644912,
      "patience_no_improve_epochs": 77,
      "best_train_loss": Infinity,
      "forced_stop_due_to_threshold": false
    }
  },
  "model_files": {
    "best": "scripts/outputs/lstm-trc-value/trial_85_b3a69f/best_model.pt",
    "last": "scripts/outputs/lstm-trc-value/trial_85_b3a69f/last_model.pt"
  },
  "config_path": "/home/amoris/data-analysis-on-dbps/scripts/outputs/lstm-trc-value/trial_85_b3a69f/config.yaml"
}