{
  "model_name": "gru-trc-value/trial_4_4addf8",
  "model_type": "GRU",
  "model_format": "torch",
  "model_params": {
    "history_length": 50,
    "units": 298,
    "num_layers": 6,
    "dropout": 0.2932016703709758
  },
  "training_params": {
    "max_epochs": 500,
    "batch_size": 270,
    "learning_rate": 0.001235893453620394,
    "weight_decay": 0.00013313729280482726,
    "checkpoint_interval": 10,
    "seed": 947
  },
  "data_csv": "data/time_aligned_data.csv",
  "timestamp_column": "Date, Time",
  "columns": [
    "TRC-DT",
    "TRC-RT",
    "TRC-PPL1",
    "TRC-PPL2",
    "pH-DT",
    "pH-RT",
    "pH-PPL1",
    "pH-PPL2",
    "cond-DT",
    "cond-PPL1",
    "cond-PPL2",
    "fDOM-RT",
    "fDOM-PPL1",
    "fDOM-PPL2",
    "DO-RT",
    "DO-PPL1",
    "DO-PPL2",
    "TOC-RT",
    "TOC-PPL1",
    "TOC-PPL2",
    "DOC-RT",
    "DOC-PPL1",
    "DOC-PPL2",
    "minutes_since_start"
  ],
  "feature_columns": [
    "TRC-DT",
    "TRC-RT",
    "pH-DT",
    "pH-RT",
    "cond-DT",
    "fDOM-RT",
    "DO-RT",
    "TOC-RT",
    "DOC-RT",
    "minutes_since_start"
  ],
  "target_columns": [
    "TRC-PPL1",
    "TRC-PPL2"
  ],
  "split_boundaries": {
    "train_end": 7796,
    "val_end": 9466,
    "test_end": 11138
  },
  "dataset_sizes": {
    "train": 7747,
    "val": 1670,
    "test": 1672
  },
  "input_dim": 10,
  "sequence_length": 50,
  "training_history": {
    "epochs": [
      1,
      2,
      3,
      4,
      5,
      6,
      7,
      8,
      9,
      10,
      11,
      12,
      13,
      14,
      15,
      16,
      17,
      18,
      19,
      20,
      21,
      22,
      23,
      24,
      25,
      26,
      27,
      28,
      29,
      30,
      31,
      32,
      33,
      34,
      35,
      36,
      37,
      38,
      39,
      40,
      41,
      42,
      43,
      44,
      45,
      46,
      47,
      48,
      49,
      50,
      51,
      52,
      53,
      54,
      55,
      56,
      57,
      58,
      59,
      60,
      61,
      62,
      63,
      64,
      65,
      66,
      67,
      68,
      69,
      70,
      71,
      72,
      73,
      74,
      75,
      76,
      77,
      78,
      79,
      80
    ],
    "train_loss": [
      0.3997559915288919,
      0.13150114924911993,
      0.0661576392305302,
      0.0559173840969297,
      0.0440436490481171,
      0.041833769458408464,
      0.04096863757829997,
      0.042384098220832486,
      0.03466901744975418,
      0.03440129581747,
      0.03378618441784676,
      0.03060282778888806,
      0.029731003010970817,
      0.030543033164405695,
      0.03075494670648259,
      0.033654471956230954,
      0.02878580294160923,
      0.026468667144354228,
      0.02774825965334319,
      0.027507720855106166,
      0.02807582361012701,
      0.027053921634570096,
      0.0273879636247377,
      0.025348086588587688,
      0.023789957333541275,
      0.023852182585638815,
      0.0243461373592344,
      0.023138706737412043,
      0.02177037947395355,
      0.023181681701923335,
      0.022767468117205376,
      0.024243238716125028,
      0.02831158331869817,
      0.02540088323793312,
      0.021584429398632993,
      0.02157562343461161,
      0.02228469531192108,
      0.022265389248848008,
      0.023603900078824985,
      0.022100764658670894,
      0.02369495780232823,
      0.02246014778101361,
      0.02156395743270066,
      0.022479878142245266,
      0.021125466382121122,
      0.02102231924478948,
      0.022086843044696755,
      0.02214578688298562,
      0.021862557205960982,
      0.02271796087418831,
      0.024320750951822748,
      0.02009397673434914,
      0.022260756621949207,
      0.02033488836672724,
      0.020479686250009736,
      0.01966230520394074,
      0.019382219322095984,
      0.01927420963840137,
      0.0197844804371959,
      0.022203349682539834,
      0.01984824270430274,
      0.019514910160256492,
      0.019579757433670773,
      0.020412661726184392,
      0.019523850417699187,
      0.018543651701606705,
      0.02203984764009441,
      0.021578640882726468,
      0.022721659279114296,
      0.02083282874940641,
      0.019963093257298913,
      0.01961450290684548,
      0.019048279272258953,
      0.020558330708037763,
      0.021541241146705838,
      0.019563291679644133,
      0.020296145607532803,
      0.018643095037222248,
      0.019995898762829645,
      0.019333966494008575
    ],
    "val_loss": [
      0.31662564920986486,
      0.20740496886972182,
      0.2547689817711979,
      0.2751105862284849,
      0.284278081094255,
      0.38151142002267396,
      0.36258192899118286,
      0.3889577464161519,
      0.9815594380397996,
      0.5579704844621484,
      0.7093674785898118,
      0.6453000722441845,
      0.7957794631045022,
      0.7081607317183903,
      0.7353263648817996,
      1.0294810219439203,
      0.44665791685442013,
      0.7264830144401082,
      0.582418885171235,
      0.6978044210526044,
      0.5127745576113641,
      0.6055296447551893,
      0.6979712709829122,
      0.6642234688122829,
      0.5937637365729866,
      0.5116235450088621,
      0.6007722456253575,
      0.5882495890878988,
      0.6608267286402023,
      0.5669156349972336,
      0.5925669467556263,
      0.5675571636146236,
      0.5305627040609628,
      0.5062442785184719,
      0.6311772783136297,
      0.5468990201922412,
      0.681422489109689,
      0.5979878485180482,
      0.5747783219742918,
      0.5814465113251865,
      0.5848600507830967,
      0.4959527564062151,
      0.621447881304486,
      0.690647216000689,
      0.5917322003689711,
      0.6381507386414412,
      0.5556493438334166,
      0.586240878228299,
      0.5328234930907538,
      0.6670032237617377,
      0.5295717802322554,
      0.48653273178476414,
      0.5584992822594271,
      0.5764527195607295,
      0.6172050661491063,
      0.5726703660350717,
      0.5181330804919412,
      0.6993716557671924,
      0.6268500677438197,
      0.6152748615664994,
      0.5435145803598943,
      0.56817192671274,
      0.5737768761523648,
      0.5043953383664885,
      0.5438211527123245,
      0.5429754323788925,
      0.5802994492257426,
      0.42914508005414537,
      0.5528924659809131,
      0.4604957172992879,
      0.5495500921823843,
      0.5593096320099102,
      0.6267725498510335,
      0.5954443411065076,
      0.5233633646261906,
      0.6423299579830941,
      0.4660215169570582,
      0.578795600582115,
      0.5662115697866071,
      0.49219380739607854
    ],
    "best_epoch": 2,
    "best_val_loss": 0.20740496886972182,
    "test_loss": 4.473119160062389,
    "tracker": {
      "initial_train_loss": 0.3997559915288919,
      "train_threshold": 0.1332519971762973,
      "best_tracking": true,
      "patience_active": true,
      "patience_best_train": null,
      "patience_best_val": 0.20740496886972182,
      "patience_no_improve_epochs": 79,
      "best_train_loss": Infinity,
      "forced_stop_due_to_threshold": false
    }
  },
  "model_files": {
    "best": "scripts/outputs/gru-trc-value/trial_4_4addf8/best_model.pt",
    "last": "scripts/outputs/gru-trc-value/trial_4_4addf8/last_model.pt"
  },
  "config_path": "/home/amoris/data-analysis-on-dbps/scripts/outputs/gru-trc-value/trial_4_4addf8/config.yaml"
}