{
  "model_name": "rnn-trc-rate/trial_33_61ffe4",
  "model_type": "RNN",
  "model_format": "torch",
  "model_params": {
    "history_length": 67,
    "units": 97,
    "num_layers": 7,
    "dropout": 0.42928883147950797
  },
  "training_params": {
    "max_epochs": 500,
    "batch_size": 65,
    "learning_rate": 0.0015947707562667872,
    "weight_decay": 0.0043845415178709836,
    "checkpoint_interval": 10,
    "seed": 947
  },
  "data_csv": "data/time_aligned_data.csv",
  "timestamp_column": "Date, Time",
  "columns": [
    "TRC-DT",
    "TRC-RT",
    "TRC-PPL1",
    "TRC-PPL2",
    "pH-DT",
    "pH-RT",
    "pH-PPL1",
    "pH-PPL2",
    "cond-DT",
    "cond-PPL1",
    "cond-PPL2",
    "fDOM-RT",
    "fDOM-PPL1",
    "fDOM-PPL2",
    "DO-RT",
    "DO-PPL1",
    "DO-PPL2",
    "TOC-RT",
    "TOC-PPL1",
    "TOC-PPL2",
    "DOC-RT",
    "DOC-PPL1",
    "DOC-PPL2",
    "minutes_since_start"
  ],
  "feature_columns": [
    "TRC-DT",
    "TRC-RT",
    "pH-DT",
    "pH-RT",
    "cond-DT",
    "fDOM-RT",
    "DO-RT",
    "TOC-RT",
    "DOC-RT",
    "minutes_since_start"
  ],
  "target_columns": [
    "TRC-PPL1",
    "TRC-PPL2"
  ],
  "target_mode": "rate",
  "target_base_columns": [
    "TRC-RT",
    "TRC-RT"
  ],
  "split_boundaries": {
    "train_end": 7796,
    "val_end": 9466,
    "test_end": 11138
  },
  "dataset_sizes": {
    "train": 7730,
    "val": 1670,
    "test": 1672
  },
  "input_dim": 10,
  "sequence_length": 67,
  "training_history": {
    "epochs": [
      1,
      2,
      3,
      4,
      5,
      6,
      7,
      8,
      9,
      10,
      11,
      12,
      13,
      14,
      15,
      16,
      17,
      18,
      19,
      20,
      21,
      22,
      23,
      24,
      25,
      26,
      27,
      28,
      29,
      30,
      31,
      32,
      33,
      34,
      35,
      36,
      37,
      38,
      39,
      40,
      41,
      42,
      43,
      44,
      45,
      46,
      47,
      48,
      49,
      50,
      51,
      52,
      53,
      54,
      55,
      56,
      57,
      58,
      59,
      60,
      61,
      62,
      63,
      64,
      65,
      66,
      67,
      68,
      69,
      70,
      71,
      72,
      73,
      74,
      75,
      76,
      77,
      78,
      79,
      80
    ],
    "train_loss": [
      0.287169790211077,
      0.10708757096908765,
      0.32358134631910884,
      0.22533438541236084,
      0.10727738304470906,
      0.09010820085951458,
      0.08256529390397463,
      0.07140496008840291,
      0.09826016532110211,
      0.06566631060965927,
      0.0658751095525853,
      0.06833121919086417,
      0.0713726694287219,
      0.06526010549527245,
      0.06388900425395944,
      0.07132513384017876,
      0.06383900241239568,
      0.06585185905438962,
      0.05810792471630376,
      0.05817407358047416,
      0.0665918573361242,
      0.05975620294131946,
      0.06496053423014449,
      0.0564006385339224,
      0.06602661590902725,
      0.06523280180653347,
      0.0637076160958444,
      0.06882481651445718,
      0.052017025885691466,
      0.06223358587394402,
      0.05270748420402813,
      0.0538824221208441,
      0.061643508741244156,
      0.0561097367566662,
      0.058713990180508595,
      0.051032399230987256,
      0.07327679610470211,
      0.06107431305102513,
      0.056991684750532116,
      0.07423217674623331,
      0.052907757914081734,
      0.05185314002573336,
      0.05256636887981543,
      0.052876776134906114,
      0.050115515797231516,
      0.05237497535099265,
      0.05053320424787864,
      0.06245409478740658,
      0.056634420726597696,
      0.05541138084940275,
      0.05701742726070915,
      0.055463202454313576,
      0.05411535307263804,
      0.061167437284413775,
      0.05399963435118134,
      0.05584110213349661,
      0.05305020515849142,
      0.05933389181384448,
      0.05285422940091513,
      0.05865878941320162,
      0.04957741634127471,
      0.05037657337149974,
      0.05405638265010225,
      0.13526530709373072,
      0.06716521789125839,
      0.0542101893492072,
      0.049462694956657186,
      0.0501722799671903,
      0.05413862318643893,
      0.04866390144705464,
      0.05049750683913525,
      0.05161533925687126,
      0.054885481986642504,
      0.0556482587992798,
      0.05727919189676276,
      0.052566687895748934,
      0.056705167555620106,
      0.049502181836234026,
      0.050362750639678745,
      0.05130342907846976
    ],
    "val_loss": [
      0.31118626130220595,
      0.290086608335465,
      0.3046909630030929,
      0.28183331473836465,
      0.28595130037360206,
      0.27931517931984035,
      0.28053383075236205,
      0.2781928631415713,
      0.3096303737270618,
      0.36949724627067587,
      0.2714262522846282,
      0.2820684075757058,
      0.2938660780402893,
      0.30270746835468415,
      0.2884987453723739,
      0.4068603915591797,
      0.3398445212354739,
      0.3221525557249963,
      0.27606831629855366,
      0.336188730644341,
      0.3023353119821338,
      0.2900704492530423,
      0.3959085699951577,
      0.36224390758748004,
      0.319627123288141,
      0.32854027364648386,
      0.36745480479237563,
      0.2606713129597867,
      0.3075889703276718,
      0.3276574576641628,
      0.30030654634566545,
      0.47599473412700755,
      0.38591218615943446,
      0.3479383660837294,
      0.3855972239401883,
      0.3417626090883138,
      0.38229540942939455,
      0.3355527495418837,
      0.4853743988864436,
      0.401216840895707,
      0.3910047963573904,
      0.396085420589961,
      0.37857963360042984,
      0.37676541754853227,
      0.3353782408943255,
      0.34409649799505393,
      0.3647392544739261,
      0.35273988280601487,
      0.37655929244028596,
      0.38238282478275054,
      0.30328982495173007,
      0.37745014659525034,
      0.3698620298866205,
      0.40307592416550225,
      0.3807338557155903,
      0.344328141743373,
      0.31301709779811476,
      0.41657456273804166,
      0.33786604382811547,
      0.4797602114630138,
      0.38799460988469464,
      0.3735288007932152,
      0.2755127665335814,
      0.5122414372727543,
      0.398166175217864,
      0.36793516432409157,
      0.4501865562609213,
      0.39503190747858163,
      0.3835328728027508,
      0.4078547914406497,
      0.3480743574491607,
      0.37216641359075814,
      0.4910402543575107,
      0.4595567436141525,
      0.4386786874049081,
      0.31569458944667245,
      0.4567458403525417,
      0.3742355451567801,
      0.35419262225131787,
      0.4262416811916464
    ],
    "best_epoch": 28,
    "best_val_loss": 0.2606713129597867,
    "best_val_abs_mse": 0.5109773874282837,
    "test_loss": 3.7603855724112267,
    "test_abs_mse": 37.361270904541016,
    "tracker": {
      "initial_train_loss": 0.287169790211077,
      "train_threshold": 0.09572326340369235,
      "best_tracking": true,
      "patience_active": true,
      "patience_best_train": null,
      "patience_best_val": 0.2606713129597867,
      "patience_no_improve_epochs": 52,
      "best_train_loss": Infinity,
      "forced_stop_due_to_threshold": false
    }
  },
  "model_files": {
    "best": "scripts/outputs/rnn-trc-rate/trial_33_61ffe4/best_model.pt",
    "last": "scripts/outputs/rnn-trc-rate/trial_33_61ffe4/last_model.pt"
  },
  "config_path": "/home/amoris/data-analysis-on-dbps/scripts/outputs/rnn-trc-rate/trial_33_61ffe4/config.yaml"
}