{
  "model_name": "mlp-trc-value/trial_55_4ab0cf",
  "model_type": "MLP",
  "model_format": "torch",
  "model_params": {
    "history_length": 1,
    "hidden_layers": [
      512,
      256,
      128
    ],
    "dropout": 0.21047297858668998,
    "mid_layer_count": 14,
    "mid_layer_size": 129
  },
  "training_params": {
    "max_epochs": 400,
    "batch_size": 145,
    "learning_rate": 0.00041188461605546635,
    "weight_decay": 0.0009866198633340303,
    "checkpoint_interval": 10,
    "seed": 42
  },
  "data_csv": "data/time_aligned_data.csv",
  "timestamp_column": "Date, Time",
  "columns": [
    "TRC-DT",
    "TRC-RT",
    "TRC-PPL1",
    "TRC-PPL2",
    "pH-DT",
    "pH-RT",
    "pH-PPL1",
    "pH-PPL2",
    "cond-DT",
    "cond-PPL1",
    "cond-PPL2",
    "fDOM-RT",
    "fDOM-PPL1",
    "fDOM-PPL2",
    "DO-RT",
    "DO-PPL1",
    "DO-PPL2",
    "TOC-RT",
    "TOC-PPL1",
    "TOC-PPL2",
    "DOC-RT",
    "DOC-PPL1",
    "DOC-PPL2",
    "minutes_since_start"
  ],
  "feature_columns": [
    "TRC-DT",
    "TRC-RT",
    "pH-DT",
    "pH-RT",
    "cond-DT",
    "fDOM-RT",
    "DO-RT",
    "TOC-RT",
    "DOC-RT",
    "minutes_since_start"
  ],
  "target_columns": [
    "TRC-PPL1",
    "TRC-PPL2"
  ],
  "split_boundaries": {
    "train_end": 7796,
    "val_end": 9466,
    "test_end": 11138
  },
  "dataset_sizes": {
    "train": 7796,
    "val": 1670,
    "test": 1672
  },
  "input_dim": 10,
  "sequence_length": null,
  "training_history": {
    "epochs": [
      1,
      2,
      3,
      4,
      5,
      6,
      7,
      8,
      9,
      10,
      11,
      12,
      13,
      14,
      15,
      16,
      17,
      18,
      19,
      20,
      21,
      22,
      23,
      24,
      25,
      26,
      27,
      28,
      29,
      30,
      31,
      32,
      33,
      34,
      35,
      36,
      37,
      38,
      39,
      40,
      41,
      42,
      43,
      44,
      45,
      46,
      47,
      48,
      49,
      50,
      51,
      52,
      53,
      54,
      55,
      56,
      57,
      58,
      59,
      60,
      61,
      62,
      63,
      64,
      65,
      66,
      67,
      68,
      69,
      70,
      71,
      72,
      73,
      74,
      75,
      76,
      77,
      78,
      79,
      80
    ],
    "train_loss": [
      0.35719891272871357,
      0.10932201506228799,
      0.08299379916875989,
      0.07270001047020878,
      0.06638264203403028,
      0.06518841935479378,
      0.05925995786757944,
      0.057163212940540296,
      0.057863826435317345,
      0.055196548603272486,
      0.055640381193691614,
      0.053939743281431446,
      0.052525689513381935,
      0.051706987166497236,
      0.05067119464132956,
      0.04840426945465384,
      0.049078588426522164,
      0.04854978175270918,
      0.04732624864327091,
      0.04774572087663024,
      0.04740995040957578,
      0.04696392501513734,
      0.048438612118902394,
      0.04565204247562793,
      0.04491443655001102,
      0.04351654149909213,
      0.04407610379617227,
      0.04305806252273949,
      0.04383740747579708,
      0.04357159796819328,
      0.043269239351241294,
      0.04352939013619188,
      0.04288109378046282,
      0.042464947761378116,
      0.04186389639232023,
      0.041641983165362204,
      0.04104590814382893,
      0.04255497689550507,
      0.04104086932314779,
      0.04039689495857555,
      0.0405206868504812,
      0.04017914763831936,
      0.04140672071948227,
      0.04065674104765554,
      0.04008268762839573,
      0.03974089099896098,
      0.03922176430013323,
      0.039107368629437235,
      0.038683021285563036,
      0.03919921854459296,
      0.03826415529899899,
      0.039892827343193764,
      0.03924233253052283,
      0.0381080381368684,
      0.03898803906022103,
      0.03930894999605737,
      0.039780291816599096,
      0.03922262900614544,
      0.0386605684971843,
      0.03884313669172295,
      0.039498403490883696,
      0.03951660098829113,
      0.0389329541172104,
      0.03949270054163758,
      0.03741234165543223,
      0.037926996346819224,
      0.038383243464051975,
      0.037772748188300585,
      0.03664555306952082,
      0.037895025510776725,
      0.037356231274181695,
      0.03666808502007947,
      0.038397003925922,
      0.03799942409999099,
      0.03767691718045529,
      0.03710461563295496,
      0.03739181794766136,
      0.03656585089381633,
      0.03686120900219873,
      0.036208156910340274
    ],
    "val_loss": [
      0.33791466371831064,
      0.19561414146784714,
      0.20868296318403082,
      0.254157809345442,
      0.22429238259792328,
      0.25881551370069295,
      0.24400227593291485,
      0.27622073270871256,
      0.2727000815961175,
      0.32708688204115377,
      0.2854414203087102,
      0.26037962738045317,
      0.2515667325699936,
      0.272768624539593,
      0.30097292163994854,
      0.27185428519538063,
      0.30042528839569965,
      0.29470680032795415,
      0.3275618876001524,
      0.28765944028440527,
      0.28386517484744866,
      0.3209192578284862,
      0.2815376265967142,
      0.3375283745312673,
      0.2832804841719969,
      0.3168675764045583,
      0.3218228987077931,
      0.3315119085342674,
      0.37209327393462377,
      0.29869223507623116,
      0.3044057655131478,
      0.3306048183094063,
      0.3586066222197549,
      0.3333951565687974,
      0.36399248443142385,
      0.37395622633665265,
      0.34269120808534637,
      0.3346147851315801,
      0.3310634456128774,
      0.3344456833079011,
      0.3218796213999569,
      0.30678590813729756,
      0.334291706748396,
      0.31515210792756904,
      0.3361290945353622,
      0.30514612323242035,
      0.3595489427491933,
      0.32970855354950457,
      0.3268674076172317,
      0.3345002427106043,
      0.3586147980664126,
      0.33856726824278066,
      0.3084310254438998,
      0.3214308350586784,
      0.3201667782432305,
      0.3305164614391184,
      0.31160785374928734,
      0.35400765789616967,
      0.38039741532397486,
      0.3459983745054481,
      0.40955246401627265,
      0.3708504263177782,
      0.3633535595967652,
      0.3375899444841696,
      0.35122769282472704,
      0.34583543388808735,
      0.3054929522652469,
      0.3261487245180471,
      0.3870387335034634,
      0.33039496467632806,
      0.40596391047590863,
      0.32128573975854824,
      0.3072420017024179,
      0.314623295257013,
      0.32586989851813475,
      0.3264392173241177,
      0.30505503572992043,
      0.3377693917513072,
      0.34493162448400866,
      0.34958069979542206
    ],
    "best_epoch": 2,
    "best_val_loss": 0.19561414146784714,
    "test_loss": 5.042767403941405,
    "tracker": {
      "initial_train_loss": 0.35719891272871357,
      "train_threshold": 0.11906630424290453,
      "best_tracking": true,
      "patience_active": true,
      "patience_best_train": null,
      "patience_best_val": 0.19561414146784714,
      "patience_no_improve_epochs": 79,
      "best_train_loss": Infinity,
      "forced_stop_due_to_threshold": false
    }
  },
  "model_files": {
    "best": "scripts/outputs/mlp-trc-value/trial_55_4ab0cf/best_model.pt",
    "last": "scripts/outputs/mlp-trc-value/trial_55_4ab0cf/last_model.pt"
  },
  "config_path": "/home/amoris/data-analysis-on-dbps/scripts/outputs/mlp-trc-value/trial_55_4ab0cf/config.yaml"
}