{
  "model_name": "mlp-trc-value/trial_56_1fead5",
  "model_type": "MLP",
  "model_format": "torch",
  "model_params": {
    "history_length": 1,
    "hidden_layers": [
      512,
      256,
      128
    ],
    "dropout": 0.1931188973476113,
    "mid_layer_count": 14,
    "mid_layer_size": 294
  },
  "training_params": {
    "max_epochs": 400,
    "batch_size": 166,
    "learning_rate": 0.0005196452515874158,
    "weight_decay": 0.0017155544460246484,
    "checkpoint_interval": 10,
    "seed": 42
  },
  "data_csv": "data/time_aligned_data.csv",
  "timestamp_column": "Date, Time",
  "columns": [
    "TRC-DT",
    "TRC-RT",
    "TRC-PPL1",
    "TRC-PPL2",
    "pH-DT",
    "pH-RT",
    "pH-PPL1",
    "pH-PPL2",
    "cond-DT",
    "cond-PPL1",
    "cond-PPL2",
    "fDOM-RT",
    "fDOM-PPL1",
    "fDOM-PPL2",
    "DO-RT",
    "DO-PPL1",
    "DO-PPL2",
    "TOC-RT",
    "TOC-PPL1",
    "TOC-PPL2",
    "DOC-RT",
    "DOC-PPL1",
    "DOC-PPL2",
    "minutes_since_start"
  ],
  "feature_columns": [
    "TRC-DT",
    "TRC-RT",
    "pH-DT",
    "pH-RT",
    "cond-DT",
    "fDOM-RT",
    "DO-RT",
    "TOC-RT",
    "DOC-RT",
    "minutes_since_start"
  ],
  "target_columns": [
    "TRC-PPL1",
    "TRC-PPL2"
  ],
  "split_boundaries": {
    "train_end": 7796,
    "val_end": 9466,
    "test_end": 11138
  },
  "dataset_sizes": {
    "train": 7796,
    "val": 1670,
    "test": 1672
  },
  "input_dim": 10,
  "sequence_length": null,
  "training_history": {
    "epochs": [
      1,
      2,
      3,
      4,
      5,
      6,
      7,
      8,
      9,
      10,
      11,
      12,
      13,
      14,
      15,
      16,
      17,
      18,
      19,
      20,
      21,
      22,
      23,
      24,
      25,
      26,
      27,
      28,
      29,
      30,
      31,
      32,
      33,
      34,
      35,
      36,
      37,
      38,
      39,
      40,
      41,
      42,
      43,
      44,
      45,
      46,
      47,
      48,
      49,
      50,
      51,
      52,
      53,
      54,
      55,
      56,
      57,
      58,
      59,
      60,
      61,
      62,
      63,
      64,
      65,
      66,
      67,
      68,
      69,
      70,
      71,
      72,
      73,
      74,
      75,
      76,
      77,
      78,
      79,
      80
    ],
    "train_loss": [
      0.3371292889049385,
      0.10162945469414167,
      0.07666151083359785,
      0.06876026900182203,
      0.06395341193598775,
      0.06135624421788155,
      0.05814432896092618,
      0.05674012793297796,
      0.05442912119219492,
      0.0534785320077296,
      0.05409216642066293,
      0.05454035488274111,
      0.05220502892794855,
      0.04974557700188971,
      0.04946486768491944,
      0.048819600858210965,
      0.04813173363293942,
      0.04791476194956567,
      0.047194528473247746,
      0.04799947717928042,
      0.046845917075321944,
      0.04738458107703921,
      0.04603575462099832,
      0.04590829884898149,
      0.04650977777537931,
      0.04414590701590813,
      0.0458584930011864,
      0.044357052972667364,
      0.04536649344604617,
      0.04385244886674228,
      0.04277962023414301,
      0.04363939710622754,
      0.04330727138989947,
      0.04349392889427827,
      0.04228307111422914,
      0.04288775596161755,
      0.0428603262898095,
      0.042029261890093504,
      0.042886981902105985,
      0.04179468763043188,
      0.042742761051719036,
      0.04323501859133582,
      0.04190318981685383,
      0.04237062151827159,
      0.040789697651850254,
      0.04151519765363497,
      0.041451863322374514,
      0.04144687541956899,
      0.04122564931944387,
      0.0409021824779894,
      0.04123163691842752,
      0.04160824241169206,
      0.04157709421302307,
      0.041302274547521126,
      0.04065723814311059,
      0.04102423604292983,
      0.040255532524485875,
      0.04215325960834984,
      0.04105795164228923,
      0.04065684064947501,
      0.04063432933901245,
      0.04133979482179639,
      0.04145428187200936,
      0.04106138523366052,
      0.04069794914811819,
      0.04100955884832948,
      0.0403313771054615,
      0.0401316567846388,
      0.04031208071144744,
      0.04008348339718464,
      0.04106519685694045,
      0.03888847241383629,
      0.03900354501221227,
      0.04067093191267956,
      0.039465994718917034,
      0.03866622491661802,
      0.040238257364707763,
      0.03919443397521361,
      0.039906332388772545,
      0.03887188668745551
    ],
    "val_loss": [
      0.3130655641148904,
      0.2167634741877189,
      0.24069370477945504,
      0.2666302624063756,
      0.2545502568321849,
      0.2745298278032841,
      0.24149057293634216,
      0.24729037372518087,
      0.2700384106330886,
      0.2942288836787739,
      0.26727592845386017,
      0.2787722041283896,
      0.2584573838636725,
      0.31067363209799376,
      0.30135633214014373,
      0.2959966418785071,
      0.281615125434752,
      0.2928675972728315,
      0.2988674066425441,
      0.3156350119184413,
      0.2863369649153448,
      0.2983860566386741,
      0.27192075787234804,
      0.2903788083773887,
      0.30403786963019186,
      0.2908260152836938,
      0.29051638063333346,
      0.2843598089866831,
      0.3256924456264266,
      0.28023283117322506,
      0.2950325007968677,
      0.3029639383677594,
      0.3074894237415698,
      0.32089683590178003,
      0.3455584595861014,
      0.3019526675298899,
      0.36007004501799983,
      0.30419254137013485,
      0.3041335196886769,
      0.33259827740668896,
      0.3254074473870907,
      0.3174219659077907,
      0.31520045741634095,
      0.34134915092078866,
      0.34600592594883756,
      0.2965894538842275,
      0.35641157046451183,
      0.30845711984543384,
      0.31176206699522313,
      0.3201190307937161,
      0.36830158392692397,
      0.3380555171541825,
      0.2992132725116022,
      0.3409713262100955,
      0.29888283144124966,
      0.29995353158541066,
      0.30391061032737443,
      0.31163541850394116,
      0.3349021984453865,
      0.3290731114006328,
      0.331274995825694,
      0.3206681331608467,
      0.36264931311507426,
      0.3204589187831222,
      0.3298325406978587,
      0.3126607231349645,
      0.32917225949332385,
      0.3300158033515522,
      0.3710414378541315,
      0.3037916160740717,
      0.33405311503140867,
      0.32455325017566095,
      0.30027767629948204,
      0.3119664017088756,
      0.3283007600261066,
      0.3678543249736289,
      0.301119768117627,
      0.3259085017942383,
      0.3067189960601087,
      0.332869100343146
    ],
    "best_epoch": 2,
    "best_val_loss": 0.2167634741877189,
    "test_loss": 5.289833130163439,
    "tracker": {
      "initial_train_loss": 0.3371292889049385,
      "train_threshold": 0.1123764296349795,
      "best_tracking": true,
      "patience_active": true,
      "patience_best_train": null,
      "patience_best_val": 0.2167634741877189,
      "patience_no_improve_epochs": 79,
      "best_train_loss": Infinity,
      "forced_stop_due_to_threshold": false
    }
  },
  "model_files": {
    "best": "scripts/outputs/mlp-trc-value/trial_56_1fead5/best_model.pt",
    "last": "scripts/outputs/mlp-trc-value/trial_56_1fead5/last_model.pt"
  },
  "config_path": "/home/amoris/data-analysis-on-dbps/scripts/outputs/mlp-trc-value/trial_56_1fead5/config.yaml"
}