{
  "model_name": "gru-trc-rate/trial_54_1179f2",
  "model_type": "GRU",
  "model_format": "torch",
  "model_params": {
    "history_length": 117,
    "units": 208,
    "num_layers": 7,
    "dropout": 0.3730540374241096
  },
  "training_params": {
    "max_epochs": 500,
    "batch_size": 201,
    "learning_rate": 0.0002971871565960708,
    "weight_decay": 0.00032663941130027356,
    "checkpoint_interval": 10,
    "seed": 947
  },
  "data_csv": "data/time_aligned_data.csv",
  "timestamp_column": "Date, Time",
  "columns": [
    "TRC-DT",
    "TRC-RT",
    "TRC-PPL1",
    "TRC-PPL2",
    "pH-DT",
    "pH-RT",
    "pH-PPL1",
    "pH-PPL2",
    "cond-DT",
    "cond-PPL1",
    "cond-PPL2",
    "fDOM-RT",
    "fDOM-PPL1",
    "fDOM-PPL2",
    "DO-RT",
    "DO-PPL1",
    "DO-PPL2",
    "TOC-RT",
    "TOC-PPL1",
    "TOC-PPL2",
    "DOC-RT",
    "DOC-PPL1",
    "DOC-PPL2",
    "minutes_since_start"
  ],
  "feature_columns": [
    "TRC-DT",
    "TRC-RT",
    "pH-DT",
    "pH-RT",
    "cond-DT",
    "fDOM-RT",
    "DO-RT",
    "TOC-RT",
    "DOC-RT",
    "minutes_since_start"
  ],
  "target_columns": [
    "TRC-PPL1",
    "TRC-PPL2"
  ],
  "target_mode": "rate",
  "target_base_columns": [
    "TRC-RT",
    "TRC-RT"
  ],
  "split_boundaries": {
    "train_end": 7796,
    "val_end": 9466,
    "test_end": 11138
  },
  "dataset_sizes": {
    "train": 7680,
    "val": 1670,
    "test": 1672
  },
  "input_dim": 10,
  "sequence_length": 117,
  "training_history": {
    "epochs": [
      1,
      2,
      3,
      4,
      5,
      6,
      7,
      8,
      9,
      10,
      11,
      12,
      13,
      14,
      15,
      16,
      17,
      18,
      19,
      20,
      21,
      22,
      23,
      24,
      25,
      26,
      27,
      28,
      29,
      30,
      31,
      32,
      33,
      34,
      35,
      36,
      37,
      38,
      39,
      40,
      41,
      42,
      43,
      44,
      45,
      46,
      47,
      48,
      49,
      50,
      51,
      52,
      53,
      54,
      55,
      56,
      57,
      58,
      59,
      60,
      61,
      62,
      63,
      64,
      65,
      66,
      67,
      68,
      69,
      70,
      71,
      72,
      73,
      74,
      75,
      76,
      77,
      78,
      79,
      80
    ],
    "train_loss": [
      0.4112135232484434,
      0.16237112644012086,
      0.11716641387029085,
      0.08611144218302798,
      0.06472392075520475,
      0.05401686288969358,
      0.048929400104680096,
      0.04845995318028144,
      0.04487645727931522,
      0.042086477545672095,
      0.04096213192824507,
      0.03904958934290335,
      0.03541824423155049,
      0.033749957369582265,
      0.03278421430150047,
      0.034829216992511645,
      0.03323319729533978,
      0.03069468143658014,
      0.029347607121599138,
      0.027257172706595157,
      0.029292540254391496,
      0.027562294236849992,
      0.02660879746763385,
      0.026164686473202893,
      0.02546831597064738,
      0.025197229114564835,
      0.024427696929342345,
      0.023860184106888484,
      0.0243138463330979,
      0.02364499518589582,
      0.02260131337970961,
      0.021956066213169832,
      0.024956191747332924,
      0.022752716003014938,
      0.021239116274227855,
      0.021743388921458974,
      0.022322705511032836,
      0.021902831667102874,
      0.02172904092949466,
      0.02068686871571117,
      0.021474844367185143,
      0.02044418801815482,
      0.020379020373366075,
      0.025105089980934282,
      0.020109064994903746,
      0.01940557574343984,
      0.019496396222530167,
      0.019236094003281322,
      0.018705980866070605,
      0.019967839263699716,
      0.019597315305873053,
      0.020115399976930348,
      0.01926658221564139,
      0.023195155904249986,
      0.030571834843431133,
      0.02242575130148907,
      0.021358822986803715,
      0.0192921333713457,
      0.02066366397193633,
      0.020397405296898798,
      0.019275093965552513,
      0.018586548118764767,
      0.018291721013520147,
      0.018602878932870225,
      0.018647153824713315,
      0.01861607863975223,
      0.01840160009705869,
      0.020553337896126324,
      0.018989457278803457,
      0.019917314853228164,
      0.01859671978854749,
      0.018762055119441356,
      0.01855524864149629,
      0.01851505213562632,
      0.019009071205800865,
      0.018557012703604416,
      0.018537620354618412,
      0.01825774225035275,
      0.017776848679568504,
      0.018225217844519647
    ],
    "val_loss": [
      0.27278487029412907,
      0.37871218000700374,
      0.24335793622150392,
      0.35294095570009626,
      0.23396793044211264,
      0.21153371761703563,
      0.24717294864445746,
      0.3441710933909088,
      0.35741668086231293,
      0.6370863985660636,
      0.5666127765406214,
      0.8925147987344486,
      1.1660188529082758,
      1.1790254456018974,
      2.180712289151228,
      1.5490582209939283,
      1.4946581875961162,
      2.1047677118375807,
      2.4245186461191515,
      2.2503129165485767,
      2.689372428767606,
      2.639591944687247,
      2.5286671637161495,
      2.139992393849942,
      2.843020945015603,
      2.7837226663978245,
      1.0043672524704905,
      1.8211260542530054,
      2.2555574432606558,
      2.4933907915955174,
      2.523524106134421,
      3.399016786748153,
      1.8877501584924088,
      2.737167432296374,
      3.342717054021171,
      3.5384652401114294,
      3.602964767646379,
      2.797221880205377,
      3.834887227061355,
      3.5205501683201352,
      3.29133008744813,
      3.201320204186716,
      3.821671859264195,
      1.7453285363631066,
      2.337552286568516,
      2.9412448509378795,
      3.0664934581424483,
      3.1634338711193224,
      3.112028705545082,
      3.393943237358269,
      3.2101790063785844,
      3.568104237009085,
      3.1954777040825544,
      1.5177178780754614,
      2.1499041254559677,
      2.4000909041669107,
      2.5963136031889094,
      2.093728355816872,
      2.358568508088767,
      2.3089495290739985,
      2.168503939914712,
      2.561439717350204,
      2.4403501509303998,
      2.8874569441944717,
      3.136516049999498,
      3.012871632046864,
      3.0065835527016107,
      2.8297586944601134,
      2.6785970081603097,
      3.409200157669044,
      3.450828396137469,
      2.699608845909511,
      3.268460325499673,
      3.5015261247876786,
      2.9951789437876846,
      3.191183502956511,
      3.0667755016755915,
      2.770336650894163,
      3.0892283721174487,
      3.144502318571294
    ],
    "best_epoch": 6,
    "best_val_loss": 0.21153371761703563,
    "best_val_abs_mse": 0.43292832374572754,
    "test_loss": 4.04162857178866,
    "test_abs_mse": 40.41304397583008,
    "tracker": {
      "initial_train_loss": 0.4112135232484434,
      "train_threshold": 0.1370711744161478,
      "best_tracking": true,
      "patience_active": true,
      "patience_best_train": null,
      "patience_best_val": 0.21153371761703563,
      "patience_no_improve_epochs": 74,
      "best_train_loss": Infinity,
      "forced_stop_due_to_threshold": false
    }
  },
  "model_files": {
    "best": "scripts/outputs/gru-trc-rate/trial_54_1179f2/best_model.pt",
    "last": "scripts/outputs/gru-trc-rate/trial_54_1179f2/last_model.pt"
  },
  "config_path": "/home/amoris/data-analysis-on-dbps/scripts/outputs/gru-trc-rate/trial_54_1179f2/config.yaml"
}