{
  "model_name": "mlp-trc-value/trial_61_11eab9",
  "model_type": "MLP",
  "model_format": "torch",
  "model_params": {
    "history_length": 1,
    "hidden_layers": [
      512,
      256,
      128
    ],
    "dropout": 0.2442976329797966,
    "mid_layer_count": 15,
    "mid_layer_size": 198
  },
  "training_params": {
    "max_epochs": 400,
    "batch_size": 179,
    "learning_rate": 0.0004606934162450861,
    "weight_decay": 0.001184270805459284,
    "checkpoint_interval": 10,
    "seed": 42
  },
  "data_csv": "data/time_aligned_data.csv",
  "timestamp_column": "Date, Time",
  "columns": [
    "TRC-DT",
    "TRC-RT",
    "TRC-PPL1",
    "TRC-PPL2",
    "pH-DT",
    "pH-RT",
    "pH-PPL1",
    "pH-PPL2",
    "cond-DT",
    "cond-PPL1",
    "cond-PPL2",
    "fDOM-RT",
    "fDOM-PPL1",
    "fDOM-PPL2",
    "DO-RT",
    "DO-PPL1",
    "DO-PPL2",
    "TOC-RT",
    "TOC-PPL1",
    "TOC-PPL2",
    "DOC-RT",
    "DOC-PPL1",
    "DOC-PPL2",
    "minutes_since_start"
  ],
  "feature_columns": [
    "TRC-DT",
    "TRC-RT",
    "pH-DT",
    "pH-RT",
    "cond-DT",
    "fDOM-RT",
    "DO-RT",
    "TOC-RT",
    "DOC-RT",
    "minutes_since_start"
  ],
  "target_columns": [
    "TRC-PPL1",
    "TRC-PPL2"
  ],
  "split_boundaries": {
    "train_end": 7796,
    "val_end": 9466,
    "test_end": 11138
  },
  "dataset_sizes": {
    "train": 7796,
    "val": 1670,
    "test": 1672
  },
  "input_dim": 10,
  "sequence_length": null,
  "training_history": {
    "epochs": [
      1,
      2,
      3,
      4,
      5,
      6,
      7,
      8,
      9,
      10,
      11,
      12,
      13,
      14,
      15,
      16,
      17,
      18,
      19,
      20,
      21,
      22,
      23,
      24,
      25,
      26,
      27,
      28,
      29,
      30,
      31,
      32,
      33,
      34,
      35,
      36,
      37,
      38,
      39,
      40,
      41,
      42,
      43,
      44,
      45,
      46,
      47,
      48,
      49,
      50,
      51,
      52,
      53,
      54,
      55,
      56,
      57,
      58,
      59,
      60,
      61,
      62,
      63,
      64,
      65,
      66,
      67,
      68,
      69,
      70,
      71,
      72,
      73,
      74,
      75,
      76,
      77,
      78,
      79,
      80
    ],
    "train_loss": [
      0.3822302954503669,
      0.12248609813475927,
      0.09206817126338332,
      0.077130370198048,
      0.07333785896043768,
      0.068283244767243,
      0.06694278194009493,
      0.06582140418991882,
      0.06313765012043189,
      0.060884625091384224,
      0.06043132846021481,
      0.06076603992748958,
      0.05806999410306218,
      0.05559996356246271,
      0.05454896583440229,
      0.05610733132583857,
      0.053840116600101275,
      0.051461675319019774,
      0.050235130433270325,
      0.05268359149047859,
      0.0501820694950489,
      0.050316940349411546,
      0.049173407294830954,
      0.04821490534385805,
      0.049609354228400585,
      0.04824262977567711,
      0.04879309347385838,
      0.046885213300513116,
      0.04694841781572815,
      0.04678542591467033,
      0.04753769072381471,
      0.04580566913879578,
      0.04537892300566766,
      0.04613220590903109,
      0.04614450482019879,
      0.04466080378163788,
      0.04507221315885627,
      0.045557660195955474,
      0.04519311830797077,
      0.043691788541545866,
      0.04476582011749816,
      0.04563651980355329,
      0.045074424734592375,
      0.04202937496144644,
      0.04446446659877751,
      0.04258007772760002,
      0.04264227911426646,
      0.04292120185325648,
      0.04290348726237291,
      0.04313363310326179,
      0.041470420228106174,
      0.041456350765686545,
      0.04210485012178286,
      0.041666553421218375,
      0.040971739734190896,
      0.04169994310498345,
      0.042570576567743726,
      0.042109236053323486,
      0.04252630562448407,
      0.04237633879382972,
      0.04242875114042195,
      0.04269787607348503,
      0.04147617864193612,
      0.043008540813386315,
      0.04005924695094482,
      0.04137895999093081,
      0.041033787119095756,
      0.04225172570955798,
      0.040605026188800124,
      0.04163448300892119,
      0.0408007638684721,
      0.04068949877625172,
      0.041623768701063726,
      0.04081531417909236,
      0.041609528038235984,
      0.040899490049752046,
      0.04084036115790144,
      0.03990608414949485,
      0.04016950882334795,
      0.03919199002374359
    ],
    "val_loss": [
      0.2916140196164568,
      0.19421936760539424,
      0.2017841572722721,
      0.2614121360615074,
      0.2209528422105812,
      0.23095359772354543,
      0.23294425604831495,
      0.23631704071659348,
      0.2658210251814948,
      0.26656577812095067,
      0.246840207802946,
      0.24403731954579583,
      0.24241983913621323,
      0.28049849808149174,
      0.26376188483513047,
      0.25532690651692497,
      0.2730822742085703,
      0.3012752240322932,
      0.2753672350398795,
      0.2846277110066689,
      0.28045070006060385,
      0.288771044484111,
      0.28434539905186007,
      0.2847110717172573,
      0.28809842553748166,
      0.2845201725140214,
      0.31009475027997335,
      0.31363229312359575,
      0.31916871186078133,
      0.29672955533679196,
      0.28898147668154117,
      0.2891171180202575,
      0.32021943391440155,
      0.34666139223685344,
      0.34794247539792056,
      0.3193979873338681,
      0.31840804931735567,
      0.30840239800111263,
      0.3210029950621956,
      0.3215422981379632,
      0.3053160760094395,
      0.3009469917702104,
      0.32917513229332107,
      0.33713951931519065,
      0.3332019432721113,
      0.30441138967871667,
      0.3313159881193124,
      0.295345679284659,
      0.3384931135799981,
      0.31431725870059457,
      0.34206621340604243,
      0.30935414120621846,
      0.3108837007840504,
      0.3185823087474543,
      0.32756633812639707,
      0.33560272643153005,
      0.3171635680357942,
      0.352823050781906,
      0.3043090113923846,
      0.3305488525995773,
      0.33029869075775325,
      0.37962210255780976,
      0.35109703443319856,
      0.32863001232286415,
      0.3277492584950642,
      0.30674700233081503,
      0.3323549786682971,
      0.31902230707761237,
      0.3175606547971953,
      0.2923091989735554,
      0.3359510589803675,
      0.3025880323488734,
      0.3054076675426014,
      0.32738489744415183,
      0.31824676961063625,
      0.3085203893839599,
      0.30057521978069746,
      0.3495339375190035,
      0.311527583337651,
      0.304389775738477
    ],
    "best_epoch": 2,
    "best_val_loss": 0.19421936760539424,
    "test_loss": 5.007376727804043,
    "tracker": {
      "initial_train_loss": 0.3822302954503669,
      "train_threshold": 0.12741009848345564,
      "best_tracking": true,
      "patience_active": true,
      "patience_best_train": null,
      "patience_best_val": 0.19421936760539424,
      "patience_no_improve_epochs": 79,
      "best_train_loss": Infinity,
      "forced_stop_due_to_threshold": false
    }
  },
  "model_files": {
    "best": "scripts/outputs/mlp-trc-value/trial_61_11eab9/best_model.pt",
    "last": "scripts/outputs/mlp-trc-value/trial_61_11eab9/last_model.pt"
  },
  "config_path": "/home/amoris/data-analysis-on-dbps/scripts/outputs/mlp-trc-value/trial_61_11eab9/config.yaml"
}