{
  "model_name": "gru-trc-value/trial_8_23c037",
  "model_type": "GRU",
  "model_format": "torch",
  "model_params": {
    "history_length": 98,
    "units": 141,
    "num_layers": 6,
    "dropout": 0.2311769960344991
  },
  "training_params": {
    "max_epochs": 500,
    "batch_size": 209,
    "learning_rate": 0.0002249149297970423,
    "weight_decay": 0.0023958729364863818,
    "checkpoint_interval": 10,
    "seed": 947
  },
  "data_csv": "data/time_aligned_data.csv",
  "timestamp_column": "Date, Time",
  "columns": [
    "TRC-DT",
    "TRC-RT",
    "TRC-PPL1",
    "TRC-PPL2",
    "pH-DT",
    "pH-RT",
    "pH-PPL1",
    "pH-PPL2",
    "cond-DT",
    "cond-PPL1",
    "cond-PPL2",
    "fDOM-RT",
    "fDOM-PPL1",
    "fDOM-PPL2",
    "DO-RT",
    "DO-PPL1",
    "DO-PPL2",
    "TOC-RT",
    "TOC-PPL1",
    "TOC-PPL2",
    "DOC-RT",
    "DOC-PPL1",
    "DOC-PPL2",
    "minutes_since_start"
  ],
  "feature_columns": [
    "TRC-DT",
    "TRC-RT",
    "pH-DT",
    "pH-RT",
    "cond-DT",
    "fDOM-RT",
    "DO-RT",
    "TOC-RT",
    "DOC-RT",
    "minutes_since_start"
  ],
  "target_columns": [
    "TRC-PPL1",
    "TRC-PPL2"
  ],
  "split_boundaries": {
    "train_end": 7796,
    "val_end": 9466,
    "test_end": 11138
  },
  "dataset_sizes": {
    "train": 7699,
    "val": 1670,
    "test": 1672
  },
  "input_dim": 10,
  "sequence_length": 98,
  "training_history": {
    "epochs": [
      1,
      2,
      3,
      4,
      5,
      6,
      7,
      8,
      9,
      10,
      11,
      12,
      13,
      14,
      15,
      16,
      17,
      18,
      19,
      20,
      21,
      22,
      23,
      24,
      25,
      26,
      27,
      28,
      29,
      30,
      31,
      32,
      33,
      34,
      35,
      36,
      37,
      38,
      39,
      40,
      41,
      42,
      43,
      44,
      45,
      46,
      47,
      48,
      49,
      50,
      51,
      52,
      53,
      54,
      55,
      56,
      57,
      58,
      59,
      60,
      61,
      62,
      63,
      64,
      65,
      66,
      67,
      68,
      69,
      70,
      71,
      72,
      73,
      74,
      75,
      76,
      77,
      78,
      79,
      80
    ],
    "train_loss": [
      0.5574279786015598,
      0.20679642352009303,
      0.1681023222050863,
      0.15092405623809937,
      0.1305985618656077,
      0.10832805945600282,
      0.09140945973915317,
      0.08050578553435214,
      0.06791596035716796,
      0.06171512619146729,
      0.056969068603811984,
      0.05340440193988825,
      0.052505296411735236,
      0.051836352436333326,
      0.050166188103318264,
      0.0486481497989628,
      0.047023205540697825,
      0.04634189820840059,
      0.04843553167031499,
      0.04569836216782158,
      0.04439149865429887,
      0.04266185820991071,
      0.043047417559098355,
      0.042176868561386735,
      0.04353224792932516,
      0.043120410746239984,
      0.04296055813502036,
      0.03988924695599588,
      0.04031157042240381,
      0.038301594986261324,
      0.03781053422381544,
      0.03893468636767301,
      0.0378139382643171,
      0.03845545074501228,
      0.038832291925152036,
      0.03736770989602921,
      0.038059503990193436,
      0.03652774432079136,
      0.036448902937876726,
      0.036698901540016586,
      0.03701304885287698,
      0.035124809375841566,
      0.03568093597928624,
      0.03497696194397597,
      0.03495050867184066,
      0.034485557144027526,
      0.03449886783319745,
      0.036511380515498126,
      0.034417622750144775,
      0.03520621589983395,
      0.03458772239047012,
      0.035070149839584404,
      0.03438252804539338,
      0.03486395856395319,
      0.03389593195845158,
      0.03292943668000256,
      0.03318774443013797,
      0.034413242224395346,
      0.03302895690452737,
      0.03342289279370722,
      0.03541267948310543,
      0.03524657498799813,
      0.03295613677112805,
      0.03465762099386392,
      0.03520882425432755,
      0.03417165187318258,
      0.03221474346540387,
      0.033067401838472545,
      0.03357230878810919,
      0.03372968479474189,
      0.03279498571986997,
      0.031715663953897535,
      0.03251075932441795,
      0.031527430757808596,
      0.03330564685093302,
      0.03197904210646542,
      0.031287580488049097,
      0.031054355793213174,
      0.0316746755321547,
      0.03036904565536104
    ],
    "val_loss": [
      0.36111189723907117,
      0.35320801183938266,
      0.32210991729251637,
      0.3248846523597569,
      0.3708155690731403,
      0.2829563607065799,
      0.2907911838350182,
      0.20548437948667717,
      0.22172348247004484,
      0.18419440601935644,
      0.19456840978634216,
      0.18780370309592007,
      0.18862693400350874,
      0.1852827813610167,
      0.1855884406827167,
      0.1919998893882343,
      0.20083501857153313,
      0.2022019245689679,
      0.21908586171795866,
      0.20363448248830385,
      0.20324610109903854,
      0.20954938688410257,
      0.2161193179178559,
      0.2247844619598396,
      0.2376088279093097,
      0.24423230324542808,
      0.23503073347944342,
      0.2355206941661542,
      0.248719149207819,
      0.25979801164326555,
      0.25618829998650594,
      0.2702429837229366,
      0.27652829765916587,
      0.2990606569891383,
      0.27369638839569277,
      0.2916333172581867,
      0.29704826837349796,
      0.28873422155212497,
      0.3058326171053027,
      0.2695525552352478,
      0.32027846835553647,
      0.35043642722784046,
      0.3139976762145936,
      0.31901483487806276,
      0.3194623872593135,
      0.3429557111404256,
      0.31259478897659365,
      0.3171850012693398,
      0.35138656838077625,
      0.331538142281735,
      0.3628320370092542,
      0.3243424879710474,
      0.3152100326883757,
      0.3440508634655062,
      0.3374686655281725,
      0.3487856577702625,
      0.34673751289036103,
      0.34917052220664696,
      0.3376367456586418,
      0.33331505865817834,
      0.3380573862706294,
      0.32117032944866103,
      0.32888426384860703,
      0.3496242051553762,
      0.3747684019255246,
      0.3451405944023839,
      0.33951597941292083,
      0.33440286449998796,
      0.3812613765168154,
      0.36580816521392967,
      0.34700470176820986,
      0.3839567362258356,
      0.34771372608305096,
      0.36352315351233155,
      0.34366712346784545,
      0.3500922686727104,
      0.3910894553461475,
      0.3564051211259501,
      0.345600269727052,
      0.38257063115294465
    ],
    "best_epoch": 10,
    "best_val_loss": 0.18419440601935644,
    "test_loss": 3.942151427268982,
    "tracker": {
      "initial_train_loss": 0.5574279786015598,
      "train_threshold": 0.18580932620051993,
      "best_tracking": true,
      "patience_active": true,
      "patience_best_train": null,
      "patience_best_val": 0.18419440601935644,
      "patience_no_improve_epochs": 70,
      "best_train_loss": Infinity,
      "forced_stop_due_to_threshold": false
    }
  },
  "model_files": {
    "best": "scripts/outputs/gru-trc-value/trial_8_23c037/best_model.pt",
    "last": "scripts/outputs/gru-trc-value/trial_8_23c037/last_model.pt"
  },
  "config_path": "/home/amoris/data-analysis-on-dbps/scripts/outputs/gru-trc-value/trial_8_23c037/config.yaml"
}