{
  "model_name": "lstm-trc-value/trial_36_aa0fa5",
  "model_type": "LSTM",
  "model_format": "torch",
  "model_params": {
    "history_length": 152,
    "units": 290,
    "num_layers": 6,
    "dropout": 0.3244156909358772
  },
  "training_params": {
    "max_epochs": 500,
    "batch_size": 100,
    "learning_rate": 0.0009752176449470287,
    "weight_decay": 0.0012157219725451604,
    "checkpoint_interval": 10,
    "seed": 947
  },
  "data_csv": "data/time_aligned_data.csv",
  "timestamp_column": "Date, Time",
  "columns": [
    "TRC-DT",
    "TRC-RT",
    "TRC-PPL1",
    "TRC-PPL2",
    "pH-DT",
    "pH-RT",
    "pH-PPL1",
    "pH-PPL2",
    "cond-DT",
    "cond-PPL1",
    "cond-PPL2",
    "fDOM-RT",
    "fDOM-PPL1",
    "fDOM-PPL2",
    "DO-RT",
    "DO-PPL1",
    "DO-PPL2",
    "TOC-RT",
    "TOC-PPL1",
    "TOC-PPL2",
    "DOC-RT",
    "DOC-PPL1",
    "DOC-PPL2",
    "minutes_since_start"
  ],
  "feature_columns": [
    "TRC-DT",
    "TRC-RT",
    "pH-DT",
    "pH-RT",
    "cond-DT",
    "fDOM-RT",
    "DO-RT",
    "TOC-RT",
    "DOC-RT",
    "minutes_since_start"
  ],
  "target_columns": [
    "TRC-PPL1",
    "TRC-PPL2"
  ],
  "split_boundaries": {
    "train_end": 7796,
    "val_end": 9466,
    "test_end": 11138
  },
  "dataset_sizes": {
    "train": 7645,
    "val": 1670,
    "test": 1672
  },
  "input_dim": 10,
  "sequence_length": 152,
  "training_history": {
    "epochs": [
      1,
      2,
      3,
      4,
      5,
      6,
      7,
      8,
      9,
      10,
      11,
      12,
      13,
      14,
      15,
      16,
      17,
      18,
      19,
      20,
      21,
      22,
      23,
      24,
      25,
      26,
      27,
      28,
      29,
      30,
      31,
      32,
      33,
      34,
      35,
      36,
      37,
      38,
      39,
      40,
      41,
      42,
      43,
      44,
      45,
      46,
      47,
      48,
      49,
      50
    ],
    "train_loss": [
      1.00286626831389,
      1.0017675544952083,
      1.0016462896445595,
      1.0019149212684406,
      1.0016408887776462,
      1.0015536279285397,
      1.0015126261701766,
      1.0015953758169889,
      1.0014649968742935,
      1.0014504332258625,
      1.0014403827678464,
      1.0014471305282073,
      1.0014108051421051,
      1.0014815222133289,
      1.0014764726980594,
      1.001432738754779,
      1.001433627990588,
      1.0014975690389474,
      1.0014777312175833,
      1.001439717020218,
      1.001446339100151,
      1.0014595957345007,
      1.0014070009312028,
      1.0015255119225182,
      1.0014511926880532,
      1.0015164821891709,
      1.001435502398786,
      1.0014951446619278,
      1.001437748858475,
      1.0014437082314351,
      1.001421487003935,
      1.001474284049808,
      1.0014389890561002,
      1.0015379269190128,
      1.0015287478037174,
      1.001468055773748,
      1.001415769363089,
      1.0014803857098535,
      1.0014907345419386,
      1.0014633177307557,
      1.0015144442482817,
      1.0014564024614618,
      1.0015438625124875,
      1.0014824531217117,
      1.001569567707491,
      1.0014545230634702,
      1.0015216770321813,
      1.0014874196036958,
      1.0014566970931853,
      1.0016069104657443
    ],
    "val_loss": [
      0.3489662516795233,
      0.3421629194371001,
      0.34820833726378975,
      0.3453355921421222,
      0.34847966046211964,
      0.35107324892532327,
      0.3503907583876998,
      0.3450681467702289,
      0.34869035012172367,
      0.3482285112499477,
      0.34777239589634057,
      0.3479640733249887,
      0.35065430019073146,
      0.3506503005227643,
      0.3499942929177227,
      0.3496553353117612,
      0.34803270548582077,
      0.3477132965526181,
      0.3495027786065005,
      0.3491681472448532,
      0.3484028141031008,
      0.34814332737894116,
      0.34919914384623485,
      0.348928284859229,
      0.349339966690112,
      0.34853878157759854,
      0.3503780484556438,
      0.3481304166827373,
      0.34900921079034575,
      0.3485069575602423,
      0.348553402115128,
      0.34894179784787627,
      0.34750955672321204,
      0.3463021552491331,
      0.3488815549961821,
      0.34885006032125676,
      0.3477177149699834,
      0.34802747473209916,
      0.34764933693194816,
      0.3488830909757557,
      0.3482656601124895,
      0.3479750117588186,
      0.34753287512206743,
      0.34805667146058855,
      0.3491378734836321,
      0.34881141264281584,
      0.34910233019890186,
      0.3490852491852052,
      0.34848496973693016,
      0.3472212411597103
    ],
    "best_epoch": 50,
    "best_val_loss": 0.3472212411597103,
    "test_loss": 5.646106792694074,
    "tracker": {
      "initial_train_loss": 1.00286626831389,
      "train_threshold": 0.33428875610463,
      "best_tracking": false,
      "patience_active": true,
      "patience_best_train": null,
      "patience_best_val": 0.3463021552491331,
      "patience_no_improve_epochs": 16,
      "best_train_loss": Infinity,
      "forced_stop_due_to_threshold": true
    }
  },
  "model_files": {
    "best": "scripts/outputs/lstm-trc-value/trial_36_aa0fa5/best_model.pt",
    "last": "scripts/outputs/lstm-trc-value/trial_36_aa0fa5/last_model.pt"
  },
  "config_path": "/home/amoris/data-analysis-on-dbps/scripts/outputs/lstm-trc-value/trial_36_aa0fa5/config.yaml"
}