{
  "model_name": "mlp_with_history-trc-value/trial_57_f3a993",
  "model_type": "MLP_WITH_HISTORY",
  "model_format": "torch",
  "model_params": {
    "history_length": 33,
    "hidden_layers": [
      4096,
      3072,
      2048,
      1024,
      768,
      512,
      256,
      128
    ],
    "dropout": 0.11715032775801235,
    "mid_layer_count": 3,
    "mid_layer_size": 527
  },
  "training_params": {
    "max_epochs": 500,
    "batch_size": 456,
    "learning_rate": 0.001996324997829263,
    "weight_decay": 0.0016344966386998103,
    "checkpoint_interval": 10,
    "seed": 77
  },
  "data_csv": "data/time_aligned_data.csv",
  "timestamp_column": "Date, Time",
  "columns": [
    "TRC-DT",
    "TRC-RT",
    "TRC-PPL1",
    "TRC-PPL2",
    "pH-DT",
    "pH-RT",
    "pH-PPL1",
    "pH-PPL2",
    "cond-DT",
    "cond-PPL1",
    "cond-PPL2",
    "fDOM-RT",
    "fDOM-PPL1",
    "fDOM-PPL2",
    "DO-RT",
    "DO-PPL1",
    "DO-PPL2",
    "TOC-RT",
    "TOC-PPL1",
    "TOC-PPL2",
    "DOC-RT",
    "DOC-PPL1",
    "DOC-PPL2",
    "minutes_since_start"
  ],
  "feature_columns": [
    "TRC-DT",
    "TRC-RT",
    "pH-DT",
    "pH-RT",
    "cond-DT",
    "fDOM-RT",
    "DO-RT",
    "TOC-RT",
    "DOC-RT",
    "minutes_since_start"
  ],
  "target_columns": [
    "TRC-PPL1",
    "TRC-PPL2"
  ],
  "split_boundaries": {
    "train_end": 7796,
    "val_end": 9466,
    "test_end": 11138
  },
  "dataset_sizes": {
    "train": 7764,
    "val": 1670,
    "test": 1672
  },
  "input_dim": 330,
  "sequence_length": null,
  "training_history": {
    "epochs": [
      1,
      2,
      3,
      4,
      5,
      6,
      7,
      8,
      9,
      10,
      11,
      12,
      13,
      14,
      15,
      16,
      17,
      18,
      19,
      20,
      21,
      22,
      23,
      24,
      25,
      26,
      27,
      28,
      29,
      30,
      31,
      32,
      33,
      34,
      35,
      36,
      37,
      38,
      39,
      40,
      41,
      42,
      43,
      44,
      45,
      46,
      47,
      48,
      49,
      50,
      51,
      52,
      53,
      54,
      55,
      56,
      57,
      58,
      59,
      60,
      61,
      62,
      63,
      64,
      65,
      66,
      67,
      68,
      69,
      70,
      71,
      72,
      73,
      74,
      75,
      76,
      77,
      78,
      79,
      80
    ],
    "train_loss": [
      2.1522686208786883,
      0.6029044725979683,
      0.18687880734756152,
      0.14557192022041338,
      0.1380965485132459,
      0.17236111030972906,
      0.13150286534009428,
      0.15997895342765672,
      0.1386760108898375,
      0.1266047665057632,
      0.14014471171443946,
      0.20381126761252213,
      0.11390861757157206,
      0.10879218550701229,
      0.12692771292359237,
      0.11587434995003977,
      0.1097301708122678,
      0.10328883020181376,
      0.10967805667836478,
      0.1028681225625588,
      0.09618419719718892,
      0.09522079589447062,
      0.1712580662641035,
      0.07869551881249574,
      0.06991870127837109,
      0.06971806842816484,
      0.0876972583313998,
      0.06949253519637139,
      0.060730090039498655,
      0.06716199980406709,
      0.05921061342751961,
      0.0631742502981581,
      0.07151246530333479,
      0.06759006191488395,
      0.10644808977588988,
      0.06413533559307985,
      0.06341465119232166,
      0.055844085040564144,
      0.05425526407853897,
      0.06020515543369827,
      0.06409643281832729,
      0.06084960746295301,
      0.05263488834156688,
      0.05783938365474551,
      0.052073486989948445,
      0.060595470721008605,
      0.2741290954570682,
      0.30308558629506155,
      0.2610118197510379,
      0.16881459550658554,
      0.10469259946985628,
      0.0710923889366884,
      0.07651151530156733,
      0.06719792627339385,
      0.0610948146264741,
      0.061708030390223545,
      0.08590336526287763,
      0.07413691238513133,
      0.07262330440087518,
      0.0696369812836787,
      0.07390828868244678,
      0.08499999095612368,
      0.0682220534699317,
      0.05782538069731669,
      0.05969736984192496,
      0.06325168497687698,
      0.06887373482517703,
      0.06895879825355465,
      0.06200868643279053,
      0.06214184737066167,
      0.05145037764974134,
      0.06452334791974638,
      0.0635232960883027,
      0.056382858092210025,
      0.0760635682878299,
      0.05730556545799261,
      0.05799878176756583,
      0.0758129361861456,
      0.07269055468866593,
      0.05445653385550382
    ],
    "val_loss": [
      0.3097031006912985,
      0.2657263481866814,
      0.2128750509219969,
      0.3266722799061301,
      0.48462451178870514,
      0.21151524791103637,
      0.36498468354076685,
      0.210318845617557,
      0.4873815374460049,
      0.2312959762212045,
      0.19448439323616598,
      0.2708177432507098,
      0.182534055509967,
      0.2832947217775676,
      0.2478996594152051,
      0.23992877131450677,
      0.36414139390348677,
      0.26287705055967775,
      0.2686712849818304,
      0.2576705425442336,
      0.22631758146300288,
      0.4621558744036509,
      0.22187731515861556,
      0.26736762361255234,
      0.2559230860835778,
      0.4842436805099784,
      0.2820478723880774,
      0.34168359257146985,
      0.27797526917057835,
      0.26762796208530126,
      0.25241315189949765,
      0.25345567287263754,
      0.2661735446599429,
      0.6537376613317135,
      0.2715412239025453,
      0.4712800717639352,
      0.35203565546495474,
      0.32050616331621556,
      0.2862190070088038,
      0.571966611785803,
      0.34141982815222827,
      0.2714395561439548,
      0.34212119134957203,
      0.4291443561276276,
      0.4028675342926722,
      0.8189670686593312,
      0.3703201734734153,
      0.28444250788160425,
      0.3646641885895215,
      0.33504090544706333,
      0.45682384601074777,
      0.7875707907234123,
      0.8130797010695863,
      0.5478146445429968,
      0.6903203276103128,
      1.1090514205173103,
      0.5159713809897086,
      0.35067569492105954,
      0.525975759907397,
      0.4466959254648871,
      1.1407940626858237,
      0.3686110205100682,
      0.4383261546403348,
      0.45508146496590024,
      0.5955115947537793,
      0.4800310745389162,
      0.37413645261775946,
      0.716541829723084,
      0.39608513993952804,
      0.4679502222352399,
      0.4220513343454121,
      0.6180689918423841,
      0.3829780969612613,
      0.5019775038886213,
      0.4098226703123418,
      0.5244552195964459,
      0.5690208020324479,
      0.6587855652599277,
      0.5171106888505513,
      0.39629063238640744
    ],
    "best_epoch": 13,
    "best_val_loss": 0.182534055509967,
    "test_loss": 4.162457726218483,
    "tracker": {
      "initial_train_loss": 2.1522686208786883,
      "train_threshold": 0.7174228736262295,
      "best_tracking": true,
      "patience_active": true,
      "patience_best_train": null,
      "patience_best_val": 0.182534055509967,
      "patience_no_improve_epochs": 67,
      "best_train_loss": Infinity,
      "forced_stop_due_to_threshold": false
    }
  },
  "model_files": {
    "best": "scripts/outputs/mlp_with_history-trc-value/trial_57_f3a993/best_model.pt",
    "last": "scripts/outputs/mlp_with_history-trc-value/trial_57_f3a993/last_model.pt"
  },
  "config_path": "/home/amoris/data-analysis-on-dbps/scripts/outputs/mlp_with_history-trc-value/trial_57_f3a993/config.yaml"
}