{
  "model_name": "lstm-trc-value/trial_98_795b51",
  "model_type": "LSTM",
  "model_format": "torch",
  "model_params": {
    "history_length": 121,
    "units": 334,
    "num_layers": 5,
    "dropout": 0.3697995628990988
  },
  "training_params": {
    "max_epochs": 500,
    "batch_size": 206,
    "learning_rate": 0.0015712542010300268,
    "weight_decay": 0.0003863532609261212,
    "checkpoint_interval": 10,
    "seed": 947
  },
  "data_csv": "data/time_aligned_data.csv",
  "timestamp_column": "Date, Time",
  "columns": [
    "TRC-DT",
    "TRC-RT",
    "TRC-PPL1",
    "TRC-PPL2",
    "pH-DT",
    "pH-RT",
    "pH-PPL1",
    "pH-PPL2",
    "cond-DT",
    "cond-PPL1",
    "cond-PPL2",
    "fDOM-RT",
    "fDOM-PPL1",
    "fDOM-PPL2",
    "DO-RT",
    "DO-PPL1",
    "DO-PPL2",
    "TOC-RT",
    "TOC-PPL1",
    "TOC-PPL2",
    "DOC-RT",
    "DOC-PPL1",
    "DOC-PPL2",
    "minutes_since_start"
  ],
  "feature_columns": [
    "TRC-DT",
    "TRC-RT",
    "pH-DT",
    "pH-RT",
    "cond-DT",
    "fDOM-RT",
    "DO-RT",
    "TOC-RT",
    "DOC-RT",
    "minutes_since_start"
  ],
  "target_columns": [
    "TRC-PPL1",
    "TRC-PPL2"
  ],
  "split_boundaries": {
    "train_end": 7796,
    "val_end": 9466,
    "test_end": 11138
  },
  "dataset_sizes": {
    "train": 7676,
    "val": 1670,
    "test": 1672
  },
  "input_dim": 10,
  "sequence_length": 121,
  "training_history": {
    "epochs": [
      1,
      2,
      3,
      4,
      5,
      6,
      7,
      8,
      9,
      10,
      11,
      12,
      13,
      14,
      15,
      16,
      17,
      18,
      19,
      20,
      21,
      22,
      23,
      24,
      25,
      26,
      27,
      28,
      29,
      30,
      31,
      32,
      33,
      34,
      35,
      36,
      37,
      38,
      39,
      40,
      41,
      42,
      43,
      44,
      45,
      46,
      47,
      48,
      49,
      50,
      51,
      52,
      53,
      54,
      55,
      56,
      57,
      58,
      59,
      60,
      61,
      62,
      63,
      64,
      65,
      66,
      67,
      68,
      69,
      70,
      71,
      72,
      73,
      74,
      75,
      76,
      77,
      78,
      79,
      80
    ],
    "train_loss": [
      0.477015625667982,
      0.15816143855312767,
      0.08038531859764958,
      0.05680936729460722,
      0.051205327033553974,
      0.04576362443019196,
      0.03862629928191762,
      0.042720395090362254,
      0.03591292831947743,
      0.03445591018091132,
      0.031884175111841044,
      0.02827381619231396,
      0.028259785734738238,
      0.028309106766602966,
      0.025972881802824123,
      0.03014706235928359,
      0.02760381776637603,
      0.030466909199533765,
      0.1142194169569118,
      0.08843794852250594,
      0.07197525966844563,
      0.05368947462722807,
      0.03830562480213339,
      0.042349167186582444,
      0.034599812038402,
      0.031590805657852467,
      0.02899366294515745,
      0.027490416513547233,
      0.029285979598426708,
      0.026553000305032375,
      0.026925708742840424,
      0.026867380260415626,
      0.024322471402802928,
      0.02445231853057827,
      0.025456258091918343,
      0.02222779278952576,
      0.023506439983487563,
      0.025912678219113982,
      0.028801444297682624,
      0.024793621508376464,
      0.024038694322850787,
      0.021721742386236174,
      0.024152648247925953,
      0.023639705599930647,
      0.02628547395276194,
      0.025441554213867734,
      0.023212852268545282,
      0.022386910201648735,
      0.022314172693338477,
      0.02498751143969056,
      0.022020549521164667,
      0.02239972560308823,
      0.0276595335842002,
      0.021967243348840874,
      0.021338849118316218,
      0.021457567099538118,
      0.020393169413691018,
      0.021473017433845575,
      0.024133309244395173,
      0.022236149250216677,
      0.020778442334059535,
      0.02176379897243937,
      0.020580717760423094,
      0.021199789511184477,
      0.02451553433859811,
      0.021865794385641176,
      0.020593908093694973,
      0.019850581434495657,
      0.022808943748466357,
      0.01932650186226292,
      0.019945163229541537,
      0.022025501353102248,
      0.020107098318803366,
      0.02076283291054073,
      0.02234776080268134,
      0.021151964095046955,
      0.01930119550397203,
      0.019847208870368088,
      0.020325439045212508,
      0.02001008437315527
    ],
    "val_loss": [
      0.41719741434929614,
      0.2755900595582531,
      0.29934955799651003,
      1.0033182798299247,
      1.1412874846222871,
      0.8393639341442884,
      1.3551519499255156,
      1.3853171022330037,
      1.2413479817975424,
      0.6715809202502052,
      0.9540819007390273,
      1.2341643014800048,
      0.9522410861054759,
      0.6641071898338502,
      0.8782532624409585,
      0.49999063615045863,
      0.8044150097886781,
      0.31263401090072657,
      0.27439378257729335,
      0.26182323940499813,
      0.2936326785871904,
      0.25402853778914775,
      0.25972326426002795,
      0.2713563283403477,
      0.27298798601918234,
      0.26957742823901293,
      0.2700526633283157,
      0.2711239283937894,
      0.2741007831103787,
      0.2651018893892715,
      0.27438192730936817,
      0.27160843632178394,
      0.27475552828369026,
      0.27178941692063907,
      0.27838464314173794,
      0.27271564533030557,
      0.286325720436648,
      0.27842413272686345,
      0.28079086165585204,
      0.28976785131021887,
      0.2782747183686602,
      0.2826158077528555,
      0.2806080635168595,
      0.2850782512503113,
      0.2874078190121465,
      0.29725733993653053,
      0.3051061731835682,
      0.3047622946230416,
      0.3248923583413491,
      0.30183165913481197,
      0.29812698393480147,
      0.30177771476526816,
      0.32180471416272804,
      0.32223624920773647,
      0.32807418326150156,
      0.3112240185838438,
      0.32829001939403796,
      0.32155465023469426,
      0.35852541930215087,
      0.32627004191814785,
      0.32656803716219474,
      0.3533844099965638,
      0.3372779316642506,
      0.3259955923937395,
      0.3048312071866975,
      0.3074088096551731,
      0.3168047206554406,
      0.37737607664155387,
      0.3443158651205772,
      0.3667107385878791,
      0.37322828495975385,
      0.33749349964726827,
      0.3362153128592554,
      0.3428578805959153,
      0.3422160457306636,
      0.3258976946690839,
      0.3434664911718783,
      0.35283310836749876,
      0.34604360798741884,
      0.36403642667312464
    ],
    "best_epoch": 22,
    "best_val_loss": 0.25402853778914775,
    "test_loss": 4.223358259389275,
    "tracker": {
      "initial_train_loss": 0.477015625667982,
      "train_threshold": 0.159005208555994,
      "best_tracking": true,
      "patience_active": true,
      "patience_best_train": null,
      "patience_best_val": 0.25402853778914775,
      "patience_no_improve_epochs": 58,
      "best_train_loss": Infinity,
      "forced_stop_due_to_threshold": false
    }
  },
  "model_files": {
    "best": "scripts/outputs/lstm-trc-value/trial_98_795b51/best_model.pt",
    "last": "scripts/outputs/lstm-trc-value/trial_98_795b51/last_model.pt"
  },
  "config_path": "/home/amoris/data-analysis-on-dbps/scripts/outputs/lstm-trc-value/trial_98_795b51/config.yaml"
}