{
  "model_name": "lstm-trc-value/trial_72_074fd1",
  "model_type": "LSTM",
  "model_format": "torch",
  "model_params": {
    "history_length": 133,
    "units": 353,
    "num_layers": 5,
    "dropout": 0.37680950064362256
  },
  "training_params": {
    "max_epochs": 500,
    "batch_size": 218,
    "learning_rate": 0.000273811574932217,
    "weight_decay": 0.00042059872137533246,
    "checkpoint_interval": 10,
    "seed": 947
  },
  "data_csv": "data/time_aligned_data.csv",
  "timestamp_column": "Date, Time",
  "columns": [
    "TRC-DT",
    "TRC-RT",
    "TRC-PPL1",
    "TRC-PPL2",
    "pH-DT",
    "pH-RT",
    "pH-PPL1",
    "pH-PPL2",
    "cond-DT",
    "cond-PPL1",
    "cond-PPL2",
    "fDOM-RT",
    "fDOM-PPL1",
    "fDOM-PPL2",
    "DO-RT",
    "DO-PPL1",
    "DO-PPL2",
    "TOC-RT",
    "TOC-PPL1",
    "TOC-PPL2",
    "DOC-RT",
    "DOC-PPL1",
    "DOC-PPL2",
    "minutes_since_start"
  ],
  "feature_columns": [
    "TRC-DT",
    "TRC-RT",
    "pH-DT",
    "pH-RT",
    "cond-DT",
    "fDOM-RT",
    "DO-RT",
    "TOC-RT",
    "DOC-RT",
    "minutes_since_start"
  ],
  "target_columns": [
    "TRC-PPL1",
    "TRC-PPL2"
  ],
  "split_boundaries": {
    "train_end": 7796,
    "val_end": 9466,
    "test_end": 11138
  },
  "dataset_sizes": {
    "train": 7664,
    "val": 1670,
    "test": 1672
  },
  "input_dim": 10,
  "sequence_length": 133,
  "training_history": {
    "epochs": [
      1,
      2,
      3,
      4,
      5,
      6,
      7,
      8,
      9,
      10,
      11,
      12,
      13,
      14,
      15,
      16,
      17,
      18,
      19,
      20,
      21,
      22,
      23,
      24,
      25,
      26,
      27,
      28,
      29,
      30,
      31,
      32,
      33,
      34,
      35,
      36,
      37,
      38,
      39,
      40,
      41,
      42,
      43,
      44,
      45,
      46,
      47,
      48,
      49,
      50,
      51,
      52,
      53,
      54,
      55,
      56,
      57,
      58,
      59,
      60,
      61,
      62,
      63,
      64,
      65,
      66,
      67,
      68,
      69,
      70,
      71,
      72,
      73,
      74,
      75,
      76,
      77,
      78,
      79,
      80
    ],
    "train_loss": [
      0.6624010676024229,
      0.16816843624201472,
      0.11491071274562395,
      0.08162981967319247,
      0.055576068877061686,
      0.04663086009828183,
      0.040244656204710676,
      0.03786147451407367,
      0.03733235570001328,
      0.03423165544354219,
      0.03119669750571982,
      0.032201491672514564,
      0.03234227383820367,
      0.029018525771567275,
      0.028963159882057155,
      0.02833677830450657,
      0.02829535568370202,
      0.028047261869006,
      0.02660970133437633,
      0.025608109096881774,
      0.026371798491190986,
      0.02550008659356027,
      0.025850735606707337,
      0.02611687940074858,
      0.02579912508153483,
      0.029826186840871585,
      0.024274018046296433,
      0.023122587188736134,
      0.023577219030833443,
      0.02270284685693168,
      0.02546183907695208,
      0.022714798278437774,
      0.021895114306189383,
      0.022078497978393962,
      0.02098984169916664,
      0.020645169603457532,
      0.020307200260864793,
      0.022712584245670003,
      0.02085899248221473,
      0.021195424997708556,
      0.020736211226934212,
      0.020402276071881203,
      0.020080789459950926,
      0.021653801175553763,
      0.02091946458348728,
      0.019589260252122622,
      0.021133818217438486,
      0.02258183021343358,
      0.0287115130629896,
      0.02172426759733941,
      0.023870267172291532,
      0.0253887932484149,
      0.026586208865824225,
      0.024546088523956674,
      0.022935597274145247,
      0.021709211542521895,
      0.020586554007701933,
      0.020602808034510228,
      0.020966715707262835,
      0.02001586756649542,
      0.0206125094025495,
      0.02042154338704675,
      0.019384027707598527,
      0.019654825397345213,
      0.019368904823095136,
      0.019952830201110147,
      0.020375564685655226,
      0.0191076007911776,
      0.018749411532359823,
      0.019766257108541085,
      0.018978894939733617,
      0.019362313759907893,
      0.018910170377218524,
      0.01960661028981372,
      0.02008340342868594,
      0.01849272046072918,
      0.01949663139419875,
      0.019516030742081043,
      0.01843845378121435,
      0.01871193006259461
    ],
    "val_loss": [
      0.22822209219420383,
      0.2598797577896161,
      0.208648914165661,
      0.2376827132737565,
      0.21767920479624572,
      0.1915291378374942,
      0.18722244379763117,
      0.22838397152543424,
      0.24225857179321927,
      0.2729720428541392,
      0.5318658487101693,
      0.7785800137785738,
      1.3425657870839098,
      1.6349864048046803,
      1.3828862685107899,
      1.6017436995834649,
      1.590781082181695,
      1.9159222026494984,
      2.0332603445243156,
      1.685947839692681,
      1.5919885458168155,
      1.696579406448378,
      1.7343478245314903,
      1.630289577476368,
      1.3372756524602631,
      0.8184149842330082,
      0.7027071912176238,
      1.0279776361954962,
      0.719931341509173,
      0.631866272681666,
      0.7701265805228028,
      0.62740190860754,
      0.356906996986377,
      0.3715316285697108,
      0.3610790990984547,
      0.3630775708392887,
      0.39897779400744837,
      0.3236732311279117,
      0.3301593407676249,
      0.3191205193561887,
      0.3355996072693856,
      0.33641493834421304,
      0.33759759874668666,
      0.34639073505462287,
      0.3542755092488613,
      0.3605571688448419,
      0.32393730001044485,
      0.33795953524594535,
      0.35990081882762337,
      0.32040142786806214,
      0.3045179578403156,
      0.30759348488987204,
      0.3329497277580514,
      0.3642942336103516,
      0.3438285640725297,
      0.34011679396122513,
      0.32961526833876165,
      0.32626472651333865,
      0.3369871195472643,
      0.3242497587922269,
      0.3377900170641923,
      0.3356660843230115,
      0.32734131036315134,
      0.33628457619356894,
      0.3486974889802897,
      0.3431405126646964,
      0.34613946154044417,
      0.3395523654687369,
      0.3385102928844755,
      0.3411947503730565,
      0.3365055273013736,
      0.34538854680687725,
      0.3323037431982463,
      0.3373630034330184,
      0.3435969938128116,
      0.3362744231959303,
      0.34788887039897687,
      0.3439648357448642,
      0.3422971585843556,
      0.34811984454755657
    ],
    "best_epoch": 7,
    "best_val_loss": 0.18722244379763117,
    "test_loss": 4.2440532371758275,
    "tracker": {
      "initial_train_loss": 0.6624010676024229,
      "train_threshold": 0.2208003558674743,
      "best_tracking": true,
      "patience_active": true,
      "patience_best_train": null,
      "patience_best_val": 0.18722244379763117,
      "patience_no_improve_epochs": 73,
      "best_train_loss": Infinity,
      "forced_stop_due_to_threshold": false
    }
  },
  "model_files": {
    "best": "scripts/outputs/lstm-trc-value/trial_72_074fd1/best_model.pt",
    "last": "scripts/outputs/lstm-trc-value/trial_72_074fd1/last_model.pt"
  },
  "config_path": "/home/amoris/data-analysis-on-dbps/scripts/outputs/lstm-trc-value/trial_72_074fd1/config.yaml"
}