{
  "model_name": "lstm-trc-rate/trial_19_be10a2",
  "model_type": "LSTM",
  "model_format": "torch",
  "model_params": {
    "history_length": 115,
    "units": 279,
    "num_layers": 7,
    "dropout": 0.44760218105670796
  },
  "training_params": {
    "max_epochs": 500,
    "batch_size": 95,
    "learning_rate": 0.0011407807618167517,
    "weight_decay": 0.002199127635598685,
    "checkpoint_interval": 10,
    "seed": 947
  },
  "data_csv": "data/time_aligned_data.csv",
  "timestamp_column": "Date, Time",
  "columns": [
    "TRC-DT",
    "TRC-RT",
    "TRC-PPL1",
    "TRC-PPL2",
    "pH-DT",
    "pH-RT",
    "pH-PPL1",
    "pH-PPL2",
    "cond-DT",
    "cond-PPL1",
    "cond-PPL2",
    "fDOM-RT",
    "fDOM-PPL1",
    "fDOM-PPL2",
    "DO-RT",
    "DO-PPL1",
    "DO-PPL2",
    "TOC-RT",
    "TOC-PPL1",
    "TOC-PPL2",
    "DOC-RT",
    "DOC-PPL1",
    "DOC-PPL2",
    "minutes_since_start"
  ],
  "feature_columns": [
    "TRC-DT",
    "TRC-RT",
    "pH-DT",
    "pH-RT",
    "cond-DT",
    "fDOM-RT",
    "DO-RT",
    "TOC-RT",
    "DOC-RT",
    "minutes_since_start"
  ],
  "target_columns": [
    "TRC-PPL1",
    "TRC-PPL2"
  ],
  "target_mode": "rate",
  "target_base_columns": [
    "TRC-RT",
    "TRC-RT"
  ],
  "split_boundaries": {
    "train_end": 7796,
    "val_end": 9466,
    "test_end": 11138
  },
  "dataset_sizes": {
    "train": 7682,
    "val": 1670,
    "test": 1672
  },
  "input_dim": 10,
  "sequence_length": 115,
  "training_history": {
    "epochs": [
      1,
      2,
      3,
      4,
      5,
      6,
      7,
      8,
      9,
      10,
      11,
      12,
      13,
      14,
      15,
      16,
      17,
      18,
      19,
      20,
      21,
      22,
      23,
      24,
      25,
      26,
      27,
      28,
      29,
      30,
      31,
      32,
      33,
      34,
      35,
      36,
      37,
      38,
      39,
      40,
      41,
      42,
      43,
      44,
      45,
      46,
      47,
      48,
      49,
      50
    ],
    "train_loss": [
      1.0014191923647988,
      0.9996410787757316,
      1.000066841410585,
      0.999892700303504,
      0.9996883783279003,
      0.9998513464349162,
      0.9998194865806747,
      0.9998326411519749,
      0.999742047825818,
      0.9997379210615369,
      0.9997127651857914,
      0.9997742145097495,
      0.9999070765915652,
      0.9997183164948754,
      0.9996998949741144,
      0.9998149304565618,
      0.9998927321542026,
      0.9997220233109928,
      0.9997122304044146,
      0.9997225592794967,
      0.9997413052118436,
      0.9997400468338036,
      0.9997088636032339,
      0.9997364473246684,
      0.999682631460958,
      0.9996796781291754,
      0.9997346211739798,
      0.9996861340989672,
      0.9997218327266542,
      0.9997810702387848,
      0.9997258159494189,
      0.9998009638592651,
      0.9997726852572296,
      0.999848898718426,
      0.9997190505661898,
      0.9998324326676212,
      0.9997651768875941,
      0.9997345461832363,
      0.9998076432339694,
      0.9997531393563738,
      0.9997612279363363,
      0.9997473968655081,
      0.9997826036734061,
      0.9998047047296373,
      0.9997185659234767,
      0.9997513410837754,
      0.9997456565992002,
      0.9997974688405948,
      0.9998235997899813,
      0.9998486495458717
    ],
    "val_loss": [
      0.342920828934112,
      0.3344788390830784,
      0.35333580979910084,
      0.3532944685684707,
      0.3458413557891182,
      0.34792565297290773,
      0.3482422595732137,
      0.3511798945729604,
      0.3509519553246969,
      0.34974621798463923,
      0.35086998862108426,
      0.3512849926636248,
      0.34715810883790255,
      0.3497997311551771,
      0.3507849922414847,
      0.3495124609315556,
      0.3501505870372057,
      0.3505841595996283,
      0.35163383621967836,
      0.3500713613888104,
      0.35114228742163694,
      0.349486399046006,
      0.34650282178654107,
      0.3495827308259235,
      0.35048459714535113,
      0.3497876273021994,
      0.35010491463796284,
      0.3501360604851813,
      0.35155070121372173,
      0.34991362537564097,
      0.34996905280444435,
      0.34888942120875605,
      0.3471793878745444,
      0.3522137333443779,
      0.34859608351336624,
      0.3476830011032923,
      0.34863653269311984,
      0.34997792425426,
      0.3498099256574572,
      0.3500772703907447,
      0.3505563367782774,
      0.35190109988886437,
      0.35118323814369246,
      0.3491108791043837,
      0.35122083863633835,
      0.35072229887933254,
      0.34850468580795085,
      0.3478740765517968,
      0.34338171626747904,
      0.34928566294939756
    ],
    "best_epoch": 50,
    "best_val_loss": 0.34928566294939756,
    "best_val_abs_mse": 0.26966598629951477,
    "test_loss": 5.6621809655969795,
    "test_abs_mse": 53.10519790649414,
    "tracker": {
      "initial_train_loss": 1.0014191923647988,
      "train_threshold": 0.33380639745493296,
      "best_tracking": false,
      "patience_active": true,
      "patience_best_train": null,
      "patience_best_val": 0.34338171626747904,
      "patience_no_improve_epochs": 1,
      "best_train_loss": Infinity,
      "forced_stop_due_to_threshold": true
    }
  },
  "model_files": {
    "best": "scripts/outputs/lstm-trc-rate/trial_19_be10a2/best_model.pt",
    "last": "scripts/outputs/lstm-trc-rate/trial_19_be10a2/last_model.pt"
  },
  "config_path": "/home/amoris/data-analysis-on-dbps/scripts/outputs/lstm-trc-rate/trial_19_be10a2/config.yaml"
}