{
  "model_name": "lstm-trc-value/trial_82_4f1c0e",
  "model_type": "LSTM",
  "model_format": "torch",
  "model_params": {
    "history_length": 128,
    "units": 346,
    "num_layers": 4,
    "dropout": 0.33167332883524625
  },
  "training_params": {
    "max_epochs": 500,
    "batch_size": 223,
    "learning_rate": 0.00021712897539292138,
    "weight_decay": 0.0003803913562202096,
    "checkpoint_interval": 10,
    "seed": 947
  },
  "data_csv": "data/time_aligned_data.csv",
  "timestamp_column": "Date, Time",
  "columns": [
    "TRC-DT",
    "TRC-RT",
    "TRC-PPL1",
    "TRC-PPL2",
    "pH-DT",
    "pH-RT",
    "pH-PPL1",
    "pH-PPL2",
    "cond-DT",
    "cond-PPL1",
    "cond-PPL2",
    "fDOM-RT",
    "fDOM-PPL1",
    "fDOM-PPL2",
    "DO-RT",
    "DO-PPL1",
    "DO-PPL2",
    "TOC-RT",
    "TOC-PPL1",
    "TOC-PPL2",
    "DOC-RT",
    "DOC-PPL1",
    "DOC-PPL2",
    "minutes_since_start"
  ],
  "feature_columns": [
    "TRC-DT",
    "TRC-RT",
    "pH-DT",
    "pH-RT",
    "cond-DT",
    "fDOM-RT",
    "DO-RT",
    "TOC-RT",
    "DOC-RT",
    "minutes_since_start"
  ],
  "target_columns": [
    "TRC-PPL1",
    "TRC-PPL2"
  ],
  "split_boundaries": {
    "train_end": 7796,
    "val_end": 9466,
    "test_end": 11138
  },
  "dataset_sizes": {
    "train": 7669,
    "val": 1670,
    "test": 1672
  },
  "input_dim": 10,
  "sequence_length": 128,
  "training_history": {
    "epochs": [
      1,
      2,
      3,
      4,
      5,
      6,
      7,
      8,
      9,
      10,
      11,
      12,
      13,
      14,
      15,
      16,
      17,
      18,
      19,
      20,
      21,
      22,
      23,
      24,
      25,
      26,
      27,
      28,
      29,
      30,
      31,
      32,
      33,
      34,
      35,
      36,
      37,
      38,
      39,
      40,
      41,
      42,
      43,
      44,
      45,
      46,
      47,
      48,
      49,
      50,
      51,
      52,
      53,
      54,
      55,
      56,
      57,
      58,
      59,
      60,
      61,
      62,
      63,
      64,
      65,
      66,
      67,
      68,
      69,
      70,
      71,
      72,
      73,
      74,
      75,
      76,
      77,
      78,
      79,
      80
    ],
    "train_loss": [
      0.6374001438792736,
      0.16078884021945813,
      0.10950165610356784,
      0.077377506288288,
      0.056882210194866355,
      0.045977383109764354,
      0.03869906929294263,
      0.039181167484719046,
      0.03532759043510601,
      0.03387844804050186,
      0.032488146063568445,
      0.03196097340972526,
      0.03075376880538675,
      0.0312127102924685,
      0.02861960773053995,
      0.027609945483887535,
      0.026467412943111543,
      0.02623794030182939,
      0.02717729062152851,
      0.025054931338482536,
      0.02450366921150664,
      0.024389114584989942,
      0.025126702383535596,
      0.02369546331780988,
      0.022523237846248666,
      0.02257710028294518,
      0.023242270611862903,
      0.0260623925547546,
      0.03478576605616135,
      0.0234498343484986,
      0.023251670895442843,
      0.022848815435327737,
      0.022388928052155022,
      0.02241612126554554,
      0.022274881011378596,
      0.02179291371213852,
      0.020932956981113332,
      0.02089462548271861,
      0.020482345558882675,
      0.020490357701368277,
      0.020990176074870377,
      0.02133069048694074,
      0.022101750214822073,
      0.020175597041336247,
      0.023791801659002937,
      0.033960002501082165,
      0.023711184063028412,
      0.0205513880874591,
      0.02041787017597798,
      0.019918536769549466,
      0.02021349132379663,
      0.020664626139356147,
      0.02027463648637786,
      0.019900232685244344,
      0.020526159719392426,
      0.02113742211342736,
      0.019199007046614792,
      0.018878332998767282,
      0.019332464225517366,
      0.019225414261641583,
      0.02017725063717409,
      0.01862000801059744,
      0.019452240899028393,
      0.020986833116716053,
      0.019807754376287963,
      0.018808647312713558,
      0.018373530386250152,
      0.019187536223346218,
      0.019809848501304867,
      0.01895881032230922,
      0.01848261862469106,
      0.019169894258508333,
      0.01894184287595211,
      0.01866946173672734,
      0.01902923710165286,
      0.018997165456672647,
      0.018418029966657406,
      0.019850347184780476,
      0.01816225314942989,
      0.018886566116690852
    ],
    "val_loss": [
      0.2185549447056419,
      0.5033639427207545,
      0.3166230714695896,
      0.25306104632641024,
      0.23207087878383206,
      0.19742632791578413,
      0.36775841057791325,
      0.6618582950715355,
      0.7489178045535695,
      0.9865615913655587,
      1.185976537208848,
      1.5018974404045922,
      1.7874207876120767,
      1.753318052716598,
      2.169337121954935,
      2.3525293089360177,
      2.272319343248884,
      2.4781232354537903,
      2.7652150335504175,
      2.5439847689200037,
      2.6924058223723204,
      3.1638874767247787,
      3.683178411990761,
      3.4570087260003395,
      3.480561101089739,
      3.8725656023449795,
      3.3523960303827494,
      2.997767974467513,
      2.3458189793734134,
      3.535502441645695,
      3.3548693156215603,
      3.479255240353683,
      3.4684180198125762,
      3.4407483875182665,
      3.1596252359494477,
      3.3971920922889325,
      3.222373198813753,
      3.299937535717548,
      3.6242694344929234,
      3.3893172892937047,
      3.0993822573388585,
      3.41766718247805,
      3.2000030369202266,
      3.26899931140824,
      2.6254766360059114,
      1.6031512252116453,
      1.1222087945878327,
      1.4576063392951548,
      1.7188681886525836,
      1.91275732548807,
      2.151186453744011,
      1.907701136015668,
      1.9541102721930264,
      2.0248867754060442,
      1.8434459852054714,
      2.096199014352378,
      1.9879259122613662,
      2.319596255442384,
      2.088827537373824,
      2.0980144467137887,
      2.127905311466691,
      2.111898316122859,
      1.680159843021524,
      1.7001010986669602,
      1.9054751563359966,
      2.0843381519033435,
      1.8790715352771525,
      1.8367974739655584,
      1.939032743564489,
      2.0635385040851855,
      2.3995617970779626,
      2.125649253533272,
      1.750065212966707,
      1.9897320880058282,
      2.030551896120483,
      2.121678816494783,
      1.9651410853345237,
      1.8705699171402497,
      2.0710166963988437,
      1.8730236778325753
    ],
    "best_epoch": 6,
    "best_val_loss": 0.19742632791578413,
    "test_loss": 4.76842459394601,
    "tracker": {
      "initial_train_loss": 0.6374001438792736,
      "train_threshold": 0.21246671462642452,
      "best_tracking": true,
      "patience_active": true,
      "patience_best_train": null,
      "patience_best_val": 0.19742632791578413,
      "patience_no_improve_epochs": 74,
      "best_train_loss": Infinity,
      "forced_stop_due_to_threshold": false
    }
  },
  "model_files": {
    "best": "scripts/outputs/lstm-trc-value/trial_82_4f1c0e/best_model.pt",
    "last": "scripts/outputs/lstm-trc-value/trial_82_4f1c0e/last_model.pt"
  },
  "config_path": "/home/amoris/data-analysis-on-dbps/scripts/outputs/lstm-trc-value/trial_82_4f1c0e/config.yaml"
}