{
  "model_name": "gru-trc-rate/trial_59_557689",
  "model_type": "GRU",
  "model_format": "torch",
  "model_params": {
    "history_length": 124,
    "units": 192,
    "num_layers": 6,
    "dropout": 0.3553767431973327
  },
  "training_params": {
    "max_epochs": 500,
    "batch_size": 74,
    "learning_rate": 0.0005980528497724794,
    "weight_decay": 0.00027026416391659307,
    "checkpoint_interval": 10,
    "seed": 947
  },
  "data_csv": "data/time_aligned_data.csv",
  "timestamp_column": "Date, Time",
  "columns": [
    "TRC-DT",
    "TRC-RT",
    "TRC-PPL1",
    "TRC-PPL2",
    "pH-DT",
    "pH-RT",
    "pH-PPL1",
    "pH-PPL2",
    "cond-DT",
    "cond-PPL1",
    "cond-PPL2",
    "fDOM-RT",
    "fDOM-PPL1",
    "fDOM-PPL2",
    "DO-RT",
    "DO-PPL1",
    "DO-PPL2",
    "TOC-RT",
    "TOC-PPL1",
    "TOC-PPL2",
    "DOC-RT",
    "DOC-PPL1",
    "DOC-PPL2",
    "minutes_since_start"
  ],
  "feature_columns": [
    "TRC-DT",
    "TRC-RT",
    "pH-DT",
    "pH-RT",
    "cond-DT",
    "fDOM-RT",
    "DO-RT",
    "TOC-RT",
    "DOC-RT",
    "minutes_since_start"
  ],
  "target_columns": [
    "TRC-PPL1",
    "TRC-PPL2"
  ],
  "target_mode": "rate",
  "target_base_columns": [
    "TRC-RT",
    "TRC-RT"
  ],
  "split_boundaries": {
    "train_end": 7796,
    "val_end": 9466,
    "test_end": 11138
  },
  "dataset_sizes": {
    "train": 7673,
    "val": 1670,
    "test": 1672
  },
  "input_dim": 10,
  "sequence_length": 124,
  "training_history": {
    "epochs": [
      1,
      2,
      3,
      4,
      5,
      6,
      7,
      8,
      9,
      10,
      11,
      12,
      13,
      14,
      15,
      16,
      17,
      18,
      19,
      20,
      21,
      22,
      23,
      24,
      25,
      26,
      27,
      28,
      29,
      30,
      31,
      32,
      33,
      34,
      35,
      36,
      37,
      38,
      39,
      40,
      41,
      42,
      43,
      44,
      45,
      46,
      47,
      48,
      49,
      50,
      51,
      52,
      53,
      54,
      55,
      56,
      57,
      58,
      59,
      60,
      61,
      62,
      63,
      64,
      65,
      66,
      67,
      68,
      69,
      70,
      71,
      72,
      73,
      74,
      75,
      76,
      77,
      78,
      79,
      80
    ],
    "train_loss": [
      0.2219612285316138,
      0.06650347476535028,
      0.04678377064004896,
      0.041418071509001855,
      0.04209653778657342,
      0.036455943448345,
      0.032411303136205945,
      0.032403048284708184,
      0.03126425001171629,
      0.027082131101381943,
      0.024863606599939626,
      0.02372382614661091,
      0.02661971071686231,
      0.025134934191567156,
      0.0235818398340315,
      0.023942122076769493,
      0.02163759856046054,
      0.02519664700060139,
      0.0226721257982669,
      0.021293917789309537,
      0.021175547621762613,
      0.021806938444330626,
      0.020759681086789657,
      0.022045219596730253,
      0.022049911111199014,
      0.020582276867515927,
      0.021604511072276802,
      0.022093513319976447,
      0.02123862959405197,
      0.01984239923884874,
      0.022192798799107006,
      0.02012292374856163,
      0.019846681218507408,
      0.020819886849612234,
      0.01978997581986868,
      0.021567531460943472,
      0.020330331409290563,
      0.02023599338052008,
      0.021418909779311036,
      0.021620134886261477,
      0.020632896863169766,
      0.020111649100911847,
      0.02035034294901072,
      0.020035891243953694,
      0.020656584381521192,
      0.019220073719418036,
      0.019611533019712583,
      0.021095772603861467,
      0.022591638614876428,
      0.019635759395989386,
      0.01899754991819219,
      0.0192260444517482,
      0.01858243107830672,
      0.01877693018454718,
      0.019690825098368843,
      0.019294834198233794,
      0.01875918278261625,
      0.021358023985694072,
      0.01914996984692102,
      0.019801599951017934,
      0.01941256236979731,
      0.019992328231075697,
      0.019188656255740722,
      0.02014466231621129,
      0.01856542936365172,
      0.023376059504443113,
      0.019066622104239903,
      0.018301331945599703,
      0.017925260628581,
      0.018708207577158183,
      0.017994532543448755,
      0.01967182462078783,
      0.019197191684276825,
      0.01804051667580032,
      0.01858228866763925,
      0.019463452712142233,
      0.019090869430844388,
      0.019721474512347292,
      0.018918636061127845,
      0.019286490375996335
    ],
    "val_loss": [
      0.2102207052716595,
      0.25524865596549595,
      0.3485662303374199,
      0.4254841671765832,
      0.4588135704587766,
      0.448580953146437,
      0.42720033891922876,
      0.45787917872567374,
      0.48273634292452994,
      0.47909841505353323,
      0.5330181982613609,
      0.5192161385014564,
      0.36662825259887527,
      0.5021875192149136,
      0.45514821456801036,
      0.4401010753620349,
      0.5015823261399648,
      0.47900093349287964,
      0.5286487405171651,
      0.44620145975004233,
      0.42681313940507926,
      0.5569940413922785,
      0.39823791458756624,
      0.3988940598945061,
      0.4129691919356495,
      0.4476970715660178,
      0.41532138590282663,
      0.4391745403542847,
      0.40778808264385263,
      0.358215059286463,
      0.3707824825192105,
      0.3286832502145253,
      0.36665719947749803,
      0.46033758807949676,
      0.3236864858602514,
      0.36624145099592065,
      0.32456932566658464,
      0.36704328885513865,
      0.312815205951383,
      0.429525472672132,
      0.3270014829710572,
      0.32057964723936455,
      0.314789007240516,
      0.33107074192630315,
      0.314739047937809,
      0.32492409390425253,
      0.31620808374917436,
      0.32311524814831283,
      0.30921100370005933,
      0.3283769423933979,
      0.3429965675970216,
      0.3392797901713384,
      0.36131355555248473,
      0.34005703895748735,
      0.33608397252322314,
      0.33513248412797375,
      0.318805627631927,
      0.3183571969789124,
      0.3281262534441884,
      0.32290296291118253,
      0.32897915741997563,
      0.3306752423817169,
      0.3288759206404943,
      0.3146298334203259,
      0.31645887573946735,
      0.42555544345143315,
      0.3335759065643756,
      0.3285114526770964,
      0.3223053749293803,
      0.3389594090054046,
      0.2923051577106029,
      0.3514370745594452,
      0.3359565857061726,
      0.3279283467501759,
      0.3001545003118986,
      0.2921374110371142,
      0.30272455868606796,
      0.28569660733515273,
      0.28514996611563387,
      0.3284845308484342
    ],
    "best_epoch": 2,
    "best_val_loss": 0.25524865596549595,
    "best_val_abs_mse": 0.17771470546722412,
    "test_loss": 5.173326739711625,
    "test_abs_mse": 47.531394958496094,
    "tracker": {
      "initial_train_loss": 0.2219612285316138,
      "train_threshold": 0.0739870761772046,
      "best_tracking": true,
      "patience_active": true,
      "patience_best_train": null,
      "patience_best_val": 0.25524865596549595,
      "patience_no_improve_epochs": 79,
      "best_train_loss": Infinity,
      "forced_stop_due_to_threshold": false
    }
  },
  "model_files": {
    "best": "scripts/outputs/gru-trc-rate/trial_59_557689/best_model.pt",
    "last": "scripts/outputs/gru-trc-rate/trial_59_557689/last_model.pt"
  },
  "config_path": "/home/amoris/data-analysis-on-dbps/scripts/outputs/gru-trc-rate/trial_59_557689/config.yaml"
}